odoo_id,sku,display_name,list_price,standard_price
13757,IPMX-E20F-IRB2,"[IPMX-E20F-IRB2] """"""""""ICREALTIME 2 Megapixel IP Camera 1/2.8"""""""" 2M CMOS H.265/H.2641080P(130fps) True WDR (120dB)""""""",8606.09,5163.66
13752,IPMX-B20F-IRW2,"[IPMX-B20F-IRW2] """"""""""ICREALTIME 2 Megapixel IP Camera 1/2.8"""""""" 2M CMOS H.265/H.2641080P(1~30fps) True WDR (120dB)""""""",7795.65,4677.4
13755,IPMX-D20F-IRW2,"[IPMX-D20F-IRW2] """"""""""ICREALTIME 2 Megapixel IP Camera 1/2.8"""""""" 2M Exmor CMOS H.265/H.2641080P(1~60fps) True WDR""""""",8380.87,5028.53
14058,PW-MP-06,"[PW-MP-06] """"""""""PLANETWAVES 1/8"""""""" Stereo Male to Dual Unterminated -6'""""""",377.39,264.18
13758,IPMX-E20F-IRW2,"[IPMX-E20F-IRW2] """"2 MP IP 1/2.8"""" 2M Exmor CMOS H.265/H.264.1080P(1~60fps) True WDR (120dB) IR 30m 3.6mm lens IP67""",7875.65,4725.4
14130,72326,"[72326] """"CONNECT PRO Case 12.9"""" Black (5th Gen)""",8778.26,6144.79
14131,72327,"[72327] """"CONNECT PRO Case 12.9"""" White (5th Gen)""",8778.26,6144.79
14128,72324,"[72324] """"CONNECT PRO Case iPAD Air Black 10.9"""" or Pro 11""""(5th Gen / 3rd Gen)""",8778.26,6144.79
14129,72325,"[72325] """"CONNECT PRO Case iPAD Air White 10.9"""" or Pro 11""""(5th Gen / 3rd Gen)""",8778.26,6144.79
14087,70704,"[70704] """"IPORT SURFACE MOUNT BEZEL SILVER works with iPad Pro 9.7""""""""  Air 2 and iPad Air""",13685.22,9579.66
13919,46KB6G,"[46KB6G] """"KICKER KB6 6.5"""" 2-WAY FULL RA""",3477.39,0
13918,46KB6B,"[46KB6B] """"KICKER KB6 6.5"""" 2-WAY FULL RA""",3477.39,2086.43
14073,70301,"[70301] """"LAUNCH AP.5 SLEEVE WHITE works with iPad Pro 9.7""""""",6290.43,4403.31
13911,DLA-Z1E,"[DLA-Z1E] """"New 0.7""""4K/3000lm/Laser Phosphor for Custom Install""",868695.7,608086.99
13663,SLIMMAX8K0.5M,[SLIMMAX8K0.5M] 0.5m 8K Ultra High Speed Slimwire Max (48G),520.87,312.52
13208,EVERG0.6R,[EVERG0.6R] 0.6M EVERGREEN RCA-RCA,1478.26,1034.78
13212,GOLDG0.6R,[GOLDG0.6R] 0.6M GOLDEN GATE RCA-RCA,2173.91,1521.74
13260,TOWER0.6R,[TOWER0.6R] 0.6M TOWER RCA-RCA,956.52,669.57
13198,COAXCIN0.75,[COAXCIN0.75] 0.75M DIGITAL COAX CINNAMON,1565.22,1095.65
13200,COAXFOR0.75,[COAXFOR0.75] 0.75M DIGITAL COAX FOREST,782.61,547.83
13215,HDM48CAR100,[HDM48CAR100] 1.0M 48G CARBON HDMI,3826.09,2678.26
13220,HDM48CIN100,[HDM48CIN100] 1.0M 48G CINNAMON HDMI,2521.74,1765.22
13224,HDM48FOR100,[HDM48FOR100] 1.0M 48G FOREST HDMI,1565.22,1095.65
13228,HDM48PEA100,[HDM48PEA100] 1.0M 48G PEARL HDMI,782.61,547.83
13210,EVERG01R,[EVERG01R] 1.0M EVERGREEN RCA-RCA,1565.22,1095.65
13214,GOLDG01R,[GOLDG01R] 1.0M GOLDEN GATE RCA-RCA,2347.83,1643.48
13244,NRGY2EU01,[NRGY2EU01] 1.0M NRG-Y2 EU POWER CORD,2173.04,1460.87
13246,NRGY3EU01,[NRGY3EU01] 1.0M NRG-Y3 EU POWER CORD,2607.83,2008.7
13248,NRGZ2EU01,[NRGZ2EU01] 1.0M NRG-Z2 EU POWER CORD,3477.39,2678.26
13250,NRGZ3EU01,[NRGZ3EU01] 1.0M NRG-Z3 EU POWER CORD,4346.96,3104.35
13263,TOWER01R,[TOWER01R] 1.0M TOWER RCA-RCA,956.52,669.57
13199,COAXCIN01.5,[COAXCIN01.5] 1.5M DIGITAL COAX CINNAMON,1913.04,1339.13
13201,COAXFOR01.5,[COAXFOR01.5] 1.5M DIGITAL COAX FOREST,956.52,669.57
13209,EVERG01.5R,[EVERG01.5R] 1.5M EVERGREEN RCA-RCA,1739.13,1217.39
13213,GOLDG01.5R,[GOLDG01.5R] 1.5M GOLDEN GATE RCA-RCA,2521.74,1765.22
13261,TOWER01.5MR,[TOWER01.5MR] 1.5M TOWER 3.5M-RCA,1130.43,791.3
13262,TOWER01.5R,[TOWER01.5R] 1.5M TOWER RCA-RCA,1130.43,791.3
13218,HDM48CCOLA1000,[HDM48CCOLA1000] 10.0M 48G Cherry Cola HDMI AOC,19043.48,13330.43
13233,HDMFOR10A,[HDMFOR10A] 10.0M FOREST HDMI,8086.96,5660.87
13234,HDMPEA10A,[HDMPEA10A] 10.0M PEARL HDMI,5217.39,3652.17
13620,FIBRE-OPTICMAX8K10M,[FIBRE-OPTICMAX8K10M] 10m 8K Ultra High Speed Fibre-Optic Max (48G),4781.74,2869.04
13235,HDMPEA12.5A,[HDMPEA12.5A] 12.5M PEARL HDMI,6347.83,4443.48
13770,NVR-EL128-4U12MP1-10TB,[NVR-EL128-4U12MP1-10TB] 128 CH. EMBEDDED 4K NVR ENHANCED H.265 SUPPORTS UP TO 12MP 10TB INCLUDED (MADE IN KOREA),338506.09,203103.66
13721,IPEL-D12V-IRW2,[IPEL-D12V-IRW2] 12MP IP IN/OUT FULL VANDAL DOME.VARIFOCAL 2.7-12MM MOTOR LENS 131 FEET SMART IR.POE+ AI.ANALYTIC,31834.78,19100.87
13219,HDM48CCOLA1500,[HDM48CCOLA1500] 15.0M 48G Cherry Cola HDMI AOC,20956.52,14669.57
13236,HDMPEA15A,[HDMPEA15A] 15.0M PEARL HDMI,8260.87,5782.61
13621,FIBRE-OPTICMAX8K15M,[FIBRE-OPTICMAX8K15M] 15m 8K Ultra High Speed Fibre-Optic Max (48G),5651.3,3390.78
13771,NVR-EL16-2U12MP1-4TB,[NVR-EL16-2U12MP1-4TB] 16 CHANNEL 2U 4K NVR - 12MP RESOLUTION - 320MBPS - H.265 - HDMI 4TB INCLUDED (MADE IN KOREA),79877.39,47926.44
13777,NVR-FX16POE-1U4K1-4TB,[NVR-FX16POE-1U4K1-4TB] 16CH IP 1U NVR-2HDD BAY-IP 8MP/30FPS (128MBPS)- 16 PORT POE SWITCH 4TB INCLUDED(MADE IN KOREA),47314.78,28388.87
13776,NVR-FX16POE-1U4K1,[NVR-FX16POE-1U4K1] 16CH IP 1U RACKMOUNT NVR - 2HDD - IP RESOLUTION UP TO 8MP/30FPS (128MBPS) - 16 PORT EMBEDDED POE,39804.35,23882.61
13783,NVR-MX16POE-1U4K1-4TB,[NVR-MX16POE-1U4K1-4TB] 16CH IP 1U SHELF NVR-2HDD BAY-IP 8MP/30FPS(128MBPS)-16 PORT POE SWITCH 4TB INCLUDED (MADE IN KOREA),42267.83,25360.7
13240,NRGX2EUC71M,[NRGX2EUC71M] 1M NRG-X2 EU - C7 Power Cable,1129.57,913.04
13242,NRGX3EUC131M,[NRGX3EUC131M] 1M NRG-X3 EU - C13 Power Cable,1390.43,1095.65
15209,RMB-SIPA12F-00,[RMB-SIPA12F-00] 1U FRONT RACK MOUNT BRACKET FOR SINGLE ZONE AMP,1604.35,962.61
13664,SLIMMAX8K1M,[SLIMMAX8K1M] 1m 8K Ultra High Speed Slimwire Max (48G),607.83,364.7
15044,CON-SDC2-00,[CON-SDC2-00] 2-PIN SCREW-DOWN CONNECTOR 25-PACK,1663.48,998.09
15045,CON-STC2-00,[CON-STC2-00] 2-PIN SPRING-LOADED CONNECTOR 25-PACK,3327.83,1996.7
13216,HDM48CAR200,[HDM48CAR200] 2.0M 48G CARBON HDMI,5739.13,4017.39
13221,HDM48CIN200,[HDM48CIN200] 2.0M 48G CINNAMON HDMI,3652.17,2556.52
13225,HDM48FOR200,[HDM48FOR200] 2.0M 48G FOREST HDMI,1913.04,1339.13
13229,HDM48PEA200,[HDM48PEA200] 2.0M 48G PEARL HDMI,1217.39,852.17
13193,BLAB02,[BLAB02] 2.0M BLACK LAB SUBWOOFER,1043.48,730.43
13211,EVERG02R,[EVERG02R] 2.0M EVERGREEN RCA-RCA,1913.04,1339.13
13245,NRGY2EU02,[NRGY2EU02] 2.0M NRG-Y2 EU POWER CORD,2607.83,1765.22
13247,NRGY3EU02,[NRGY3EU02] 2.0M NRG-Y3 EU POWER CORD,3303.48,2556.52
13249,NRGZ2EU02,[NRGZ2EU02] 2.0M NRG-Z2 EU POWER CORD,4520.87,3530.43
13251,NRGZ3EU02,[NRGZ3EU02] 2.0M NRG-Z3 EU POWER CORD,6086.09,4443.48
13264,TOWER02R,[TOWER02R] 2.0M TOWER RCA-RCA,1217.39,852.17
13589,ENS620EXT,[ENS620EXT] 2.4GHz/5GHz. Antenna External 2 x5 dBi. Speed 2 x 2 11ac Operating Mode: AP/WDS/Client Bridge. IP55,5403.48,3782.44
13256,ROCK11B2.5FRBS,[ROCK11B2.5FRBS] 2.5M PR ROCKET 11 BK BAN/S,7304.35,5113.04
13257,ROCK22B2.5FRBS,[ROCK22B2.5FRBS] 2.5M PR ROCKET 22 BK BAN/S,10434.78,7304.35
13258,ROCK332.5PR,[ROCK332.5PR] 2.5M PR ROCKET 33 BAN/S,13999.13,9069.57
13779,NVR-FX24POE-15U4K1-8TB,[NVR-FX24POE-15U4K1-8TB] 24CH IP 1.5U NVR-4HDD BAY-IP 12MP/30FPS(320MBPS)-24 PORT POE SWITCH 8TB INCLUDED (MADE IN KOREA),111122.61,66673.57
13778,NVR-FX24POE-15U4K1,[NVR-FX24POE-15U4K1] 24CH IP 1.5U RACK NVR-4HDD BAY-IP 12MP/30FPS-24 PORT POE SWITCH (MADE IN KOREA),94297.39,56578.44
13794,THIP-P4078FM-IR,[THIP-P4078FM-IR] 256X192THERMAL4MPVISIBLE HYBRID PT7MM8MMFIXED(33°/25°)TEMP/FIRE DETECT.AUTOTRACK AI ANALYTICS NOPSU,83712.17,50227.31
13241,NRGX2EUC72M,[NRGX2EUC72M] 2M NRG-X2 EU - C7 Power Cable,1390.43,1095.65
13243,NRGX3EUC132M,[NRGX3EUC132M] 2M NRG-X3 EU - C13 Power Cable,1738.26,1339.13
13784,ORB,[ORB] 2MP INDOOR PT WIFI CAMERA BUILT-IN MICROPHONE & SPEAKER 33FT IR TRACKING DASH CLOUD SERVICE,3401.74,2721.4
13705,IPEG-B20F-IRW2,[IPEG-B20F-IRW2] 2MP IP INDOOR/OUTDOOR SMALL SIZE BULLET. FIXED 2.8MM LENS (110Â°). 98 FEET IR. POE CAPABLE.,4280.87,2568.53
13710,IPEG-D20F-IRW2,[IPEG-D20F-IRW2] 2MP IP INDOOR/OUTDOOR SMALL SIZE VANDAL DOME FIXED 2.8MM LENS (110. 98 FEET IR POE CAPABLE,3711.3,2226.79
13714,IPEG-E20F-IRW2,[IPEG-E20F-IRW2] 2MP IP INDOOR/OUTDOOR SMALL VANDAL EYEBALL DOME. FIXED 2.8MM LENS (110Â°). 98 FEET IR. POE CAPABLE.,3752.17,2251.31
13688,GUARDI,[GUARDI] 2MP WIFI INDOOR CAMERA. DASH CLOUD SERVICE WITH DASH APP.,2720.87,2176.7
14987,9160335-S-SAV,"[9160335-S-SAV] 2N ACCESS UNIT 2.0 BLUETOOTH & RFID 125KHZ, SECURED 13.56MHZ, NFC",37306.96,26114.87
14993,9160344-S-SAV,[9160344-S-SAV] 2N ACCESS UNIT 2.0 RFID MULTIFREQUENCY READER,28827.83,20179.48
14992,9160336-S-SAV,"[9160336-S-SAV] 2N ACCESS UNIT 2.0 TOUCH KEYPAD & RFID 125KHZ, SECURED 13.56MHZ, NFC",30523.48,21366.44
14988,9160335-S-SAVFB,[9160335-S-SAVFB] 2N FLUSH MOUNT ACCESS UNIT BUNDLE BLACK,42393.91,29675.74
14989,9160335-S-SAVFN,[9160335-S-SAVFN] 2N FLUSH MOUNT ACCESS UNIT BUNDLE SILVER,42393.91,29675.74
14982,9151101CHRPW-SAV,[9151101CHRPW-SAV] 2N IP FORCE - PICTOGRAMS + 1 BUTTON + HD CAMERA + RFID READER,50873.04,35611.14
14986,9159014US,[9159014US] 2N IP INTERCOM 2WIRE,13129.57,9190.7
14962,9155034,[9155034] 2N IP VERSO - 2 INPUT 2 OUTPUT RELAYS,0,0
14957,9155014,"[9155014] 2N IP VERSO - BOX FOR FLUSH INSTALLATION, 1 MODULE (MUST BE TOGETHER WITH 9155011 OR 9155011B)",0,0
14966,9155045,[9155045] 2N IP VERSO - FINGERPRINT READER,0,0
14956,9155011,"[9155011] 2N IP VERSO - FRAME FOR FLUSH INSTALLATION, 1 MODULE (MUST BE TOGETHER WITH 9155014)",0,0
14983,9155011B,"[9155011B] 2N IP VERSO - FRAME FOR FLUSH INSTALLATION, 1 MODULE - BLACK (MUST BE TOGETHER WITH 9155014)",3487.83,2441.48
14960,9155021,"[9155021] 2N IP VERSO - FRAME FOR SURFACE INSTALLATION, 1 MODULE",0,0
14984,9155021B,"[9155021B] 2N IP VERSO - FRAME FOR SURFACE INSTALLATION, 1 MODULE - BLACK",2325.22,1627.66
14964,9155037,[9155037] 2N IP VERSO - WIEGAND MODULE,0,0
14972,9155084,"[9155084] 2N IP VERSO BLUETOOTH & RFID READER (125KHZ, SECURED 13.56MHZ UID+PACS ID, NFC)",0,0
14971,9155083,"[9155083] 2N IP VERSO TOUCH KEYPAD & RFID READER (125KHZ, SECURED 13.56MHZ UID+PACS ID, NFC)",0,0
14955,9134174,[9134174] 2N MIFARE RFID KEY FOB 13.56MHZ,0,0
14975,11202101,[11202101] 2N MINI ELECTRONIC DOORSTRIKE SERIES 5,0,0
14980,11202106,[11202106] 2N MINI ELECTRONIC DOORSTRIKE SERIES 5,0,0
14978,11202104,[11202104] 2N MINI ELECTRONIC DOORSTRIKE SERIES 5 DOOR SIGNALING,0,0
14979,11202105,[11202105] 2N MINI ELECTRONIC DOORSTRIKE SERIES 5 FAIL SAFE,0,0
14977,11202103,[11202103] 2N MINI ELECTRONIC DOORSTRIKE SERIES 5 WITH MECHANICAL BLOCKING,0,0
14976,11202102,[11202102] 2N MINI ELECTRONIC DOORSTRIKE SERIES 5 WITH MOMENTUM PIN,0,0
14973,9155086,[9155086] 2N RFID MODULE,0,0
14981,9151031S,[9151031S] 2N SECURED CARD READER NFC READY 13.56MHZ FOR IP FORCE,12790.43,8953.31
14974,9159010,[9159010] 2N SECURITY RELAY,0,0
14990,9160335-S-SAVSB,[9160335-S-SAVSB] 2N SURFACE MOUNT ACCESS UNIT BUNDLE BLACK,39002.61,27301.83
14991,9160335-S-SAVSN,[9160335-S-SAVSN] 2N SURFACE MOUNT ACCESS UNIT BUNDLE SILVER,39002.61,27301.83
14970,9155072,[9155072] 2N WEDGE BACKPLATE 2M VERSO,0,0
14969,9155071,[9155071] 2N WEDGE BACKPLATE SOLO,0,0
15199,RCK-5000-00,[RCK-5000-00] 2U RACK SHELF,8128.7,4877.22
13665,SLIMMAX8K2M,[SLIMMAX8K2M] 2m 8K Ultra High Speed Slimwire Max (48G),868.7,521.22
15046,CON-STC3-00,[CON-STC3-00] 3-PIN SCREW-DOWN CONNECTOR 25-PACK,1663.48,998.09
13217,HDM48CAR300BRD,[HDM48CAR300BRD] 3.0M 48G BRAIDED CARBON HDMI,7652.17,5356.52
13222,HDM48CIN300BRD,[HDM48CIN300BRD] 3.0M 48G BRAIDED CINNAMON HDMI,4782.61,3347.83
13226,HDM48FOR300,[HDM48FOR300] 3.0M 48G FOREST HDMI,2521.74,1765.22
13230,HDM48PEA300,[HDM48PEA300] 3.0M 48G PEARL HDMI,1565.22,1095.65
13194,BLAB03,[BLAB03] 3.0M BLACK LAB SUBWOOFER,1217.39,852.17
13772,NVR-EL32-2U12MP1-8TB,[NVR-EL32-2U12MP1-8TB] 32 CH. EMBEDDED 4K 2U NVR ENHANCED H.264 SUPPORTS UPTO 12MP 8TB INCLUDED (MADE IN KOREA),115176.52,69105.92
13666,SLIMMAX8K3M,[SLIMMAX8K3M] 3m 8K Ultra High Speed Slimwire Max (48G),955.65,573.39
15274,SHA-C4IN-10,"[SHA-C4IN-10] 4"" NEGATIVE REVEAL POCKET",7887.83,6310.27
13914,LX-UH1B,[LX-UH1B] 4K (UHD) TRP DMD technology delivers 4K (3840 x 2160) images HDR support 2000 lumens,52173.04,39129.78
15126,HRX-4KVLC100-00,[HRX-4KVLC100-00] 4K HDR HDBASET MATRIX RECEIVER 100M,10852.17,6511.31
15127,HRX-4KVLC40-00,[HRX-4KVLC40-00] 4K HDR HDBASET MATRIX RECEIVER 40M,8139.13,4883.48
15296,SLN-44VLC4K-00,[SLN-44VLC4K-00] 4K HDR HDBASET MATRIX SWITCHER 4 X 4,94963.48,56978.09
15297,SLN-88VLC4K-00,[SLN-88VLC4K-00] 4K HDR HDBASET MATRIX SWITCHER 8 X 8,203493.04,122095.83
13786,ORB-OUTDOOR,[ORB-OUTDOOR] 4MP INDOOR/OUTDOOR PT WIFI CAMERA BUILT-IN MICROPHONE & SPEAKER 98FT IR IC-HOME CLOUD SERVICE,5720.87,4576.7
15158,MOTU AVB,[MOTU AVB] 5 PORT AVB COMPLIANT SWITCH,13898.26,11118.61
13223,HDM48CIN500,[HDM48CIN500] 5.0M 48G CINNAMON HDMI,8260.87,5782.61
13227,HDM48FOR500,[HDM48FOR500] 5.0M 48G FOREST HDMI,5739.13,4017.39
13231,HDM48PEA500,[HDM48PEA500] 5.0M 48G PEARL HDMI,3826.09,2678.26
13195,BLAB05,[BLAB05] 5.0M BLACK LAB SUBWOOFER,1478.26,1034.78
13998,5250 Part,[5250 Part] 5250 Power Button Assembly,31295.65,933.58
15200,RCK-PAVVM8-00,[RCK-PAVVM8-00] 5U RACK MOUNT SHELF FOR UP TO 8 SINGLE VIDEO INPUT UNITS,11490.43,6894.27
15275,SHA-C6IN-10,"[SHA-C6IN-10] 6"" NEGATIVE REVEAL POCKET",8332.17,6665.74
15047,CON-STC6-00,[CON-STC6-00] 6-PIN SCREW-DOWN CONNECTOR 25-PACK,3327.83,1996.7
13773,NVR-EL64-2U12MP1-10TB,[NVR-EL64-2U12MP1-10TB] 64 CH. EMBEDDED 4K 2U NVR ENHANCED H.264 SUPPORTS UPTO 12MP 10TB INCLUDED (MADE IN KOREA),144001.74,86401.05
13232,HDMFOR07.5A,[HDMFOR07.5A] 7.5M FOREST HDMI ACTIVE,6521.74,4565.22
13768,NVR-EG08POE-1U4K1-2TB,[NVR-EG08POE-1U4K1-2TB] 8 CHANNEL 1U SHEL NVR. 8 PORT POE SWITCH.8MP IP CAMERA SUPPORT. 80MBPSTHROUGHPUT 2TB INCLUDED,17528.7,10517.22
14994,AMP-8125-00,[AMP-8125-00] 8-CHANNEL DIGITAL AUDIO AMPLIFIER,66640.87,39984.53
13775,NVR-FX08POE-1U4K1-2TB,[NVR-FX08POE-1U4K1-2TB] 8CH IP 1U RACK NVR-2HDD BAY-IP 8MP/30FPS-8 PORT POE SWITCH 2TB INCLUDED   (MADE IN KOREA),35553.91,21332.35
13781,NVR-MX08POE-1U4K1-2TB,[NVR-MX08POE-1U4K1-2TB] 8CH IP 1U SHELF NVR-2HDD BAY-IP 8MP/30FPS(128MBPS)-8 PORT POE SWITCH 2TB INCLUDED (MADE IN KOREA),30506.96,18304.18
13739,IPEL-P8040-IRW1-AI,[IPEL-P8040-IRW1-AI] 8MP IP FULL SIZE 4K STARLIGHT PTZ 40X OPTICAL ZOOM. 1640 FEET SMART IR HI-POE CAPABLE. AI (A,135589.57,81353.74
13720,IPEL-B80F-IRW2,[IPEL-B80F-IRW2] 8MP IP INDOOR/OUTDOOR SMALL SIZE BULLET. FIXED 2.8MM LENS 98.4 FEET SMART IR. POE CAPABLE. AI,9286.96,5572.18
13745,IPFX-D80V-IRW1,[IPFX-D80V-IRW1] 8MP IP In/Outdoor Mid Size Vandal Dome Varifocal 2.7-12mm Motorized Lens (110° - 40°)164 Ft Smart IR,22309.57,13385.74
15048,CON-STC9-00,[CON-STC9-00] 9-PIN SCREW-DOWN CONNECTOR 25-PACK,4992.17,2995.31
13813,A320WH,[A320WH] A 320 White,1469.57,881.74
13814,A345WH,[A345WH] A 345 In/Outdoor White,2339.13,1403.48
13815,A500WH,[A500WH] A 500 White,2607.83,1825.48
15163,OSL-SMRTPREM-00,[OSL-SMRTPREM-00] ACTIVATION LICENSE FOR PREMIUM FEATURES IN SMART HOST,9086.96,5452.18
13484,ALTECO C-1 B,[ALTECO C-1 B] ALTECO C-1 BLACK ATMOS SPEAKER,6860.87,4116.52
13486,ALTECO C-1 WAL,[ALTECO C-1 WAL] ALTECO C-1 WALNUT ATMOS SPEAKER,6860.87,4116.52
13485,ALTECO C-1 W,[ALTECO C-1 W] ALTECO C-1 WHITE ATMOS SPEAKER,6860.87,4116.52
15278,SHA-EHBAL10-00,[SHA-EHBAL10-00] ALUMINUM SHADE BRACKET HANGER BOLT 10 PACK,1263.48,1010.79
14995,ARCHT-6,[ARCHT-6] ARCHITECTURAL 6.5 INCH 2-WAY STEREO IN-CEILING / PAIR,15958.26,9574.96
14996,ARCHT-6-PCB,[ARCHT-6-PCB] ARCHITECTURAL 6.5 INCH PRE-CONSTRUCTION BRACKETS / PAIR,82.61,49.57
14997,ARCHT-6-RG,[ARCHT-6-RG] ARCHITECTURAL 6.5 INCH REPLACEMENT ROUND GRILLE / EACH,1020.87,612.53
14999,ARCHT-6-SSTT,[ARCHT-6-SSTT] ARCHITECTURAL 6.5 INCH SINGLE STEREO TWIN TWEETER STEREO IN-CEILING / EACH,8777.39,5266.44
14998,ARCHT-6-SG,[ARCHT-6-SG] ARCHITECTURAL 6.5 INCH SQUARE GRILLE / EACH,1020.87,612.53
15000,ARCHT-8,[ARCHT-8] ARCHITECTURAL 8 INCH 2-WAY STEREO IN-CEILING / PAIR,19150.43,11490.27
15001,ARCHT-8-PCB,[ARCHT-8-PCB] ARCHITECTURAL 8 INCH PRE-CONSTRUCTION BRACKETS / PAIR,82.61,49.57
15002,ARCHT-8-RG,[ARCHT-8-RG] ARCHITECTURAL 8 INCH REPLACEMENT ROUND GRILLE / EACH,1020.87,612.53
15004,ARCHT-8-SSTT,[ARCHT-8-SSTT] ARCHITECTURAL 8 INCH SINGLE STEREO TWIN TWEETER STEREO IN-CEILING / EACH,11490.43,6894.27
15003,ARCHT-8-SG,[ARCHT-8-SG] ARCHITECTURAL 8 INCH SQUARE GRILLE / EACH,1020.87,612.53
15366,WFB-MBLVC-00,[WFB-MBLVC-00] ASCEND BUTTON KIT (BLACK),3958.26,2374.96
15341,WFB-BALVC-00,[WFB-BALVC-00] ASCEND BUTTON KIT (BRUSHED ALUMINUM),3958.26,2374.96
15346,WFB-BBLVC-00,[WFB-BBLVC-00] ASCEND BUTTON KIT (BRUSHED BLACK),3958.26,2374.96
15351,WFB-BRLVC-00,[WFB-BRLVC-00] ASCEND BUTTON KIT (BRUSHED BRASS),3958.26,2374.96
15356,WFB-BZLVC-00,[WFB-BZLVC-00] ASCEND BUTTON KIT (BRUSHED BRONZE),3958.26,2374.96
15361,WFB-LALVC-00,[WFB-LALVC-00] ASCEND BUTTON KIT (LIGHT ALMOND),3958.26,2374.96
15376,WFB-MNLVC-00,[WFB-MNLVC-00] ASCEND BUTTON KIT (NICKEL),3958.26,2374.96
15381,WFB-SWLVC-00,[WFB-SWLVC-00] ASCEND BUTTON KIT (SNOW WHITE),3958.26,2374.96
15371,WFB-MGLVC-00,[WFB-MGLVC-00] ASCEND BUTTON KIT (SPACE GRAY),3958.26,2374.96
15362,WFB-MBENGV-00,[WFB-MBENGV-00] ASCEND ENGRAVING (BLACK),1167.83,817.48
15337,WFB-BAENGV-00,[WFB-BAENGV-00] ASCEND ENGRAVING (BRUSHED ALUMINUM),1167.83,817.48
15342,WFB-BBENGV-00,[WFB-BBENGV-00] ASCEND ENGRAVING (BRUSHED BLACK),1167.83,817.48
15347,WFB-BRENGV-00,[WFB-BRENGV-00] ASCEND ENGRAVING (BRUSHED BRASS),1167.83,817.48
15352,WFB-BZENGV-00,[WFB-BZENGV-00] ASCEND ENGRAVING (BRUSHED BRONZE),1167.83,817.48
15357,WFB-LAENGV-00,[WFB-LAENGV-00] ASCEND ENGRAVING (LIGHT ALMOND),1167.83,817.48
15372,WFB-MNENGV-00,[WFB-MNENGV-00] ASCEND ENGRAVING (NICKEL),1167.83,817.48
15377,WFB-SWENGV-00,[WFB-SWENGV-00] ASCEND ENGRAVING (SNOW WHITE),1167.83,817.48
15367,WFB-MGENGV-00,[WFB-MGENGV-00] ASCEND ENGRAVING (SPACE GRAY),1167.83,817.48
15079,FF1-0S0MBM-00,[FF1-0S0MBM-00] ASCEND FACEPLATE - 1 GANG (BLACK),782.61,626.09
15074,FF1-0S0BAM-00,[FF1-0S0BAM-00] ASCEND FACEPLATE - 1 GANG (BRUSHED ALUMINUM),782.61,626.09
15075,FF1-0S0BBM-00,[FF1-0S0BBM-00] ASCEND FACEPLATE - 1 GANG (BRUSHED BLACK),782.61,626.09
15076,FF1-0S0BRM-00,[FF1-0S0BRM-00] ASCEND FACEPLATE - 1 GANG (BRUSHED BRASS),782.61,626.09
15077,FF1-0S0BZM-00,[FF1-0S0BZM-00] ASCEND FACEPLATE - 1 GANG (BRUSHED BRONZE),782.61,626.09
15078,FF1-0S0LAM-00,[FF1-0S0LAM-00] ASCEND FACEPLATE - 1 GANG (LIGHT ALMOND),782.61,626.09
15081,FF1-0S0MNM-00,[FF1-0S0MNM-00] ASCEND FACEPLATE - 1 GANG (NICKEL),782.61,626.09
15082,FF1-0S0SWM-00,[FF1-0S0SWM-00] ASCEND FACEPLATE - 1 GANG (SNOW WHITE),782.61,626.09
15080,FF1-0S0MGM-00,[FF1-0S0MGM-00] ASCEND FACEPLATE - 1 GANG (SPACE GRAY),782.61,626.09
15088,FF2-0S0MBM-00,[FF2-0S0MBM-00] ASCEND FACEPLATE - 2 GANG (BLACK),979.13,783.31
15083,FF2-0S0BAM-00,[FF2-0S0BAM-00] ASCEND FACEPLATE - 2 GANG (BRUSHED ALUMINUM),979.13,783.31
15084,FF2-0S0BBM-00,[FF2-0S0BBM-00] ASCEND FACEPLATE - 2 GANG (BRUSHED BLACK),979.13,783.31
15085,FF2-0S0BRM-00,[FF2-0S0BRM-00] ASCEND FACEPLATE - 2 GANG (BRUSHED BRASS),979.13,783.31
15086,FF2-0S0BZM-00,[FF2-0S0BZM-00] ASCEND FACEPLATE - 2 GANG (BRUSHED BRONZE),979.13,783.31
15087,FF2-0S0LAM-00,[FF2-0S0LAM-00] ASCEND FACEPLATE - 2 GANG (LIGHT ALMOND),979.13,783.31
15090,FF2-0S0MNM-00,[FF2-0S0MNM-00] ASCEND FACEPLATE - 2 GANG (NICKEL),979.13,783.31
15091,FF2-0S0SWM-00,[FF2-0S0SWM-00] ASCEND FACEPLATE - 2 GANG (SNOW WHITE),979.13,783.31
15089,FF2-0S0MGM-00,[FF2-0S0MGM-00] ASCEND FACEPLATE - 2 GANG (SPACE GRAY),979.13,783.31
15097,FF3-0S0MBM-00,[FF3-0S0MBM-00] ASCEND FACEPLATE - 3 GANG (BLACK),1174.78,939.83
15092,FF3-0S0BAM-00,[FF3-0S0BAM-00] ASCEND FACEPLATE - 3 GANG (BRUSHED ALUMINUM),1174.78,939.83
15093,FF3-0S0BBM-00,[FF3-0S0BBM-00] ASCEND FACEPLATE - 3 GANG (BRUSHED BLACK),1174.78,939.83
15094,FF3-0S0BRM-00,[FF3-0S0BRM-00] ASCEND FACEPLATE - 3 GANG (BRUSHED BRASS),1174.78,939.83
15095,FF3-0S0BZM-00,[FF3-0S0BZM-00] ASCEND FACEPLATE - 3 GANG (BRUSHED BRONZE),1174.78,939.83
15096,FF3-0S0LAM-00,[FF3-0S0LAM-00] ASCEND FACEPLATE - 3 GANG (LIGHT ALMOND),1174.78,939.83
15099,FF3-0S0MNM-00,[FF3-0S0MNM-00] ASCEND FACEPLATE - 3 GANG (NICKEL),1174.78,939.83
15100,FF3-0S0SWM-00,[FF3-0S0SWM-00] ASCEND FACEPLATE - 3 GANG (SNOW WHITE),1174.78,939.83
15098,FF3-0S0MGM-00,[FF3-0S0MGM-00] ASCEND FACEPLATE - 3 GANG (SPACE GRAY),1174.78,939.83
15106,FF4-0S0MBM-00,[FF4-0S0MBM-00] ASCEND FACEPLATE - 4 GANG (BLACK),1566.09,1252.87
15101,FF4-0S0BAM-00,[FF4-0S0BAM-00] ASCEND FACEPLATE - 4 GANG (BRUSHED ALUMINUM),1566.09,1252.87
15102,FF4-0S0BBM-00,[FF4-0S0BBM-00] ASCEND FACEPLATE - 4 GANG (BRUSHED BLACK),1566.09,1252.87
15103,FF4-0S0BRM-00,[FF4-0S0BRM-00] ASCEND FACEPLATE - 4 GANG (BRUSHED BRASS),1566.09,1252.87
15104,FF4-0S0BZM-00,[FF4-0S0BZM-00] ASCEND FACEPLATE - 4 GANG (BRUSHED BRONZE),1566.09,1252.87
15105,FF4-0S0LAM-00,[FF4-0S0LAM-00] ASCEND FACEPLATE - 4 GANG (LIGHT ALMOND),1566.09,1252.87
15108,FF4-0S0MNM-00,[FF4-0S0MNM-00] ASCEND FACEPLATE - 4 GANG (NICKEL),1566.09,1252.87
15109,FF4-0S0SWM-00,[FF4-0S0SWM-00] ASCEND FACEPLATE - 4 GANG (SNOW WHITE),1566.09,1252.87
15107,FF4-0S0MGM-00,[FF4-0S0MGM-00] ASCEND FACEPLATE - 4 GANG (SPACE GRAY),1566.09,1252.87
15363,WFB-MBLV02-00,[WFB-MBLV02-00] ASCEND LOW VOLTAGE KEYPAD - 2 BUTTON (BLACK),11191.3,6714.79
15338,WFB-BALV02-00,[WFB-BALV02-00] ASCEND LOW VOLTAGE KEYPAD - 2 BUTTON (BRUSHED ALUMINUM),11191.3,6714.79
15343,WFB-BBLV02-00,[WFB-BBLV02-00] ASCEND LOW VOLTAGE KEYPAD - 2 BUTTON (BRUSHED BLACK),11191.3,6714.79
15348,WFB-BRLV02-00,[WFB-BRLV02-00] ASCEND LOW VOLTAGE KEYPAD - 2 BUTTON (BRUSHED BRASS),11191.3,6714.79
15353,WFB-BZLV02-00,[WFB-BZLV02-00] ASCEND LOW VOLTAGE KEYPAD - 2 BUTTON (BRUSHED BRONZE),11191.3,6714.79
15358,WFB-LALV02-00,[WFB-LALV02-00] ASCEND LOW VOLTAGE KEYPAD - 2 BUTTON (LIGHT ALMOND),11191.3,6714.79
15373,WFB-MNLV02-00,[WFB-MNLV02-00] ASCEND LOW VOLTAGE KEYPAD - 2 BUTTON (NICKEL),11191.3,6714.79
15378,WFB-SWLV02-00,[WFB-SWLV02-00] ASCEND LOW VOLTAGE KEYPAD - 2 BUTTON (SNOW WHITE),11191.3,6714.79
15368,WFB-MGLV02-00,[WFB-MGLV02-00] ASCEND LOW VOLTAGE KEYPAD - 2 BUTTON (SPACE GRAY),11191.3,6714.79
15364,WFB-MBLV04-00,[WFB-MBLV04-00] ASCEND LOW VOLTAGE KEYPAD - 4 BUTTON (BLACK),11191.3,6714.79
15339,WFB-BALV04-00,[WFB-BALV04-00] ASCEND LOW VOLTAGE KEYPAD - 4 BUTTON (BRUSHED ALUMINUM),11191.3,6714.79
15344,WFB-BBLV04-00,[WFB-BBLV04-00] ASCEND LOW VOLTAGE KEYPAD - 4 BUTTON (BRUSHED BLACK),11191.3,6714.79
15349,WFB-BRLV04-00,[WFB-BRLV04-00] ASCEND LOW VOLTAGE KEYPAD - 4 BUTTON (BRUSHED BRASS),11191.3,6714.79
15354,WFB-BZLV04-00,[WFB-BZLV04-00] ASCEND LOW VOLTAGE KEYPAD - 4 BUTTON (BRUSHED BRONZE),11191.3,6714.79
15359,WFB-LALV04-00,[WFB-LALV04-00] ASCEND LOW VOLTAGE KEYPAD - 4 BUTTON (LIGHT ALMOND),11191.3,6714.79
15374,WFB-MNLV04-00,[WFB-MNLV04-00] ASCEND LOW VOLTAGE KEYPAD - 4 BUTTON (NICKEL),11191.3,6714.79
15379,WFB-SWLV04-00,[WFB-SWLV04-00] ASCEND LOW VOLTAGE KEYPAD - 4 BUTTON (SNOW WHITE),11191.3,6714.79
15369,WFB-MGLV04-00,[WFB-MGLV04-00] ASCEND LOW VOLTAGE KEYPAD - 4 BUTTON (SPACE GRAY),11191.3,6714.79
15365,WFB-MBLV05-00,[WFB-MBLV05-00] ASCEND LOW VOLTAGE KEYPAD - 5 BUTTON (BLACK),11191.3,6714.79
15340,WFB-BALV05-00,[WFB-BALV05-00] ASCEND LOW VOLTAGE KEYPAD - 5 BUTTON (BRUSHED ALUMINUM),11191.3,6714.79
15345,WFB-BBLV05-00,[WFB-BBLV05-00] ASCEND LOW VOLTAGE KEYPAD - 5 BUTTON (BRUSHED BLACK),11191.3,6714.79
15350,WFB-BRLV05-00,[WFB-BRLV05-00] ASCEND LOW VOLTAGE KEYPAD - 5 BUTTON (BRUSHED BRASS),11191.3,6714.79
15355,WFB-BZLV05-00,[WFB-BZLV05-00] ASCEND LOW VOLTAGE KEYPAD - 5 BUTTON (BRUSHED BRONZE),11191.3,6714.79
15360,WFB-LALV05-00,[WFB-LALV05-00] ASCEND LOW VOLTAGE KEYPAD - 5 BUTTON (LIGHT ALMOND),11191.3,6714.79
15375,WFB-MNLV05-00,[WFB-MNLV05-00] ASCEND LOW VOLTAGE KEYPAD - 5 BUTTON (NICKEL),11191.3,6714.79
15380,WFB-SWLV05-00,[WFB-SWLV05-00] ASCEND LOW VOLTAGE KEYPAD - 5 BUTTON (SNOW WHITE),11191.3,6714.79
15370,WFB-MGLV05-00,[WFB-MGLV05-00] ASCEND LOW VOLTAGE KEYPAD - 5 BUTTON (SPACE GRAY),11191.3,6714.79
13441,C10084,[C10084] AUD100 2RCA-2RCA 1m interconnect,260,156
13442,C10085,[C10085] AUD100 2RCA-2RCA 2m interconnect,329.57,197.74
15011,AUTOMATE-REM15,[AUTOMATE-REM15] AUTOMATE 15 CHANNEL REMOTE,3229.57,1937.74
14489,AV10,[AV10] AV 10 AV Support,1564.35,610.43
13460,C11084,[C11084] AX C25 CD Player,8694.78,6086.35
13461,C11087,[C11087] AX C35CD Player,11303.48,7912.43
13458,C11079,[C11079] AXA25 Integrated Amplifier Grey,8694.78,6086.35
13459,C11082,[C11082] AXA35 Integrated Amplifier w/ Built-in Phono-stage Grey,11303.48,7912.43
13463,C11091,[C11091] AXR100 FM/AM Stereo Receiver Grey,16520.87,11564.61
13462,C11089,[C11089] AXR85 FM/AM Stereo Receiver Grey,14781.74,10347.22
13614,ACTIVEWIRE10M,[ACTIVEWIRE10M] Active HDMI 10m,3043.48,2100
13611,ACTIVEMAX10M,[ACTIVEMAX10M] Active MAX HDMI 10m,4173.91,2504.35
13612,ACTIVEMAX15M,[ACTIVEMAX15M] Active MAX HDMI 15m,4304.35,2970
13613,ACTIVEMAX8M,[ACTIVEMAX8M] Active MAX HDMI 8m,3608.7,2165.22
13190,PFIXPLANO-00180,[PFIXPLANO-00180] Adeo Plano 135 Vision Acoustik,40417.39,0
13438,KLDD1FCG.,[KLDD1FCG.] Alba 8b 1f Crestron Glass,13200,12521.74
13287,DLBE12C,[DLBE12C] Alba collection Back End 12 buttons Crestron,10266.96,6160.17
13288,DLBE12K,[DLBE12K] Alba collection Back End 12 buttons KNX,10266.96,6160.17
13289,DLBE12R,[DLBE12R] Alba collection Back End 12 buttons RS485,10266.96,6160.17
13290,DLBEM1C,[DLBEM1C] Alba collection Back End Multipurpose/Temperature control interface Crestron,12406.09,7443.65
13291,DLBEM1K,[DLBEM1K] Alba collection Back End Multipurpose/Temperature control interface KNX,12406.09,7443.65
13292,DLBEM1R,[DLBEM1R] Alba collection Back End Multipurpose/Temperature control interface RS485,12406.09,7443.65
13367,DLFRM1XGIW,[DLFRM1XGIW] Alba collection Frame Multipurpose/Temperature control interface Glass Ice White,2139.13,1283.48
13368,DLFRM1XGSW,[DLFRM1XGSW] Alba collection Frame Multipurpose/Temperature control interface Glass Sand White,3250.43,1950.26
13369,DLFRM1XGVG,[DLFRM1XGVG] Alba collection Frame Multipurpose/Temperature control interface Glass Venetian Gold,2139.13,1283.48
13370,DLFRM1XGYB,[DLFRM1XGYB] Alba collection Frame Multipurpose/Temperature control interface Glass York Black,2139.13,1283.48
13371,DLFRM1XMAS,[DLFRM1XMAS] Alba collection Frame Multipurpose/Temperature control interface Metal Aluminum Silver  Metal Brush,2139.13,1283.48
13372,DLFRM1XMBG,[DLFRM1XMBG] Alba collection Frame Multipurpose/Temperature control interface Metal Bronze Gold  Metal Brushed,2139.13,1283.48
13373,DLFRM1XMMB,[DLFRM1XMMB] Alba collection Frame Multipurpose/Temperature control interface Metal Mars Black  Metal Brushed,2139.13,1283.48
13339,DLFR2FXGIWKPKP,[DLFR2FXGIWKPKP] Alba collection Frame double frame Glass Ice White  Combination: Keypad  Keypad,4278.26,2566.96
13340,DLFR2FXGIWKPM1,[DLFR2FXGIWKPM1] Alba collection Frame double frame Glass Ice White  Combination: Keypad  Multipurpose/Temperature,4278.26,2566.96
13342,DLFR2FXGIWM1M1,[DLFR2FXGIWM1M1] Alba collection Frame double frame Glass Ice White  Combination: Multipurpose/Temperature control i,4278.26,2566.96
13341,DLFR2FXGIWM1KP,[DLFR2FXGIWM1KP] Alba collection Frame double frame Glass Ice White  Combination: Multipurpose/Temperature control i,4278.26,2566.96
13343,DLFR2FXGSWKPKP,[DLFR2FXGSWKPKP] Alba collection Frame double frame Glass Sand White  Combination: Keypad  Keypad,4000,2400
13344,DLFR2FXGSWKPM1,[DLFR2FXGSWKPM1] Alba collection Frame double frame Glass Sand White  Combination: Keypad  Multipurpose/Temperature,5250.43,3150.26
13345,DLFR2FXGSWM1KP,[DLFR2FXGSWM1KP] Alba collection Frame double frame Glass Sand White  Combination: Multipurpose/Temperature control,5250.43,3150.26
13346,DLFR2FXGSWM1M1,[DLFR2FXGSWM1M1] Alba collection Frame double frame Glass Sand White  Combination: Multipurpose/Temperature control,6500,3900
13347,DLFR2FXGVGKPKP,[DLFR2FXGVGKPKP] Alba collection Frame double frame Glass Venetian Gold  Combination: Keypad  Keypad,4278.26,2566.96
13348,DLFR2FXGVGKPM1,[DLFR2FXGVGKPM1] Alba collection Frame double frame Glass Venetian Gold  Combination: Keypad  Multipurpose/Temperat,4278.26,2566.96
13349,DLFR2FXGVGM1KP,[DLFR2FXGVGM1KP] Alba collection Frame double frame Glass Venetian Gold  Combination: Multipurpose/Temperature contr,4278.26,2566.96
13350,DLFR2FXGVGM1M1,[DLFR2FXGVGM1M1] Alba collection Frame double frame Glass Venetian Gold  Combination: Multipurpose/Temperature contr,4278.26,2566.96
13351,DLFR2FXGYBKPKP,[DLFR2FXGYBKPKP] Alba collection Frame double frame Glass York Black  Combination: Keypad  Keypad,4278.26,2566.96
13352,DLFR2FXGYBKPM1,[DLFR2FXGYBKPM1] Alba collection Frame double frame Glass York Black  Combination: Keypad  Multipurpose/Temperature,4278.26,2566.96
13353,DLFR2FXGYBM1KP,[DLFR2FXGYBM1KP] Alba collection Frame double frame Glass York Black  Combination: Multipurpose/Temperature control,4278.26,2566.96
13354,DLFR2FXGYBM1M1,[DLFR2FXGYBM1M1] Alba collection Frame double frame Glass York Black  Combination: Multipurpose/Temperature control,4278.26,2566.96
13318,DLFR2FLGIWKPSK,[DLFR2FLGIWKPSK] Alba collection Frame double frame Legrand Arteor Glass Ice White  Combination: Keypad  Socket,4278.26,2566.96
13319,DLFR2FLGIWM1SK,[DLFR2FLGIWM1SK] Alba collection Frame double frame Legrand Arteor Glass Ice White  Combination: Multipurpose/Temper,4278.26,2566.96
13320,DLFR2FLGIWSKM1,[DLFR2FLGIWSKM1] Alba collection Frame double frame Legrand Arteor Glass Ice White  Combination: Socket  Multipurpo,4278.26,2566.96
13321,DLFR2FLGSWKPSK,[DLFR2FLGSWKPSK] Alba collection Frame double frame Legrand Arteor Glass Sand White  Combination: Keypad  Socket,3250.43,1950.26
13322,DLFR2FLGSWM1SK,[DLFR2FLGSWM1SK] Alba collection Frame double frame Legrand Arteor Glass Sand White  Combination: Multipurpose/Tempe,4500,2700
13323,DLFR2FLGSWSKM1,[DLFR2FLGSWSKM1] Alba collection Frame double frame Legrand Arteor Glass Sand White  Combination: Socket  Multipurp,4500,2700
13324,DLFR2FLGVGKPSK,[DLFR2FLGVGKPSK] Alba collection Frame double frame Legrand Arteor Glass Venetian Gold  Combination: Keypad  Socket,4278.26,2566.96
13325,DLFR2FLGVGM1SK,[DLFR2FLGVGM1SK] Alba collection Frame double frame Legrand Arteor Glass Venetian Gold  Combination: Multipurpose/Te,4278.26,2566.96
13326,DLFR2FLGVGSKM1,[DLFR2FLGVGSKM1] Alba collection Frame double frame Legrand Arteor Glass Venetian Gold  Combination: Socket  Multip,4278.26,2566.96
13327,DLFR2FLGYBKPSK,[DLFR2FLGYBKPSK] Alba collection Frame double frame Legrand Arteor Glass York Black  Combination: Keypad  Socket,4278.26,2566.96
13328,DLFR2FLGYBM1SK,[DLFR2FLGYBM1SK] Alba collection Frame double frame Legrand Arteor Glass York Black  Combination: Multipurpose/Tempe,4278.26,2566.96
13329,DLFR2FLGYBSKM1,[DLFR2FLGYBSKM1] Alba collection Frame double frame Legrand Arteor Glass York Black  Combination: Socket  Multipurp,4278.26,2566.96
13330,DLFR2FLMASKPSK,[DLFR2FLMASKPSK] Alba collection Frame double frame Legrand Arteor Metal Aluminum Silver  Metal Brushed  Combinatio,4278.26,2566.96
13332,DLFR2FLMASSKM1,[DLFR2FLMASSKM1] Alba collection Frame double frame Legrand Arteor Metal Aluminum Silver  Metal Brushed  Combinatio,4278.26,2566.96
13331,DLFR2FLMASM1SK,[DLFR2FLMASM1SK] Alba collection Frame double frame Legrand Arteor Metal Aluminum Silver  Metal Brushed  Combinatio,4278.26,2566.96
13333,DLFR2FLMBGKPSK,[DLFR2FLMBGKPSK] Alba collection Frame double frame Legrand Arteor Metal Bronze Gold  Metal Brushed  Combination: K,4278.26,2566.96
13334,DLFR2FLMBGM1SK,[DLFR2FLMBGM1SK] Alba collection Frame double frame Legrand Arteor Metal Bronze Gold  Metal Brushed  Combination: M,4278.26,2566.96
13335,DLFR2FLMBGSKM1,[DLFR2FLMBGSKM1] Alba collection Frame double frame Legrand Arteor Metal Bronze Gold  Metal Brushed  Combination: S,4278.26,2566.96
13336,DLFR2FLMMBKPSK,[DLFR2FLMMBKPSK] Alba collection Frame double frame Legrand Arteor Metal Mars Black  Metal Brushed  Combination: Ke,4278.26,2566.96
13337,DLFR2FLMMBM1SK,[DLFR2FLMMBM1SK] Alba collection Frame double frame Legrand Arteor Metal Mars Black  Metal Brushed  Combination: Mu,4278.26,2566.96
13338,DLFR2FLMMBSKM1,[DLFR2FLMMBSKM1] Alba collection Frame double frame Legrand Arteor Metal Mars Black  Metal Brushed  Combination: So,4278.26,2566.96
13355,DLFR2FXMASKPKP,[DLFR2FXMASKPKP] Alba collection Frame double frame Metal Aluminum Silver  Metal Brushed  Combination: Keypad  Key,4278.26,2566.96
13356,DLFR2FXMASKPM1,[DLFR2FXMASKPM1] Alba collection Frame double frame Metal Aluminum Silver  Metal Brushed  Combination: Keypad  Mul,4278.26,2566.96
13357,DLFR2FXMASM1KP,[DLFR2FXMASM1KP] Alba collection Frame double frame Metal Aluminum Silver  Metal Brushed  Combination: Multipurpose,4278.26,2566.96
13358,DLFR2FXMASM1M1,[DLFR2FXMASM1M1] Alba collection Frame double frame Metal Aluminum Silver  Metal Brushed  Combination: Multipurpose,4278.26,2566.96
13359,DLFR2FXMBGKPKP,[DLFR2FXMBGKPKP] Alba collection Frame double frame Metal Bronze Gold  Metal Brushed  Combination: Keypad  Keypad,4278.26,2566.96
13360,DLFR2FXMBGKPM1,[DLFR2FXMBGKPM1] Alba collection Frame double frame Metal Bronze Gold  Metal Brushed  Combination: Keypad  Multipu,4278.26,2566.96
13361,DLFR2FXMBGM1KP,[DLFR2FXMBGM1KP] Alba collection Frame double frame Metal Bronze Gold  Metal Brushed  Combination: Multipurpose/Tem,4278.26,2566.96
13362,DLFR2FXMBGM1M1,[DLFR2FXMBGM1M1] Alba collection Frame double frame Metal Bronze Gold  Metal Brushed  Combination: Multipurpose/Tem,4278.26,2566.96
13363,DLFR2FXMMBKPKP,[DLFR2FXMMBKPKP] Alba collection Frame double frame Metal Mars Black  Metal Brushed  Combination: Keypad  Keypad,4278.26,2566.96
13364,DLFR2FXMMBKPM1,[DLFR2FXMMBKPM1] Alba collection Frame double frame Metal Mars Black  Metal Brushed  Combination: Keypad  Multipur,4278.26,2566.96
13366,DLFR2FXMMBM1M1,[DLFR2FXMMBM1M1] Alba collection Frame double frame Metal Mars Black  Metal Brushed  Combination: Multipurpose/Temp,4278.26,2566.96
13365,DLFR2FXMMBM1KP,[DLFR2FXMMBM1KP] Alba collection Frame double frame Metal Mars Black  Metal Brushed  Combination: Multipurpose/Temp,4278.26,2566.96
13311,DLFR1FXGIW,[DLFR1FXGIW] Alba collection Frame single frame Glass Ice White,2139.13,1283.48
13312,DLFR1FXGSW,[DLFR1FXGSW] Alba collection Frame single frame Glass Sand White,2000,1200
13313,DLFR1FXGVG,[DLFR1FXGVG] Alba collection Frame single frame Glass Venetian Gold,2139.13,1283.48
13314,DLFR1FXGYB,[DLFR1FXGYB] Alba collection Frame single frame Glass York Black,2139.13,1283.48
13315,DLFR1FXMAS,[DLFR1FXMAS] Alba collection Frame single frame Metal Aluminum Silver  Metal Brushed,2139.13,1283.48
13316,DLFR1FXMBG,[DLFR1FXMBG] Alba collection Frame single frame Metal Bronze Gold  Metal Brushed,2139.13,1283.48
13317,DLFR1FXMMB,[DLFR1FXMMB] Alba collection Frame single frame Metal Mars Black  Metal Brushed,2139.13,1283.48
13295,DLFE2KXGIW,[DLFE2KXGIW] Alba collection Front End 2 buttons Glass Ice White,2139.13,1283.48
13296,DLFE2KXGSW,[DLFE2KXGSW] Alba collection Front End 2 buttons Glass Sand White,1375.65,825.39
13297,DLFE2KXGVG,[DLFE2KXGVG] Alba collection Front End 2 buttons Glass Venetian Gold,2139.13,1283.48
13298,DLFE2KXGYB,[DLFE2KXGYB] Alba collection Front End 2 buttons Glass York Black,2139.13,1283.48
13299,DLFE4KXGIW,[DLFE4KXGIW] Alba collection Front End 4 buttons Glass Ice White,2139.13,1283.48
13300,DLFE4KXGSW,[DLFE4KXGSW] Alba collection Front End 4 buttons Glass Sand White,1500,900
13301,DLFE4KXGVG,[DLFE4KXGVG] Alba collection Front End 4 buttons Glass Venetian Gold,2139.13,1283.48
13302,DLFE4KXGYB,[DLFE4KXGYB] Alba collection Front End 4 buttons Glass York Black,2139.13,1283.48
13303,DLFE8KXGIW,[DLFE8KXGIW] Alba collection Front End 8 buttons Glass Ice White,2139.13,1283.48
13304,DLFE8KXGSW,[DLFE8KXGSW] Alba collection Front End 8 buttons Glass Sand White,1625.22,975.13
13305,DLFE8KXGVG,[DLFE8KXGVG] Alba collection Front End 8 buttons Glass Venetian Gold,2139.13,1283.48
13306,DLFE8KXGYB,[DLFE8KXGYB] Alba collection Front End 8 buttons Glass York Black,2139.13,1283.48
13307,DLFEM1XGIW,[DLFEM1XGIW] Alba collection Front End Multipurpose/Temperature control interface Glass Ice White,2139.13,1283.48
13308,DLFEM1XGSW,[DLFEM1XGSW] Alba collection Front End Multipurpose/Temperature control interface Glass Sand White,1500,900
13309,DLFEM1XGVG,[DLFEM1XGVG] Alba collection Front End Multipurpose/Temperature control interface Glass Venetian Gold,2139.13,1283.48
13310,DLFEM1XGYB,[DLFEM1XGYB] Alba collection Front End Multipurpose/Temperature control interface Glass York Black,2139.13,1283.48
13293,DLDSV2,[DLDSV2] Alba collection Spare DST Back End V2,5133.91,3080.35
13294,DLDSV4,[DLDSV4] Alba collection Spare DST Back End V4,6203.48,3722.09
13615,ADC,[ADC] Analogue to Digital Converter,1469.57,881.74
13377,DRBE12C,[DRBE12C] Aria collection Back End 12 buttons Crestron,8127.83,4876.7
13378,DRBE12K,[DRBE12K] Aria collection Back End 12 buttons KNX,8127.83,4876.7
13379,DRBE12R,[DRBE12R] Aria collection Back End 12 buttons RS485,8127.83,4876.7
13374,DRBE09C,[DRBE09C] Aria collection Back End 9 buttons Crestron,8127.83,4876.7
13375,DRBE09K,[DRBE09K] Aria collection Back End 9 buttons KNX,8127.83,4876.7
13376,DRBE09R,[DRBE09R] Aria collection Back End 9 buttons RS485,8127.83,4876.7
13380,DRBETTC,[DRBETTC] Aria collection Back End Temperature control interface Crestron,10625.22,6375.13
13381,DRBETTK,[DRBETTK] Aria collection Back End Temperature control interface KNX,9125.22,5475.13
13382,DRBETTR,[DRBETTR] Aria collection Back End Temperature control interface RS485,7875.65,4725.39
13413,DRFETTXGIW,[DRFETTXGIW] Aria collection Front End Temperature control interface Glass Ice White,1625.22,975.13
13414,DRFETTXGSW,[DRFETTXGSW] Aria collection Front End Temperature control interface Glass Sand White,1625.22,975.13
13415,DRFETTXGVG,[DRFETTXGVG] Aria collection Front End Temperature control interface Glass Venetian Gold,1625.22,975.13
13416,DRFETTXGYB,[DRFETTXGYB] Aria collection Front End Temperature control interface Glass York Black,1625.22,975.13
13401,DRFE2FXGIWKPKP,[DRFE2FXGIWKPKP] Aria collection Front End double frame Glass Ice White  Combination: Keypad  Keypad,4278.26,2566.96
13402,DRFE2FXGIWKPTT,[DRFE2FXGIWKPTT] Aria collection Front End double frame Glass Ice White  Combination: Keypad  Temperature control i,3125.22,1875.13
13403,DRFE2FXGIWTTKP,[DRFE2FXGIWTTKP] Aria collection Front End double frame Glass Ice White  Combination: Temperature control interface,3125.22,1875.13
13404,DRFE2FXGSWKPKP,[DRFE2FXGSWKPKP] Aria collection Front End double frame Glass Sand White  Combination: Keypad  Keypad,3000,1800
13405,DRFE2FXGSWKPTT,[DRFE2FXGSWKPTT] Aria collection Front End double frame Glass Sand White  Combination: Keypad  Temperature control,3125.22,1875.13
13406,DRFE2FXGSWTTKP,[DRFE2FXGSWTTKP] Aria collection Front End double frame Glass Sand White  Combination: Temperature control interface,3125.22,1875.13
13407,DRFE2FXGVGKPKP,[DRFE2FXGVGKPKP] Aria collection Front End double frame Glass Venetian Gold  Combination: Keypad  Keypad,4278.26,2566.96
13408,DRFE2FXGVGKPTT,[DRFE2FXGVGKPTT] Aria collection Front End double frame Glass Venetian Gold  Combination: Keypad  Temperature contr,3125.22,1875.13
13409,DRFE2FXGVGTTKP,[DRFE2FXGVGTTKP] Aria collection Front End double frame Glass Venetian Gold  Combination: Temperature control interf,3125.22,1875.13
13410,DRFE2FXGYBKPKP,[DRFE2FXGYBKPKP] Aria collection Front End double frame Glass York Black  Combination: Keypad  Keypad,4278.26,2566.96
13411,DRFE2FXGYBKPTT,[DRFE2FXGYBKPTT] Aria collection Front End double frame Glass York Black  Combination: Keypad  Temperature control,3125.22,1875.13
13412,DRFE2FXGYBTTKP,[DRFE2FXGYBTTKP] Aria collection Front End double frame Glass York Black  Combination: Temperature control interface,3125.22,1875.13
13389,DRFE2FLGIWKPSK,[DRFE2FLGIWKPSK] Aria collection Front End double frame Legrand Arteor Glass Ice White  Combination: Keypad  Socket,4278.26,2566.96
13390,DRFE2FLGIWSKTT,[DRFE2FLGIWSKTT] Aria collection Front End double frame Legrand Arteor Glass Ice White  Combination: Socket  Temper,2875.65,1725.39
13391,DRFE2FLGIWTTSK,[DRFE2FLGIWTTSK] Aria collection Front End double frame Legrand Arteor Glass Ice White  Combination: Temperature con,2875.65,1725.39
13392,DRFE2FLGSWKPSK,[DRFE2FLGSWKPSK] Aria collection Front End double frame Legrand Arteor Glass Sand White  Combination: Keypad  Socke,2750.43,1650.26
13393,DRFE2FLGSWSKTT,[DRFE2FLGSWSKTT] Aria collection Front End double frame Legrand Arteor Glass Sand White  Combination: Socket  Tempe,2875.65,1725.39
13394,DRFE2FLGSWTTSK,[DRFE2FLGSWTTSK] Aria collection Front End double frame Legrand Arteor Glass Sand White  Combination: Temperature co,2875.65,1725.39
13395,DRFE2FLGVGKPSK,[DRFE2FLGVGKPSK] Aria collection Front End double frame Legrand Arteor Glass Venetian Gold  Combination: Keypad  So,4278.26,2566.96
13396,DRFE2FLGVGSKTT,[DRFE2FLGVGSKTT] Aria collection Front End double frame Legrand Arteor Glass Venetian Gold  Combination: Socket  Te,2875.65,1725.39
13397,DRFE2FLGVGTTSK,[DRFE2FLGVGTTSK] Aria collection Front End double frame Legrand Arteor Glass Venetian Gold  Combination: Temperature,2875.65,1725.39
13398,DRFE2FLGYBKPSK,[DRFE2FLGYBKPSK] Aria collection Front End double frame Legrand Arteor Glass York Black  Combination: Keypad  Socke,4278.26,2566.96
13399,DRFE2FLGYBSKTT,[DRFE2FLGYBSKTT] Aria collection Front End double frame Legrand Arteor Glass York Black  Combination: Socket  Tempe,2875.65,1725.39
13400,DRFE2FLGYBTTSK,[DRFE2FLGYBTTSK] Aria collection Front End double frame Legrand Arteor Glass York Black  Combination: Temperature co,2875.65,1725.39
13385,DRFE1FXGIW,[DRFE1FXGIW] Aria collection Front End single frame Glass Ice White,2139.13,1283.48
13386,DRFE1FXGSW,[DRFE1FXGSW] Aria collection Front End single frame Glass Sand White,1500,900
13387,DRFE1FXGVG,[DRFE1FXGVG] Aria collection Front End single frame Glass Venetian Gold,2139.13,1283.48
13388,DRFE1FXGYB,[DRFE1FXGYB] Aria collection Front End single frame Glass York Black,2139.13,1283.48
13383,DRDSV2,[DRDSV2] Aria collection Spare DST Back End V2,1604.35,962.61
13384,DRDSV4,[DRDSV4] Aria collection Spare DST Back End V4,2566.96,1540.17
13197,BLAB12,[BLAB12] Audioquest Black Lab 12m Subwoofer Cable,2173.04,1765.22
13196,BLAB08,[BLAB08] Audioquest Black Lab 8m Subwoofer Cable,1651.3,1339.13
13252,OPTFOR0.75,[OPTFOR0.75] Audioquest Forest Optilink 0.75m Braided Optical Fiber Cable,868.7,669.57
13253,OPTFOR01.5,[OPTFOR01.5] Audioquest Forest Optilink 1.5m Braided Optical Fiber Cable,1042.61,852.17
13237,IRED05,[IRED05] Audioquest Irish Red 5m Subwoofer Cable,3477.39,0
13254,OPTPEA0.75,[OPTPEA0.75] Audioquest Pearl Optilink 0.75m PVC Optical Fiber Cable,607.83,486.96
13255,OPTPEA01.5,[OPTPEA01.5] Audioquest Pearl Optilink 1.5m PVC Optical Fiber Cable,694.78,547.83
13259,SGBAN100120S,[SGBAN100120S] Audioquest SG100 SureGrip Silver Banana Plugs 120,19913.04,13939.13
13282,DHBXDP,[DHBXDP] Axes Collection Back Box and parts for Third Party RFID Reader Integration,2139.13,1283.48
13267,DHBECHC,[DHBECHC] Axes Collection Back End Card Holder Crestron,5989.57,3593.74
13268,DHBECHK,[DHBECHK] Axes Collection Back End Card Holder KNX,5989.57,3593.74
13270,DHBECRC,[DHBECRC] Axes Collection Back End Card Holder RFID Reader Crestron,5989.57,3593.74
13271,DHBECRK,[DHBECRK] Axes Collection Back End Card Holder RFID Reader KNX,5989.57,3593.74
13272,DHBECRR,[DHBECRR] Axes Collection Back End Card Holder RFID Reader RS485,5989.57,3593.74
13269,DHBECHR,[DHBECHR] Axes Collection Back End Card Holder RS485,5989.57,3593.74
13276,DHBEKNC,[DHBEKNC] Axes Collection Back End Door Panel Numbers Keypad Crestron,5989.57,3593.74
13277,DHBEKNK,[DHBEKNK] Axes Collection Back End Door Panel Numbers Keypad KNX,5989.57,3593.74
13278,DHBEKNR,[DHBEKNR] Axes Collection Back End Door Panel Numbers Keypad RS485,5989.57,3593.74
13273,DHBEDRC,[DHBEDRC] Axes Collection Back End Door Panel RFID Reader Crestron,5989.57,3593.74
13274,DHBEDRK,[DHBEDRK] Axes Collection Back End Door Panel RFID Reader KNX,5989.57,3593.74
13275,DHBEDRR,[DHBEDRR] Axes Collection Back End Door Panel RFID Reader RS485,5989.57,3593.74
13279,DHBEN3C,[DHBEN3C] Axes Collection Back End Door Panel Room Number XL Crestron,5989.57,3593.74
13280,DHBEN3K,[DHBEN3K] Axes Collection Back End Door Panel Room Number XL KNX,5989.57,3593.74
13281,DHBEN3R,[DHBEN3R] Axes Collection Back End Door Panel Room Number XL RS485,5989.57,3593.74
13283,DHFECHXGIW,[DHFECHXGIW] Axes Collection Front End Card Holder Glass Ice White,2139.13,1283.48
13284,DHFECHXGSW,[DHFECHXGSW] Axes Collection Front End Card Holder Glass Sand White,1875.65,1125.39
13285,DHFECHXGVG,[DHFECHXGVG] Axes Collection Front End Card Holder Glass Venetian Gold,2139.13,1283.48
13286,DHFECHXGYB,[DHFECHXGYB] Axes Collection Front End Card Holder Glass York Black,2139.13,1283.48
13445,C10546,[C10546] Azur 851N Black Flagship ATF2™ Upsampling Network Player,43477.39,26086.43
13446,C10548,[C10548] Azur 851N Silver Flagship ATF2™ Upsampling Network Player,43477.39,26086.43
13487,BANANAS/WOODEN BOX 4PC,[BANANAS/WOODEN BOX 4PC] BANANAS/WOODEN BOX  (4 pcs.),1295.65,777.39
14408,BEAM1EU1BLK,[BEAM1EU1BLK] BEAM BLACK,8260,6608
14407,BEAM1EU1,[BEAM1EU1] BEAM WHITE,8260,6608
14411,BEAM2UK1,[BEAM2UK1] BEAM WHITE GEN2,9216.52,7651.48
13921,BMC-1,[BMC-1] BMC-1 Controller,30426.09,18255.65
13439,LBB1-4,[LBB1-4] Black Box 4 Products Aria and Alba,19250.43,11550.26
14936,WALL2025,[WALL2025] Black Turn 120 wall mount 17-26,1408.7,845.22
16592,Bond Bridge Pro,[Bond Bridge Pro] Bond Bridge Pro,10797.8571,7558.5
13448,C10746,[C10746] C155 In-Ceiling Speaker Pair White,4346.96,2608.17
13922,C15S,[C15S] C15S,56520.87,35454
13449,C10755,[C10755] C165 In-Ceiling Speaker Single White,1738.26,1042.96
13820,C91IIBL,[C91IIBL] C91 II Black,8694.78,6086.35
13821,C91IIWH,[C91IIWH] C91 II Matt White,8694.78,6086.35
13822,C91IIWO,[C91IIWO] C91 II White Oak,8694.78,6086.35
13799,1068258,[1068258] C910 AMP MODULE,6956.52,4868.96
13816,C910B,[C910B] C910 BLACK SUBWOOFER,10433.91,5599.53
13817,C910W,[C910W] C910 SUBWOOFER,10433.91,5599.53
13818,C912B,[C912B] C912 BLACK SUBWOOFER,13042.6,6999.53
13819,C912W,[C912W] C912 SUBWOOFER W,13042.61,6999.53
13823,C93IIBL,[C93IIBL] C93 II Black,10433.91,7303.74
13824,C93IIWH,[C93IIWH] C93 II Matt White,10433.91,7303.74
13825,C95IIBL,[C95IIBL] C95 II Black,15651.3,10955.91
13826,C95IIBL Single,[C95IIBL Single] C95 II Black Single unit,17382.61,10429.57
13827,C95IIWH,[C95IIWH] C95 II Matt White,15651.3,10955.91
13828,C95IIWO,[C95IIWO] C95 II White Oak,15651.3,10955.91
13829,C97IIBL,[C97IIBL] C97 II Black,20868.7,14608.09
13830,C97IIBL Single,[C97IIBL Single] C97 II Black Single unit,17390.43,12173.3
13831,C97IIWH,[C97IIWH] C97 II Matt White,20868.7,14608.09
13832,C97IIWH Single,[C97IIWH Single] C97 II Matt White Single,17390.43,12173.3
13833,C9CENIIBL,[C9CENIIBL] C9CEN II Black,6955.65,4868.96
13834,C9CENIIWH,[C9CENIIWH] C9CEN II Matt White,6955.65,4868.96
13835,C9SURIIBL,[C9SURIIBL] C9SUR II Black,12173.04,8521.13
13836,C9SURIIWH,[C9SURIIWH] C9SUR II White,12173.04,8521.13
14490,CABLE10L,[CABLE10L] CABLE 10 L Cable Cover,2173.04,860.87
14491,CABLE10M,[CABLE10M] CABLE 10 M Cable Cover,1017.39,610.43
14492,CABLE4BL,[CABLE4BL] CABLE 4 Cable Cover Black,955.65,370.43
14493,CABLE4WH,[CABLE4WH] CABLE 4 Cable Cover White,955.65,370.43
14494,CABLE8BL,[CABLE8BL] CABLE 8 Cable Cover Black,1129.57,433.04
14495,CABLE8WH,[CABLE8WH] CABLE 8 Cable Cover White,1129.57,433.04
16302,CSP+FB85BL,[CSP+FB85BL] CANVAS 85 inch – Fabric – Black,103348.9142857143,72344.24
13207,DRAGONTAILUSBC,[DRAGONTAILUSBC] CARBON DRAGONTAIL USB TYPE-C,695.65,486.96
13587,ECW230S,[ECW230S] CLOUD MANAGEMENT AP 11 AX/AC/B/G/N DUAL BAND CONCURRENT,15561.74,10893.22
13585,ECW220S,[ECW220S] CLOUD MANAGEMENT AP 11AX/AC /A/B/G/N DUAL BAND CONCURRENT,11239.13,7867.4
13573,ECS1528P,[ECS1528P] CLOUD MANAGEMENT SWITCH WITH 24 GE 4 GE SFP IEEE802.3AT/AF 240W POE POWER BUDGET  19INCH 1U RACK,18587.83,13011.48
14417,CTNZPEU1,[CTNZPEU1] CONNECT,14781.74,0
14132,72329,[72329] CONNECT PRO Case Mini Black (6th Gen),8778.26,6144.79
14133,72330,[72330] CONNECT PRO Case Mini White (6th Gen),8778.26,6144.79
15270,SHA-B8CLBA-00,[SHA-B8CLBA-00] CORNER MOUNT: LEFT DRIVE (BLACK ALUMINUM),6302.61,5042.09
15271,SHA-B8CLSA-00,[SHA-B8CLSA-00] CORNER MOUNT: LEFT DRIVE (SILVER ALUMINUM),6302.61,5042.09
15266,SHA-B7CLBA-00,[SHA-B7CLBA-00] CORNER MOUNT: LEFT IDLER (BLACK ALUMINUM),6302.61,5042.09
15267,SHA-B7CLSA-00,[SHA-B7CLSA-00] CORNER MOUNT: LEFT IDLER (SILVER ALUMINUM),6302.61,5042.09
15272,SHA-B8CRBA-00,[SHA-B8CRBA-00] CORNER MOUNT: RIGHT DRIVE (BLACK ALUMINUM),6302.61,5042.09
15273,SHA-B8CRSA-00,[SHA-B8CRSA-00] CORNER MOUNT: RIGHT DRIVE (SILVER ALUMINUM),6302.61,5042.09
15268,SHA-B7CRBA-00,[SHA-B7CRBA-00] CORNER MOUNT: RIGHT IDLER (BLACK ALUMINUM),6302.61,5042.09
15269,SHA-B7CRSA-00,[SHA-B7CRSA-00] CORNER MOUNT: RIGHT IDLER (SILVER ALUMINUM),6302.61,5042.09
13576,ECS1552P,[ECS1552P] COUD MANAGEMENT SWITCH 48 GE 4 GE SFP IEEE802.3AT/AF 410W POE POWER BUDGET 19INCH 1U RACK,30260,21182
13565,V650906-00,[V650906-00] CROSSOVER EPICON 6,773.91,464.35
13564,V600239-00,[V600239-00] CROSSOVER W/TERMINAL OBERON VOKAL,1730.43,1568.42
13562,V600218-00,[V600218-00] CROSSOVER W/TERMINAL OPTICON 8 spare part,3730.43,2238.26
13563,V600219-00,[V600219-00] CROSSOVER W/TERMINAL OPTICON VOKAL,1730.43,1038.26
13566,V650915-00,[V650915-00] CROSSOVER W/TERMINAL RUBICON VOKAL,1730.43,1038.26
13561,V600020-00,[V600020-00] CROSSOVER W/TERMINAL ZENSOR 7,1121.74,673.04
13464,C11125K,[C11125K] CXA61 Integrated Stereo Amplifier Luna Grey,24346.96,14608.17
13465,C11129K,[C11129K] CXA81 Integrated Stereo Amplifier Luna Grey,33042.61,19825.57
13466,C11133K,[C11133K] CXC v2  Dedicated CD Transport Luna Grey,16520.87,9912.52
13467,C11137K,[C11137K] CXN v2 ATF2™ Upsampling Network Player Luna Grey,31303.48,18782.09
14488,COCALIB,[COCALIB] Calibration Kit (DIRAC),43478.26,0
13471,C11225,[C11225] Cambridge Audio Evo 150 Black,73912.17,44347.3
13443,C10464K,[C10464K] Cambridge aptX® Bluetooth Dongle (each),3042.61,1825.57
13577,ECS2512,[ECS2512] Cloud Managed Switch with 8 x 2.5G + 4 x SFP+. internal power supply. 13inch 1U rack-mountable.,13184.35,9229.05
13578,ECS2512FP,[ECS2512FP] Cloud Managed Switch with 8 x 2.5G PoE + 4 x SFP+. IEEE802.3bt/at/af. 240w PoE power budget.,18804.35,13163.05
13584,ECW220,[ECW220] Cloud Management AP 11ax/ac wave2/a/b/g/n Dual Band Concurrent Ceiling Mount AP 1 x 10/100/1000 M,7132.17,4992.53
13574,ECS1552,[ECS1552] Cloud Management Switch with 48 GE + 4 10GE SFP+. internal power supply. 19inch 1U rack-mountable,19885.22,13919.66
14416,CDNGLWW1BLK,[CDNGLWW1BLK] Combo Adapter WW (Black),1042.61,834.09
14415,CDNGLWW1,[CDNGLWW1] Combo Adapter WW (White),1042.61,834.09
13266,CNLGKXX,[CNLGKXX] Controller Nova Hub Logic Gateway  Ethernet KNX,11250.43,6750.26
13265,CNLG4XX,[CNLG4XX] Controller Nova Hub Logic Gateway  Ethernet RS485 for Control 4,7486.96,4492.17
16595,CS-18C,[CS-18C] Custom CS-18C Skyhook Cinch White In-Ceiling Speaker 8 Inch,2433.91,1460.35
13837,D500LCRBL,[D500LCRBL] D 500 LCR High Gloss Black,7825.22,5477.65
13839,D500SURBL,[D500SURBL] D 500 Surround High Gloss Black,13912.17,9738.52
13841,D600SURL,[D600SURL] D 600 Surround LEFT,8252.17,4951.3
13842,D600SURR,[D600SURR] D 600 Surround RIGHT,8252.17,4951.3
13838,D500LCRWH,[D500LCRWH] D500 LCR High Gloss White,7825.22,5477.65
13840,D500SURWH,[D500SURWH] D500 SUR White,13912.17,9738.52
13469,C11217,[C11217] DAC MAGIC 200M Luna Grey UK/EU/CU,17390.43,10434.26
13480,383610,[383610] DALI CONNECT STAND E-600 BLACK Pair,4346.96,2608.17
13481,383611,[383611] DALI CONNECT STAND E-600 WHITE,4346.96,2608.17
13508,OBERON 1 WAL,[OBERON 1 WAL] DALI OBERON 1 DARK WALNUT,7817.39,5738.61
13519,OBERON 9 B,[OBERON 9 B] DALI OBERON 9 BLACK ASH,36520.87,21912.52
13520,OBERON 9 WAL,[OBERON 9 WAL] DALI OBERON 9 DARK WALNUT,36520.87,21912.52
13529,OPTICON 6 MK2 TO,[OPTICON 6 MK2 TO] DALI OPTICON 6 MK2 TOBACCO OAK,34781.74,20869.04
13532,OPTICON LCR MK2 B,[OPTICON LCR MK2 B] DALI OPTICON LCR MK2 BLACK,14781.74,8869.04
13533,OPTICON LCR MK2 WH,[OPTICON LCR MK2 WH] DALI OPTICON LCR MK2 WHITE,14781.74,8869.04
13556,SUB E-9 F BS,[SUB E-9 F BS] DALI SUB E-9 F BLACK SATIN 220-240 V,9991.3,5994.78
15033,CON-10GEN-00,[CON-10GEN-00] DB-9 MINI GENDER CHANGER (10-PACK),2060,1236
15038,CON-1GEN-00,[CON-1GEN-00] DB-9 MINI GENDER CHANGER SINGLE,205.22,123.14
16307,DIN1,[DIN1] DIN rail mount 12V-5A PSU,1478.557142857143,1034.99
15049,DMX-DRIVER1-00,[DMX-DRIVER1-00] DMX DRIVER WITH INTEGRATED POWER SUPPLY,4308.7,3446.96
13483,952020-0-0,[952020-0-0] DOGLEG PHANTOM SERIE ORANGE,1730.43,1038.26
14963,9155036,[9155036] DOOR STATION DISPLAY,0,0
14985,9155031B,[9155031B] DOOR STATION KEYPAD MODULE BLACK,9156.52,6409.57
14961,9155031,[9155031] DOOR STATION KEYPAD MODULE SILVER,0,0
13206,DRAGONTAILAND,[DRAGONTAILAND] DRAGON TAIL ANDROID,695.65,486.96
13205,DRAGONTAIL,[DRAGONTAIL] DRAGON TAIL USB EXTENDER,695.65,486.96
13202,DRAGONFLYBLKG,[DRAGONFLYBLKG] DRAGONFLY DAC BLACK 1.5 Global,3304.35,2313.04
13204,DRAGONFLYREDG,[DRAGONFLYREDG] DRAGONFLY DAC RED GLOBAL,6260.87,4382.61
15264,SHA-B6BA-00,[SHA-B6BA-00] DUAL MOTOR MOUNT (BLACK ALUMINUM),10772.17,8617.74
15265,SHA-B6SA-00,[SHA-B6SA-00] DUAL MOTOR MOUNT (SILVER ALUMINUM),10772.17,8617.74
13444,C10501,[C10501] DacMagic 100  Black Digital to Analogue Converter,5216.52,3129.91
13616,DAC,[DAC] Digital to Analogue Converter,1295.65,777.39
13472,C11228K,[C11228K] Direct Drive Turntable with Bluetooth Aptx HD,52173.04,15651.91
13203,DRAGONFLYCOBG,[DRAGONFLYCOBG] DragonFly Cobalt  Global,8695.65,6086.96
13454,C10935,[C10935] Duo MC Phono Amplifier,11303.48,6782.09
13489,E-80 SG,[E-80 SG] E-80 Square Grill,1129.57,677.73
15382,WP3-BK0002-00,[WP3-BK0002-00] ECHO AUXILIARY CONTROL BLACK,984.35,689.05
15383,WP3-LA0002-00,[WP3-LA0002-00] ECHO AUXILIARY CONTROL LIGHT ALMOND,984.35,689.05
15384,WP3-SW0002-00,[WP3-SW0002-00] ECHO AUXILIARY CONTROL SNOW WHITE,984.35,689.05
15385,WPB-BKENGV-00,[WPB-BKENGV-00] ECHO CONFIGURABLE KEYPAD ENGRAVING (BLACK),685.22,479.66
15388,WPB-LAENGV-00,[WPB-LAENGV-00] ECHO CONFIGURABLE KEYPAD ENGRAVING (LIGHT ALMOND),685.22,479.66
15391,WPB-SWENGV-00,[WPB-SWENGV-00] ECHO CONFIGURABLE KEYPAD ENGRAVING (SNOW WHITE),685.22,479.66
15395,WPK-LAENGV-00,[WPK-LAENGV-00] ECHO DIAL KEYPAD ENGRAVING (LIGHT ALMOND),685.22,479.66
15397,WPK-SWENGV-00,[WPK-SWENGV-00] ECHO DIAL KEYPAD ENGRAVING (SNOW WHITE),685.22,479.66
15387,WPB-BKLV06-00,[WPB-BKLV06-00] ECHO LOW VOLTAGE CONFIGURABLE KEYPAD (BLACK),6155.65,4308.96
15390,WPB-LALV06-00,[WPB-LALV06-00] ECHO LOW VOLTAGE CONFIGURABLE KEYPAD (LIGHT ALMOND),6155.65,4308.96
15393,WPB-SWLV06-00,[WPB-SWLV06-00] ECHO LOW VOLTAGE CONFIGURABLE KEYPAD (SNOW WHITE),6155.65,4308.96
15394,WPK-BKLV05-00,[WPK-BKLV05-00] ECHO LOW VOLTAGE DIAL KEYPAD (BLACK),6155.65,4308.96
15396,WPK-LALV05-00,[WPK-LALV05-00] ECHO LOW VOLTAGE DIAL KEYPAD (LIGHT ALMOND),6155.65,4308.96
15398,WPK-SWLV05-00,[WPK-SWLV05-00] ECHO LOW VOLTAGE DIAL KEYPAD (SNOW WHITE),6155.65,4308.96
15386,WPB-BKLV02-00,[WPB-BKLV02-00] ECHO LOW VOLTAGE PADDLE KEYPAD (BLACK),4308.7,3016.09
15389,WPB-LALV02-00,[WPB-LALV02-00] ECHO LOW VOLTAGE PADDLE KEYPAD (LIGHT ALMOND),4308.7,3016.09
15392,WPB-SWLV02-00,[WPB-SWLV02-00] ECHO LOW VOLTAGE PADDLE KEYPAD (SNOW WHITE),4308.7,3016.09
15399,WPX-BKLV06-00,[WPX-BKLV06-00] ECHO WIRELESS CONFIGURABLE KEYPAD WITH DMX CONTROL (BLACK),13430.43,9401.31
15400,WPX-LALV06-00,[WPX-LALV06-00] ECHO WIRELESS CONFIGURABLE KEYPAD WITH DMX CONTROL (LIGHT ALMOND),13430.43,9401.31
15401,WPX-SWLV06-00,[WPX-SWLV06-00] ECHO WIRELESS CONFIGURABLE KEYPAD WITH DMX CONTROL (SNOW WHITE),13430.43,9401.31
14496,EFC6215,[EFC6215] EFC 6215 CEILING MOUNT KIT,3078.26,2154.78
14497,EFF8230,[EFF8230] EFF 8230 TV Floor Stand,5216.52,2400
14498,EFF8330,[EFF8330] EFF 8330 TV Floor Stand,5216.52,2817.39
14499,EFW8105,[EFW8105] EFW 8105 Fixed TV Wall Mount,391.3,0
14500,EFW8206,[EFW8206] EFW 8206 Fixed TV Wall Mount,1182.61,709.57
14501,EFW8305,[EFW8305] EFW 8305 Fixed TV Wall Mount,1643.48,986.09
13605,EWS850AP,[EWS850AP] ENGENIUS 11 a/b/g/n/ac/ax Dual Band Concurrent Outdoor Managed AP 2Tx+2Rx: 574+1200Mbps 1 x 10/100/,11239.13,7867.4
13593,EWS330AP,[EWS330AP] ENGENIUS 11ac Wave 2  5Ghz aand 24Ghs. EWS330AP is a compact Indoor AP that is also incredibly powe,3025.22,2117.66
13595,EWS355AP,[EWS355AP] ENGENIUS 11ac Wave 2  5Ghz aand 24Ghs. EWS355AP is a compact Indoor AP that is also incredibly powe,4427.83,3099.48
13599,EWS511AP,[EWS511AP] ENGENIUS 11ac/b/g/n Dual Band Concurrent Indoor Managed AP 2Tx+2Rx: 300+433Mbps 1 x 10/100/1000/250,2593.04,1815.14
13606,EWS860AP,[EWS860AP] ENGENIUS 2.4GHz/5GHz Dual Band Antenna External 3 x 5 dBi (2.4 GHz) 3 x 7 dBi (5GHz) Speed: 3 x 3 1,27921.74,19545.22
13602,EWS7926EFP,[EWS7926EFP] ENGENIUS 24 Port. 2 xSFP.10G POE + 410w. 50 x Managed AP.,17727.83,12409.48
13604,EWS7952FP,[EWS7952FP] ENGENIUS 48 Port. 4 SFP. 1000Mbps PoE+ 740w. 104Gps Switching. L2 Managed PoE+ Switch features simp,30260,21182
13601,EWS5912FP,[EWS5912FP] ENGENIUS 8 Port. 2 SFP. 1000Mbps PoE+ 130w. 24Gps Switching. L2 Managed PoE+ Switch features simpli,7564.35,5295.05
13592,EWS2910P,[EWS2910P] ENGENIUS 8 Port. 2 SFP. 1000Mbps PoE+ 61.6w. 802.3af. 20Gps Switching. L2 Managed features simplifi,4754.78,3328.35
13598,EWS385AP,[EWS385AP] ENGENIUS Band 2.4 GHz/5GHz TRI BAND Antenna Type: Internal 2 x 4 dBi  (2.4Ghz): Internal 4 x 5 dBi,6513.91,4559.74
13596,EWS357AP,[EWS357AP] ENGENIUS Band 2.4GHz/5GHz Dual Band Antenna 2 x3 dBi Speed 2 x 2 11ax,5403.48,3782.44
13588,ECW260,[ECW260] ENGENIUS Cloud Managed AP 11 a/b/g/n/ac/ax Dual Band Concurrent Outdoor AP 2Tx+2Rx: 574+1200Mbps 1,12535.65,8774.96
13579,ECS5512,[ECS5512] ENGENIUS Cloud Managed Switch with 8 x 10G + 4 x SFP+ internal power supply 13inch 1U rack-mountabl,25937.39,18156.18
13580,ECS5512FP,[ECS5512FP] ENGENIUS Cloud Managed Switch with 8 x 10G PoE + 4 x SFP+ IEEE802.3bt/at/af 240w PoE power budget i,32853.91,22997.74
13581,ECW115,[ECW115] ENGENIUS Cloud Managed Wall-Plate AP 11ac wave2 a/b/g/n 2Tx+2Rx: 400+867Mbps 2 x 10/100/1000Mbps LA,3414.78,2390.35
13586,ECW230,[ECW230] ENGENIUS Cloud Management AP 11 ax/ac/b/g/n Dual Band Concurrent Ceiling Mount AP 4Tx+4Rx: 1148+240,10158.26,7110.79
13582,ECW120,[ECW120] ENGENIUS Cloud Management AP 11ac wave2/a/b/g/n Dual Band Concurrent Ceiling Mount AP 1 x 10/100/10,3890.43,2723.31
13583,ECW160,[ECW160] ENGENIUS Cloud Management AP 11ac wave2/a/b/g/n Dual Band Concurrent Outdoor AP 1 x 10/100/1000 Mbp,6916.52,4841.57
13570,ECS1112FP,[ECS1112FP] ENGENIUS Cloud Management Switch with 8 GE PoE + 2 GE + 2 GE SFP IEEE802.3at/af 130w PoE power budg,7564.35,5295.05
13590,EWS1025CAM,[EWS1025CAM] ENGENIUS Combines ultra-fast mesh Wi-Fi and clear surveillance in a simple space saving design. Eli,8446.09,5912.27
13572,ECS1528FP,[ECS1528FP] ENGENIUS Coud Management Switch with 24 GE + 4 10GE SFP+ IEEE802.3at/af 410w PoE power budget inter,20317.39,14222.18
13571,ECS1528,[ECS1528] ENGENIUS Coud Management Switch with 24 GE + 4 10GE SFP+ internal power supply 19inch 1U rack-mount,13184.35,9229.05
13575,ECS1552FP,[ECS1552FP] ENGENIUS Coud Management Switch with 48 GE + 4 10GE SFP+ IEEE802.3at/af 740w PoE power budget inter,32421.74,22695.22
13609,Sky Key 1,[Sky Key 1] ENGENIUS Management Platform with 1G LAN (PoE 802.3af/at) + 1G LAN DC 12V Input,3335.65,2334.96
13603,EWS7928P,[EWS7928P] ENGENIUS Ports: 24 Gigabit SFP Slots: 4 x 100/1000Mbps PoE Budget: 185w  Managed APs: 50,13833.04,9683.14
13607,SFP-GLC-LH-SM,[SFP-GLC-LH-SM] ENGENIUS SFP Module - gigabit - Single Mode Fiber 10k Multimode Fiber 550m,731.3,511.92
13600,EWS550AP,[EWS550AP] ENGENIUS Wall Mounted Advanced 11ac Wave 2 In room wofo operating on both 5 Ghz and 24 Ghz with 3 o,3890.43,2723.31
13569,ECS1008P,[ECS1008P] ENGENIUS Wireless Management Switch with 8 GE PoE IEEE802.3af PoE Budget 55w External Power Adapter,5403.48,3782.44
14502,EPC6545,[EPC6545] EPC 6545 Projector Ceiling Mount,3477.39,1363.48
13490,EPICON 2 RM,[EPICON 2 RM] EPICON 2 RUBY MACAS BOOKSHELF SPEAKER,83469.57,50081.74
13491,EPICON 2 WAL,[EPICON 2 WAL] EPICON 2 WALNUT BOOKSHELF SPEAKER,83469.57,50081.74
13492,EPICON 6 RM,[EPICON 6 RM] EPICON 6 RUBY MACAS FLOOR STANDING SPEAKER,156513.04,93907.83
13493,EPICON 6 W,[EPICON 6 W] EPICON 6 WHITE FLOOR STANDING SPEAKER,156513.04,93907.83
13495,EPICON 8 RM,[EPICON 8 RM] EPICON 8 RUBY MACAS FLOOR STANDING SPEAKER,260860.87,156516.52
13497,EPICON 8 WAL,[EPICON 8 WAL] EPICON 8 WALNUT FLOOR STANDING SPEAKER,260860.87,156516.52
13496,EPICON 8 W,[EPICON 8 W] EPICON 8 WHITE FLOOR STANDING SPEAKER,260860.87,156516.52
13498,EPICON STAND,[EPICON STAND] EPICON STAND SPEAKER STAND,16513.04,9907.83
13499,EPICON VOK RM,[EPICON VOK RM] EPICON VOKAL RUBY MACAS CENTER SPEAKER,74781.74,44864.35
13501,EPICON VOK WAL,[EPICON VOK WAL] EPICON VOKAL WALNUT CENTER SPEAKER,74773.91,44864.35
13500,EPICON VOK W,[EPICON VOK W] EPICON VOKAL WHITE CENTER SPEAKER,74773.91,37649.66
14503,EPW6565,[EPW6565] EPW 6565 Projector Wall Mount,4346.96,2002.61
13473,C5181,[C5181] ES20 Incognito 5.25' Outdoor Speaker White,7825.22,4695.13
13474,C6181,[C6181] ES30 Incognito 6' Outdoor Speaker White,10433.91,6260.35
15070,ESN-AVB12E-01,[ESN-AVB12E-01] EXTREME NETWORKS 12 PORT AVB SWITCH,53416.52,42733.22
15072,ESN-AVB24E-01,[ESN-AVB24E-01] EXTREME NETWORKS 24 PORT AVB SWITCH,71222.61,56978.09
15073,ESN-AVB24POE-01,[ESN-AVB24POE-01] EXTREME NETWORKS 24 PORT AVB SWITCH WITH POE,97930.43,78344.35
16472,EZI-PSU-12V-5A,[EZI-PSU-12V-5A] EZI-PSU-12V-5A meanwell,1724.98,1034.99
13450,C10925,[C10925] Edge A Integrated Amplifier Dark Grey,147825.22,88695.13
13468,C11214,[C11214] Edge M Power Amplifier Luna Grey,104346.96,62608.17
13452,C10927,[C10927] Edge NQ Network Player Dark Grey,130433.91,78260.35
13451,C10926,[C10926] Edge W Power Amplifier Dark Grey,104346.96,62608.17
13594,EWS330AP-KIT,[EWS330AP-KIT] EnGenius 2x2 AV Wave 2 kit with 3 AP,7997.39,5598.18
13597,EWS377AP,[EWS377AP] EnGenius Band 2.4GHz/5GHz Dual Band Antenna 4 x3 dBi Speed 4 X 4 11ax,7780.87,5446.61
13608,SFP-GLC-SX-MM,[SFP-GLC-SX-MM] EnGenius SFP Module - gigabit - Single Mode Fiber,731.3,511.92
13591,EWS1200-28TFP,[EWS1200-28TFP] Engenius 24 Port Gigabit POE Managed switch,15778.26,11044.79
14423,E10MTWW1BLK,[E10MTWW1BLK] Era 100 Mount WW (Black),1477.39,1181.91
14422,E10MTWW1,[E10MTWW1] Era 100 Mount WW (White),1477.39,0
14419,E10FSWW1BLK,[E10FSWW1BLK] Era 100 Stand WW (Black),3042.61,2434.09
14418,E10FSWW1,[E10FSWW1] Era 100 Stand WW (White),3042.61,2434.09
14429,E30MTWW1BLK,[E30MTWW1BLK] Era 300 Mount WW (Black),1738.26,1390.61
14428,E30MTWW1,[E30MTWW1] Era 300 Mount WW (White),1738.26,1390.61
14425,E30FSWW1BLK,[E30FSWW1BLK] Era 300 Stand WW (Black),3303.48,2642.78
14424,E30FSWW1,[E30FSWW1] Era 300 Stand WW (White),3303.48,2642.78
13470,C11222,[C11222] Evo 75 75 Watt All-In-One Player Black,60868.7,36521.22
14504,FAU3125,[FAU3125] FAU 3125 AUTOLOCK DISPLAY INTERFACE VESA MIS D-E + 20X20CM,1513.04,907.83
14505,FAU3150,[FAU3150] FAU 3150 AUTOLOCK DISPLAY INTERFACE VESA MIS-F,2904.35,1742.61
14506,FAU-D,[FAU-D] FAU-D INTERFACE VESA MIS-D FOR PFC 915-918 PFA 9030,495.65,297.39
14507,FAU-E,[FAU-E] FAU-E Interface,513.04,307.83
13503,FAZON LCR ST,[FAZON LCR ST] FAZON LCR STAND DESKTOP SPEAKER STAND,3643.48,2186.09
13505,FAZON M/W,[FAZON M/W] FAZON MIKRO WHITE PR SATELLITE SPEAKER,6773.91,4064.35
13504,FAZON LCR W,[FAZON LCR W] FAZON WHITE LEFT CENTER RIGHT,8686.96,5212.17
15122,FTK-F2000-01,[FTK-F2000-01] FIBER TERMINATION KIT,34197.39,20518.44
15043,CON-FSFP10-00,[CON-FSFP10-00] FIBER TRANSCEIVER MODULE (10 PACK),22188.7,13313.22
15042,CON-FSFP1-00,[CON-FSFP1-00] FIBER TRANSCEIVER MODULE (SINGLE),2376.52,1425.92
14911,TVM 3205,[TVM 3205] FIXED MOUNT SMALL,868.7,416.87
15254,SHA-B4MANUALBA-00,[SHA-B4MANUALBA-00] FLOATING/OUTSIDE MOUNT(MANUAL): DRIVE SIDE (BLACK ALUMINUM),10700.87,8560.7
15255,SHA-B4MANUALSA-00,[SHA-B4MANUALSA-00] FLOATING/OUTSIDE MOUNT(MANUAL): DRIVE SIDE (SILVER ALUMINUM),10700.87,8560.7
15252,SHA-B4BA-00,[SHA-B4BA-00] FLOATING/OUTSIDE MOUNT: DRIVE SIDE (BLACK ALUMINUM),5073.91,4059.14
15253,SHA-B4BK-00,[SHA-B4BK-00] FLOATING/OUTSIDE MOUNT: DRIVE SIDE (BLACK),3382.61,2706.09
15256,SHA-B4SA-00,[SHA-B4SA-00] FLOATING/OUTSIDE MOUNT: DRIVE SIDE (SILVER ALUMINUM),4406.09,3524.87
15257,SHA-B4WH-00,[SHA-B4WH-00] FLOATING/OUTSIDE MOUNT: DRIVE SIDE (WHITE),2937.39,2349.92
15248,SHA-B3BA-00,[SHA-B3BA-00] FLOATING/OUTSIDE MOUNT: IDLER SIDE (BLACK ALUMINUM),5073.91,4059.14
15249,SHA-B3BK-00,[SHA-B3BK-00] FLOATING/OUTSIDE MOUNT: IDLER SIDE (BLACK),3382.61,2706.09
15250,SHA-B3SA-00,[SHA-B3SA-00] FLOATING/OUTSIDE MOUNT: IDLER SIDE (SILVER ALUMINUM),5073.91,4059.14
15251,SHA-B3WH-00,[SHA-B3WH-00] FLOATING/OUTSIDE MOUNT: IDLER SIDE (WHITE),2937.39,2349.92
13494,EPICON 6 WAL,[EPICON 6 WAL] FLOOR STANDING SPEAKER,156513.04,93907.83
13502,EPICON WAL,[EPICON WAL] FLOOR STANDING SPEAKER,74773.91,0
14958,9155015,[9155015] FLUSH MOUNT BACKBOX FOR KEYPAD DOOR STATION,0,0
14959,9155017,[9155017] FLUSH MOUNT BOX FOR SINGLE HEIGHT DOOR STATION,0,0
15055,DOR-FM0B-00,[DOR-FM0B-00] FLUSH MOUNT DOOR STATION BLACK,36628.7,25640.09
15056,DOR-FM0S-00,[DOR-FM0S-00] FLUSH MOUNT DOOR STATION SILVER,36628.7,25640.09
15057,DOR-FMB-00,[DOR-FMB-00] FLUSH MOUNT SINGLE HEIGHT DOOR STATION BLACK,35611.3,24927.92
15058,DOR-FMS-00,[DOR-FMS-00] FLUSH MOUNT SINGLE HEIGHT DOOR STATION SILVER,35611.3,24927.92
13567,V760149-00,[V760149-00] FRONT GRILLE SUB E-9 F BLACK,773.91,464.35
14917,TVM 3425,[TVM 3425] FULL MOTION MOUNT MEDIUM,3651.3,1773.39
14913,TVM 3225,[TVM 3225] FULL MOTION MOUNT SMALL,2520.87,1251.65
14918,TVM 3445,[TVM 3445] FULL MOTION+ MOUNT MED.,4694.78,2295.13
14914,TVM 3245,[TVM 3245] FULL MOTION+ MOUNT SMALL,3042.61,1512.52
14921,TVM 3625,[TVM 3625] FULL-MOTION MOUNT LARGE,4781.74,2451.65
13617,FIBREMAX100M,[FIBREMAX100M] Fibre Optic MAX HDMI 100m,16086.96,9652.17
13618,FIBREMAX50M,[FIBREMAX50M] Fibre Optic MAX HDMI 50m,12000,7200
13619,FIBREMAX75M,[FIBREMAX75M] Fibre Optic MAX HDMI 75m,13913.04,8347.83
14714,PFW910,[PFW910] Fixed Wall Bracket for FAU3125/3150,608.7,426.09
15283,SHA-MGEIG200-00,[SHA-MGEIG200-00] GEIGER WIRED MOTOR WITH WIRED CONTROLS,14410.43,8646.27
13610,TPE115GI,[TPE115GI] GIGABIT POE+ INJECTOR,5278.26,650.07
13790,SKIN-ORBIT-GREY,[SKIN-ORBIT-GREY] GREY SILICON SKIN FOR THE ORBIT CAMERA,741.74,593.4
15197,RCC640-MK2-PCG-00,[RCC640-MK2-PCG-00] GRILLE FOR DUAL 320 SUBS (PRE CONSTRUCTION),5143.48,3086.09
16342,LAB-HAUT,[LAB-HAUT] HD Anyware IR Remittance,248.45714285714288,173.92000000000002
13623,HDASRX,[HDASRX] HDA SRX Scaling Receiver,6521.74,3913.04
13685,XTNDA300,[XTNDA300] HDANYWHERE  XTND 300m Audio Extender,5216.52,0
13622,FIBRE-OPTICMAX8K20M,[FIBRE-OPTICMAX8K20M] HDANYWHERE 20m 8K Ultra High Speed Fibre-Optic Max (48G),6520.87,3912.52
15123,HCX-4KHDR100-00,[HCX-4KHDR100-00] HDBASET EXTENDERS WITH 4K HDR UP TO 100M,26589.57,15953.74
15124,HCX-4KHDR40-00,[HCX-4KHDR40-00] HDBASET EXTENDERS WITH 4K HDR UP TO 40M,15736.52,9441.92
13624,HDCP2.2CON,[HDCP2.2CON] HDCP Converter 2.2>1.4,1304.35,782.61
14457,OPADPWW1BLK,[OPADPWW1BLK] HDMI ARC to Optical Adaptor,1477.39,0
13657,SIGNALMANAGER,[SIGNALMANAGER] HDMI Signal and Audio Manager,6955.65,4173.39
13625,HDCPDONGLE,[HDCPDONGLE] HDanywhere HDCP Dongle,1304.35,782.61
15059,DOR-HDFLBRICK-00,[DOR-HDFLBRICK-00] HEAVY DUTY GATE STATION FLUSH MOUNT KIT FOR BRICK INSTALLATION,4312.17,3018.53
15060,DOR-HDFLPLAST-00,[DOR-HDFLPLAST-00] HEAVY DUTY GATE STATION FLUSH MOUNT KIT FOR PLASTER INSTALLATION,3487.83,2441.48
15061,DOR-HDSMKB-00,[DOR-HDSMKB-00] HEAVY DUTY SURFACE MOUNT GATE STATION WITH KEYPAD - BLACK,44767.83,31337.48
15016,CBL-HDMI2M1-00,[CBL-HDMI2M1-00] HIGH SPEED CATEGORY HDMI 2.0 CABLE (1 METER),229.57,137.74
15017,CBL-HDMI2M2-00,[CBL-HDMI2M2-00] HIGH SPEED CATEGORY HDMI 2.0 CABLE (2 METER),306.09,183.66
15018,CBL-HDMI2M3-00,[CBL-HDMI2M3-00] HIGH SPEED CATEGORY HDMI 2.0 CABLE (3 METER),382.61,229.57
15014,CBL-HDMI2IN12F-00,[CBL-HDMI2IN12F-00] HIGH SPEED HDMI 2.0 FLAT CABLE (12 INCHES),957.39,574.44
15015,CBL-HDMI2IN6F-00,[CBL-HDMI2IN6F-00] HIGH SPEED HDMI 2.0 FLAT CABLE (6 INCHES),765.22,459.14
13999,A23+S,[A23+S] Halo A23+ Power Amplifier Silver,51295.65,30777.39
13843,IC206FG,[IC206FG] IC 206 Flat Grill,4078.26,2446.96
13845,IC208FG,[IC208FG] IC 208 Flat Grill,4339.13,2603.48
13846,IC404SLM,[IC404SLM] IC 404 Slim In-ceiling speaker,7208.7,4325.22
13848,IC604SLM,[IC604SLM] IC 604 Slim In-ceiling speaker,8686.96,5212.17
13844,IC206LCRFG,[IC206LCRFG] IC206LCR Flat Grill,3469.57,2081.74
13847,IC408LCRFGII,[IC408LCRFGII] IC408LCR Flat Grill v2,5208.7,3125.22
13849,IC606FGII,[IC606FGII] IC606 v2 (Flat Grill),7556.52,4533.91
13850,IC608LCRFGII,[IC608LCRFGII] IC608LCR Flat Grill v2,6339.13,3803.48
13852,IC610LCRFGII,[IC610LCRFGII] IC610LCRFGII In-ceiling LCR,11295.65,6777.39
13924,IC95CAN,[IC95CAN] IC95 Back can Pair,4520.87,2835.82
13923,IC95,[IC95] IC95 Pair Miller&Kreisel,13042.61,8181.27
13689,HD10TBSATA,[HD10TBSATA] ICREALTIME 10TB Surveillance Grade Recorder Hard Drive,22804.35,13682.61
13769,NVR-EL128-4U12MP1,[NVR-EL128-4U12MP1] ICREALTIME 128 CH. EMBEDDED 4K NVR NO HDD ENHANCED H.265 SUPPORTS UP TO 12MP (No HDD Included).  (M,323665.22,194199.14
13699,ICIP-D8123-IR,[ICIP-D8123-IR] ICREALTIME 12MP 4K IP Indoor/Outdoor Full Size Vandal Dome. Varifocal 4.1-16.4 Motorized Lens (105°,27560.87,16536.53
13716,IPEL-B12V-IRW2,[IPEL-B12V-IRW2] ICREALTIME 12MP IP INDOOR/OUTDOOR FULL SIZE BULLET. VARIFOCAL 2.7 - 12MM MOTORIZED LENS (103Â° - 44,43934.78,26360.87
13728,IPEL-F12F-IRW1,[IPEL-F12F-IRW1] ICREALTIME 12MP IP Indoor/Outdoor 360Â° Spherical Dome. 1.5mm Fisheye Lens (360Â°). 30 ft IR. Built,33072.17,19843.31
13767,NVR-7516K,[NVR-7516K] ICREALTIME 16 CH. EMBEDDED 4K 2U NVR ENHANCED H.264 16 POE PORTS SUPPORTS UPTO 8MP (No HDD Included,58020.87,34812.53
13764,NVR-6016K,[NVR-6016K] ICREALTIME 16 Channel 2U 4K NVR - Supports 12MP Resolution - 320Mbps throughput - H.264 - HDM,65608.7,39365.22
13782,NVR-MX16POE-1U4K1,[NVR-MX16POE-1U4K1] ICREALTIME 16CH IP 1U SHELFMOUNT NVR - 2HDD - IP RESOLUTION UP TO 8MP/30FPS (128MBPS) - 16 PORT EMB,34757.39,20854.44
13690,HD1TBSATA,[HD1TBSATA] ICREALTIME 1TB Surveillance Grade Recorder Hard Drive,3422.61,2053.57
13731,IPEL-M40F-IRW1,[IPEL-M40F-IRW1] ICREALTIME 2 x 2MP Dual Lens IP Wedge Dome. I-Sniper. 2 x 2.8 Fixed Lenses (110°). 66 Feet of IR. B,15669.57,9401.74
13792,THIP-B2078FL-IR,[THIP-B2078FL-IR] ICREALTIME 256 X 192 THERMAL IP INDOOR/OUTDOOR FULL SIZE HYBRID BULLET. 7MM / 8MM FIXED LENS (24Â°,44293.91,26576.35
13793,THIP-P2078FM-IR,[THIP-P2078FM-IR] ICREALTIME 256 X 192 THERMAL IP INDOOR/OUTDOOR HYBRID PTZ. 7MM / 8MM FIXED LENS (24Â° / 40Â° ). FIR,65448.7,39269.22
13736,IPEL-P2030X-IRS1,[IPEL-P2030X-IRS1] ICREALTIME 2MP IP Full Size Anti-Corrosion PTZ. 30X Optical Zoom. I-SnIPer. POE +. Basic Intelligen,144332.17,86599.31
13696,ICIP-2501HD-IR,[ICIP-2501HD-IR] ICREALTIME 2MP IP Full Size PTZ. 25X Optical Zoom. 450 Feet Smart IR. AI (Advanced Intelligence) On,50829.57,30497.74
13748,IPFX-P2030X-IRW1,[IPFX-P2030X-IRW1] ICREALTIME 2MP IP Full Size PTZ. 30X Optical Zoom. 656 Feet Smart IR. AI (Advanced Intelligence) On,67322.61,40393.57
13737,IPEL-P2045X-IRW1,[IPEL-P2045X-IRW1] ICREALTIME 2MP IP Full Size PTZ. 40X Optical Zoom. I-SnIPer. 1500 Feet Smart Laser. Hi-POE Capable.,164115.65,98469.4
13717,IPEL-B2012X-IRW2,[IPEL-B2012X-IRW2] ICREALTIME 2MP IP INDOOR/OUTDOOR FULL SIZE BULLET. VARIFOCAL 5.3 - 64MM MOTORIZED LENS (59° - 34°).,26946.96,16168.18
13706,IPEG-B20V-IRW2,[IPEG-B20V-IRW2] ICREALTIME 2MP IP INDOOR/OUTDOOR MID SIZE BULLET. VARIFOCAL 2.8-12MM MOTORIZED LENS (106Â° - 33Â°).,5813.91,3488.35
13704,IPEG-B20F-IRW1,[IPEG-B20F-IRW1] ICREALTIME 2MP IP INDOOR/OUTDOOR SMALL SIZE BULLET. FIXED 2.8MM LENS (93Â°). 98 FEET IR. POE CAPABL,2779.13,1667.48
13709,IPEG-D20F-IRW1,[IPEG-D20F-IRW1] ICREALTIME 2MP IP INDOOR/OUTDOOR SMALL SIZE VANDAL DOME. FIXED 2.8MM LENS (110Â°). 98 FEET IR. POE,3260,1956
13713,IPEG-E20F-IRW1,[IPEG-E20F-IRW1] ICREALTIME 2MP IP INDOOR/OUTDOOR SMALL SIZE VANDAL EYEBALL DOME. FIXED 2.8MM LENS (110Â°). 98 FEET,2779.13,1667.48
13750,IPFX-S20F-W1,[IPFX-S20F-W1] ICREALTIME 2MP IP Indoor Mini Pinhole. 2.8mm Lens. POE Capable. AI On-Board Analytics.,13401.74,8041.05
13697,ICIP-D2022-28-C,[ICIP-D2022-28-C] ICREALTIME 2MP IP Indoor Recessed Mount Starlight Dome. Fixed 2.8mm Lens (110°). Built-In MIC POE C,11174.78,6704.87
13722,IPEL-D20V-IRS1,[IPEL-D20V-IRS1] ICREALTIME 2MP IP Indoor/Outdoor Full Size Anti-Corrosion Vandal Dome. I-SnIPer. Varifocal 4.1-16.4,37938.26,22762.96
13698,ICIP-D2048SL,[ICIP-D2048SL] ICREALTIME 2MP IP Indoor/Outdoor Full Size Vandal Dome. I-SnIPer. Varifocal 4-8mm Motorized Lens (1,11540.87,6924.53
13740,IPFX-B20V-IRW1,[IPFX-B20V-IRW1] ICREALTIME 2MP IP Indoor/Outdoor Mid Size Bullet. Varifocal 2.8-12mm Motorized Lens (98° - 30°). 90,8947.83,5368.7
13743,IPFX-D20V-IRW1,[IPFX-D20V-IRW1] ICREALTIME 2MP IP Indoor/Outdoor Mid Size Vandal Dome. Varifocal 2.8-12mm Motorized Lens (98° - 30°,7873.91,4724.35
13700,ICIP-MC2028,[ICIP-MC2028] ICREALTIME 2MP IP Indoor/Outdoor Mobile Vandal Dome. Fixed 2.8mm Lens (86°). 90 Feet IR. POE Capabl,13649.57,8189.74
13751,IPMX-B20F-IRB2,[IPMX-B20F-IRB2] ICREALTIME 2MP IP Indoor/Outdoor Small Size Bullet. Fixed 2.8mm Lens (106Â°). 164 Feet IR. POE Capa,7795.65,4677.4
13746,IPFX-E20V-IRW1,[IPFX-E20V-IRW1] ICREALTIME 2MP IP Indoor/Outdoor Small Size Vandal Eyeball Dome. Vaifocal 2.7 - 13.5 mm Lens (108 -,10814.78,6488.87
13702,ICIP-P2012T,[ICIP-P2012T] ICREALTIME 2MP IP Mid Size PTZ. 12X Optical Zoom. POE + Capable. (Flush Mount Included).,31092.17,18655.31
13701,ICIP-P2012S,[ICIP-P2012S] ICREALTIME 2MP IP Mid Size PTZ. 12X Optical Zoom. POE + Capable. (Gooseneck Wall Mount Included).,26762.61,16057.57
13785,Orbit,[Orbit] ICREALTIME 2MP Indoor Pan Tilt WiFi security Camera Built-In Microphone And Speaker 33ft IR distanc,3006.96,2405.57
13687,Flooder,[Flooder] ICREALTIME 2MP WiFi Floodlight Camera. Fixed 2.8mm Lens .2000 lm Brightness 3000K Color temperature,10453.04,8362.44
13686,Dinger,[Dinger] ICREALTIME 2MP WiFi Video Doorbell. Fixed 1.9mm Lens (79Â°). Maximum IR LED Length 5 m (16.50 ft).,6773.04,5418.44
13691,HD2TBSATA,[HD2TBSATA] ICREALTIME 2TB Surveillance Grade Recorder Hard Drive,4659.13,2795.48
13765,NVR-6032K,[NVR-6032K] ICREALTIME 32 CH. EMBEDDED 4K 2U NVR 3TB ENHANCED H.264 SUPPORTS UPTO 12MP (No HDD Included).,89279.13,53567.48
13723,IPEL-D30V-IRW1,[IPEL-D30V-IRW1] ICREALTIME 3MP IP Indoor/Outdoor Full Size Vandal Dome. I-SnIPer. Varifocal 2.8-12mm Motorized Lens,23752.17,14251.31
13692,HD3TBSATA,[HD3TBSATA] ICREALTIME 3TB Surveillance Grade Recorder Hard Drive,7009.57,4205.74
13734,IPEL-M80V-IRW1,[IPEL-M80V-IRW1] ICREALTIME 4 x 2MP Multi Lens IP Dome. I-Sniper. 4 x 2.7 - 12 mm Motorized Lens (105°). 98 Feet of,15620.87,9372.53
13753,IPMX-B40F-IRW1-A1,[IPMX-B40F-IRW1-A1] ICREALTIME 4MP IP AI series Indoor/Outdoor Mid Size Bullet. 2.8mm Fixed Lens (113° AOV). 131 Feet S,12256.52,7353.92
13712,IPEG-D40V-IRW2,[IPEG-D40V-IRW2] ICREALTIME 4MP IP INDOOR/OUTDOOR MID SIZE VANDAL DOME. VARIFOCAL 2.8-12MM MOTORIZED LENS (98° - 31°,9057.39,5434.44
13707,IPEG-B40F-IRW1,[IPEG-B40F-IRW1] ICREALTIME 4MP IP INDOOR/OUTDOOR SMALL SIZE BULLET. FIXED 2.8MM LENS (101Â°). 98 FEET SMART IR. POE,5707.83,3424.7
13715,IPEG-E40F-IRW1,[IPEG-E40F-IRW1] ICREALTIME 4MP IP INDOOR/OUTDOOR SMALL SIZE EYEBALL DOME. FIXED 2.8MM LENS (102Â°). 98 FEET SMART I,5812.17,3487.31
13711,IPEG-D40F-IRW1,[IPEG-D40F-IRW1] ICREALTIME 4MP IP INDOOR/OUTDOOR SMALL SIZE VANDAL DOME. FIXED 2.8MM LENS (104Â°). 98 FEET SMART IR,6307.83,3784.7
13762,IPMX-W40F-IRW2,[IPMX-W40F-IRW2] ICREALTIME 4MP IP INDOOR/OUTDOOR SMALL SIZE VANDAL DOME. FIXED 2.8MM LENS (106Â°). 90 FEET IR. POE,7309.57,4385.74
13759,IPMX-E40F-IRB2,[IPMX-E40F-IRB2] ICREALTIME 4MP IP INDOOR/OUTDOOR SMALL SIZE VANDAL EYEBALL BLACK DOME. FIXED 2.8MM LENS (103Â°). 16,7610.43,4566.27
13719,IPEL-B40V-IRW1-AI,[IPEL-B40V-IRW1-AI] ICREALTIME 4MP IP Indoor/Outdoor Full Size Bullet. Varifocal 2.7-12mm Motorized Lens (100Â° - 33Â°),26901.74,16141.05
13724,IPEL-D40V-IRW1,[IPEL-D40V-IRW1] ICREALTIME 4MP IP Indoor/Outdoor Full Size Vandal Dome. Varifocal 2.7-12mm Motorized Lens (100° - 3,23010.43,13806.27
13725,IPEL-D40V-IRW1-AI,[IPEL-D40V-IRW1-AI] ICREALTIME 4MP IP Indoor/Outdoor Full Size Vandal Dome. Varifocal 2.7-12mm Motorized Lens (114° - 4,24742.61,14845.57
13708,IPEG-B40V-IRW2,[IPEG-B40V-IRW2] ICREALTIME 4MP IP Indoor/Outdoor Mid Size Bullet. Varifocal 2.7-12mm Motorized Lens (100° - 33°). 1,8786.96,5272.18
13741,IPFX-B40V-IRW2,[IPFX-B40V-IRW2] ICREALTIME 4MP IP Indoor/Outdoor Mid Size Bullet. Varifocal 2.7-13.5mm Motorized Lens (100Â° - 33Â°,12216.52,7329.92
13744,IPFX-D40V-IRW2,[IPFX-D40V-IRW2] ICREALTIME 4MP IP Indoor/Outdoor Mid Size Vandal Dome. Varifocal 2.7-13.5mm Motorized Lens (100Â° -,12436.52,7461.92
13754,IPMX-B40F-IRW2,[IPMX-B40F-IRW2] ICREALTIME 4MP IP Indoor/Outdoor Small Size Bullet. Fixed 2.8mm Lens (104Â°). 98 Feet Smart IR. POE,7910.43,4746.27
13761,IPMX-E40F-IRW2,[IPMX-E40F-IRW2] ICREALTIME 4MP IP Indoor/Outdoor Small Size Eyeball Dome. Fixed 2.8mm Lens (103Â°). 164 Feet Smart,7610.43,4566.27
13760,IPMX-E40F-IRW1-AI,[IPMX-E40F-IRW1-AI] ICREALTIME 4MP IP Indoor/Outdoor Small Size Eyeball Dome. Fixed 2.8mm Lens (113°). 131 Feet Smart I,11216.52,6729.92
13756,IPMX-D40F-IRW2,[IPMX-D40F-IRW2] ICREALTIME 4MP IP Indoor/Outdoor Small Size Vandal Dome. Fixed 2.8mm Lens (104Â°). 98 Feet Smart IR,8010.43,4806.27
13747,IPFX-E40V-IRW1,[IPFX-E40V-IRW1] ICREALTIME 4MP IP Indoor/Outdoor Small Size Vandal Eyeball Dome. Varifocal 2.7 - 13.5 mm Lens (104,11133.91,6680.35
13749,IPFX-P4030X-IRW1,[IPFX-P4030X-IRW1] ICREALTIME 4MP IP Mid Size PTZ. 30X Optical Zoom. 240 Feet Smart IR. POE + Capable. AI (Advanced In,62515.65,37509.4
13693,HD4TBSATA,[HD4TBSATA] ICREALTIME 4TB Surveillance Grade Recorder Hard Drive,9278.26,5566.96
13735,IPEL-MB80F-IRW1,[IPEL-MB80F-IRW1] ICREALTIME 4X 2MP (8MP Total) IP 180° Panoramic Full Size Bullet. I-Sniper. 4X 2.8mm Fixed Lens (18,55959.13,33575.48
13733,IPEL-M80F-IRW2,[IPEL-M80F-IRW2] ICREALTIME 4x 2MP (8MP Total) IP 180 Panoramic Dome 4x 2.8mm Fixed Lens (180 AOV) 98 ft Smart IR PO,81156.52,48693.92
13732,IPEL-M80F-IRW1,[IPEL-M80F-IRW1] ICREALTIME 4x 2MP (8MP Total) IP 180° Panoramic Dome. I-SnIPer. 4x 3.0mm Fixed Lens (180°). 98 Feet,46291.3,27774.79
13738,IPEL-P5030X-IRW1,[IPEL-P5030X-IRW1] ICREALTIME 5MP IP Full Size PTZ. 30X Optical Zoom. 300 Feet Smart IR. Hi-POE Capable. AI (Advanced,74216.52,44529.92
13729,IPEL-F50F-W1,[IPEL-F50F-W1] ICREALTIME 5MP Indoor 360° Spherical Dome. 1.18mm Fisheye Lens (360°). Built in Microphone. POE Cap,14156.52,8493.92
13730,IPEL-F50F-W2,[IPEL-F50F-W2] ICREALTIME 5MP Indoor/outdoor 360Â° Spherical Dome. 1.4mm Fisheye Lens (360Â°). Built in Microphone,24919.13,14951.48
13766,NVR-6064K,[NVR-6064K] ICREALTIME 64 CH. EMBEDDED 4K 2U NVR 4TB ENHANCED H.264 SUPPORTS UPTO 12MP (No HDD Included).,111588.7,66953.22
13694,HD6TBSATA,[HD6TBSATA] ICREALTIME 6TB Surveillance Grade Recorder Hard Drive,13938.26,8362.96
13763,NVR-208NS,[NVR-208NS] ICREALTIME 8 Channel 1U Shelfmount NVR. Integrated 8 Port POE Switch. Up to 8MP IP Camera Support.,8529.57,5117.74
13774,NVR-FX08POE-1U4K1,[NVR-FX08POE-1U4K1] ICREALTIME 8CH IP 1U RACKMOUNT NVR - 2HDD - IP RESOLUTION UP TO 8MP/30FPS (128MBPS) - 8 PORT EMBEDD,31046.96,18628.18
13780,NVR-MX08POE-1U4K1,[NVR-MX08POE-1U4K1] ICREALTIME 8CH IP 1U SHELFMOUNT NVR - 2HDD - IP RESOLUTION UP TO 8MP/30FPS (128MBPS) - 8 PORT EMBED,22996.52,13797.92
13742,IPFX-B80V-IRW1,[IPFX-B80V-IRW1] ICREALTIME 8MP IP INDOOR/OUTDOOR MID SIZE BULLET. VARIFOCAL 2.7-13.5MM MOTORIZED LENS (113Â° - 31Â°,17078.26,10246.96
13726,IPEL-E80F-IRW2,[IPEL-E80F-IRW2] ICREALTIME 8MP IP INDOOR/OUTDOOR MID SIZE EYEBALL DOME. FIXED 2.8MM LENS (108Â°). 98.4 FEET SMART I,10746.96,6448.18
13727,IPEL-E80V-IRW1,[IPEL-E80V-IRW1] ICREALTIME 8MP IP Indoor/Outdoor Small Size Varifocal Eyeball Dome. 2.7 - 13.5 mm Lens (113 - 31Â°),33826.09,20295.66
13695,HD8TBSATA,[HD8TBSATA] ICREALTIME 8TB Surveillance Grade Recorder Hard Drive,18556.52,11133.92
13703,ICM-7100SE,[ICM-7100SE] ICREALTIME Central Management Server. 1U Rackmount. Dedicated Enterprise Video Management System Ap,89279.13,53567.48
13718,IPEL-B2012X-IRW2 LPR SETUP,[IPEL-B2012X-IRW2 LPR SETUP] ICREALTIME LPR CONVERSION: 2MP IP Indoor/Outdoor Full Size Bullet. Varifocal 5.3 - 64mm Motorized L,24660,14796
13787,Singer,[Singer] ICREALTIME Wireless Door Chime For DINGER With Multiple Ringtones Options WiFi Connection,1731.3,1385.05
15195,RCC320-MK2-PC,[RCC320-MK2-PC] IN-WALL SUB 320V2 (PRE CONSTRUCTION),21254.78,12752.87
15196,RCC320-MK2-R,[RCC320-MK2-R] IN-WALL SUB 320V2 (RETROFIT),22672.17,13603.31
15135,IRB-1006-00,[IRB-1006-00] INFRARED (IR) EMITTER 6 PACK,2153.91,1292.35
15239,SHA-B2MANUALBA-00,[SHA-B2MANUALBA-00] INSIDE/JAMB MOUNT(MANUAL): DRIVE SIDE (BLACK ALUMINUM),7887.83,6310.27
15240,SHA-B2MANUALSA-00,[SHA-B2MANUALSA-00] INSIDE/JAMB MOUNT(MANUAL): DRIVE SIDE (SILVER ALUMINUM),7887.83,6310.27
15241,SHA-B2MANUALWH-00,[SHA-B2MANUALWH-00] INSIDE/JAMB MOUNT(MANUAL): DRIVE SIDE (WHITE),3151.3,2521.05
15242,SHA-B2MINBA-00,[SHA-B2MINBA-00] INSIDE/JAMB MOUNT(MINI): DRIVE SIDE (BLACK ALUMINUM),3916.52,3133.22
15243,SHA-B2MINBK-00,[SHA-B2MINBK-00] INSIDE/JAMB MOUNT(MINI): DRIVE SIDE (BLACK),1798.26,1438.61
15244,SHA-B2MINSA-00,[SHA-B2MINSA-00] INSIDE/JAMB MOUNT(MINI): DRIVE SIDE (SILVER ALUMINUM),3916.52,3133.22
15245,SHA-B2MINWH-00,[SHA-B2MINWH-00] INSIDE/JAMB MOUNT(MINI): DRIVE SIDE (WHITE),1798.26,1438.61
15231,SHA-B1MINBA-00,[SHA-B1MINBA-00] INSIDE/JAMB MOUNT(MINI): IDLER SIDE (BLACK ALUMINUM),3916.52,3133.22
15232,SHA-B1MINBK-00,[SHA-B1MINBK-00] INSIDE/JAMB MOUNT(MINI): IDLER SIDE (BLACK),1798.26,1438.61
15233,SHA-B1MINSA-00,[SHA-B1MINSA-00] INSIDE/JAMB MOUNT(MINI): IDLER SIDE (SILVER ALUMINUM),3916.52,3133.22
15234,SHA-B1MINWH-00,[SHA-B1MINWH-00] INSIDE/JAMB MOUNT(MINI): IDLER SIDE (WHITE),1798.26,1438.61
15237,SHA-B2BA-00,[SHA-B2BA-00] INSIDE/JAMB MOUNT: DRIVE SIDE (BLACK ALUMINUM),3015.65,2412.53
15238,SHA-B2BK-00,[SHA-B2BK-00] INSIDE/JAMB MOUNT: DRIVE SIDE (BLACK),1566.09,1252.87
15246,SHA-B2SA-00,[SHA-B2SA-00] INSIDE/JAMB MOUNT: DRIVE SIDE (SILVER ALUMINUM),3015.65,2412.53
15247,SHA-B2WH-00,[SHA-B2WH-00] INSIDE/JAMB MOUNT: DRIVE SIDE (WHITE),1798.26,1438.61
15230,SHA-B1BA-00,[SHA-B1BA-00] INSIDE/JAMB MOUNT: IDLER SIDE (BLACK ALUMINUM),3471.3,2777.05
15235,SHA-B1SA-00,[SHA-B1SA-00] INSIDE/JAMB MOUNT: IDLER SIDE (SILVER ALUMINUM),3471.3,2777.05
15236,SHA-B1WH-00,[SHA-B1WH-00] INSIDE/JAMB MOUNT: IDLER SIDE (WHITE),1798.26,1438.61
15130,HST-SIPA1SM-00,[HST-SIPA1SM-00] IP AUDIO 1 WITH INTEGRATED HOST AND SAVANT MUSIC 2.0,22609.57,13565.74
15172,PAV-SIPA125SM-10,[PAV-SIPA125SM-10] IP AUDIO 125 WITH SAVANT MUSIC SERVER,106066.96,63640.18
15170,PAV-AOMBAL8C-10,[PAV-AOMBAL8C-10] IP AUDIO 16 CHANNEL BALANCED AUDIO OUTPUT IP RECEIVER WITH CONTROL,44479.13,26687.48
15173,PAV-SIPA50SMV2-05,[PAV-SIPA50SMV2-05] IP AUDIO 50 V2 WITH SAVANT MUSIC SERVER,70711.3,42426.79
15068,EDG-4-SAT-R-00,[EDG-4-SAT-R-00] IP AUDIO MICRO APERTURE 4: ADD-ON PAIR (ROUND),5086.96,3560.87
15069,EDG-4-SAT-S-00,[EDG-4-SAT-S-00] IP AUDIO MICRO APERTURE 4: ADD-ON PAIR (SQUARE),5086.96,3560.87
15066,EDG-4-AVB-R-00,[EDG-4-AVB-R-00] IP AUDIO MICRO APERTURE 4: SPEAKER SET (ROUND),10173.91,7121.74
15067,EDG-4-AVB-S-00,[EDG-4-AVB-S-00] IP AUDIO MICRO APERTURE 4: SPEAKER SET (SQUARE),10173.91,7121.74
15208,RMB-PAVAM2F-00,[RMB-PAVAM2F-00] IP AUDIO MODULES AND SMART HOSTS (FRONT),1604.35,962.61
15174,PAV-SMS2001-10,[PAV-SMS2001-10] IP AUDIO MUSIC SERVER,21213.04,12727.83
15168,PAV-AIO1C-00,[PAV-AIO1C-00] IP AUDIO SINGLE IN AND OUT,11119.13,6671.48
15131,HST-STUDIO46BG-2CH-00,[HST-STUDIO46BG-2CH-00] IP AUDIO STUDIO 46 WITH INTEGRATED HOST AND GRILLE - BLACK,30523.48,21366.44
15132,HST-STUDIO55BG-2CH-00,[HST-STUDIO55BG-2CH-00] IP AUDIO STUDIO 55 WITH INTEGRATED HOST AND GRILLE - BLACK,32558.26,22790.79
15171,PAV-AOMWS1C-00,[PAV-AOMWS1C-00] IP AUDIO WISA BRIDGE (STEREO),14826.09,8895.66
15180,PAV-VIMAP4S-10,[PAV-VIMAP4S-10] IP VIDEO 4 INPUT TRANSMITTER 4K UHD WITH AUDIO PROCESSING AND CONTROL,271305.22,162783.14
15181,PAV-VIMAP8S-10,[PAV-VIMAP8S-10] IP VIDEO 8 INPUT TRANSMITTER 4K UHD WITH AUDIO PROCESSING AND CONTROL,478773.91,287264.35
15176,PAV-VIM1CP2-00,[PAV-VIM1CP2-00] IP VIDEO SINGLE INPUT TRANSMITTER 4K UHD WITH CONTROL (COPPER W/POE),22974.78,13784.87
15175,PAV-VIM1C-01,[PAV-VIM1C-01] IP VIDEO SINGLE INPUT TRANSMITTER 4K UHD WITH CONTROL NO POE,24622.61,14773.57
15182,PAV-VIMVP1CP2-00,[PAV-VIMVP1CP2-00] IP VIDEO SINGLE INPUT TRANSMITTER 4K WITH POE+ (COPPER),50693.04,30415.83
15184,PAV-VOM1CP2-00,[PAV-VOM1CP2-00] IP VIDEO SINGLE OUTPUT RECEIVER 4K UHD WITH CONTROL (COPPER W/POE),20946.96,12568.18
15186,PAV-VOMVP1F2-00,[PAV-VOMVP1F2-00] IP VIDEO SINGLE OUTPUT RECEIVER 4K WITH CONTROL (FIBER),46085.22,27651.14
15185,PAV-VOMVP1CP2-00,[PAV-VOMVP1CP2-00] IP VIDEO SINGLE OUTPUT RECEIVER 4K WITH POE+ (COPPER),41895.65,25137.4
14137,72353,[72353] IPORT CONNECT PRO BaseStation White,8778.26,6144.79
14125,72301,[72301] IPORT CONNECT PRO Case 10.2 White for iPad 10.2-inch 9th gen|8th gen |7th gen,8778.26,6144.79
14126,72310,[72310] IPORT CONNECT PRO Case Mini Black for iPad mini 4th-5th Gen,17557.39,12290.18
14127,72311,[72311] IPORT CONNECT PRO Case Mini White for iPad mini 4-5,17557.39,12290.18
14135,72351,[72351] IPORT CONNECT PRO WallStation White,8778.26,6144.79
14122,72106,[72106] IPORT CONNECT PoE+ Injector,2759.13,1931.4
14123,72109,[72109] IPORT CONNECT PoE+ Upgrade,2759.13,1931.4
14091,70720,[70720] IPORT GLASS MOUNTING KIT works with iPad Mini iPad Air iPad Pro 10.5 and iPad Pro 12.9,752.17,526.53
14076,70310,[70310] IPORT IPORT POWER SUPPLY 15V 2A - BLACK,1404.35,983.05
14077,70311,[70311] IPORT IPORT POWER SUPPLY 15V 2A - WHITE,1404.35,983.05
14078,70314,[70314] IPORT IPORT POWER WALL PLATE,500.87,350.61
14074,70304,[70304] IPORT LAUNCH AM.2 SLEEVE BLACK works with iPad Mini iPad Mini 2 iPad Mini 3 iPad Mini 4 and iPad Mi,6320.87,4424.61
14081,70390,[70390] IPORT LAUNCH CASE 10.2 10.5 BLACK,6320.87,4424.61
14080,70316,[70316] IPORT LAUNCH WALLSTATION FASCIA BLACK,500.87,350.61
14079,70315,[70315] IPORT LAUNCH WALLSTATION FASCIA WHITE,500.87,350.61
14100,71000,[71000] IPORT LUXE BASESTATION BLACK,15801.74,11061.22
14102,71002,[71002] IPORT LUXE BASESTATION WHITE,15801.74,11061.22
14114,71014,[71014] IPORT LUXE CASE AIR 1 I 2 I 9.7 WHITE,12415.65,8690.96
14109,71009,[71009] IPORT LUXE CASE MINI4 I MINI 5th GEN BLACK,12290.43,8603.31
14110,71010,[71010] IPORT LUXE CASE MINI4 I MINI 5th GEN SILVER,12290.43,8603.31
14111,71011,[71011] IPORT LUXE CASE MINI4 I MINI 5th GEN WHITE,12290.43,8603.31
14118,71019,[71019] IPORT LUXE USB CHARGE MODULE SILVER  - While Supplies Last,4263.48,2984.44
14119,71020,[71020] IPORT LUXE USB CHARGE MODULE WHITE - While Supplies Last,4263.48,2984.44
14120,71021,[71021] IPORT LUXE USB POWER SUPPLY 5V 2.4A BLACK,1404.35,983.05
14121,71023,[71023] IPORT LUXE USB POWER SUPPLY 5V 2.4A WHITE,1404.35,983.05
14106,71006,[71006] IPORT LUXE WALL ADAPTER KIT BLACK,2106.96,1474.87
14107,71007,[71007] IPORT LUXE WALL ADAPTER KIT SILVER,2106.96,1474.87
14108,71008,[71008] IPORT LUXE WALL ADAPTER KIT WHITE,2106.96,1474.87
14105,71005,[71005] IPORT LUXE WALLSTATION WHITE,14046.09,9832.27
14117,71017,[71017] IPORT LX CASE WHITE works with iPad Air 3rd gen 10.5-inch | iPad 7th gen. 10.2-inch,12290.43,8603.31
14090,70719,[70719] IPORT POE INJECTOR works with all Bezels,2006.09,1404.27
14089,70718,[70718] IPORT POE SPLITTER works with all Bezels,5266.96,3686.87
14096,70791,[70791] IPORT POE SURFACE MOUNT DATA CABLE,752.17,526.53
14097,70796,[70796] IPORT SURFACE MOUNT BEZEL BLACK works with iPad Air 3rd gen 10.5-inch | iPad 7th gen. 10.2,12290.43,8603.31
14092,70722,[70722] IPORT SURFACE MOUNT BEZEL BLACK works with iPad Mini 4 and iPad Mini 5th Gen,10534.78,7374.35
14086,70703,[70703] IPORT SURFACE MOUNT BEZEL BLACK works with iPad Pro 9.7 Air 2 and iPad Air,13685.22,9579.66
14098,70797,[70797] IPORT SURFACE MOUNT BEZEL SILVER works with iPad Air 3rd gen 10.5-inch | iPad 7th gen. 10.2,12290.43,8603.31
14084,70701,[70701] IPORT SURFACE MOUNT BEZEL SILVER works with iPad Mini 3 Mini 2 and Mini - While Supplies Last,11587.83,8111.48
14093,70723,[70723] IPORT SURFACE MOUNT BEZEL SILVER works with iPad Mini 4 and iPad Mini 5th Gen,10534.78,7374.35
14095,70744,[70744] IPORT SURFACE MOUNT BEZEL SILVER works with iPad Pro 12.9  - While Supplies Last,19975.65,13982.96
14099,70798,[70798] IPORT SURFACE MOUNT BEZEL WHITE works with iPad Air 3rd gen 10.5-inch | iPad 7th gen. 10.2,12290.43,8603.31
14085,70702,[70702] IPORT SURFACE MOUNT BEZEL WHITE works with iPad Mini 3 Mini 2 and Mini - While Supplies Last,11587.83,8111.48
14094,70724,[70724] IPORT SURFACE MOUNT BEZEL WHITE works with iPad Mini 4 and iPad Mini 5th Gen,10534.78,7374.35
14088,70705,[70705] IPORT SURFACE MOUNT BEZEL WHITE works with iPad Pro 9.7  Air 2 and iPad Air,13685.22,9579.66
13626,IRDONGA4KPRO,[IRDONGA4KPRO] IR Dongle Type A 4K Pro (Yellow),765.22,459.13
13627,IRDONGB4K,[IRDONGB4K] IR Dongle Type B 4K (Green),765.22,459.13
14487,CEISP32AHRSAE,[CEISP32AHRSAE] ISP 3D.32 Elite Analog AV Processor,391303.48,234782.09
13854,IW1060SW,[IW1060SW] IW1060SW 10 In-wall Subwoofer,6339.13,3803.48
13925,IW150,[IW150] IW150 Miller & Kreisel,32173.04,20181.27
13926,IW150A,[IW150A] IW150 Miller & Kreisel,23477.39,14726.73
13927,IW150T,[IW150T] IW150T Pair Black Miller & Kreisel,43477.39,27272.18
13928,IW28S,[IW28S] IW28S Subwoofer,20868.7,13090.36
13929,IW300,[IW300] IW300 Miller&Kreisel,59129.57,37090.36
13855,IW408FGII,[IW408FGII] IW408 V 2 Flat Grill,9469.57,5681.74
13930,IW5,[IW5] IW5 Miller&Kreisel,10433.91,6544.91
13931,IW5SG,[IW5SG] IW5 Square Grill,869.57,521.74
13932,IW95,[IW95] IW95 Miller&Kreisel,17390.43,10908.55
13933,IW950,[IW950] IW950 Miller&Kreisel,19129.57,11999.45
13811,3SBL,[3SBL] In/Outdoor 3 Stereo,5643.48,3386.09
13812,3SWH,[3SWH] In/Outdoor 3 Stereo,5643.48,3386.09
13853,IO-6BL,[IO-6BL] In/Outdoor 6 Black,9208.7,5525.22
13795,DRX2.4M2BMMA,[DRX2.4M2BMMA] Integra DRX-2.4 7.2-Channel Network AV Receiver,32173.04,19303.83
13796,DRX3.4M2BMMA,[DRX3.4M2BMMA] Integra DRX-3.4 9.2-Channel Network AV Receiver,39999.13,23999.48
13797,DRX5.4M2BMMA,[DRX5.4M2BMMA] Integra DRX-5.4 9.2-Channel Network AV Receiver,52173.04,31303.83
13798,DRX8.4BMMM,[DRX8.4BMMM] Integra DRX-8.4 11.4-Channel Network AV Receiver,86955.65,52173.39
14622,PFB3419,[PFB3419] Interface Bar 1915mm - Connect-It,5738.26,4016.78
14617,PFB3407,[PFB3407] Interface Bar 715mm - Connect-It,2346.96,1642.87
14619,PFB3409,[PFB3409] Interface bar 915mm - Connect-It,2738.26,1916.78
15285,SHA-MGEIGSACONV-00,[SHA-MGEIGSACONV-00] J-GEIGER MOTOR FINISH 10 PACK (SILVER ALUMINUM),5222.61,3133.57
15286,SHA-MGEIGWHCONV-00,[SHA-MGEIGWHCONV-00] J-GEIGER MOTOR FINISH 10 PACK (WHITE),1305.22,783.14
16248,8200-231,"[8200-231] JABRA - PANACAST 50, EMEA, BLACK; 180° FIELD OF VIEW, REAL-TIME WHITEBOARD STREAMING, PLUG-AND-PLAY, OPTIMIZED FOR ALL LEADING UC PLATFORMS, INCLUDING",33644.81428571429,23551.37
13906,Y79311,[Y79311] JAMO SUB 210 AMP MODULE,1645.55,0
15516,CONTROL 28-1,"[CONTROL 28-1] JBL - CONTROL 28-1 - CONTROL 28-1 - 8"" TWO-WAY VENTED LOUDSPEAKER, INVISIBALLÂ® INSTALLATION SYSTEM (PLUS U-BRACKET ATTACHMENT POINTS). 45 HZ - 20 KHZ",11461.53,6876.92
14001,JC2BP,[JC2BP] JC2 BP Pre-Amplfier with H/T Bypass,130426.09,126086.09
14002,JC3+,[JC3+] JC3 Phono Preamplifier,104339.13,99999.13
13238,JITTERBUGFMJ,[JITTERBUGFMJ] JITTERBUG FMJ,1913.04,1339.13
13910,DLA-NZ8BE,[DLA-NZ8BE] JVC DLA NZ-8  8K E-SHIFT LASER,434781.74,326086.3
13908,DLA-NP5BE,[DLA-NP5BE] JVC DLA-NP5 NATIVE 4K,217390.43,152173.3
13913,LX-NZ30BG,[LX-NZ30BG] JVC LX-NZ3 DLP 4K UHD/HDR Home Theatre Projector,86955.65,65216.73
13851,IC610LCRFG,[IC610LCRFG] Jamo IC610LCR FG - Centre,11295.65,6777.39
13856,J12SUBBL,[J12SUBBL] Jamo J12 SUB Black,9556.52,5733.91
13858,JL10SW,[JL10SW] Jamo JL-10 Subwoofer,20860.87,12516.52
13859,JL4SAT,[JL4SAT] Jamo JL-4 Satellite outdoor speaker,3121.74,1873.04
13857,JGS10,[JGS10] Jamo JL-4 Stake,860.87,516.52
13860,JR-4GR,[JR-4GR] Jamo Rock 4 Granite,3382.61,2029.57
13861,JR-4SA,[JR-4SA] Jamo Rock 4 Sandstone,3382.61,2029.57
13862,JR-5GR,[JR-5GR] Jamo Rock 5 Granite,5382.61,3229.57
13863,JR-5SA,[JR-5SA] Jamo Rock 5 Sandstone,5382.61,3229.57
13864,JR-8SWGR,[JR-8SWGR] Jamo Rock 8 Subwoofer Granite,9469.57,5681.74
13865,JR-8SWSA,[JR-8SWSA] Jamo Rock 8 Subwoofer Sandstone,9469.57,5681.74
13800,1071179,[1071179] Jamo Studio 7 S15B Bookshelf Surround Speaker Blue Fjord,6955.65,5216.74
13801,1071180,[1071180] Jamo Studio 7 S15B Bookshelf Surround Speaker Grey Cloud,6955.65,5216.74
13802,1071181,[1071181] Jamo Studio 7 S17B Bookshelf Speaker Blue Fjord,8694.78,6521.09
13803,1071182,[1071182] Jamo Studio 7 S17B Bookshelf Speaker Grey Cloud,8694.78,6521.09
13804,1071183,[1071183] Jamo Studio 7 S25C Centre Channel Speaker Blue Fjord,5216.52,3912.39
13805,1071184,[1071184] Jamo Studio 7 S25C Centre Channel Speaker Grey Cloud,5216.52,3912.39
13806,1071185,[1071185] Jamo Studio 7 S25F Floorstanding Speaker Blue Fjord,12607.83,9455.87
13807,1071187,[1071187] Jamo Studio 7 S27F Floorstanding Speaker Blue Fjord,15216.52,11412.39
13808,1071188,[1071188] Jamo Studio 7 S27F Floorstanding Speaker Grey Cloud,15216.52,11412.39
13809,1071189,[1071189] Jamo Studio 7 S43C Center Channel Speaker Blue Fjord,5216.52,3912.39
13810,1071190,[1071190] Jamo Studio 7 S43C Center Channel Speaker Grey Cloud,5216.52,3912.39
13934,K-MOVIE,[K-MOVIE] K-Movie,34781.74,21817.64
15508,1063967A,[1063967A] KLIPSCH - 1063967A -  REFERENCE PREMIERE PRO-180-RPC WHITE IN-CEILING SPEAKER,9730.43,5076.75
15506,1070647,[1070647] KLIPSCH SUBWOOFER RP-1200SW EUA BLACK SUBWOOFER,21721.74,11333.08
13920,46KB6W,[46KB6W] Kicker 46KB6W Full Range White Speakers,3477.39,2086.43
15510,1066277,[1066277] Klipsch Passive Soundbar Heritage Theater Bar 6580 Passive Soundbar,88852.17,53311.59
16233,1063968A,[1063968A] Klipsch Reference Premiere PRO-180-RPC-LCR White In-Ceiling Speaker,10971.428571428572,7680
16236,1070022,[1070022] Klipsch Reference Premiere RP-404C II Ebony Center Speaker,11179.385714285714,7825.57
16234,1070015,[1070015] Klipsch Reference Premiere RP-5000F II Ebony Floorstanding Speaker,22358.757142857143,15651.13
16235,1070020,[1070020] Klipsch Reference Premiere RP-502S II Ebony Surround Speaker,18632.8,13042.96
16237,1070643,[1070643] Klipsch Subwoofer RP-1000SW EUA Black Subwoofer,19095.657142857144,13366.96
14067,70141,[70141] LAUNCH BASESTATION - SILVER,8427.83,5899.48
15041,CON-F2010-00,[CON-F2010-00] LC MULTIMODE OM3 FIBER CONNECTORS (10 PACK),8716.52,5229.92
13935,LCR750B,[LCR750B] LCR750 Black Pair,23477.39,14726.73
13936,LCR750CB,[LCR750CB] LCR750C Black,11303.48,7090.36
13937,LCR950B,[LCR950B] LCR950 Black,15651.3,9817.64
15149,LCRDM-IW-KIT,[LCRDM-IW-KIT] LCRDM INWALL KIT,16414.78,9848.87
15150,LCRDMIWKIT-PCB,[LCRDMIWKIT-PCB] LCRDM-IW PRE-CONSTRUCTION BRAC,3646.96,2188.18
15050,DMX-DRIVER3-00,[DMX-DRIVER3-00] LOW VOLTAGE DMX DRIVER WITH 10A EXTERNAL POWER SUPPLY,10772.17,8617.74
15192,PWM-PENC3-00,[PWM-PENC3-00] LOW VOLTAGE POWER MODULE ENCLOSURE,11490.43,6894.27
15147,LCB-LEINT-00,[LCB-LEINT-00] LUTRON LEAP ADVANCED INTEGRATION BRIDGE,16414.78,9848.87
13912,LX-NZ3,[LX-NZ3] Lazer 4K UHD Projector 4K (3840 x 2160) images HDR support 3000 lumens 20000 Hours light source,69564.35,52173.26
14436,LDNGLWW1BLK,[LDNGLWW1BLK] Line-In Adapter WW (Black),520.87,416.7
14435,LDNGLWW1,[LDNGLWW1] Line-In Adapter WW (White),520.87,416.7
13440,LBB2,[LBB2] Little Black Box 10 Front Ends Aria and Alba,12833.91,7700.35
13967,Tweeter LCR 750,[Tweeter LCR 750] M&K Tweeter LCR 750,22607.83,12516.52
13972,V8 AMP,[V8 AMP] M&K V8 AMP MODULE,16947.83,0
13938,M40TB,[M40TB] M40T Black Pair,17390.43,10908.55
13939,M40TW,[M40TW] M40T White Pair,17390.43,10908.55
13940,M4TW,[M4TW] M4T White Pair,14773.91,8864.35
13941,M5B,[M5B] M5 Black,7390.43,3907.83
13942,M5W,[M5W] M5 White,7390.43,3907.83
13944,M70B,[M70B] M70 Black,10426.09,6540
13943,M70 Tweeter,[M70 Tweeter] M70 Tweeter,10426.09,0
13945,M70W,[M70W] M70 White,10426.09,6540
13946,M90B,[M90B] M90 Black,17390.43,10908.55
14508,MA1000,[MA1000] MA1000-A1 Fixed TV Wall Mount,191.3,0
14509,MA1010,[MA1010] MA1010-A1 Tilting TV Wall Mount,339.13,203.48
14510,MA2000,[MA2000] MA2000-A1 Fixed TV Wall Mount,600,0
14511,MA2010,[MA2010] MA2010-A1 Tilting TV Wall Mount,408.7,0
14512,MA2030,[MA2030] MA2030-A1 Full-Motion TV Wall Mount,573.91,0
14513,MA2040,[MA2040] MA2040-A1 Full-Motion TV Wall Mount,956.52,0
14514,MA3000,[MA3000] MA3000-A1 Fixed TV Wall Mount,513.04,307.83
14515,MA3010,[MA3010] MA3010-A1 Tilting TV Wall Mount,608.7,365.22
14516,MA3030,[MA3030] MA3030-A1 Full-Motion TV Wall Mount,1391.3,829.57
14517,MA3040,[MA3040] MA3040-A1 Full-Motion TV Wall Mount,1704.35,0
14518,MA4000,[MA4000] MA4000-A1 Fixed TV Wall Mount,826.09,495.65
14519,MA4010,[MA4010] MA4010-A1 Tilting TV Wall Mount,721.74,0
13477,360163-2-0,[360163-2-0] MAIN 2 AMP,513.04,307.83
13478,370039-0-0,[370039-0-0] MAINS ADAPTER KATCH IN BOX,513.04,307.83
16252,93608,[93608] MARINER MX62 BLACK,18037.27142857143,12626.09
16253,93612,[93612] MARINER MX86 BLACK | SONANCE MX 86 OUTDOOR SPEAKER BLACK (1PAIR),24515.257142857146,17160.68
15155,M-LCRDM-MK2,[M-LCRDM-MK2] MASTERPIECE LCR-DM MK2,47481.74,28489.05
15281,SHA-FBINDMERMET-01,[SHA-FBINDMERMET-01] MERMET BINDERS FOR SAMPLES OF ALL MERMET FABRIC SAVANT IS OFFERING,8054.78,6443.83
15154,MEZZ-8-SURR-PCB,[MEZZ-8-SURR-PCB] MEZZANINE - PRE-CONSTRUCTION B,82.61,49.57
15152,MEZZ-8-G-SQ,[MEZZ-8-G-SQ] MEZZANINE - SQUARE GRILLE,1823.48,1094.09
15153,MEZZ-8-SURR,[MEZZ-8-SURR] MEZZANINE SURROUND SATELLITES,13188.7,7913.22
14520,MFL100,[MFL100] MFL 100 Fixed TV Wall Mount,782.61,469.57
14521,MFM80,[MFM80] MFM 80 Fixed TV Wall Mount,443.48,266.09
13628,MHUB41140,[MHUB41140] MHUB (4x1+1) (EU),19999.13,11999.48
13640,MHUBMAX,[MHUBMAX] MHUB MAX 4x4 HDMI Matrix,22600,13560
13641,MHUBMAX(4x4),[MHUBMAX(4x4)] MHUB MAX 4x4 HDMI Matrix,13042.61,7825.57
13642,MHUBPRO(4X4)40,[MHUBPRO(4X4)40] MHUB PRO (4X4) 40,43478.26,30000
13643,MHUBPRO2.0-4X4,[MHUBPRO2.0-4X4] MHUB PRO 2.0 (4X4),86955.65,52173.39
13644,MHUBPRO2.0-8X8,[MHUBPRO2.0-8X8] MHUB PRO 2.0 (8X8),208694.78,125216.87
13645,MHUBPRORACKEAR,[MHUBPRORACKEAR] MHUB PRO Rack Ear Pair,304.35,182.61
13646,MHUBPRORX,[MHUBPRORX] MHUB PRO Receiver,6521.74,3913.04
13647,MHUBPROSERCAB,[MHUBPROSERCAB] MHUB PRO Serial Cable DB9-DB9,330.43,198.26
13629,MHUB431UREC,[MHUB431UREC] MHUB Receiver V4 (uControl),4339.13,3254.34
16351,MHUBS161616100A,[MHUBS161616100A] MHUB S (16+16x16) 100A,235699.38571428575,164989.57
13631,MHUB431V3PSU,[MHUB431V3PSU] MHUB431 PSU 24V 1A,1295.65,777.39
13648,MHUBS(8+8x8)100,[MHUBS(8+8x8)100] MHUBS(8+8x8)100,130433.91,78260.35
13651,MHUBUREC,[MHUBUREC] MHUBUREC,4339.13,3254.34
13453,C10934,[C10934] MM Phono Preamplifier with Auto Power Down,6520.87,3912.52
14522,MNT100,[MNT100] MNT 100 Fixed TV Wall Mount,347.83,208.7
14523,MNT102,[MNT102] MNT 102 Tilting TV Wall Mount,417.39,250.43
14524,MNT104,[MNT104] MNT 104 Full-Motion TV Wall Mount,617.39,370.43
14525,MNT108,[MNT108] MNT 108 Full-Motion TV Wall Mount,1034.78,620.87
14526,MNT200,[MNT200] MNT 200 Fixed TV Wall Mount,417.39,250.43
14527,MNT202,[MNT202] MNT 202 Tilting TV Wall Mount,443.48,266.09
14528,MNT204,[MNT204] MNT 204 Full-Motion TV Wall Mount,1243.48,746.09
14529,MNT208,[MNT208] MNT 208 Full-Motion TV Wall Mount,1878.26,1126.96
14530,MNT300,[MNT300] MNT 300 Fixed TV Wall Mount,617.39,370.43
14531,MNT302,[MNT302] MNT 302 Tilting TV Wall Mount,721.74,433.04
14532,MNT50,[MNT50] MNT 50 Fixed TV Wall Mount,208.7,125.22
14533,MNT52,[MNT52] MNT 52 Tilting TV Wall Mount,313.04,187.83
15207,RMB-PAVAM2-00,[RMB-PAVAM2-00] MOUNT FOR IP AUDIO MODULES AND SMART HOSTS (REAR),2297.39,1378.44
13947,MP150L,[MP150L] MP150 Left Black,31303.48,19635.82
13948,MP150LW,[MP150LW] MP150 Left White,30433.91,17212.17
13949,MP150R/CB,[MP150R/CB] MP150 Richt/C Black,31303.48,19635.82
13950,MP150R/CW,[MP150R/CW] MP150 Richt/C White,30433.91,17212.17
13951,MP300L,[MP300L] MP300 Left Black,60868.7,36521.22
13952,MP300LW,[MP300LW] MP300 Left White,60868.7,34429.57
13953,MP300R/C,[MP300R/C] MP300 Right/C Black,60868.7,34429.57
13954,MP300R/CW,[MP300R/CW] MP300 Right/C White,60868.7,34429.57
13955,MP950B,[MP950B] MP950 Black,16520.87,10363.09
13956,MP950W,[MP950W] MP950 White,16520.87,10363.09
13866,MPA-201,[MPA-201] MPA-201 Power Amp,9208.7,5525.22
15202,REM-2000I-00,[REM-2000I-00] MULTI ROOM REMOTE TOUCH SCREEN END OF LIFE,20891.3,12534.79
15029,CLI-W210B-01,[CLI-W210B-01] MULTISTAT SMART THERMOSTAT - BLACK,18056.52,10833.92
15030,CLI-W210W-01,[CLI-W210W-01] MULTISTAT SMART THERMOSTAT - WHITE,18056.52,10833.92
15519,MODELM1/N1B,[MODELM1/N1B] Marantz MODEL M1 Network Amp (Black),20974.34,14682.04
15518,MODELM4/EX1B,[MODELM4/EX1B] Marantz Model M4 Streaming Amp (Black),68804.79,48163.35
16255,93617,[93617] Mariner MX62 SST White,15421.114285714288,10794.78
13633,MHUB4K431REM,[MHUB4K431REM] Master Remote for mHub 4K (4x3+1) Old Type V3,434.78,260.87
13635,MHUB4K862REM,[MHUB4K862REM] Master Remote for mHub 4K (8x6+2) Old Type V3,434.78,260.87
13638,MHUBMASTERREM4,[MHUBMASTERREM4] Master Remote for mHub PRO/431U New,434.78,260.87
13639,MHUBMASTERREM8,[MHUBMASTERREM8] Master Remote for mHub PRO/862U New,434.78,260.87
14445,MVCHBEU1BLK,[MVCHBEU1BLK] Move Charging Base EU (Black) 8519.8990.90,1477.39,1181.91
14444,MVCHBEU1,[MVCHBEU1] Move Charging Base EU (White) 8504.40.82,1477.39,1181.91
14443,MVBATWW1BLK,[MVBATWW1BLK] Move Replacement Battery Kit WW (Black) 8507.60.00,1121.73,897.38
14442,MVBATWW1,[MVBATWW1] Move Replacement Battery Kit WW (White) 8507.60.00,1121.73,897.38
13654,Multi Territory PSU 24V 1A,[Multi Territory PSU 24V 1A] Multi Territory PSU 24V 1A,478.26,286.96
13655,MZMA,[MZMA] Multi Zone Matrix Amp (6x4) 55,69564.35,41738.61
15159,NANO-BP-P5,[NANO-BP-P5] NANO BACKPACK P5,21765.22,13059.14
13909,DLA-NZ7,[DLA-NZ7] NATIVE 4K (4096 x 2160)/ 1900lm/ Native Contrast Ratio of 80000:1 (Dynamic Contrast Ratio 800000,347825.22,243477.65
15321,STP-NEONACC-00,[STP-NEONACC-00] NEON ACCESSORY PACK,861.74,689.4
15320,STP-NEON10MOD-00,[STP-NEON10MOD-00] NEON LIGHT STRIP - OUTDOOR (10M),19389.57,15511.66
14534,NEXT7345,[NEXT7345] NEXT 7345 DesignMount,9469.57,5681.74
14535,NEXT7346,[NEXT7346] NEXT 7346 LG OLED Mount,9556.52,5733.91
14536,NEXT7355,[NEXT7355] NEXT 7355 MotionMount EU,20513.04,12307.83
14537,NEXT7356,[NEXT7356] NEXT 7356 MotionMount Universal OLED EU,21643.48,12986.09
14538,NEXT7825,[NEXT7825] NEXT 7825 AV Support,2078.26,1246.96
14539,NEXT7840,[NEXT7840] NEXT 7840 Cable Cover,2078.26,1246.96
14540,NEXT8365,[NEXT8365] NEXT 8365 SoundMount EU,1938.26,1162.96
14541,NEXT8375,[NEXT8375] NEXT 8375 MotionSoundMount EU,26408.7,15845.22
14542,NEXTOP1,[NEXTOP1] NEXT OP1 TV Floorstand Light Oak,26955.65,11092.17
14543,NEXTOP2,[NEXTOP2] NEXT OP2 TV Floorstand Light Oak,30433.91,12480
14544,NEXTOPHANG,[NEXTOPHANG] NEXT OPHANG Console Holder,2313.04,1387.83
14000,CL2250BV2,[CL2250BV2] New Classic 2250 v2 Black,54773.91,32864.35
13506,OBERON 1 B,[OBERON 1 B] OBERON 1 BLACK BOOKSHELF SPEAKER,7817.39,5733.91
13507,OBERON 1 W,[OBERON 1 W] OBERON 1 WHITE BOOKSHELF SPEAKER,7817.39,5733.91
13509,OBERON 3 B,[OBERON 3 B] OBERON 3 BLACK BOOKSHELF SPEAKER,10426.09,6255.65
13510,OBERON 3 DWAL,[OBERON 3 DWAL] OBERON 3 DARK WALNUT BOOKSHELF SPEAKER,10426.09,6255.65
13511,OBERON 3 W,[OBERON 3 W] OBERON 3 WHITE BOOKSHELF SPEAKER,10426.09,6255.65
13512,OBERON 5 B,[OBERON 5 B] OBERON 5 BLACK FLOOR STANDING SPEAKER,15643.48,9386.09
13514,OBERON 5 WAL,[OBERON 5 WAL] OBERON 5 DARK WALNUT FLOOR STANDING SPEAKER,15643.48,9386.09
13513,OBERON 5 W,[OBERON 5 W] OBERON 5 WHITE FLOOR STANDING SPEAKER,15643.48,9386.09
13515,OBERON 5 WO,[OBERON 5 WO] OBERON 5 WHITE OAK FLOOR STANDING SPEAKER,15643.48,9386.09
13516,OBERON 7 B,[OBERON 7 B] OBERON 7 BLACK FLOOR STANDING SPEAKER,21738.26,11994.78
13517,OBERON 7 DWAL,[OBERON 7 DWAL] OBERON 7 DARK WALNUT FLOOR STANDING SPEAKER,21738.26,11994.78
13518,OBERON 7 W,[OBERON 7 W] OBERON 7 WHITE FLOOR STANDING SPEAKER test,21738.26,13042.96
13521,OBERON OW B,[OBERON OW B] OBERON ON-WALL BLACK,11303.48,6255.65
13522,OBERON OW DWAL,[OBERON OW DWAL] OBERON ON-WALL DARK WALLNUT,11303.48,0
13523,OBERON OW W,[OBERON OW W] OBERON ON-WALL WHITE,11303.48,6255.65
13524,OBERON VOK B,[OBERON VOK B] OBERON VOKAL BLACK,7295.65,4377.39
13525,OBERON VOK DWAL,[OBERON VOK DWAL] OBERON VOKAL DARK WALLNUT,7295.65,4377.39
13526,OBERON VOK W,[OBERON VOK W] OBERON VOKAL WHITE,7295.65,4377.39
15228,SEN-OCC24V-00,[SEN-OCC24V-00] OCCUPANCY SENSOR 24V CONTACT,4924.35,3447.05
14456,OPADBWW1BLK,[OPADBWW1BLK] OPTICAL ADAPTER 5-PACK,1477.39,0
13527,OPTICON 2 B,[OPTICON 2 B] OPTICON 2 BLACK BOOKSHELF SPEAKER,20868.7,12521.22
13528,OPTICON 5 W,[OPTICON 5 W] OPTICON 5 WHITE FLOOR STANDING SPEAKER,26947.83,16168.7
13530,OPTICON 8 B,[OPTICON 8 B] OPTICON 8 BLACK FLOOR STANDING SPEAKER,58260,31299.13
13531,OPTICON 8 MK2 B,[OPTICON 8 MK2 B] OPTICON 8 BLACK FLOOR STANDING SPEAKER,58260,34956
13535,OPTICON VOK B,[OPTICON VOK B] OPTICON VOKAL BLACK CENTER SPEAKER,10426.09,6255.65
13536,OPTICON VOK W,[OPTICON VOK W] OPTICON VOKAL WHITE CENTER SPEAKER,10426.09,6255.65
13534,OPTICON LCR W,[OPTICON LCR W] OPTICON WHITE LEFT CENTER RIGHT,12600,7560
13788,SKIN-GUARDIAN-BUCK,[SKIN-GUARDIAN-BUCK] ORANGE SILICON SKIN FOR THE GUARDIAN CAMERA,648.7,518.96
13791,SKIN-ORBIT-ORANGE,[SKIN-ORBIT-ORANGE] ORANGE SILICON SKIN FOR THE ORBIT CAMERA,741.74,593.4
15316,SST-OTEMP1-00,[SST-OTEMP1-00] OUTDOOR REMOTE TEMPERATURE SENSOR,2412.17,1447.31
13980,OA62,[OA62] OneAcoustic 6.5inch In-ceiling Speaker Pair,2173.04,1303.83
13981,OA82,[OA82] OneAcoustic 8inch In-ceiling Speaker Pair,2868.7,1721.22
13984,TXNR5100M2BMMP,[TXNR5100M2BMMP] Onkyo TX-NR5100 7.2-Channel Network 8K AV Receiver,16086.09,12782
13986,TXNR6100M2BMMP,[TXNR6100M2BMMP] Onkyo TX-NR6100 7.2-Channel THX Certified Network 8K AV Receiver,19999.13,13999.39
13988,TX-NR7100,[TX-NR7100] Onkyo TX-NR7100 9.2-Channel THX Certified 8K AV Receiver,28694.78,20086.35
13989,TX-RZ50,[TX-RZ50] Onkyo TX-RZ50 9.2-Channel THX Certified AV Receiver,39129.57,23477.74
13985,TXNR6100BMMP,[TXNR6100BMMP] Onkyo TXNR6100 7.2-Channel THX Certified AV Reciever,20868.7,14608.09
13987,TXNR696M3BMMP,[TXNR696M3BMMP] Onkyo TXNR696 7.2-Cannel Network AV Receiver,19129.57,13390.7
13991,TXSR494DABBMMP,[TXSR494DABBMMP] Onkyo TXSR494 Bluetooth Reciever Dolby Atmoas and DTS:X,13912.17,9738.52
13656,OPTSPL,[OPTSPL] Optical Splitter HDANYWHERE,607.83,364.7
13995,FNIP-6x2AD,[FNIP-6x2AD] P5 - FNIP-6X2AD - 6 CHANNEL ETHERNET SMART DIMMER WITH ENERGY METERING,18933.91,13253.74
13993,FNIP-12XPWM,[FNIP-12XPWM] P5 12 Channel Ethernet Low-Voltage Led Dimmer,11360,7952
13992,FNIP-12XMZT,[FNIP-12XMZT] P5 12 Zone Ethernet Thermostat,13884.35,9719.05
13997,FNIP-RGB&010,[FNIP-RGB&010] P5 4 Channel Ethernet Low Voltage LED Dimmer and 0-10v Output module,9466.96,6626.87
13994,FNIP-4XSH,[FNIP-4XSH] P5 4 Channel Ethernet Window Shading Controller,9466.96,6626.87
13996,FNIP-8x16A.v4,[FNIP-8x16A.v4] P5 8 channel relay unit,9466.96,6626.87
14545,PB050,[PB050] PB 050 DISPLAY TABLE STAND,4346.96,3042.87
14546,PB150,[PB150] PB 150 DISPLAY TROLLEY 150CM,9390.43,6573.3
14547,PB175,[PB175] PB 175 DISPLAY TROLLEY 175CM,10173.04,7121.13
14548,PFA9001,[PFA9001] PFA 9001 TURN&TILT UNIT,2539.13,1777.39
14549,PFA9002,[PFA9002] PFA 9002 DUAL TURN&TILT UNIT,2539.13,1777.39
14550,PFA9003,[PFA9003] PFA 9003 EXTENSION POLE 150CM,1913.04,1339.13
14551,PFA9004,[PFA9004] PFA 9004 EXTENSION POLE 300CM,2773.91,1941.74
14552,PFA9006,[PFA9006] PFA 9006 STABILISATION KIT,1530.43,1071.3
14553,PFA9007,[PFA9007] PFA 9007 JOIST ADAPTER,669.57,468.7
14554,PFA9008,[PFA9008] PFA 9008 ANTI-THEFT LOCK SET FOR FAU 3125/3150,278.26,194.78
14555,PFA9010,[PFA9010] PFA 9010 CEILING PLATE,278.26,194.78
14556,PFA9011,[PFA9011] PFA 9011 DISPLAY FIXED FLOOR STAND,11400,7980
14557,PFA9015,[PFA9015] PFA 9015 EXTENSION POLE 80CM,1295.65,906.96
14558,PFA9016,[PFA9016] PFA 9016 EXTENSION POLE 30CM,721.74,505.22
14559,PFA9023,[PFA9023] PFA 9023 POLE COUPLER 9000 SERIES,1643.48,1150.43
14560,PFA9028,[PFA9028] PFA 9028 FLOOR PLATE 9000 SERIES,947.83,663.48
14561,PFA9030,[PFA9030] PFA 9030 TURN&TILT UNIT,1295.65,906.96
14563,PFA9033,[PFA9033] PFA 9033 ACCESSORY SHELF,3999.13,2799.39
14564,PFA9034,[PFA9034] PFA 9034 LOCKING CABINET,6694.78,4686.35
14565,PFA9038,[PFA9038] PFA 9038 ACCESSORY SHELF FOR PFA POLES PFF 1550/1570 & PFA 9011,4086.09,2860.26
14566,PFA9052,[PFA9052] PFA 9052 LOCKING CABINET LARGE,9303.48,6512.43
14567,PFA9100,[PFA9100] PFA 9100 MOUNTING KIT INSERTS M5/M8,113.04,79.13
14568,PFA9101,[PFA9101] PFA 9101 CONNECT-IT SMALL FLOOR PLATE,582.61,407.83
14569,PFA9102,[PFA9102] PFA 9102 DUAL MONITOR ADAPTER,4086.09,2860.26
14570,PFA9103,[PFA9103] PFA 9103 CONNECT-IT LARGE FLOOR PLATE,955.65,668.96
14571,PFA9104,[PFA9104] PFA 9104 CONNECT-IT LARGE  BAR COUPLER,1303.48,912.43
14572,PFA9105,[PFA9105] PFA 9105 WHITE POLE COVERS FOR PUC 23XX SERIES,52.17,36.52
14573,PFA9106,[PFA9106] PFA 9106 WHITE CEILING COVERS FOR PUC 21XX AND 23XX SERIES,42.61,29.83
14574,PFA9107,[PFA9107] PFA 9107 WHITE POLE COVERS FOR PUC 25XX SERIES,120.87,84.61
14575,PFA9108,[PFA9108] PFA 9108 WHITE CEILING COVERS FOR PUC 25XX SERIES,77.39,54.17
14576,PFA9109,[PFA9109] PFA 9109 PADLOCK FOR PFS 33XX,207.83,145.48
14577,PFA9112,[PFA9112] PFA 9112 CONNECT-IT LOCKING CABINET SMALL,9042.61,6329.83
14578,PFA9113,[PFA9113] PFA 9113 CONNECT-IT LOCKING CABINET LARGE,9390.43,6573.3
14579,PFA9114,[PFA9114] PFA 9114 WHEELS HEAVY DUTY,3477.39,2434.17
14580,PFA9115,[PFA9115] PFA 9115 BACK COVERS 42-47 INCH BLACK,7825.22,5477.65
14581,PFA9116,[PFA9116] PFA 9116 BACK COVERS 50-55 INCH BLACK,9042.61,6329.83
14582,PFA9117,[PFA9117] PFA 9117 WALL MOUNT SUPPORT FOR PFWE 7150,5825.22,4077.65
14583,PFA9118,[PFA9118] PFA 9118 PC HOLDER FOR PFTE 7112,2607.83,1825.48
14584,PFA9119,[PFA9119] PFA 9119 ELECTRONIC SAFETY STRIP,4346.96,3042.87
14585,PFA9120,[PFA9120] PFA 9120 BACK COVERS 42-47 INCH PORTRAIT,8607.83,6025.48
14586,PFA9121,[PFA9121] PFA 9121 BACK COVERS 50-55 INCH PORTRAIT,9825.22,6877.65
14587,PFA9122,[PFA9122] PFA 9122 Z-BRACKET,1477.39,1034.17
14588,PFA9123,[PFA9123] PFA 9123 MOUNTING KIT PFB 34XX TO PUC 23XX,139.13,97.39
14589,PFA9124,[PFA9124] PFA 9124 TROLLEY GRIP,520.87,364.61
14590,PFA9125,[PFA9125] PFA 9125 DUAL DESK MOUNT ADAPTER,3651.3,2555.91
14591,PFA9126,[PFA9126] PFA 9126 PFB 34XX BRACKET KIT,416.52,291.57
14592,PFA9127,[PFA9127] PFA 9127 ACCESSORY CLAMP,1477.39,1034.17
14593,PFA9128,[PFA9128] PFA 9128 CABLE CLIP PFB 34xx 20PCS/BOX,955.65,668.96
14594,PFA9129,[PFA9129] PFA 9129 CONNECT-IT VIDEO WALL CROSS BAR 1150MM,5129.57,3590.7
14595,PFA9130,[PFA9130] PFA 9130 CONNECT-IT VIDEO WALL CROSS BAR 1500MM,5912.17,4138.52
14596,PFA9131,[PFA9131] PFA 9131 CONNECT-IT POLE COUPLER FOR PUC 29xx,1721.74,1205.22
14597,PFA9132,[PFA9132] PFA 9132 CONNECT-IT FLOOR / CEILING SUPPORT,3477.39,2434.17
14598,PFA9133,[PFA9133] PFA 9133 CONNECT-IT WALL SUPPORT SLIDING BRACKET,2686.96,1880.87
14599,PFA9134,[PFA9134] PFA 9134 WALL BRACKET MOTORIZED DISPLAY LIFT,1382.61,967.83
14600,PFA9136,[PFA9136] PFA 9136 UNISEE MOUNTING ADAPTER 9  PCS,7129.57,4990.7
14601,PFA9137,[PFA9137] PFA 9137 UNISEE MOUNTING BOX,781.74,547.22
14602,PFA9138,[PFA9138] PFA 9138 UNISEE SPACER STRAIGHT VIDEO WALL,1825.22,1277.65
14603,PFA9139,[PFA9139] PFA 9139 ANGLED ADAPTER FOR PFW 6875,6121.74,4285.22
14604,PFA9140,[PFA9140] PFA 9140 UNISEE SPACER CURVED VIDEO WALL 0-10 DEGREE,51303.48,35912.43
14609,PFA9145,[PFA9145] PFA 9145 COLUMN CLAMP CONNECT-IT,4520.87,3164.61
14610,PFA9146,[PFA9146] PFA 9146 INTERFACE EXTENDER 800x400,1704.35,1193.04
14611,PFA9147,[PFA9147] PFA 9147 COVER FOR PFI 3061/3062,1704.35,1193.04
14612,PFA9150,[PFA9150] PFA 9150 UNISEE PORTRAIT EVEN,40868.7,28608.09
14613,PFA9151,[PFA9151] PFA 9151 UNISEE SPACER PORTRAIT UNEVEN,40868.7,28608.09
14562,PFA9031,[PFA9031] PFA9031 Column Clamp,2947.83,2063.48
14615,PFB3402B,[PFB3402B] PFB 3402 INTERFACE BAR 290MM BLACK,1104.35,851.57
14614,PFB3402,[PFB3402] PFB 3402 INTERFACE BAR 290MM SILVER,1529.57,1070.7
14616,PFB3405B,[PFB3405B] PFB 3405 INTERFACE BAR 515MM BLACK,1400,851.57
14618,PFB3407B,[PFB3407B] PFB 3407 INTERFACE BAR 715MM BLACK,1686.96,1338.52
14620,PFB3409B,[PFB3409B] PFB 3409 INTERFACE BAR 915MM BLACK,1956.52,1521.13
14621,PFB3411B,[PFB3411B] PFB 3411 INTERFACE BAR 1175MM BLACK,2373.91,1825.48
14623,PFB3419B,[PFB3419B] PFB 3419 INTERFACE BAR 1915MM BLACK,5738.26,3042.87
14624,PFB3427B,[PFB3427B] PFB 3427 INTERFACE BAR 2765MM BLACK,5165.22,4016.78
14625,PFB3433B,[PFB3433B] PFB 3433 INTERFACE BAR 3315MM BLACK,8694.78,4868.96
14626,PFC555,[PFC555] PFC 555 DISPLAY CEILING KIT,4695,3286.35
14627,PFC585,[PFC585] PFC 585 DISPLAY CEILING KIT,5390,3773.3
14628,PFD8522,[PFD8522] PFD 8522 DESK MOUNT 2 PIVOTS,4607.83,3225.48
14629,PFD8523,[PFD8523] PFD 8523 DESK MOUNT 3 PIVOTS,4868.7,3408.09
14630,PFD8541,[PFD8541] PFD 8541 DESK MOUNT GAS SPRING LIGHT - MEDIUM,6955.65,4868.96
14631,PFD8543,[PFD8543] PFD 8543 DESK MOUNT GAS SPRING MEDIUM - HEAVY,6955.65,4868.96
14632,PFF1550,[PFF1550] PFF 1550 DISPLAY FLOOR STAND 150CM,15765.22,11035.65
14633,PFF1570,[PFF1570] PFF 1570 DISPLAY FLOOR STAND 170CM,16904.35,11833.04
14634,PFF2420,[PFF2420] PFF 2420 DISPLAY FLOOR STAND,26520.87,18564.61
14635,PFF5100,[PFF5100] PFF 5100 VIDEO CONFERENCING FURNITURE,83216.52,58251.57
14636,PFF5211,[PFF5211] PFF 5211 VIDEO CONFERENCING FURNITURE,86955.65,60868.96
14637,PFF7020,[PFF7020] PFF 7020 FLOOR PLATE LARGE Black,7825.22,5477.65
14638,PFF7025,[PFF7025] PFF 7025 FLOOR PLATE LARGE BLACK,5286.96,3700.87
14639,PFF7030,[PFF7030] PFF 7030 FLOOR PLATE EXTRA LARGE Black,10694.78,7486.35
14640,PFF7040,[PFF7040] PFF 7040 FLOOR PLATE BACK TO BACK LARGE Black,9564.35,6695.04
14641,PFF7050,[PFF7050] PFF 7050 FLOOR PLATE BACK TO BACK EXTRA LARGE Black,9156.52,6409.57
14642,PFF7060,[PFF7060] PFF 7060 FLOOR MOUNTING PLATE Black,2173.04,1521.13
14643,PFF7805,[PFF7805] PFF 7805 VIDEO WALL FLOOR STAND 2X2 FOR 46-55 INCH,111486.96,78040.87
14644,PFF7810,[PFF7810] PFF 7810 VIDEO WALL FLOOR STAND 3X3 FOR 46 INCH,156626.09,109638.26
14645,PFF7920,[PFF7920] PFF 7920 CONNECT-IT VIDEO WALL FLOOR STAND BASE,8694.78,6086.35
14646,PFF7960,[PFF7960] PFF 7960 CONNECT-IT FLOOR MOUNTING PLATE,4617.39,3232.17
14647,PFF7965,[PFF7965] PFF 7965 FLOOR PLATE ADJUSTABLE,9564.35,6695.04
14648,PFFE7105,[PFFE7105] PFFE 7105 MOTORIZED DISPLAY LIFT 50CM,11678.26,8174.78
14649,PFFE7106,[PFFE7106] PFFE 7106 MOTORIZED DISPLAY LIFT 60CM,12373.91,8661.74
14650,PFFE7109,[PFFE7109] PFFE 7109 MOTORIZED DISPLAY LIFT 99CM,18843.48,13190.43
14651,PFFE7131,[PFFE7131] PFFE 7131 MOTORIZED DISPLAY LIFT,23365.22,16355.65
14652,PFI3015,[PFI3015] PFI 3015 INTERFACE 50X50 75X75 100X100,1216.52,851.57
14653,PFI3035,[PFI3035] PFI 3035 (TO BE REPLACED WITH PFI 3045),1643.48,1150.43
14654,PFI3045,[PFI3045] PFI 3045 INTERFACE 200X100 200X200,1564.35,1095.04
14655,PFI3061,[PFI3061] PFI 3061 INTERFACE BOX FOR PFFE 7105 / 7106,7295.65,5106.96
14656,PFI3062,[PFI3062] PFI 3062  INTERFACE BOX FOR for PFFE 7109,7295.65,5106.96
14657,PFS3204,[PFS3204] PFS 3204 INTERFACE DISPLAY STRIP 160 KG,2173.04,1521.13
14658,PFS3208,[PFS3208] PFS 3208 INTERFACE DISPLAY STRIP 160 KG,2868.7,2008.09
14659,PFS3302,[PFS3302] PFS 3302 INTERFACE DISPLAY STRIPS 300MM,1738.26,1216.78
14660,PFS3304,[PFS3304] PFS 3304 INTERFACE DISPLAY STRIPS 450MM,1912.17,1338.52
14661,PFS3306,[PFS3306] PFS 3306 INTERFACE DISPLAY STRIPS 630MM,2173.04,1521.13
14662,PFS3308,[PFS3308] PFS 3308 INTERFACE DISPLAY STRIPS 830MM,2433.91,1703.74
14663,PFS3311,[PFS3311] PFS 3311 INTERFACE DISPLAY STRIP 1130MM,3042.61,2129.83
14664,PFS3504,[PFS3504] PFS 3504 INTERFACE 3-D ADJUSTABLE DISPLAY STRIP,3477.39,2434.17
14665,PFS3508,[PFS3508] PFS 3508 INTERFACE 3-D ADJUSTABLE DISPLAY STRIP,4955.65,3468.96
14666,PFT2515,[PFT2515] PFT 2515 DISPLAY TROLLEY 59-64CM,21564.35,15095.04
14667,PFT2520,[PFT2520] PFT 2520 DISPLAY TROLLEY 113-177CM,26433.91,18503.74
14668,PFT8520,[PFT8520] PFT 8520 TROLLEY FRAME LARGE Black,8346.96,5842.87
14669,PFT8525,[PFT8525] PFT 8525 TROLLEY FRAME LARGE BLACK,5486.96,3840.87
14670,PFT8530,[PFT8530] PFT 8530 TROLLEY FRAME EXTRA LARGE Black,10955.65,7668.96
14671,PFT8810,[PFT8810] PFT 8810 VIDEO WALL TROLLEY 3X3,93043.48,65130.43
14672,PFT8920,[PFT8920] PFT 8920 CONNECT-IT VIDEO WALL TROLLEY BASE,9477.39,6634.17
14673,PFTE7111,[PFTE7111] PFTE 7111 MOTORIZED DISPLAY TROLLEY WITH CABINET,73042.61,51129.83
14674,PFTE7112,[PFTE7112] PFTE 7112 MOTORIZED DISPLAY TROLLEY,54781.74,38347.22
14675,PFTE7121,[PFTE7121] PFTE 7121 TOUCH TABLE MOTORIZED CABINET,113042.61,79129.83
14676,PFW1030,[PFW1030] PFW 1030 DISPLAY WALL MOUNT TURN &TILT,1912.17,1338.52
14677,PFW1040,[PFW1040] PFW 1040 DISPLAY WALL MOUNT TURN &TILT,2346.96,1642.87
14678,PFW2020,[PFW2020] PFW 2020 DISPLAY WALL MOUNT TURN AND TILT,1564.35,1095.04
14679,PFW2030,[PFW2030] PFW 2030 DISPLAY WALL MOUNT TURN AND TILT,2086.09,1460.26
14680,PFW2040,[PFW2040] PFW 2040 DISPLAY WALL MOUNT TURN AND TILT,2781.74,1947.22
14681,PFW3030,[PFW3030] PFW 3030 DISPLAY WALL MOUNT TURN AND TILT,2955.65,2068.96
14682,PFW3040,[PFW3040] PFW 3040 DISPLAY WALL MOUNT TURN AND TILT,4520.87,3164.61
14684,PFW4200,[PFW4200] PFW 4200 WALL MOUNT,860.86,395.04
14685,PFW4210,[PFW4210] PFW 4210 WALL MOUNT TILT,694.78,486.35
14686,PFW4500,[PFW4500] PFW 4500 DISPLAY WALL MOUNT FLAT,1216.52,851.57
14687,PFW4510,[PFW4510] PFW 4510 DISPLAY WALL MOUNT TILT,1738.26,1216.78
14689,PFW4700,[PFW4700] PFW 4700 DISPLAY WALL MOUNT FLAT,2086.09,1460.26
14690,PFW4710,[PFW4710] PFW 4710 DISPLAY WALL MOUNT TILT,2346.96,1642.87
14691,PFW5808,[PFW5808] PFW 5808 INTERFACE WALL PLATE XL 800MM,2373.91,1661.74
14692,PFW5810,[PFW5810] PFW 5810 INTERFACE WALL PLATE XL 1050 MM,2834.78,1984.35
14693,PFW5814,[PFW5814] PFW 5814 INTERFACE WALL PLATE XL 1450MM,3147.83,2203.48
14694,PFW5870,[PFW5870] PFW 5870 VIDEO WALL MODULE FIXED,8520.87,5964.61
14695,PFW5908,[PFW5908] PFW 5908 INTERFACE DISPLAY STRIP SET XL 800MM,3904.35,2733.04
14696,PFW5909,[PFW5909] PFW 5909 INTERFACE DISPLAY STRIP SET XL 1050MM,4460.87,3122.61
14697,PFW5914,[PFW5914] PFW 5914 INTERFACE DISPLAY STRIP SET XL 1450MM,5686.96,3980.87
14698,PFW6400,[PFW6400] PFW 6400 DISPLAY WALL MOUNT FIXED,2433.91,1703.74
14699,PFW6410,[PFW6410] PFW 6410 DISPLAY WALL MOUNT TILT,3216.52,2251.57
14700,PFW6800,[PFW6800] PFW 6800 DISPLAY WALL MOUNT FIXED,2868.7,2008.09
14701,PFW6810,[PFW6810] PFW 6810 DISPLAY WALL MOUNT TILT,3651.3,2555.91
14702,PFW6815,[PFW6815] PFW 6815 DISPLAY WALL MOUNT PORTRAIT FIXED,3216.52,2251.57
14703,PFW6850,[PFW6850] PFW 6850 DISPLAY WALL MOUNT ULTRA FLAT TURN & TILT 45KG,14346.96,10042.87
14704,PFW6851,[PFW6851] PFW 6851 DISPLAY WALL MOUNT TURN & TILT 80KG,9564.35,6695.04
14705,PFW6852,[PFW6852] PFW 6852 DISPLAY WALL MOUNT TURN & TILT 136KG,16520.87,11564.61
14706,PFW6854,[PFW6854] PFW 6854 DISPLAY WALL MOUNT ROTATING,6139.13,4297.39
14707,PFW6855,[PFW6855] PFW 6855 DISPLAY WALL MOUNT TURN & TILT 227KG,30955.65,21668.96
14708,PFW6858,[PFW6858] PFW 6858 DISPLAY WALL MOUNT ROTATE 90°,9390.43,6573.3
14709,PFW6870,[PFW6870] PFW 6870 VIDEO WALL POP-OUT MODULE,11999.13,8399.39
14710,PFW6875,[PFW6875] PFW 6875 VIDEO WALL POP OUT MODULE PORTRAIT,13738.26,9616.78
14711,PFW6880,[PFW6880] PFW 6880 VIDEO WALL POP-OUT MODULE SLIM,13042.61,9129.83
14712,PFW6885,[PFW6885] PFW 6885 VIDEO WALL POP-OUT MODULE PORTRAIT SLIM,14346.96,10042.87
14713,PFW6910,[PFW6910] PFW 6910 DISPLAY WALL MOUNT TILT XXL,8173.04,5721.13
14715,PFW950,[PFW950] PFW 950 RIGHT-ANGLED DISPLAY WALL MOUNT,6513.04,4559.13
14716,PFW952,[PFW952] PFW 952 RIGHT-ANGLED DISPLAY WALL MOUNT FOR 2 DISPLAYS BACK-TO-BACK,7121.74,4985.22
14683,PFW3240,[PFW3240] PFW3240 LCD Wall Support,1947.83,1363.48
14717,PFWE7150,[PFWE7150] PFWE 7150 MOTORIZED DISPLAY WALL MOUNT,44346.96,31042.87
14005,PHA500,[PHA500] PHA 500 Cable sleeve,200,120
14006,PHA600,[PHA600] PHA 600 Cable Cover,391.3,234.78
14007,PHA700,[PHA700] PHA 700 AV Support,756.52,453.91
13537,PHAN E-60,[PHAN E-60] PHANTOM E-60 ROUND IN-CEILING SPEAKER,5208.7,3125.22
13488,E-60 S,[E-60 S] PHANTOM E-60 S,4346.96,2608.17
13538,PHAN E-80,[PHAN E-80] PHANTOM E-80 ROUND IN-CEILING SPEAKER,7295.65,4377.39
13539,PHAN H-60,[PHAN H-60] PHANTOM H-60 SQUARE IN-CEILING SPEAKER,10426.09,6255.65
13540,PHAN S-80,[PHAN S-80] PHANTOM S-80 IN-WALL SPEAKER,26947.83,16168.7
14008,PHW100L,[PHW100L] PHW 100 L Fixed TV Wall Mount,1469.57,881.74
14009,PHW100M,[PHW100M] PHW 100 M Fixed TV Wall Mount,756.52,453.91
14010,PHW100S,[PHW100S] PHW 100 S Fixed TV Wall Mount,426.09,255.65
14011,PHW200L,[PHW200L] PHW 200 L Tilting TV Wall Mount,1730.43,1038.26
14012,PHW200M,[PHW200M] PHW 200 M Tilting TV Wall Mount,1260.87,756.52
14013,PHW200S,[PHW200S] PHW 200 S Tilting TV Wall Mount,756.52,453.91
14015,PHW300L,[PHW300L] PHW 300 L Full-Motion TV Wall Mount,3208.7,1925.22
14016,PHW300M,[PHW300M] PHW 300 M Full-Motion TV Wall Mount,2513.04,1507.83
14017,PHW300S,[PHW300S] PHW 300 S Full-Motion TV Wall Mount,1469.57,881.74
14018,PHW400L,[PHW400L] PHW 400 L  Full-Motion TV Wall Mount,4339.13,2603.48
14019,PHW400M,[PHW400M] PHW 400 M Full-Motion TV Wall Mount,3469.57,2081.74
14020,PHW400S,[PHW400S] PHW 400 S Full-Motion TV Wall Mount,2252.17,1351.3
14718,PLA1001,[PLA1001] PLA 1001 ACTUATOR BASE SET,26243.48,18370.43
14719,PLA1002,[PLA1002] PLA 1002 ACTUATOR EXTENSION SET,13104.35,9173.04
14720,PLA8105,[PLA8105] PLA 8105 LED MOUNTING BOLTS M5 4 PCS,929.57,650.7
14721,PLA8106,[PLA8106] PLA 8106 LED MOUNTING BOLTS M6 4 PCS,929.57,650.7
14722,PLA8108,[PLA8108] PLA 8108 LED MOUNTING BOLTS M8 4 PCS,782.61,547.83
14723,PLA8110,[PLA8110] PLA 8110 LED MOUNTING BOLTS M10 4 PCS,782.61,547.83
14724,PLA8201,[PLA8201] PLA 8201 LED INTERFACE T/B,1052.17,736.52
14725,PLA8202,[PLA8202] PLA 8202 LED INTERFACE T/B,1052.17,736.52
14726,PLA8203,[PLA8203] PLA 8203 LED INTERFACE T/B,1052.17,736.52
14727,PLA8204,[PLA8204] PLA 8204 LED INTERFACE T/B,1052.17,736.52
14728,PLA8205,[PLA8205] PLA 8205 LED INTERFACE T/B,1052.17,736.52
14729,PLA8206,[PLA8206] PLA 8206 LED INTERFACE T/B,1052.17,736.52
14730,PLA8207,[PLA8207] PLA 8207 LED INTERFACE T/B,1052.17,736.52
14731,PLA8208,[PLA8208] PLA 8208 LED INTERFACE T/B,1052.17,736.52
14732,PLA8209,[PLA8209] PLA 8209 LED INTERFACE T/B,1052.17,736.52
14733,PLA8210,[PLA8210] PLA 8210 LED INTERFACE T/B,1052.17,736.52
14734,PLA8211,[PLA8211] PLA 8211 LED INTERFACE T/B,1052.17,736.52
14735,PLA8301,[PLA8301] PLA 8301 LED INTERFACE MIDDLE,1052.17,736.52
14736,PLA8302,[PLA8302] PLA 8302 LED INTERFACE MIDDLE,1052.17,736.52
14737,PLA8303,[PLA8303] PLA 8303 LED INTERFACE MIDDLE,1052.17,736.52
14738,PLA8304,[PLA8304] PLA 8304 LED INTERFACE MIDDLE,1052.17,736.52
14739,PLA8305,[PLA8305] PLA 8305 LED INTERFACE MIDDLE,1052.17,736.52
14740,PLA8306,[PLA8306] PLA 8306 LED INTERFACE MIDDLE,1243.48,870.43
14741,PLA8307,[PLA8307] PLA 8307 LED INTERFACE MIDDLE,1243.48,870.43
14742,PLA8308,[PLA8308] PLA 8308 LED INTERFACE MIDDLE,1052.17,736.52
14743,PLA8309,[PLA8309] PLA 8309 LED INTERFACE MIDDLE,1052.17,736.52
14744,PLA8310,[PLA8310] PLA 8310 LED INTERFACE MIDDLE,1052.17,736.52
14745,PLA8311,[PLA8311] PLA 8311 LED INTERFACE MIDDLE,1052.17,736.52
14746,PLA8705,[PLA8705] PLA 8705 LED MOUNTING BOLTS M5 EXTENDED 4PCS,1347.83,943.48
14747,PLA8706,[PLA8706] PLA 8706 LED MOUNTING BOLTS M6 EXTENDED 4PCS,1347.83,943.48
14748,PLA8708,[PLA8708] PLA 8708 LED MOUNTING BOLTS M8 EXTENDED 4PCS,1347.83,943.48
14749,PLA8710,[PLA8710] PLA 8710 LED MOUNTING BOLTS M5 EXTENDED 4PCS,1347.83,943.48
14750,PLA8901,[PLA8901] PLA 8901 LED BRACKET KIT PLA 83XX,1139.13,797.39
14038,12BSPKP10,[12BSPKP10] PLANETWAVES 12AWG Speaker Connector,1361.74,953.22
14039,14BSPKP10,[14BSPKP10] PLANETWAVES 14AWG Speaker Connector,1361.74,953.22
14040,16BSPKP10,[16BSPKP10] PLANETWAVES 16AWG Speaker Connector,1361.74,953.22
14041,BCBNCP10,[BCBNCP10] PLANETWAVES BNC Connectors-Male,1634.78,1144.35
14047,CITK01,[CITK01] PLANETWAVES Cutter/Screwdriver Tool Kit,837.39,586.18
14042,BCFP10,[BCFP10] PLANETWAVES F Connectors-Male,1005.22,703.66
14049,CXSCHD250,[CXSCHD250] PLANETWAVES HD Coax-Black,5421.74,3795.22
14050,CXSCHD250B,[CXSCHD250B] PLANETWAVES HD Coax-Blue,5421.74,3795.22
14051,CXSCHD250G,[CXSCHD250G] PLANETWAVES HD Coax-Green,5421.74,3795.22
14052,CXSCHD250R,[CXSCHD250R] PLANETWAVES HD Coax-Red,5421.74,3795.22
14053,CXSCHD250W,[CXSCHD250W] PLANETWAVES HD Coax-White,5421.74,3795.22
14048,CXDCHD250,[CXDCHD250] PLANETWAVES HD Dual Coax-bLACK,10988.7,7692.09
14055,PSDNE,[PSDNE] PLANETWAVES HDMI Port Saver Right Angle Down,258.26,180.79
14056,PSLTE,[PSLTE] PLANETWAVES HDMI Port Saver Right Angle Left,260,182
14057,PSUPE,[PSUPE] PLANETWAVES HDMI Port Saver Right Angle Up,260,182
14059,PW-OPT-05,[PW-OPT-05] PLANETWAVES Optical Cable-5',324.35,227.05
14054,CXSCP500,[CXSCP500] PLANETWAVES Pre-Wire Coax-Single-Black,3254.78,2278.35
14043,BCRCAFP10,[BCRCAFP10] PLANETWAVES RCA Connectors-Female,1047.83,733.48
14045,BCRCAP50,[BCRCAP50] PLANETWAVES RCA Connectors-Male,4945.22,3461.66
14061,STRCAP10,[STRCAP10] PLANETWAVES RCA Connectors-Male,654.78,458.35
14060,RCAP50,[RCAP50] PLANETWAVES RCA Connectors-Male,3405.22,2383.66
14044,BCRCAP10,[BCRCAP10] PLANETWAVES RCA Connectors-Male,1079.13,755.4
14062,STRCAP50,[STRCAP50] PLANETWAVES ST Series Gold Plated RCA 50 Pack,6664.35,4665.05
14046,CBLT01,[CBLT01] PLANETWAVES Universal Remote Tester,665.22,465.66
13189,PFIXPLANO-00066,[PFIXPLANO-00066] PLANO - 113 - Vision Acoustik 16:9,26752.17,18726.52
13191,PFIXPLANO-00544,[PFIXPLANO-00544] PLANO- 128 - Amb Grey 16:9,25473.91,18717.39
13188,PFIXPLANO-00063,[PFIXPLANO-00063] PLANO-99-Ref White 16:9,14884.35,12904.35
14467,PLAY1EU1,[PLAY1EU1] PLAY:1 WHITE,3477.39,2781.91
14466,PL5G2EU1BLK,[PL5G2EU1BLK] PLAY:5 (gen2) EU (Black),9556.52,7645.22
14465,PL5G2EU1,[PL5G2EU1] PLAY:5 (gen2) EU (White),9564.35,7651.48
14459,PBAR1EU1BLK,[PBAR1EU1BLK] PLAYBAR EU (Black),12173.04,9738.43
14462,PBRWMWW1,[PBRWMWW1] PLAYBAR WALLMOUNT,520.87,416.69
14461,PBASEEU1BLK,[PBASEEU1BLK] PLAYBASE BLACK,12173.04,0
14460,PBASEEU1,[PBASEEU1] PLAYBASE WHITE,12173.04,0
15023,CLI-PLEN1C-00,[CLI-PLEN1C-00] PLENUM REMOTE SENSOR COMMERCIAL,3327.83,1996.7
15024,CLI-PLEN1R-00,[CLI-PLEN1R-00] PLENUM REMOTE SENSOR RESIDENTIAL,3327.83,1996.7
14751,PLM8030,[PLM8030] PLM8030 Vertical Profile 3m,5390.43,3773.3
14752,PLS8001,[PLS8001] PLS 8001 LED VERTICAL PROFILE MOUNTING STRIP,2433.91,1703.74
14753,PLW1001,[PLW1001] PLW 1001 1X2 LED VIDEO WALL MOUNT,1610260.87,1127182.61
14754,PLW1002,[PLW1002] PLW 1002 2X2 LED VIDEO WALL MOUNT,2283739.13,1598617.39
14755,PLW1003,[PLW1003] PLW 1003 1X3 LED VIDEO WALL MOUNT,172765.22,120935.65
14756,PLW1004,[PLW1004] PLW 1004 2X3 LED VIDEO WALL MOUNT,238565.22,166995.65
14757,PMA7901,[PMA7901] PMA 7901 MEDICALL WALL BOX,2478.26,1734.78
14758,PMW7014,[PMW7014] PMW 7014 MEDICAL WALL MOUNT 1-4KG,19139.13,13397.39
14759,PMW7038,[PMW7038] PMW 7038 MEDICAL WALL MOUNT 3-8KG,19139.13,13397.39
15276,SHA-CB34-10,[SHA-CB34-10] POCKET BRACKET KIT,1353.04,1082.44
15277,SHA-CB5-10,[SHA-CB5-10] POCKET SHADE COUPLER,1798.26,1438.61
15191,P-LCRDM-MK2,[P-LCRDM-MK2] PORTRAIT LCR-DM MK2,36842.61,22105.57
15128,HST-DIRECTOR-00,[HST-DIRECTOR-00] POWER SYSTEM DIRECTOR,28262.61,16957.57
15223,SEM-2015-00,[SEM-2015-00] POWER SYSTEM MONITOR,14837.39,11869.92
14760,PPA310,[PPA310] PPA 310 PROJECTOR ANTI THEFT HOUSING SMALL - MEDIUM,11042.61,7729.83
14761,PPA320,[PPA320] PPA 320 PROJECTOR ANTI THEFT HOUSING LARGE,12607.83,744.35
14762,PPA901,[PPA901] PPA 901 CEILING TILE HOLDER,4781.74,3347.22
14763,PPA902,[PPA902] PPA 902 RF REMOTE CONTROL KIT,5999.13,4199.39
14764,PPA903,[PPA903] PPA 903 CONTROL PAD FOR RD REMOTE CONTROL KIT,2607.83,1825.48
14765,PPA904,[PPA904] PPA 904 LOW VOLTAGE CONTACT,4086.09,2860.26
14766,PPA905,[PPA905] PPA 905 INTERFACE SWITCH 12V,4086.09,2860.26
14767,PPA906,[PPA906] PPA 906 SMARTBOX RF FOR PPL 2500,23617.39,16532.17
14768,PPC1500,[PPC1500] PPC 1500 PROJECTOR CEILING MOUNT,2520.87,1764.61
14769,PPC1540,[PPC1540] PPC 1540 PROJECTOR CEILING MOUNT LENGTH 40-55CM,3738.26,2616.78
14770,PPC1555,[PPC1555] PPC 1555 PROJECTOR CEILING MOUNT LENGTH 55-85CM,4260,2982
14771,PPC1585,[PPC1585] PPC 1585 PROJECTOR CEILING MOUNT LENGTH 85-135CM,5216.52,3651.57
14772,PPC2500,[PPC2500] PPC 2500 PROJECTOR CEILLING MOUNT,3738.26,2616.78
14773,PPC2540,[PPC2540] PPC 2540 PROJECTOR CEILING MOUNT LENGTH 40-55CM,6346.96,309.57
14774,PPC2555,[PPC2555] PPC 2555 PROJECTOR CEILING MOUNT LENGTH 55-85CM,6694.78,4686.35
14775,PPC2585,[PPC2585] PPC 2585 PROJECTOR CEILING MOUNT LENGTH 85-135CM,7651.3,5355.91
14776,PPL2035,[PPL2035] PPL 2035 PROJECTOR LIFT SYSTEM,31303.48,21912.43
14777,PPL2100,[PPL2100] PPL 2100 PROJECTOR LIFT SYSTEM,36173.04,25321.13
14778,PPL2170,[PPL2170] PPL 2170 PROJECTOR LIFT SYSTEM,42346.96,29642.87
14779,PPL2500,[PPL2500] PPL 2500 PROJECTOR LIFT SYSTEM,180868.7,126608.09
15212,SAV-PROHOST,"[SAV-PROHOST] PRO HOST, PLUS RUNTIME",115971.3,92777.05
14063,40145,[40145] PS-S83T WHITE PRO SURFACE MOUNT (Pair),23565.22,14139.14
14399,PS-S83T-WH,[PS-S83T-WH] PS-S83T WHITE PRO SURFACE MOUNT (Pair),21737.39,0
14064,40146,[40146] PS-S83T WHITE PRO SURFACE MOUNT (Single),14760,8856
14780,PSP17006,[PSP17006] PSP 17006 CISCO ADAPTER,1477.39,1034.17
14781,PSP18001L,[PSP18001L] PSP 18001L Shelf Mount,2043.48,1430.43
14782,PSP18001S,[PSP18001S] PSP 18001S Shelf Mount,1965.22,1375.65
14784,PTA3002,[PTA3002] PTA 3002 (TO BE REPLACED BY PTA 3102),1947.83,1363.48
14785,PTA3101,[PTA3101] PTA 3101 TABLOCK FLOOR STAND BLACK,5477.39,3834.17
14786,PTA3102,[PTA3102] PTA 3102 TABLOCK TABLE STAND,3303.48,2312.43
14787,PTA3103,[PTA3103] PTA 3103 TABLOCK WALL / TABLE MOUNT,1390.43,973.3
14788,PTA3105,[PTA3105] PTA 3105 TABLOCK TABLE STAND WITH FOOT PLATE,3825.22,2677.65
14790,PTS1205,[PTS1205] PTS 1205 IPAD 2 3 4 HOME BUTTON ACCESSIBLE (L&K),2695.65,1886.96
14791,PTS1206,[PTS1206] PTS 1206 IPAD 2 3 4 HOME BUTTON HIDDEN (L&K),2695.65,1886.96
14792,PTS1211,[PTS1211] PTS 1211 TABLOCK SAMSUNG GALAXY TAB 3 AND 4 10.1 HOME BUTTON ACCESSIBLE (L&K),2695.65,1886.96
14793,PTS1212,[PTS1212] PTS 1212 TABLOCK SAMSUNG GALAXY TAB 3 AND 4 10.1 HOME BUTTON HIDDEN (L&K),2695.65,1886.96
14794,PTS1213,[PTS1213] PTS 1213 IPAD AIR 1 & 2 IPAD PRO 9.7 IPAD HOME BUTTON ACCESSIBLE (L&K),3825.22,2677.65
14795,PTS1214,[PTS1214] PTS 1214 IPAD AIR 1 & 2 IPAD PRO 9.7 IPAD HOME BUTTON HIDDEN (L&K),3825.22,2677.65
14796,PTS1217,[PTS1217] PTS 1217 TABLOCK SAMSUNG GALAXY TAB S 10.5 HOME BUTTON ACCESSIBLE (L&K),2695.65,1886.96
14797,PTS1218,[PTS1218] PTS 1218 TABLOCK SAMSUNG GALAXY TAB S 10.5 HOME BUTTON HIDDEN (L&K),2695.65,1886.96
14798,PTS1219,[PTS1219] PTS 1219 TABLOCK FOR SAMSUNG GALAXY TAB S2 & S3 HOME BUTTON ACCESSIBLE (L&K),2695.65,1886.96
14799,PTS1220,[PTS1220] PTS 1220 TABLOCK FOR SAMSUNG GALAXY TAB S2 & S3 HOME BUTTON HIDDEN (L&K),2695.65,1886.96
14800,PTS1223,[PTS1223] PTS 1223 TABLOCK FOR IPAD PRO HOME BUTTON ACCESSIBLE(L&K),3269.57,2288.7
14801,PTS1224,[PTS1224] PTS 1224 TABLOCK FOR IPAD PRO HOME BUTTON HIDDEN (L&K),3269.57,2288.7
14802,PTS1225,[PTS1225] PTS 1225 TABLOCK FOR IPAD MINI 4 HOME BUTTON ACCESSIBLE (L&K),2582.61,1807.83
14803,PTS1226,[PTS1226] PTS 1226 TABLOCK FOR IPAD MINI 4 HOME BUTTON HIDDEN (L&K),2582.61,1807.83
14804,PTS1227,[PTS1227] PTS 1227 TABLOCK IPAD PRO 10.5 HBA,3825.22,2677.65
14805,PTS1228,[PTS1228] PTS 1228 TABLOCK IPAD PRO 10.5 HBH,3825.22,2677.65
14806,PTS1229,[PTS1229] PTS 1229 TABLOCK FOR TAB A 10.1 HBA,3825.22,2677.65
14807,PTS1230,[PTS1230] PTS 1230 TABLOCK FOR TAB A 10.1 HBH,3825.22,2677.65
14808,PTS1231,[PTS1231] PTS 1231 TABLOCK FOR TAB A 10.5,2695.65,1886.96
14809,PTS1232,[PTS1232] PTS 1232 TABLOCK FOR TAB S4,2695.65,1886.96
14810,PTS1233,[PTS1233] PTS 1233 TABLOCK FOR IPAD PRO 11,2695.65,1886.96
14811,PTS1234,[PTS1234] PTS 1234 TABLOCK FOR IPAD PRO 12.9,3269.57,2288.7
14812,PTS1235,[PTS1235] PTS 1235 SAMSUNG GALAXY TAB S5E,3825.22,2677.65
14813,PTS2010,[PTS2010] PTS 2010 UNIVERSAL TABLOCK,3129.57,2190.7
14814,PUA9501,[PUA9501] PUA 9501 CONNECT-IT SMALL POLE COUPLER,1060.87,742.61
14815,PUA9502,[PUA9502] PUA 9502 CONNECT-IT SMALL STABILISATION KIT,3999.13,2799.39
14816,PUA9503,[PUA9503] PUA 9503 CONNECT-IT LARGE POLE COUPLER,520.87,364.61
14817,PUA9504,[PUA9504] PUA 9504 CONNECT-IT LARGE STABILISATION KIT,4346.96,3042.87
14818,PUA9505,[PUA9505] PUA 9505 CONNECT-IT GIRDER H-BEAM MOUNT 70-180MM,2200,1540
14819,PUA9506,[PUA9506] PUA 9506 CONNECT-IT GIRDER H-BEAM MOUNT 150-300MM,2417.39,1692.17
14820,PUA9507,[PUA9507] PUA 9507 ACCESSORY TRAY FOR PUC 25XX SERIES,3477.39,2434.17
14821,PUA9507B,[PUA9507B] PUA 9507 ACCESSORY TRAY FOR PUC25XX AND PUC27XX BLACK,2486.96,1740.87
15165,PAS-1000-00,[PAS-1000-00] PUBLIC ANNOUNCEMENT SYSTEM,12064.35,7238.61
14822,PUC1011,[PUC1011] PUC 1011 CONNECT-IT SMALL CEILING PLATE FIXED,825,577.65
14823,PUC1030,[PUC1030] PUC 1030 CONNECT-IT SMALL CEILING PLATE TILT,1165.22,815.65
14824,PUC1035,[PUC1035] PUC 1035 CONNECT-IT BASIC CEILING PLATE TILT,843.48,590.43
14825,PUC1040,[PUC1040] PUC 1040 CONNECT-IT SMALL CEILING PLATE BALL JOINT,1513.04,1059.13
14827,PUC1050,[PUC1050] PUC 1050 CONNECT-IT SMALL TRUSS ADAPTER,1365.22,955.65
14828,PUC1060,[PUC1060] PUC 1060 CONNECT-IT LARGE CEILING PLATE FIXED,1217,851.57
14829,PUC1065,[PUC1065] PUC 1065 CONNECT-IT LARGE CEILING PLATE TURN,1738,1216.78
14830,PUC1070,[PUC1070] PUC 1070 CONNECT-IT LARGE CEILING PLATE TILT,1738,1216.78
14831,PUC1080,[PUC1080] PUC 1080 CONNECT-IT LARGE CEILING PLATE TILT AND TURN,1738,1216.78
14832,PUC1090,[PUC1090] PUC 1090 CONNECT-IT LARGE TRUSS ADAPTER,2086,1460.26
14833,PUC1910,[PUC1910] PUC 1910 CONNECT-IT CEILING PLATE FIXED,4617.39,3232.17
14834,PUC2108,[PUC2108] PUC 2108 BASIC SMALL POLE 80CM,1130,790.7
14835,PUC2115,[PUC2115] PUC 2115 BASIC SMALL POLE 150CM,1912,1338.52
14836,PUC2130,[PUC2130] PUC 2130 BASIC SMALL POLE 300CM,3477,2434.17
14837,PUC2308,[PUC2308] PUC 2308 CONNECT-IT SMALL POLE 80CM,1017.39,712.17
14838,PUC2315,[PUC2315] PUC 2315 CONNECT-IT SMALL POLE 150CM,1617.39,1132.17
14839,PUC2330,[PUC2330] PUC 2330 CONNECT-IT SMALL POLE 300CM,2869.57,2008.7
14840,PUC2408,[PUC2408] PUC 2408,1651,1155.91
14841,PUC2415,[PUC2415] PUC 2415,2608,1825.48
14842,PUC2508,[PUC2508] PUC 2508 CONNECT-IT LARGE POLE 80CM,1999,1399.39
14843,PUC2515,[PUC2515] PUC 2515 CONNECT-IT LARGE POLE 150CM,3129.57,2190.7
14844,PUC2530,[PUC2530] PUC 2530 CONNECT-IT LARGE POLE 300CM,5564.35,3895.04
14845,PUC2715,[PUC2715] PUC 2715 CONNECT-IT XL POLE 150CM Black,7129.57,4990.7
14846,PUC2718,[PUC2718] PUC 2718 CONNECT-IT XL POLE 180CM Black,7825.22,5477.65
14847,PUC2720,[PUC2720] PUC 2720 CONNECT-IT XL POLE 200CM Black,8607.83,6025.48
14848,PUC2920,[PUC2920] PUC 2920 CONNECT-IT POLE 200CM,9129.57,6390.7
14849,PUC2927,[PUC2927] PUC 2927 CONNECT-IT POLE 270CM,10607.83,7425.48
14850,PUC2933,[PUC2933] PUC 2933 CONNECT-IT POLE 330CM,12694.78,8886.35
14851,PUC2963,[PUC2963] PUC 2963 POLE 630CM,16460.87,11522.61
14826,PUC1045,[PUC1045] PUC1045,1825,1277.65
14852,PVA4307,[PVA4307] PVA 4307 VIDEO CONFERENCE SPEAKER,31303.48,21912.43
14853,PVA4310,[PVA4310] PVA 4310 VIDEO CONFERENCE SPEAKER,43477.39,30434.17
14854,PVA4316,[PVA4316] PVA 4316 VIDEO CONFERENCE SPEAKER,39600,27720
14855,PVA5050,[PVA5050] PVA 5050 CAMERA AND LOUDSPEAKER HOLDER,3042.61,2129.83
14856,PVA5070,[PVA5070] PVA 5070 CAMERA AND LOUDSPEAKER HOLDER,3564.35,2495.04
14857,PVF4112S,[PVF4112S] PVF 4112 VIDEO CONFERENCING FURNITURE,81617.39,57132.17
14858,PVF4112W,[PVF4112W] PVF 4112 VIDEO CONFERENCING FURNITURE WHITE,81617.39,57132.17
16503,C50-Pack,[C50-Pack] Packaged Surface-Mount Subwoofer-Satellite Loudspeaker System,23543.4,14126.04
14004,ZM1250,[ZM1250] Parasound Zonemaster 1250,66078.26,39646.96
14014,PHW200XL,[PHW200XL] Physix Wall Mount Tilt Extra Large,1295.65,777.39
14027,SX10AEBMMP,[SX10AEBMMP] Pioneer 2X100W  Stereo Receiver with Bluetooth Connectivity,8694.78,4850
14023,A40AESMGP,[A40AESMGP] Pioneer A-40AE Integrated Amplifier with Wolfson DAC,13912.17,9738.52
14021,A10AEBMGP,[A10AEBMGP] Pioneer A10A10AE Integrated Amplifier 2x50 watts Direct Energy Design Phono MM Black,8694.78,6086.35
14022,A10AESMGP,[A10AESMGP] Pioneer A10A10AE Integrated Amplifier 2x50 watts Direct Energy Design Phono MM Silver,8694.78,6086.35
14024,HTP076BMMP,[HTP076BMMP] Pioneer HTP076 5.1-Channel Home Cinema Package,11303.48,8477.61
14025,PD10AEM2BMMP,[PD10AEM2BMMP] Pioneer PD10AE Pure Audio CD/SACD Player,7390.43,5173.3
14026,PD30AEBMMP,[PD30AEBMMP] Pioneer PD30AE Pure Audio CD Player,8260,5782
14028,SXN30AEBMPP,[SXN30AEBMPP] Pioneer SXN30AE Network Stereo Receiver,14781.74,10347.22
14029,VSX534BMMP,[VSX534BMMP] Pioneer VSX-534 5X150W 4K AV Receiver,11303.48,7912.43
14030,VSX534DBMMP,[VSX534DBMMP] Pioneer VSX-534D 5X150W 4K AV Receiver DAB,13042.61,9129.83
14031,VSX934BMMP,[VSX934BMMP] Pioneer VSX-934 - 7X160W 4K Network Av Receiver,14781.74,10347.22
14032,VSX935BMMP,[VSX935BMMP] Pioneer VSX-935 7X165W 8K Network AV Receiver,18260,12782
14033,VSX935SMMP,[VSX935SMMP] Pioneer VSX-935 7X165W 8K Network AV Receiver (Silver),19999.13,13999.39
14034,VSXLX305BMMP,[VSXLX305BMMP] Pioneer VSX-LX305 Elite 9X225W 8k Network AV Receiver with Dirac Live,37390.43,22434.26
14035,VSXLX305SMMP,[VSXLX305SMMP] Pioneer VSX-LX305 Elite 9X225W 8k Network AV Receiver with Dirac Live,37390.43,22434.26
14036,VSXLX505BMMP,[VSXLX505BMMP] Pioneer VSX-LX505 Elite 9X230W 8k Network AV Receiver with Dirac Live,42607.83,25564.7
14037,VSXLX505SMMP,[VSXLX505SMMP] Pioneer VSX-LX505 Elite 9X230W 8k Network AV Receiver with Dirac Live,42607.83,25564.7
14688,PFW4601,[PFW4601] Pro wall mount FLAT 55-65 75KG,3869.57,2708.7
15206,RMB-0025-00,[RMB-0025-00] RACK MOUNT BRACKET FOR SMARTCONTROL 25,1493.04,895.83
13982,RC-911R,[RC-911R] RC-911R REMOTE,1382.61,1036.96
15193,RCC1000-SA,[RCC1000-SA] RCC 1000 SUBWOOFER AMPLIFIER,27206.96,16324.18
15025,CLI-PTAC1K1-00,"[CLI-PTAC1K1-00] RELAY MODULE FOR PTAC WITH ONE 6-PORT CLIMATE RELAY (W1, W2, Y1, Y2, G, O) AND ONE 10K THERMISTOR IN",7924.35,4754.61
15026,CLI-REL1AUX1-00,"[CLI-REL1AUX1-00] RELAY MODULE WITH ONE 6-PORT CLIMATE RELAY (W1, W2, Y1, Y2, G, O) AND ONE AUX RELAY (NO, NC, COM)",7924.35,4754.61
15022,CLI-AUX3-00,"[CLI-AUX3-00] RELAY MODULE WITH THREE AUX RELAY (NO, NC, COM)",7924.35,4754.61
13479,370212-0-0,[370212-0-0] REMOTE CONTROL ZENSOR AX,339.13,203.48
15317,SST-TEMP1-00,[SST-TEMP1-00] REMOTE TEMPERATURE SENSOR (FLUSH MOUNT),2297.39,1378.44
13916,PK-EM2G,[PK-EM2G] RF 3D Emitter,2434.78,1704.35
13915,PK-AG3G,[PK-AG3G] RF 3D Glass,4652.17,3256.52
15034,CON-10NFN-00,[CON-10NFN-00] RJ45 SERIAL ADAPTERS  NO FLOW NULL  10-PACK,2060,1236
15039,CON-1NFN-00,[CON-1NFN-00] RJ45 SERIAL ADAPTERS  NO FLOW NULL  SINGLE,205.22,123.14
15032,CON-10FNN-00,[CON-10FNN-00] RJ45 SERIAL ADAPTERS FLOW NO NULL 10-PACK,2060,1236
15037,CON-1FNN-00,[CON-1FNN-00] RJ45 SERIAL ADAPTERS FLOW NO NULL SINGLE,205.22,123.14
15031,CON-10FN-00,[CON-10FN-00] RJ45 SERIAL ADAPTERS FLOW NULL 10-PACK,2060,1236
15036,CON-1FN-00,[CON-1FN-00] RJ45 SERIAL ADAPTERS FLOW NULL SINGLE,205.22,123.14
15035,CON-10NFNN-00,[CON-10NFNN-00] RJ45 SERIAL ADAPTERS NO FLOW NO NULL 10-PACK,2060,1236
15040,CON-1NFNN-00,[CON-1NFNN-00] RJ45 SERIAL ADAPTERS NO FLOW NO NULL SINGLE,205.22,123.14
15009,AUTOMATE-PULSE2,[AUTOMATE-PULSE2] ROLLEASE AUTOMATE PULSE HUB 2,14784.35,8870.61
15005,AUTOMATE-BAT1.1,[AUTOMATE-BAT1.1] ROLLEASE AUTOMATE | LION 1.1 SHADE MOTOR,9559.13,5735.48
15008,AUTOMATE-CHRG,[AUTOMATE-CHRG] ROLLEASE AUTOMATE | LION CHARGER,1470.43,882.27
15006,AUTOMATE-BATQ2.0,[AUTOMATE-BATQ2.0] ROLLEASE AUTOMATE | LION Q2.0 SHADE MOTOR,10588.7,6353.22
15010,AUTOMATE-REM1,[AUTOMATE-REM1] ROLLEASE AUTOMATE | PARADIGM 1 CHANNEL REMOTE,3330.43,1998.27
15007,AUTOMATE-BKCONV2.0,[AUTOMATE-BKCONV2.0] ROLLEASE Q2.0 MOTOR FINISH 10 PACK (BLACK),1028.7,617.22
15012,AUTOMATE-SACONV2.0,[AUTOMATE-SACONV2.0] ROLLEASE Q2.0 MOTOR FINISH 10 PACK (SILVER ALUMINUM),1470.43,882.27
15013,AUTOMATE-WHCONV2.0,[AUTOMATE-WHCONV2.0] ROLLEASE Q2.0 MOTOR FINISH 10 PACK (WHITE),1028.7,617.22
13541,RUBICON 2 W,[RUBICON 2 W] RUBICON 2 WHITE BOOKSHELF SPEAKER,36513.04,21907.83
13542,RUBICON 8 B,[RUBICON 8 B] RUBICON 8 BLACK HIGH GLOSS FLOOR STANDING SPEAKER,92165.22,55299.13
13543,RUBICON LCR R,[RUBICON LCR R] RUBICON ROSSO LEFT CENTER RIGHT,20860.87,12516.52
13544,RUBICON VOK B,[RUBICON VOK B] RUBICON VOKAL BLACK CENTER SPEAKER,31295.65,18777.39
13545,RUBICON VOK R,[RUBICON VOK R] RUBICON VOKAL ROSSO CENTER SPEAKER,31295.65,18777.39
15160,OSL-PRO10-00,[OSL-PRO10-00] RUNTIME LICENSE - PRO 10,90873.91,54524.35
15161,OSL-SMRT10-00,[OSL-SMRT10-00] RUNTIME LICENSE - SMART 10,12721.74,7633.05
15162,OSL-SMRT9-00,[OSL-SMRT9-00] RUNTIME LICENSE - SMART 9,12128.7,7277.22
15164,OSL-SUPERPRO10-00,[OSL-SUPERPRO10-00] RUNTIME LICENSE - SUPER PRO 10,181747.83,109048.7
13637,MHUB88ROOMREM,[MHUB88ROOMREM] Room Remote for mHub 4K PRO 8x8 New,260.87,156.52
13632,MHUB44ROOMREM,[MHUB44ROOMREM] Room Remote for mHub PRO/431U New,260.87,156.52
15213,SAV-S12,"[SAV-S12] S12 HOST, PLUS RUNTIME",40176.52,24105.92
15216,SAV-S12VIDEO,"[SAV-S12VIDEO] S12 HOST, PLUS RUNTIME, 3RD PART VIDEO PACKAGE",46330.43,27798.27
15214,SAV-S12REM,"[SAV-S12REM] S12 HOST, PLUS RUNTIME, PLUS REM-4000",46941.74,28165.05
15215,SAV-S12REMVIDEO,"[SAV-S12REMVIDEO] S12 HOST, PLUS RUNTIME, PLUS REM-4000, 3RD PART VIDEO PACKAGE",62426.96,37456.18
13957,S150L,[S150L] S150 Left Black,33042.61,20726.73
13958,S150R/C,[S150R/C] S150 Right/C Black,33042.61,20726.73
13959,S150T,[S150T] S150T Black Pair,43477.39,27272.18
13960,S150TW,[S150TW] S150T White Pair,42607.83,23994.78
15293,SHR-S2-01,[SHR-S2-01] S2 HOST RACK MOUNTABLE,20518.26,12310.96
15211,SAV-Cinema,[SAV-Cinema] S2 HOST WITH PRO REMOTE X2,84178.26,0
15217,SAV-S2,"[SAV-S2] S2 HOST, PLUS RUNTIME",19790.43,11874.27
15218,SAV-S2REM,"[SAV-S2REM] S2 HOST, PLUS RUNTIME, PLUS REM-4000",37849.57,22709.74
13962,S300L,[S300L] S300 Left Black,62607.83,37564.7
13963,S300R/C,[S300R/C] S300 Right/C Black,62607.83,35473.04
13961,S300 TWEETER,[S300 TWEETER] S300 TWEETER SPARE PART,70260.87,0
13964,S300T,[S300T] S300T Black Pair,86955.65,54544.91
13965,S300TW,[S300TW] S300T White Pair,82607.83,46951.3
13902,S8ATMBL,[S8ATMBL] S8 ATM BLACK,3208.7,2586.22
13903,S8ATMWA,[S8ATMWA] S8 ATM WALNUT,4346.96,2246.09
13904,S8ATMWH,[S8ATMWH] S8 ATM WHITE,4346.96,2246.09
13867,S801BL,[S801BL] S801 Black,2260,2185.22
13868,S801WA,[S801WA] S801 WALNUT,3121.74,2185.22
13869,S801WH,[S801WH] S801 WHITE,3121.74,2185.22
13870,S803HCSBL,[S803HCSBL] S803 HCS Black,11303.48,8477.61
13871,S803HCSWA,[S803HCSWA] S803 HCS Walnut,11303.48,8477.61
13872,S803HCSWH,[S803HCSWH] S803 HCS White,11303.48,8477.61
13873,S803WA,[S803WA] S803 WALNUT,4339.13,3037.39
13874,S803WH,[S803WH] S803 WHITE,4339.13,3037.39
13875,S805HCSBL,[S805HCSBL] S805 HCS Black,13042.61,9781.96
13876,S805HCSWA,[S805HCSWA] S805 HCS Walnut,13042.61,9781.96
13877,S805HCSWH,[S805HCSWH] S805 HCS White,13042.61,9781.96
13878,S805WA,[S805WA] S805 Walnut,6947.83,4863.48
13879,S805WH,[S805WH] S805 White,6947.83,4863.48
13880,S807HCSBL,[S807HCSBL] S807 HCS Black,14781.74,11086.3
13882,S807HCSWH,[S807HCSWH] S807 HCS WHITE,14781.74,11086.3
13881,S807HCSWA,[S807HCSWA] S807 HCS Walnut,14781.74,11086.3
13883,S807WA,[S807WA] S807 WALNUT,9208.7,6446.09
13884,S807WH,[S807WH] S807 White,9208.7,6446.09
13885,S808SUBBL,[S808SUBBL] S808 Sub Black,4086.09,3521.09
13886,S808SUBWA,[S808SUBWA] S808 Sub Walnut,4086.09,3521.09
13887,S808SUBWH,[S808SUBWH] S808 Sub White,4086.09,3521.09
13888,S809HCSBL,[S809HCSBL] S809 HCS Black,17390.43,13042.83
13889,S809HCSWA,[S809HCSWA] S809 HCS Walnut,17390.43,13042.83
13890,S809HCSWH,[S809HCSWH] S809 HCS White,17390.43,13042.83
13891,S809WA,[S809WA] S809 WALNUT,11739.13,8217.39
13892,S809WH,[S809WH] S809 WHITE,11739.13,8217.39
13896,S81CENBL,[S81CENBL] S81 CEN BLACK,3121.74,2185.22
13897,S81CENWA,[S81CENWA] S81 CEN WALNUT,3121.74,2185.22
13898,S81CENWH,[S81CENWH] S81 CEN WHITE,3121.74,2185.22
13895,S810SUBWH,[S810SUBWH] S810 SUB WHITE,5216.52,3651.57
13893,S810SUBBL,[S810SUBBL] S810 Sub Black,5216.52,3651.57
13894,S810SUBWA,[S810SUBWA] S810 Sub Walnut,5216.52,3651.57
13899,S83CENBL,[S83CENBL] S83 CEN BLACK,3469.57,2428.7
13900,S83CENWA,[S83CENWA] S83 CEN WALNUT,3469.57,2428.7
13901,S83CENWH,[S83CENWH] S83 CEN WHITE,3469.57,2428.7
14859,SAVA1001,[SAVA1001] SAVA 1001 SMART AV BLUETOOTH,1852.17,1296.52
14860,SAVA1014,[SAVA1014] SAVA 1014 SMART AV REMOTE EXTENDER,1852.17,1296.52
14861,SAVA1021,[SAVA1021] SAVA 1021 SMART AV CONVERTER AV  TO  HDMI,1617.39,1132.17
14862,SAVA1022,[SAVA1022] SAVA 1022 SMART AV WIRELESS HDMI,5773.91,4041.74
14863,SAVA1026,[SAVA1026] SAVA 1026 SMART AV 4K HDMI SWITCH,1852.17,1296.52
14864,SAVA1031,[SAVA1031] SAVA 1031 SMART AV CONVERTER COAX TOS,1043.48,730.43
14865,SAVA1041,[SAVA1041] SAVA 1041 SMART AV CONVERTER DIG  TO  STEREO,1382.61,967.83
16483,DOR-VERSO2SMN-00,[DOR-VERSO2SMN-00] SAVANT - DOR-VERSO2SMN-00 - SAVANT 2N IP VERSO 2.0 DOOR STATION SURFACE MOUNT NICKEL,48226.09,28935.65
16459,WFB-1GMGLV-00,[WFB-1GMGLV-00] SAVANT - WFB-1GMGLV-00 - ASCEND ASSEMBLED - 1 GANG (SPACE GRAY),9831.057142857144,6881.74
15280,SHA-FBINDCHOICE-01,[SHA-FBINDCHOICE-01] SAVANT CHOICE FABRIC AND BRACKET BINDER,18780,15024
15312,SSL-PROE-1YR,[SSL-PROE-1YR] SAVANT ESSENTIALS 1 YEAR SUBSCRIPTION (PRO),17851.3,10710.79
15313,SSL-S2EMBE-1YR,[SSL-S2EMBE-1YR] SAVANT ESSENTIALS 1 YEAR SUBSCRIPTION (S2 OR EMBEDDED),2433.91,1460.35
15314,SSL-SMRTE-1YR,[SSL-SMRTE-1YR] SAVANT ESSENTIALS 1 YEAR SUBSCRIPTION (SMART),8925.22,5355.14
15315,SSL-SUPERPROE-1YR,[SSL-SUPERPROE-1YR] SAVANT ESSENTIALS 1 YEAR SUBSCRIPTION (SUPER PRO),35703.48,21422.09
15151,LIG-IBR30C4-00,[LIG-IBR30C4-00] SAVANT GLOBE,795.65,636.53
16382,PAV-SIPA1SM-00,[PAV-SIPA1SM-00] SAVANT IP AUDIO 1 WITH SAVANT MUSIC 2.0,22145.600000000002,15501.92
15183,PAV-VIMVP1F-10,[PAV-VIMVP1F-10] SAVANT IP VIDEO SINGLE INPUT TRANSMITTER 4K UHD WITH CONTROL - FIBER,41895.65,25137.4
15198,RCK-3000-03,[RCK-3000-03] SAVANT PRO 1U RACK SHELF,8128.7,4877.22
15335,SVR-5200S-01,[SVR-5200S-01] SAVANT PRO HOST,46633.04,37306.44
15203,REM-4000JBI-00,[REM-4000JBI-00] SAVANT PRO REMOTE X2 - JET BLACK (INTERNATIONAL),21366.09,12819.66
15204,REM-4000RGI-00,[REM-4000RGI-00] SAVANT PRO REMOTE X2 - ROSE GOLD (INTERNATIONAL),21366.09,12819.66
15205,REM-4000SGI-00,[REM-4000SGI-00] SAVANT PRO REMOTE X2 SPACE GRAY (INTERNATIONAL),18992.17,11395.31
15169,PAV-AOM8C-10,[PAV-AOM8C-10] SAVANT PROAV 16 CHANNEL AUDIO OUTPUT IP RECEIVER WITH CONTROL,44479.13,26687.48
15178,PAV-VIM4S-10,[PAV-VIM4S-10] SAVANT PROAV 4 VIDEO INPUT IP TRANSMITTER 4K UHD WITH CONTROL,223427.83,134056.7
15177,PAV-VIM4S-00,[PAV-VIM4S-00] SAVANT PROAV 4 VIDEO INPUT IP TRANSMITTER 4K UHD WITH CONTROL,210307.83,126184.7
15166,PAV-AIM7C-10,[PAV-AIM7C-10] SAVANT PROAV 7 SOURCE AUDIO INPUT IP TRANSMITTER WITH CONTROL,28726.09,17235.66
15167,PAV-AIM7C-20,[PAV-AIM7C-20] SAVANT PROAV 7 SOURCE AUDIO INPUT IP TRANSMITTER WITH CONTROL,29653.04,17791.83
15179,PAV-VIM8S-10,[PAV-VIM8S-10] SAVANT PROAV 8 VIDEO INPUT IP TRANSMITTER 4K UHD WITH CONTROL,383019.13,229811.48
15229,SFL-RING1-00,[SFL-RING1-00] SAVANT RING LICENCE,1245.22,747.14
15129,HST-SAVANT7-00,[HST-SAVANT7-00] SAVANT SMART HOST WITH LICENSE (DOES NOT INCLUDE ESSENTIALS),32643.48,19586.09
15303,SSC-0012-00,[SSC-0012-00] SAVANT SMARTCONTROL 12 - SMART CONTROLLER WITH 6 IR 2 RS232 2 GPIO AND 2 RELAY,16713.04,10027.83
15304,SSC-0014-00,[SSC-0014-00] SAVANT SMARTCONTROL 14 - SMART CONTROLLER WITH 7 GPIO AND 7 RELAY,16713.04,10027.83
15307,SSC-W002G-01,[SSC-W002G-01] SAVANT SMARTCONTROL 2 - WI-FI SMART CONTROLLER WITH 1 GPIO AND 1 RELAY,8206.96,4924.18
15308,SSC-W003I-01,[SSC-W003I-01] SAVANT SMARTCONTROL 3 - WI-FI SMART CONTROLLER WITH 3 IR,8206.96,4924.18
15309,SSC-W02R-00,[SSC-W02R-00] SAVANT SMARTCONTROL RS232 - WI-FI SMART CONTROLLER WITH 2 RS232,8206.96,4924.18
15305,SSC-002485-00,[SSC-002485-00] SAVANT SMARTCONTROL RS485 - ETHERNET,16713.04,10027.83
15311,SSC-W485-00,[SSC-W485-00] SAVANT SMARTCONTROL RS485 - WI-FI SHADE CONTROLLER WITH 1 RS485,8206.96,4924.18
15336,SVR-7100S-00,[SVR-7100S-00] SAVANT SUPER PRO HOST,312446.96,249957.57
15136,ITP-E5500B-30,[ITP-E5500B-30] SAVANT TOUCH 5.5 INCH CONTROL SCREEN - BLACK,24417.39,14650.44
15137,ITP-E5500V2B-00,[ITP-E5500V2B-00] SAVANT TOUCH 5.5 INCH CONTROL SCREEN - BLACK,25652.17,17956.53
15138,ITP-E5500V2W-00,[ITP-E5500V2W-00] SAVANT TOUCH 5.5 INCH CONTROL SCREEN - WHITE,25652.17,17956.53
15139,ITP-E5500W-30,[ITP-E5500W-30] SAVANT TOUCH 5.5 INCH CONTROL SCREEN - WHITE,24417.39,14650.44
15140,ITP-E8000B-30,[ITP-E8000B-30] SAVANT TOUCH 8 INCH CONTROL SCREEN - BLACK,31598.26,18958.96
15141,ITP-E8000V2B-00,[ITP-E8000V2B-00] SAVANT TOUCH 8 INCH CONTROL SCREEN - BLACK,30000,21000
15142,ITP-E8000V2W-00,[ITP-E8000V2W-00] SAVANT TOUCH 8 INCH CONTROL SCREEN - WHITE,30000,21000
15143,ITP-E8000W-30,[ITP-E8000W-30] SAVANT TOUCH 8 INCH CONTROL SCREEN - WHITE,31598.26,18958.96
15148,LCB-TIE5-00,[LCB-TIE5-00] SAVANT TRUE IMAGE CONTROLLER,1103.48,662.09
15294,SKL-1010-00,[SKL-1010-00] SAVANT- SKL- 1010- 10 KEYPAD POWER AND CONTROLLER,6839.13,4787.4
13482,920146-0-0,[920146-0-0] SCREW DOGLEG PHANTOM S-SERIE,1730.43,1038.26
15119,FI4-0S0BKP-00,[FI4-0S0BKP-00] SCREWLESS FACEPLATE: FOUR GANG (BLACK),430.43,344.35
15120,FI4-0S0LAP-00,[FI4-0S0LAP-00] SCREWLESS FACEPLATE: FOUR GANG (LIGHT ALMOND),430.43,344.35
15121,FI4-0S0SWP-00,[FI4-0S0SWP-00] SCREWLESS FACEPLATE: FOUR GANG (SNOW WHITE),430.43,344.35
15110,FI1-0S0BKP-01,[FI1-0S0BKP-01] SCREWLESS FACEPLATE: SINGLE GANG (BLACK),172.17,137.74
15111,FI1-0S0LAP-01,[FI1-0S0LAP-01] SCREWLESS FACEPLATE: SINGLE GANG (LIGHT ALMOND),172.17,137.74
15112,FI1-0S0SWP-01,[FI1-0S0SWP-01] SCREWLESS FACEPLATE: SINGLE GANG (SNOW WHITE),172.17,137.74
15116,FI3-0S0BKP-00,[FI3-0S0BKP-00] SCREWLESS FACEPLATE: THREE GANG (BLACK),322.61,258.09
15117,FI3-0S0LAP-00,[FI3-0S0LAP-00] SCREWLESS FACEPLATE: THREE GANG (LIGHT ALMOND),322.61,258.09
15118,FI3-0S0SWP-01,[FI3-0S0SWP-01] SCREWLESS FACEPLATE: THREE GANG (SNOW WHITE),322.61,258.09
15113,FI2-0S0BKP-00,[FI2-0S0BKP-00] SCREWLESS FACEPLATE: TWO GANG (BLACK),255.65,204.53
15114,FI2-0S0LAP-00,[FI2-0S0LAP-00] SCREWLESS FACEPLATE: TWO GANG (LIGHT ALMOND),214.78,171.83
15115,FI2-0S0SWP-01,[FI2-0S0SWP-01] SCREWLESS FACEPLATE: TWO GANG (SNOW WHITE),214.78,171.83
15020,CLI-10K4IN-00,[CLI-10K4IN-00] SENSOR MODULE WITH FOUR 10K THERMISTOR INPUTS,7924.35,4754.61
15021,CLI-1WIRE2-00,[CLI-1WIRE2-00] SENSOR MODULE WITH TWO 1-WIRE SENSOR INTERFACES,7924.35,4754.61
15210,SAK-1000-00,[SAK-1000-00] SERIAL CONTROL TERMINATION ADAPTER KIT,1493.04,895.83
15019,CBL-SFPDACM2-00,[CBL-SFPDACM2-00] SFP+ DIRECT ATTACH COPPER CABLE (2 METERS) - FOR USE WITH PROAV,1169.57,701.74
15258,SHA-B5BA-00,[SHA-B5BA-00] SHADE COUPLER (BLACK ALUMINUM),6766.09,5412.87
15259,SHA-B5BK-00,[SHA-B5BK-00] SHADE COUPLER (BLACK),3596.52,2877.22
15260,SHA-B5SA-00,[SHA-B5SA-00] SHADE COUPLER (SILVER ALUMINUM),6766.09,5412.87
15262,SHA-B5WH-00,[SHA-B5WH-00] SHADE COUPLER (WHITE),3596.52,2877.22
15291,SHA-W1000-00,[SHA-W1000-00] SHADE OR LOW VOLTAGE KEYPAD WIRE 1000FT SPOOL,26160.87,20928.7
15287,SHA-PMOD5G-00,[SHA-PMOD5G-00] SHADE POWER MODULE FOR GEIGER WIRED MOTORS,18672.17,11203.31
15290,SHA-T8FT7PK-00,[SHA-T8FT7PK-00] SHADE TUBE 8FT 7 PACK,9686.96,7749.57
15201,REM-1100I-00,[REM-1100I-00] SINGLE ROOM REMOTE TOUCH SCREEN END OF LIFE,14362.61,8617.57
15288,SHA-POWSINGLE-00,[SHA-POWSINGLE-00] SINGLE SHADE POWER SUPPLY,4020.87,2412.53
15295,S-LCRDM-MK2,[S-LCRDM-MK2] SKETCH LCR-DM MK2,21254.78,12752.87
15027,CLI-SLAB1-00,[CLI-SLAB1-00] SLAB REMOTE SENSOR,2969.57,1781.74
15156,MNT-STUDIO55WS-TV-00,[MNT-STUDIO55WS-TV-00] SMART AUDIO SOUNDBAR TV MOUNT,1969.57,1378.7
15189,PKG-SASWSUB2B-00,[PKG-SASWSUB2B-00] SMART AUDIO SOUNDBAR WITH 2 WISA SUBS (BLACK),67670.43,47369.31
15190,PKG-SASWSUB2W-00,[PKG-SASWSUB2W-00] SMART AUDIO SOUNDBAR WITH 2 WISA SUBS (WHITE),67670.43,47369.31
15187,PKG-SASWSUB1B-00,[PKG-SASWSUB1B-00] SMART AUDIO SOUNDBAR WITH WISA SUB (BLACK),54136.52,37895.57
15188,PKG-SASWSUB1W-00,[PKG-SASWSUB1W-00] SMART AUDIO SOUNDBAR WITH WISA SUB (WHITE),54136.52,37895.57
15133,HST-STUDIO55WS-SUR-00,[HST-STUDIO55WS-SUR-00] SMART AUDIO WISA SOUNDBAR 55,37791.3,26453.92
15134,HST-STUDIO55WS-SUR-10,[HST-STUDIO55WS-SUR-10] SMART AUDIO WISA SOUNDBAR 55,43605.22,30523.66
15298,SPK-S1WSB-00,[SPK-S1WSB-00] SMART AUDIO WISA SUB 1 (BLACK),21862.61,15303.83
15299,SPK-S1WSW-00,[SPK-S1WSW-00] SMART AUDIO WISA SUB 1 (WHITE),21862.61,15303.83
15301,SPK-SUR3WSB-00,[SPK-SUR3WSB-00] SMART AUDIO WISA SURROUND SPEAKERS (BLACK),21862.61,15303.83
15302,SPK-SUR3WSW-00,[SPK-SUR3WSW-00] SMART AUDIO WISA SURROUND SPEAKERS (WHITE),21862.61,15303.83
15292,SHR-2000-00,[SHR-2000-00] SMART HOST RACK MOUNTABLE,11869.57,7121.74
15306,SSC-P025-11,[SSC-P025-11] SMARTCONTROL 25 WITH POE,62675.65,37605.4
15221,SEM-150A1-00,[SEM-150A1-00] SMARTENERGY SENSOR 150A (1 PACK),3446.96,2757.57
15222,SEM-150A5-00,[SEM-150A5-00] SMARTENERGY SENSOR 150A (5 PACK),17235.65,13788.53
15219,SEM-020A5-00,[SEM-020A5-00] SMARTENERGY SENSOR 20A (5 PACK),5375.65,4300.53
15224,SEM-250A1-00,[SEM-250A1-00] SMARTENERGY SENSOR 250A (1 PACK),3446.96,2757.57
15225,SEM-400A1-00,[SEM-400A1-00] SMARTENERGY SENSOR 400A (1 PACK),3446.96,2757.57
15220,SEM-050A5-00,[SEM-050A5-00] SMARTENERGY SENSOR 50A (5 PACK),8617.39,6893.92
15226,SEM-600A1-00,[SEM-600A1-00] SMARTENERGY SENSOR 600A (1 PACK),3446.96,2757.57
15227,SEM-VT01-00,[SEM-VT01-00] SMARTENERGY VOLTAGE SENSOR,4308.7,3446.96
15125,HCX-SLN501-00,[HCX-SLN501-00] SMARTLINK HDBASET EXTENDER SET,10852.17,6511.31
13239,M21F-90S,[M21F-90S] SNGLE RIGHT ANGLE RCA ADAPTER,738.26,0
16593,93542,[93542] SONAMP DSP 2-150 MKIII,44800,26880
14313,93171,[93171] SONAMP DSP 8-130 MKII EU,84616.52,50769.92
14252,93050,[93050] SONANCE 1/2IN GYP MP AS  MEDIUM SQUARE,9063.48,5438.09
14247,93045,[93045] SONANCE 1/2IN GYP MP AS DISCREET ROUND,6214.78,3728.87
14248,93046,[93046] SONANCE 1/2IN GYP MP AS DISCREET SQUARE,6214.78,3728.87
14251,93049,[93049] SONANCE 1/2IN GYP MP AS MEDIUM ROUND,9063.48,5438.09
14205,92925,[92925] SONANCE 19 GROUND STAKE,1812.17,1087.31
14253,93051,[93051] SONANCE 5/8IN GYP MP AS  MEDIUM ROUND,9063.48,5438.09
14254,93052,[93052] SONANCE 5/8IN GYP MP AS  MEDIUM SQUARE,9063.48,5438.09
14249,93047,[93047] SONANCE 5/8IN GYP MP AS DISCREET ROUND,6214.78,3728.87
14250,93048,[93048] SONANCE 5/8IN GYP MP AS DISCREET SQUARE,6214.78,3728.87
14255,93053,[93053] SONANCE 5/8IN SOLID SURFACE  AS DISCREET RS (One mounting platform for both round & square),6214.78,3728.87
14256,93055,[93055] SONANCE 5/8IN SOLID SURFACE  AS MEDIUM RS (One mounting platform for both round & square),9063.48,5438.09
14204,92924,[92924] SONANCE 9 GROUND STAKE,620.87,372.53
14259,93065,[93065] SONANCE AS DISCREET GRILLE ROUND,620.87,372.53
14260,93066,[93066] SONANCE AS DISCREET GRILLE SQUARE,620.87,372.53
14261,93069,[93069] SONANCE AS MEDIUM GRILLE ROUND,1035.65,621.4
14262,93070,[93070] SONANCE AS MEDIUM GRILLE SQUARE,1035.65,621.4
14243,93041,[93041] SONANCE AS38RS (Includes round & square grille),9580.87,5748.53
14244,93042,[93042] SONANCE AS68RS (Includes round & square grille),15019.13,9011.48
14169,92446,[92446] SONANCE ASAP3D SE,14730.43,8838.27
14263,93073,[93073] SONANCE ASBPC3RS,4660.87,2796.53
14319,93335,[93335] SONANCE ASBPC3RS TL RING AND GRILLES - Required for all kits listed above,1553.04,931.83
14264,93074,[93074] SONANCE ASBPC6RS  (Includes round & square grille),4660.87,2796.53
14245,93043,[93043] SONANCE BPS6 SUBWOOFER (Must be installed prior to drywall),25895.65,15537.4
14316,93324,[93324] SONANCE BPS6 THINLINE SUB,33923.48,20354.09
14347,93367,[93367] SONANCE BPS6 TL SLOT CONNECTOR W/TRUFIG,18645.22,11187.14
14246,93044,[93044] SONANCE BPS8 SUBWOOFER (Must be installed prior to drywall),33923.48,20354.09
14288,93124,[93124] SONANCE C6R,5696.52,3417.92
14289,93125,[93125] SONANCE C6R SST,3625.22,2175.14
14136,72352,[72352] SONANCE CONNECT PRO BaseStation Black,8778.26,6144.79
14124,72300,[72300] SONANCE CONNECT PRO Case 10.2 Black for iPad 10.2-inch 9th gen|8th gen |7th gen,8778.26,6144.79
15476,72350,[72350] SONANCE CONNECT PRO WallStation Black,8778.26,6144.79
14339,93359,[93359] SONANCE D8 BLACK,45318.26,27190.96
14354,93374,[93374] SONANCE D8 WHITE,45318.26,27190.96
14276,93099,[93099] SONANCE DIGITAL INPUT MODULE (DIM),4479.13,2687.48
14394,93491,[93491] SONANCE DISC SYSTEM DEPTH SENSING GAUGE FOR IS SPEAKERS,19940,11964
14314,93302,[93302] SONANCE DOS PLASTER SHIM,1553.04,931.83
14194,92808,[92808] SONANCE FIRE-RATED LISTED DEEP BACKCAN,3106.96,1864.18
14193,92807,[92807] SONANCE FIRE-RATED LISTED SHALLOW BACKCAN,3106.96,1864.18
14308,93163,[93163] SONANCE GRILLE PRO MARINER 5.25 BLACK,1294.78,776.87
14307,93162,[93162] SONANCE GRILLE PRO MARINER 5.25 WHITE,1294.78,776.87
14310,93165,[93165] SONANCE GRILLE PRO MARINER 6.5 BLACK,1294.78,776.87
14309,93164,[93164] SONANCE GRILLE PRO MARINER 6.5 WHITE,1294.78,776.87
14312,93167,[93167] SONANCE GRILLE PRO MARINER 8 BLACK,1294.78,776.87
14311,93166,[93166] SONANCE GRILLE PRO MARINER 8 WHITE,1294.78,776.87
14290,93126,[93126] SONANCE GRILLES FOR C6R/C6R SST,1294.78,776.87
14353,93373,[93373] SONANCE HS12T SUB,62668.7,37601.22
14341,93361,[93361] SONANCE HYBRID INPUT MODULE (HIM),4479.13,2687.48
14388,93480,[93480] SONANCE IS10,64860,38916
14389,93481,[93481] SONANCE IS10W,25943.48,15566.09
14390,93482,[93482] SONANCE IS15W,77831.3,46698.79
14386,93478,[93478] SONANCE IS6,32429.57,19457.74
14387,93479,[93479] SONANCE IS8,45401.74,27241.05
14066,40197,[40197] SONANCE IS8T,32429.57,19457.74
14393,93490,[93490] SONANCE LARGE IS ENCLOSURE (IS10),7250.43,4350.27
14397,93494,[93494] SONANCE LARGE IS SPACE SAVER (IS10),1294.78,776.87
14147,91708,[91708] SONANCE LARGE RECTANGLE ACOUSTIC ENCLOSURE,6732.17,4039.31
14159,92246,[92246] SONANCE LARGE RECTANGLE FLEX BRACKET (5 PAIR PER BOX),4142.61,2485.57
14156,92242,[92242] SONANCE LARGE RECTANGLE RETROFIT ENCLOSURE,3366.09,2019.66
14148,91900,[91900] SONANCE LARGE ROUND ACOUSTIC ENCLOSURE,6732.17,4039.31
14158,92245,[92245] SONANCE LARGE ROUND COVERPLATE,2071.3,1242.79
14160,92247,[92247] SONANCE LARGE ROUND FLEX BRACKET (5 PAIR PER BOX),4142.61,2485.57
14157,92243,[92243] SONANCE LARGE ROUND RETROFIT ENCLOSURE,3366.09,2019.66
14075,70305,[70305] SONANCE LAUNCH AM.2 SLEEVE WHITE,6320.87,4424.61
14072,70300,[70300] SONANCE LAUNCH AP.5 SLEEVE BLACK works with iPad Pro 9.7 iPad 9.7  iPad Air and iPad Air 2,6290.43,4403.31
14069,70158,[70158] SONANCE LAUNCH BASESTATION - BLACK,8427.83,5899.48
14082,70391,[70391] SONANCE LAUNCH CASE 10.2 10.5 WHITE - Shipping mid-March 2020,6320.87,4424.61
14071,70170,[70170] SONANCE LAUNCH WALLSTATION BLACK,8427.83,5899.48
14068,70142,[70142] SONANCE LAUNCH WALLSTATION WHITE,8427.83,5899.48
14351,93371,[93371] SONANCE LS12T SUB,62668.7,37601.22
14352,93372,[93372] SONANCE LS15T SUB,91154.78,54692.87
14349,93369,[93369] SONANCE LS4T SAT,10875.65,6525.4
14361,93382,[93382] SONANCE LS4T SAT/LS12T SUB - 8.1 SYSTEM W/ SONAMP DSP 2-750 MKII,191632.17,114979.31
14371,93409,[93409] SONANCE LS4T SAT/LS12T SUB - 8.2 SYSTEM W/ SONAMP DSP 2-750 MKII,237209.57,142325.74
14350,93370,[93370] SONANCE LS6T SAT,17091.3,10254.79
14372,93410,[93410] SONANCE LS6T SAT/LS12T SUB - 6.1 SYSTEM W/ SONAMP DSP 2-750 MKII,191632.17,114979.31
14373,93411,[93411] SONANCE LS6T SAT/LS12T SUB - 8.2 SYSTEM W/ SONAMP DSP 2-750 MKII,283304.35,169982.61
14374,93412,[93412] SONANCE LS6T SAT/LS15T SUB - 8.1 SYSTEM W/ SONAMP DSP 2-750 MKII,252487.83,151492.7
14362,93383,[93383] SONANCE LS6T/LS12T SUB -  4.1 SYSTEM W/ 2 SONAMP DSP 2-750 MKII,253006.09,151803.66
14375,93413,[93413] SONANCE LS6T/LS12T SUB - 4.1 SYSTEM W/ 2 SONAMP DSP 2-150 MKII,210192.17,126115.31
14101,71001,[71001] SONANCE LUXE BASESTATION SILVER,15801.74,11061.22
14112,71012,[71012] SONANCE LUXE CASE AIR 1 I 2 I 9.7 BLACK,12290.43,8603.31
14113,71013,[71013] SONANCE LUXE CASE AIR 1 I 2 I 9.7 SILVER,12290.43,8603.31
14103,71003,[71003] SONANCE LUXE WALLSTATION BLACK,14046.09,9832.27
14104,71004,[71004] SONANCE LUXE WALLSTATION SILVER,14046.09,9832.27
14115,71015,[71015] SONANCE LX CASE BLACK works with iPad Air 3rd gen 10.5-inch | iPad 7th gen. 10.2-inch,12290.43,8603.31
14116,71016,[71016] SONANCE LX CASE SILVER works with iPad Air 3rd gen 10.5-inch | iPad 7th gen. 10.2-inch,12290.43,8603.31
14294,93149,[93149] SONANCE MARINER 54 B,10128.7,6077.22
14304,93159,[93159] SONANCE MARINER 54 SST B,9307.83,5584.7
14303,93158,[93158] SONANCE MARINER 54 SST W,9307.83,5584.7
14293,93148,[93148] SONANCE MARINER 54 W,10128.7,6077.22
14296,93151,[93151] SONANCE MARINER 56 B,12319.13,7391.48
14295,93150,[93150] SONANCE MARINER 56 W,12319.13,7391.48
14298,93153,[93153] SONANCE MARINER 64 B,14782.61,8869.57
14306,93161,[93161] SONANCE MARINER 64 SST B,12866.09,7719.66
14305,93160,[93160] SONANCE MARINER 64 SST W,12866.09,7719.66
14297,93152,[93152] SONANCE MARINER 64 W,14782.61,8869.57
14300,93155,[93155] SONANCE MARINER 66 B,18888.7,11333.22
14299,93154,[93154] SONANCE MARINER 66 W,18888.7,11333.22
14302,93157,[93157] SONANCE MARINER 86 B,24364.35,14618.61
14301,93156,[93156] SONANCE MARINER 86 W,24364.35,14618.61
16254,93616,[93616] SONANCE MARINER MX62 SST (STEREO SPEAKER),9812.585714285715,6868.81
14315,93303,[93303] SONANCE MEDIUM AS PLASTER SHIM,1553.04,931.83
14392,93489,[93489] SONANCE MEDIUM IS ENCLOSURE (IS8 IS10W),5696.52,3417.92
14396,93493,[93493] SONANCE MEDIUM IS SPACE SAVER (IS8 IS8T IS10W),1294.78,776.87
14172,92475,[92475] SONANCE MEDIUM LCR FLEX BRACKET,776.52,465.92
14196,92836,[92836] SONANCE MEDIUM LCR RETROFIT ENCLOSURE,1035.65,621.4
14145,91687,[91687] SONANCE MEDIUM RECTANGLE ACOUSTIC ENCLOSURE,5696.52,3417.92
14161,92334,[92334] SONANCE MEDIUM RECTANGLE COVERPLATE,1035.65,621.4
14163,92336,[92336] SONANCE MEDIUM RECTANGLE FLEX BRACKET (5 PAIR PER BOX),4142.61,2485.57
14152,92066,[92066] SONANCE MEDIUM RECTANGLE MASONRY BRACKET,1294.78,776.87
14165,92342,[92342] SONANCE MEDIUM RECTANGLE RETROFIT ENCLOSURE,1553.04,931.83
14138,900651,[900651] SONANCE MEDIUM RECTANGLE STAPLE TEMPLATE (5 PAIR PER BOX),2330.43,1398.27
14146,91688,[91688] SONANCE MEDIUM ROUND ACOUSTIC ENCLOSURE,5696.52,3417.92
14162,92335,[92335] SONANCE MEDIUM ROUND COVERPLATE,1035.65,621.4
14164,92337,[92337] SONANCE MEDIUM ROUND FLEX BRACKET (5 PAIR PER BOX),4142.61,2485.57
14166,92343,[92343] SONANCE MEDIUM ROUND RETROFIT ENCLOSURE,1553.04,931.83
14139,901049,[901049] SONANCE MEDIUM ROUND STAPLE TEMPLATE (5 PAIR PER BOX),2330.43,1398.27
14149,91903,[91903] SONANCE ODVC60 OUTDOOR VOLUME CONTROL,3106.96,1864.18
14065,40196,[40196] SONANCE OMNI 6T,13724.35,8234.61
14380,93429,[93429] SONANCE PATIO 4.1,44613.91,26768.35
14381,93430,[93430] SONANCE PATIO 4.1 W/SR 2-125,64673.91,38804.35
14326,93344,[93344] SONANCE R1,30816.52,18489.92
14173,92499,[92499] SONANCE R1/R1SUR FLEX BRACKET,1553.04,931.83
14181,92690,[92690] SONANCE R1/R1SUR REPLACEMENT GRILLE,2071.3,1242.79
14334,93354,[93354] SONANCE R10SUB,30816.52,18489.92
14197,92874,[92874] SONANCE R10SUB ENCLOSURE,27708.7,16625.22
14355,93376,[93376] SONANCE R10SUB KIT (2x R10SUB 2x R10SUB Enclosures 1x DSP 2-150 MKII),129480.87,77688.53
14202,92894,[92894] SONANCE R10SUB REPLACEMENT GRILLE,1294.78,776.87
14335,93355,[93355] SONANCE R12SUB,37031.3,22218.79
14203,92895,[92895] SONANCE R12SUB /VPSUB REPLACEMENT GRILLE,1553.04,931.83
14198,92875,[92875] SONANCE R12SUB ENCLOSURE,37031.3,22218.79
14356,93377,[93377] SONANCE R12SUB KIT (2x R12SUB 2x R12SUB Enclosures 1x DSP 2-750 MKII),171691.3,103014.79
14331,93351,[93351] SONANCE R1C,30816.52,18489.92
14191,92800,[92800] SONANCE R1C/R1CSUR FLEX BRACKET,1553.04,931.83
14199,92882,[92882] SONANCE R1C/R1CSUR IN-CEILING REPLACEMENT GRILLE,2330.43,1398.27
14330,93348,[93348] SONANCE R1CAB,30816.52,18489.92
14367,93401,[93401] SONANCE R1CAB REPLACEMENT GRILLE,1553.04,931.83
14332,93352,[93352] SONANCE R1CSUR,30816.52,18489.92
14327,93345,[93345] SONANCE R1SUR,30816.52,18489.92
14328,93346,[93346] SONANCE R2,61633.04,36979.83
14174,92500,[92500] SONANCE R2/R2SUR FLEX BRACKET,2589.57,1553.74
14182,92691,[92691] SONANCE R2/R2SUR REPLACEMENT GRILLE,2330.43,1398.27
14329,93347,[93347] SONANCE R2SUR,61633.04,36979.83
14275,93098,[93098] SONANCE RACK MOUNT BRACKET FOR 2-100 and DSP 2-150 ACCESSORY KIT,1741.74,1045.05
14201,92888,[92888] SONANCE RK10W ROCK WOOFER BROWN,14437.39,8662.44
14200,92887,[92887] SONANCE RK10W ROCK WOOFER GRANITE,14437.39,8662.44
14187,92744,[92744] SONANCE RK63 BROWN,11812.17,7087.31
14186,92743,[92743] SONANCE RK63 GRANITE,11812.17,7087.31
14189,92746,[92746] SONANCE RK83 BROWN,18900,11340
14188,92745,[92745] SONANCE RK83 GRANITE,18900,11340
14206,92926,[92926] SONANCE ROUND SURFACE MOUNT,1035.65,621.4
14257,93057,[93057] SONANCE ROUTER TEMPLATE AS  DISCREET RS (Two templates per carton-each template has round & square,4660.87,2796.53
14258,93058,[93058] SONANCE ROUTER TEMPLATE AS  MEDIUM RS  (Two templates per carton-each template has round & square,4660.87,2796.53
14277,93111,[93111] SONANCE SB46 A-J HARDWARE POUCHES,620.87,372.53
14376,93425,[93425] SONANCE SB46-55,45577.39,27346.44
14377,93426,[93426] SONANCE SB46-65,45577.39,27346.44
14378,93427,[93427] SONANCE SB46-75,51273.91,30764.35
14379,93428,[93428] SONANCE SB46-85,51273.91,30764.35
14267,93087,[93087] SONANCE SB46L,51273.91,30764.35
14281,93115,[93115] SONANCE SB46L COMPLETE HARDWARE KIT,7509.57,4505.74
14279,93113,[93113] SONANCE SB46L GRILLE SYSTEM WITH SCREWS,6732.17,4039.31
14266,93086,[93086] SONANCE SB46M,45577.39,27346.44
14280,93114,[93114] SONANCE SB46M COMPLETE HARDWARE KIT,6732.17,4039.31
14278,93112,[93112] SONANCE SB46M GRILLE SYSTEM WITH SCREWS,6214.78,3728.87
14070,70169,[70169] SONANCE SECURTIY PACK,752.17,526.53
14385,93436,[93436] SONANCE SGS 4 SAT PACK,41320,24792
14382,93432,[93432] SONANCE SGS 8.1 SYSTEM (8 - SATS 1 - SUB),115278.26,69166.96
14383,93433,[93433] SONANCE SGS 8.1 SYSTEM w/SR 2-125 AMP (8 - SATS 1 - SUB 1 - 2-125 AMP),131746.96,79048.18
14384,93435,[93435] SONANCE SGS SUB,32936.52,19761.92
14391,93488,[93488] SONANCE SMALL IS ENCLOSURE (IS6),4401.74,2641.05
14395,93492,[93492] SONANCE SMALL IS SPACE SAVER (IS6),1294.78,776.87
14170,92470,[92470] SONANCE SMALL RECTANGLE FLEX BRACKET (5 PAIR PER BOX),4142.61,2485.57
14153,92067,[92067] SONANCE SMALL RECTANGLE MASONRY BRACKET,1035.65,621.4
14167,92442,[92442] SONANCE SMALL RECTANGLE RETROFIT ENCLOSURE,1294.78,776.87
14171,92471,[92471] SONANCE SMALL ROUND FLEX BRACKET (5 PAIR PER BOX),4142.61,2485.57
14168,92443,[92443] SONANCE SMALL ROUND RETROFIT ENCLOSURE,1294.78,776.87
14272,93092,[93092] SONANCE SONAMP 12-50,38820,23292
14271,93091,[93091] SONANCE SONAMP 2-100,24886.96,14932.18
14357,93378,[93378] SONANCE SONAMP DSP 2-150 MKII,25326.96,15196.18
14358,93379,[93379] SONANCE SONAMP DSP 2-750 MKII,46570.43,27942.27
14317,93331,[93331] SONANCE SONAMP DSP 8-130 MKII,84616.52,50769.92
14292,93135,[93135] SONANCE SONARRAY SR 2-125,22723.48,13634.09
14140,91368,[91368] SONANCE SS4,3106.96,1864.18
14150,91931,[91931] SONANCE SS4VC,10358.26,6214.96
14141,91369,[91369] SONANCE SS6,4660.87,2796.53
14151,91932,[91932] SONANCE SS6VC,12429.57,7457.74
14083,70700,[70700] SONANCE SURFACE MOUNT BEZEL BLACK works with iPad Mini 3 Mini 2 and Mini - While Supplies Last,11587.83,8111.48
14270,93089-Single,[93089-Single] SONANCE Single VP80R,8473.04,5083.83
14342,93362,[93362] SONANCE THINLINE 1/2 ROUND GYPSUM MOUNTING PLATFORM,9322.61,5593.57
14363,93386,[93386] SONANCE THINLINE 1/2 ROUND GYPSUM MOUNTING PLATFORM W/BPS6 THINLINE SUB KIT,42986.96,25792.18
14343,93363,[93363] SONANCE THINLINE 1/2 SQUARE GYPSUM MOUNTING PLATFORM,9322.61,5593.57
14364,93387,[93387] SONANCE THINLINE 1/2 SQUARE GYPSUM MOUNTING PLATFORM W/BPS6 THINLINE SUB KIT,42986.96,25792.18
14344,93364,[93364] SONANCE THINLINE 5/8 ROUND GYPSUM MOUNTING PLATFORM,9322.61,5593.57
14365,93388,[93388] SONANCE THINLINE 5/8 ROUND GYPSUM MOUNTING PLATFORM W/BPS6 THINLINE SUB KIT,42986.96,25792.18
14345,93365,[93365] SONANCE THINLINE 5/8 SQUARE GYPSUM MOUNTING PLATFORM,9322.61,5593.57
14366,93389,[93389] SONANCE THINLINE 5/8 SQUARE GYPSUM MOUNTING PLATFORM W/BPS6 THINLINE SUB KIT,42986.96,25792.18
14346,93366,[93366] SONANCE THINLINE SOLID SURFACE BPC,9322.61,5593.57
14291,93127,[93127] SONANCE TOGGLE FEET FOR C6R/C6R SST,258.26,154.96
14207,92927,[92927] SONANCE TREE/SURFACE MOUNT JUNCTION BOX,1294.78,776.87
14142,91497,[91497] SONANCE VC30R DECORA WHITE (BOXED),1294.78,776.87
14143,91505,[91505] SONANCE VC60R WHITE (BOXED),1812.17,1087.31
14154,92158,[92158] SONANCE VC60RIM WHITE,2071.3,1242.79
14144,91521,[91521] SONANCE VC60S SLIDER WHITE (BOXED),2589.57,1553.74
14155,92161,[92161] SONANCE VC60SIM WHITE,2071.3,1242.79
14282,93117,[93117] SONANCE VP38R,9580.87,5748.53
14287,93122,[93122] SONANCE VP3R GRILLE,1035.65,621.4
14284,93119,[93119] SONANCE VP3R ROUND FLEX BRACKETS,4142.61,2485.57
14285,93120,[93120] SONANCE VP3SQ ADAPTER W/GRILLE,1035.65,621.4
14286,93121,[93121] SONANCE VP3SQ ADAPTER W/GRILLES - 10 PACK,7768.7,4661.22
14175,92608,[92608] SONANCE VP4 RECTANGLE REPLACEMENT GRILLE,2071.3,1242.79
14208,93000,[93000] SONANCE VP42,8545.22,5127.14
14217,93009,[93009] SONANCE VP42R,8545.22,5127.14
14209,93001,[93001] SONANCE VP46,11393.91,6836.35
14218,93010,[93010] SONANCE VP46R,11393.91,6836.35
14231,93023,[93023] SONANCE VP46R SST/SUR,8286.09,4971.66
14210,93002,[93002] SONANCE VP48,21752.17,13051.31
14219,93011,[93011] SONANCE VP48R,21752.17,13051.31
14176,92609,[92609] SONANCE VP4R ROUND REPLACEMENT GRILLE,2071.3,1242.79
14237,93029,[93029] SONANCE VP4SQ SQUARE ADAPTOR W/ GRILLE  (Grille not compatible with legacy models),1812.17,1087.31
14240,93032,[93032] SONANCE VP4SQ SQUARE ADAPTOR W/ GRILLE (5 PAIR BULK PACK) (Grille not compatible with legacy models),7768.7,4661.22
14348,93368,[93368] SONANCE VP52R UTL,10617.39,6370.44
14192,92806,[92806] SONANCE VP6 LCR REPLACEMENT GRILLE,2071.3,1242.79
14177,92611,[92611] SONANCE VP6 RECTANGLE  REPLACEMENT GRILLE,2071.3,1242.79
14195,92812,[92812] SONANCE VP6 RECTANGLE REPLACEMENT EXTREME GRILLE,3625.22,2175.14
14268,93088,[93088] SONANCE VP60R,8026.96,4816.18
14211,93003,[93003] SONANCE VP62,10099.13,6059.48
14236,93028,[93028] SONANCE VP62 LCR,8026.96,4816.18
14220,93012,[93012] SONANCE VP62R,10099.13,6059.48
14232,93024,[93024] SONANCE VP62R SST/SUR,8026.96,4816.18
14230,93022,[93022] SONANCE VP62R SST/SUR TL,9322.61,5593.57
14228,93020,[93020] SONANCE VP62R TL,10099.13,6059.48
14221,93013,[93013] SONANCE VP64R,12170.43,7302.27
14190,92751,[92751] SONANCE VP65 XT,19940,11964
14212,93004,[93004] SONANCE VP66,15278.26,9166.96
14265,93084,[93084] SONANCE VP66 LCR,15019.13,9011.48
14235,93027,[93027] SONANCE VP66 SST/SUR,10358.26,6214.96
14227,93019,[93019] SONANCE VP66 TL,15278.26,9166.96
14222,93014,[93014] SONANCE VP66R,15278.26,9166.96
14233,93025,[93025] SONANCE VP66R SST/SUR,10358.26,6214.96
14229,93021,[93021] SONANCE VP66R TL,15278.26,9166.96
14213,93005,[93005] SONANCE VP68,27190.43,16314.27
14223,93015,[93015] SONANCE VP68R,27190.43,16314.27
14178,92612,[92612] SONANCE VP6R ROUND REPLACEMENT GRILLE,2071.3,1242.79
14238,93030,[93030] SONANCE VP6SQ SQUARE ADAPTOR W/ GRILLE  (Grille not compatible with legacy models),2071.3,1242.79
14241,93033,[93033] SONANCE VP6SQ SQUARE ADAPTOR W/ GRILLE (5 PAIR BULK PACK)  (Grille not compatible with legacy models,9322.61,5593.57
14179,92614,[92614] SONANCE VP8 RECTANGLE REPLACEMENT GRILLE,2071.3,1242.79
14269,93089,[93089] SONANCE VP80R,10099.13,6059.48
14214,93006,[93006] SONANCE VP82,20975.65,12585.4
14224,93016,[93016] SONANCE VP82R,20975.65,12585.4
14184,92741,[92741] SONANCE VP85RW - ROUND,9322.61,5593.57
14185,92742,[92742] SONANCE VP85SW - SQUARE,8866.09,5319.66
14183,92740,[92740] SONANCE VP85W - RECTANGLE,9322.61,5593.57
14215,93007,[93007] SONANCE VP86,30816.52,18489.92
14225,93017,[93017] SONANCE VP86R,30816.52,18489.92
14234,93026,[93026] SONANCE VP86R SST/SUR,18903.48,11342.09
14216,93008,[93008] SONANCE VP88,53863.48,32318.09
14226,93018,[93018] SONANCE VP88R,54381.74,32629.05
14180,92615,[92615] SONANCE VP8R ROUND REPLACEMENT GRILLE,2071.3,1242.79
14242,93034,[93034] SONANCE VP8SQ SQUARE ADAPTOR W/ GRILLE (5 PAIR BULK PACK)  (Grille not compatible with legacy models,10875.65,6525.4
14239,93031,[93031] SONANCE VP8SQ SQUARE ADAPTOR W/ GRILLE (Grille not compatible with legacy models),2589.57,1553.74
14283,93118,[93118] SONANCE VPBPC3R,2071.3,1242.79
14318,93334,[93334] SONANCE VPBPC3R TL,2071.3,1242.79
14273,93096,[93096] SONANCE VPBPC4R (Includes round grille only - square adaptor and grille sold separately),2071.3,1242.79
14274,93097,[93097] SONANCE VPBPC6R (Includes round grille only - square adaptor and grille sold separately),2847.83,1708.7
14333,93353,[93353] SONANCE VPSUB,46094.78,27656.87
14320,93338,[93338] SONANCE VPXT6,18645.22,11187.14
14370,93408,[93408] SONANCE VPXT6 RECTANGLE REPLACEMENT GRILLE,3106.96,1864.18
14321,93339,[93339] SONANCE VPXT6R,18645.22,11187.14
14368,93406,[93406] SONANCE VPXT6R REPLACEMENT GRILLE,3106.96,1864.18
14322,93340,[93340] SONANCE VPXT6R SST,12170.43,7302.27
14359,93380,[93380] SONANCE VPXT6SQ SQUARE ADAPTER W/GRILLE (5 PAIR),15278.26,9166.96
14324,93342,[93342] SONANCE VPXT6SQ SQUARE ADAPTER W/GRILLE (PAIR),3106.96,1864.18
14323,93341,[93341] SONANCE VPXT8R,24860,14916
14369,93407,[93407] SONANCE VPXT8R EXTREME ROUND GRILLE,4660.87,2796.53
14325,93343,[93343] SONANCE VPXT8SQ SQUARE ADAPTER W/GRILLE,4660.87,2796.53
14360,93381,[93381] SONANCE VPXT8SQ SQUARE ADAPTER W/GRILLE - (5 PAIR),23046.96,13828.18
14340,93360,[93360] SONANCE WIRELESS TRANSMITTER,3625.22,2175.14
14398,93495,[93495] SONANCE XXL IS SPACE SAVER (IS15),1812.17,1087.31
14337,93357,[93357] SONANCE i10,34959.13,20975.48
14338,93358,[93358] SONANCE i12,42728.7,25637.22
14336,93356,[93356] SONANCE i8,25895.65,15537.4
15520,ARCG2EU1BLK,[ARCG2EU1BLK] SONOS ARC ULTRA PREMIUM SMART SOUNDBAR - BLACK (S45),1,0
14449,ONEG1EU1BLK,[ONEG1EU1BLK] SONOS ONE BLACK,5216.52,4173.22
14448,ONEG1EU1,[ONEG1EU1] SONOS ONE WHITE,5216.52,4173.22
16484,SUBG4EU1BLK,[SUBG4EU1BLK] SONOS SUB GEN4 WIRELESS SMART SUBWOOFER - BLACK,17390.43,13912
14866,SOUND1250,[SOUND1250] SOUND 1250 - Sound Bar Mount,817.39,0
14867,SOUND3200,[SOUND3200] SOUND 3200 Loudspeaker Wall Mount Black,660.87,0
14868,SOUND3200W,[SOUND3200W] SOUND 3200 Loudspeaker Wall Mount White,660.87,0
14869,SOUND3205B,[SOUND3205B] SOUND 3205 Universal L speaker wall mount Black,2781.74,1116.52
14870,SOUND3205W,[SOUND3205W] SOUND 3205 Universal L speaker wall mount White,2781.74,0
14871,SOUND3305B,[SOUND3305B] SOUND 3305 Universal L speaker floor stand Black,4346.96,1669.57
14872,SOUND3305W,[SOUND3305W] SOUND 3305 Universal L speaker floor stand White,4346.96,1669.57
14873,SOUND3400,[SOUND3400] SOUND 3400 Cable Column Mount,1243.48,870.43
14874,SOUND3450,[SOUND3450] SOUND 3450 Soundbar Wall Mount,1782.61,1247.83
14875,SOUND3550,[SOUND3550] SOUND 3550 UNIVERSAL SOUNDBARMOUNT,1738.26,777.39
14876,SOUND4113B,[SOUND4113B] SOUND 4113 SONOS PLAY:1/3 table-top stand Black,530.43,318.26
14877,SOUND4113W,[SOUND4113W] SOUND 4113 SONOS PLAY:1/3 table-top stand White,530.43,318.26
14878,SOUND4201B,[SOUND4201B] SOUND 4201 Loudspeaker Wall Mount for SONOS ONE/PLAY:1 Black,1129.57,677.74
14879,SOUND4201W,[SOUND4201W] SOUND 4201 Loudspeaker Wall Mount for SONOS ONE/PLAY:1 White,1129.57,677.74
14882,SOUND4301B,[SOUND4301B] SOUND 4301 Loudspeaker Stand for SONOS ONE/PLAY:1 Black,2433.91,913.04
14883,SOUND4301W,[SOUND4301W] SOUND 4301 Loudspeaker Stand for SONOS ONE/PLAY:1 White,2433.91,913.04
14884,SOUND4303B,[SOUND4303B] SOUND 4303 Sonos Play 3 Floorstand Black,1643.48,986.09
14885,SOUND4303W,[SOUND4303W] SOUND 4303 Sonos Play 3 Floorstand White,1643.48,986.09
14886,SOUND5201B,[SOUND5201B] SOUND 5201 Denon HEOS 1 wall mount Black,773.91,464.35
14887,SOUND5201W,[SOUND5201W] SOUND 5201 Denon HEOS 1 wall mount White,773.91,309.57
14888,SOUND5203B,[SOUND5203B] SOUND 5203 Denon HEOS 3 wall mount Black,1017.39,610.43
14889,SOUND5203W,[SOUND5203W] SOUND 5203 Denon HEOS 3 wall mount White,101839,61103.4
14890,SOUND5313B,[SOUND5313B] SOUND 5313 Denon HEOS 1 / 3 floor stand Black,1860.87,1116.52
14891,SOUND5313W,[SOUND5313W] SOUND 5313 Denon HEOS 1 / 3 floor stand White,186187,744.35
13546,SPEKTOR 1 B,[SPEKTOR 1 B] SPEKTOR 1 BLACK BOOKSHELF SPEAKER,4086.09,2451.65
13547,SPEKTOR 1 WAL,[SPEKTOR 1 WAL] SPEKTOR 1 WALNUT BOOKSHELF SPEAKER,4086.09,2451.65
13548,SPEKTOR 2 B,[SPEKTOR 2 B] SPEKTOR 2 BLACK BOOKSHELF SPEAKER,6086.09,3651.65
13549,SPEKTOR 2 WAL,[SPEKTOR 2 WAL] SPEKTOR 2 WALNUT BOOKSHELF SPEAKER,6086.09,3651.65
13550,SPEKTOR 6 B,[SPEKTOR 6 B] SPEKTOR 6 BLACK FLOOR STANDING SPEAKER,13042.61,7825.57
13551,SPEKTOR 6 WAL,[SPEKTOR 6 WAL] SPEKTOR 6 WALNUT FLOOR STANDING SPEAKER,13042.61,7825.57
13552,SPEKTOR VOK B,[SPEKTOR VOK B] SPEKTOR VOKAL BLACK CENTER SPEAKER,3912.17,2347.3
13553,SPEKTOR VOK WAL,[SPEKTOR VOK WAL] SPEKTOR VOKAL WALNUT CENTER SPEAKER,3912.17,2347.3
15300,SPK-SUR3STAND-00,[SPK-SUR3STAND-00] STAND FOR SMART AUDIO SURROUND SPEAKERS,7935.65,5554.96
15279,SHA-EHBPL10-00,[SHA-EHBPL10-00] STANDARD SHADE BRACKET HANGER BOLT 10 PACK,1263.48,1010.79
15289,SHA-T8FT10PK-00,[SHA-T8FT10PK-00] STANDARD SHADE TUBE -8 FOOT (PACK OF 10),12108.7,9686.96
15051,DMX-TWKITB-00,[DMX-TWKITB-00] START KIT FOR DMX TUNABLE WHITE STRIP LIGHTING (10M),15080.87,12064.7
15052,DMX-TWKITW-00,[DMX-TWKITW-00] START KIT FOR DMX TUNABLE WHITE STRIP LIGHTING (5M),7540,6032
15053,DMX-WRGBKITB-00,[DMX-WRGBKITB-00] START KIT FOR DMX WRGB STRIP LIGHTING (10M),15080.87,12064.7
15054,DMX-WRGBKITW-00,[DMX-WRGBKITW-00] START KIT FOR DMX WRGB STRIP LIGHTING (5M),7540,6032
13669,STEREO3.5MM,[STEREO3.5MM] STEREO CABLE 3.5mm To 3.5mm 1m,147.83,88.7
15318,STP-MOUNTID-00,[STP-MOUNTID-00] STRIP MOUNTING RAIL - INDOOR (5 PACK),2800,2240
15319,STP-MOUNTOD-00,[STP-MOUNTOD-00] STRIP MOUNTING RAIL - OUTDOOR (5 PACK),2800,2240
15331,STUDIO39-BG,[STUDIO39-BG] STUDIO 39 SOUNDBAR WITH GRILLE - BLACK,14574.78,10202.35
15332,STUDIO46-BG,[STUDIO46-BG] STUDIO 46 SOUNDBAR WITH GRILLE - BLACK,18218.26,12752.79
15333,STUDIO55-BG,[STUDIO55-BG] STUDIO 55 SOUNDBAR WITH GRILLE - BLACK,21862.61,15303.83
15334,STUDIO65-BG,[STUDIO65-BG] STUDIO 65 SOUNDBAR WITH GRILLE - BLACK,25506.09,17854.27
15157,MNT-STUDIO-TV-00,[MNT-STUDIO-TV-00] STUDIO SOUNDBAR TV MOUNT,1969.57,1378.7
15194,RCC160-MK2-PC,[RCC160-MK2-PC] SUB 160V2 (PRE CONSTRUCTION),21254.78,12752.87
13554,SUB E-12F,[SUB E-12F] SUB E-12F SUBWOOFER Black,13469.57,8081.74
13555,SUB E-12F W,[SUB E-12F W] SUB E-12F WHITE SUBWOOFER,13469.57,8081.74
13557,SUB E-9F B,[SUB E-9F B] SUB E-9F BLACK SUBWOOFER,9991.3,5994.78
13558,SUB E-9F W,[SUB E-9F W] SUB E-9F WHITE SUBWOOFER,9991.3,5994.78
14481,SUBG1EU1BLK,[SUBG1EU1BLK] SUB EU (Gloss Black G1),12173.04,9738.43
13559,SUB K-14F B,[SUB K-14F B] SUB K-14F BLACK SUBWOOFER,26078.26,15646.96
13560,SUB P-10DSS B,[SUB P-10DSS B] SUB P-10DSS BLACK HIGH GLOSS SUBWOOFER,46947.83,28168.7
13905,SUB210BL,[SUB210BL] SUB210 Black,4781.74,3347.22
13966,SUR55TB,[SUR55TB] SUR55T Black Pair,24346.96,15272.18
14967,9155062,[9155062] SURFACE MOUNT BACKPLATE FOR KEYPAD DOOR STATION,0,0
14968,9155068,[9155068] SURFACE MOUNT BACKPLATE FOR SINGLE HEIGHT DOOR STATION,0,0
15062,DOR-SM0B-00,[DOR-SM0B-00] SURFACE MOUNT DOOR STATION BLACK,36628.7,25640.09
15063,DOR-SM0S-00,[DOR-SM0S-00] SURFACE MOUNT DOOR STATION SILVER,36628.7,25640.09
15064,DOR-SMB-00,[DOR-SMB-00] SURFACE MOUNT SINGLE HEIGHT DOOR STATION BLACK,35611.3,24927.92
15065,DOR-SMS-00,[DOR-SMS-00] SURFACE MOUNT SINGLE HEIGHT DOOR STATION SILVER,35611.3,24927.92
13192,SCM,[SCM] Screen miscellaneous,8822.61,7058.09
14783,PTA3001B,[PTA3001B] Secure Tablet Floorstand BLK,3869.57,2708.7
13658,SLIMMAX0.5M,[SLIMMAX0.5M] Slimwire MAX 0.5m,346.96,208.17
13659,SLIMMAX1M,[SLIMMAX1M] Slimwire MAX 1.0m,390.43,234.26
13660,SLIMMAX2M,[SLIMMAX2M] Slimwire MAX 2.0m,433.91,260.35
13661,SLIMMAX3M,[SLIMMAX3M] Slimwire MAX HDMI 3m,520.87,312.52
13662,SLIMMAX5M,[SLIMMAX5M] Slimwire MAX HDMI 5m,564.35,338.61
13424,FSFR2FLGIW,[FSFR2FLGIW] Socket collection Frame double frame Legrand Arteor Glass Ice White,3208.7,1925.22
13425,FSFR2FLGSW,[FSFR2FLGSW] Socket collection Frame double frame Legrand Arteor Glass Sand White,5000,3000
13426,FSFR2FLGVG,[FSFR2FLGVG] Socket collection Frame double frame Legrand Arteor Glass Venetian Gold,3208.7,1925.22
13427,FSFR2FLGYB,[FSFR2FLGYB] Socket collection Frame double frame Legrand Arteor Glass York Black,3208.7,1925.22
13428,FSFR2FLMAS,[FSFR2FLMAS] Socket collection Frame double frame Legrand Arteor Metal Aluminum Silver  Metal Brushed,3208.7,1925.22
13429,FSFR2FLMBG,[FSFR2FLMBG] Socket collection Frame double frame Legrand Arteor Metal Bronze Gold  Metal Brushed,3208.7,1925.22
13430,FSFR2FLMMB,[FSFR2FLMMB] Socket collection Frame double frame Legrand Arteor Metal Mars Black  Metal Brushed,3208.7,1925.22
13417,FSFR1FLGIW,[FSFR1FLGIW] Socket collection Frame single frame Legrand Arteor Glass Ice White,1604.35,962.61
13418,FSFR1FLGSW,[FSFR1FLGSW] Socket collection Frame single frame Legrand Arteor Glass Sand White,2500,1500
13419,FSFR1FLGVG,[FSFR1FLGVG] Socket collection Frame single frame Legrand Arteor Glass Venetian Gold,1604.35,962.61
13420,FSFR1FLGYB,[FSFR1FLGYB] Socket collection Frame single frame Legrand Arteor Glass York Black,1604.35,962.61
13421,FSFR1FLMAS,[FSFR1FLMAS] Socket collection Frame single frame Legrand Arteor Metal Aluminum Silver  Metal Brushed,1604.35,962.61
13422,FSFR1FLMBG,[FSFR1FLMBG] Socket collection Frame single frame Legrand Arteor Metal Bronze Gold  Metal Brushed,1604.35,962.61
13423,FSFR1FLMMB,[FSFR1FLMMB] Socket collection Frame single frame Legrand Arteor Metal Mars Black  Metal Brushed,1604.35,962.61
13431,FSFR3FLGIW,[FSFR3FLGIW] Socket collection Frame triple frame Legrand Arteor Glass Ice White,4813.04,2887.83
13432,FSFR3FLGSW,[FSFR3FLGSW] Socket collection Frame triple frame Legrand Arteor Glass Sand White,7500,4500
13433,FSFR3FLGVG,[FSFR3FLGVG] Socket collection Frame triple frame Legrand Arteor Glass Venetian Gold,4813.04,2887.83
13434,FSFR3FLGYB,[FSFR3FLGYB] Socket collection Frame triple frame Legrand Arteor Glass York Black,4813.04,2887.83
13435,FSFR3FLMAS,[FSFR3FLMAS] Socket collection Frame triple frame Legrand Arteor Metal Aluminum Silver  Metal Brushed,4813.04,2887.83
13436,FSFR3FLMBG,[FSFR3FLMBG] Socket collection Frame triple frame Legrand Arteor Metal Bronze Gold  Metal Brushed,4813.04,2887.83
13437,FSFR3FLMMB,[FSFR3FLMMB] Socket collection Frame triple frame Legrand Arteor Metal Mars Black  Metal Brushed,4813.04,2887.83
14401,AMPG1UK1BLK,[AMPG1UK1BLK] Sonos AMP EU (Black),15651.3,12390.65
14400,AMPG1EU1BLK,[AMPG1EU1BLK] Sonos AMP EU (Black) (S16),17390.43,13912.35
14405,ARCG1UK1BLK,[ARCG1UK1BLK] Sonos Arc Black,19129.57,15303.65
14403,ARCG1EU1BLK,[ARCG1EU1BLK] Sonos Arc Premium Smart Soundbar - Black (S19),21738.26,17390.61
14402,ARCG1EU1,[ARCG1EU1] Sonos Arc Premium Smart Soundbar - White (S19),21738.26,17390.61
16282,ARCG2EU1 BLK,[ARCG2EU1 BLK] Sonos Arc Ultra,25773.94285714286,18041.760000000002
14404,ARCG1UK1,[ARCG1UK1] Sonos Arc White,19129.57,15303.65
14410,BEAM2EU1BLK,[BEAM2EU1BLK] Sonos Beam Gen2 Compact Smart Soundbar - Black (S14),12173.04,9738.43
14409,BEAM2EU1,[BEAM2EU1] Sonos Beam Gen2 Compact Smart Soundbar - White (S14),12173.04,9738.43
14414,BOOSTEU1,[BOOSTEU1] Sonos Boost WiFi Extender for Sonos System,2173.04,1738.43
14421,E10G1EU1BLK,[E10G1EU1BLK] Sonos Era 100 Bluetooth Smart WiFi Speaker - Black,6086.09,4868.87
14420,E10G1EU1,[E10G1EU1] Sonos Era 100 Bluetooth Smart WiFi Speaker - White,6086.09,4868.87
14427,E30G1EU1BLK,[E30G1EU1BLK] Sonos Era 300 Bluetooth Smart WiFi Speaker - Black,11303.47,9042.78
14426,E30G1EU1,[E30G1EU1] Sonos Era 300 Bluetooth Smart WiFi Speaker - White,11303.47,9042.78
14431,FIVE1EU1BLK,[FIVE1EU1BLK] Sonos Five Ultimate Wireless Smart Speaker - Black (S24),13042.61,10434.09
14430,FIVE1EU1,[FIVE1EU1] Sonos Five Ultimate Wireless Smart Speaker - White (S24),13042.61,10434.09
14434,INCLGWW1,[INCLGWW1] Sonos In-Ceiling by Sonance {Pair},10868.7,8694.96
14464,PCS1LEU1BLK,[PCS1LEU1BLK] Sonos Long Angled Power Cable EU (Black) 8544.42.2000,4346.96,3477.57
14463,PCS1LEU1,[PCS1LEU1] Sonos Long Angled Power Cable EU (White) 8544.42.2000,4346.96,3477.57
14440,MOVE2EU1BLK,[MOVE2EU1BLK] Sonos Move 2 Wireless Smart Portable Speaker - Black (S17),11303.48,9042.78
14439,MOVE2EU1,[MOVE2EU1] Sonos Move 2 Wireless Smart Portable Speaker - White (S17),11303.48,9042.78
14441,MVBAGWW1BLK,[MVBAGWW1BLK] Sonos Move Travel Bag - Black,1651.3,1321.04
14447,MVWHKWW1BLK,[MVWHKWW1BLK] Sonos Move Wall Hook - Black,520.87,416.7
14446,MVWHKWW1,[MVWHKWW1] Sonos Move Wall Hook - White,607.83,486.26
14438,MOVE1EU1BLK,[MOVE1EU1BLK] Sonos Move Wireless Smart Portable Speaker - Black (S17),9999.13,7999
14437,MOVE1EU1,[MOVE1EU1] Sonos Move Wireless Smart Portable Speaker - White (S17),9999.13,7999.3
14453,ONEG2UK1BLK,[ONEG2UK1BLK] Sonos ONE (Gen2) EU Black,4520.87,3825.39
14452,ONEG2UK1,[ONEG2UK1] Sonos ONE (Gen2)Eu White,4520.87,3825.39
14451,ONEG2EU1BLK,[ONEG2EU1BLK] Sonos One Gen2 Ultimate Wireless Smart Bookshelf Speaker - Black (S18),5216.52,4173.22
14450,ONEG2EU1,[ONEG2EU1] Sonos One Gen2 Ultimate Wireless Smart Bookshelf Speaker - White (S18),5216.52,4173.22
14455,ONESLEU1BLK,[ONESLEU1BLK] Sonos One SL Ultimate Wireless Smart Bookshelf Speaker - Black (S22),4781.74,3825.39
14454,ONESLEU1,[ONESLEU1] Sonos One SL Ultimate Wireless Smart Bookshelf Speaker - White (S22),4781.74,3825.39
14480,SS1WMWW1BLK,[SS1WMWW1BLK] Sonos One Wall Mount - Black,1129.57,903.66
14479,SS1WMWW1,[SS1WMWW1] Sonos One Wall Mount - White,1129.57,903.66
14458,OUTDRWW1,[OUTDRWW1] Sonos Outdoor by Sonance {Pair} 8518.22.00.90,13042.61,10434.09
14468,PORT1EU1BLK,[PORT1EU1BLK] Sonos PORT EU (Black) S23,11303.48,9042.78
14469,PORT1UK1BLK,[PORT1UK1BLK] Sonos PORT UK (Black) S23,10433.91,8151.52
14433,FURYEU1BLK,[FURYEU1BLK] Sonos Ray Black Marketing Stock (RAYG1EU1BLK),5651.3,4521.04
14471,RAYG1EU1BLK,[RAYG1EU1BLK] Sonos Ray Optical/WiFi Smart Soundbar - Black (S36),6086.09,4521.04
14470,RAYG1EU1,[RAYG1EU1] Sonos Ray Optical/WiFi Smart Soundbar - White (S36),6086.09,4521.04
14472,RAYWMWW1BLK,[RAYWMWW1BLK] Sonos Ray Wall Mount WW Black,1477.39,0
14432,FURYEU1,[FURYEU1] Sonos Ray white marketing stock (RAYG1EU1),5651.3,4521.04
14478,ROAM1R21BLK,[ROAM1R21BLK] Sonos Roam Portable Smart Speaker - Black (S27),3912.17,3129.74
14477,ROAM1R21,[ROAM1R21] Sonos Roam Portable Smart Speaker - White (S27),3912.17,3129.74
14474,RMSL1R21BLK,[RMSL1R21BLK] Sonos Roam SL Portable Smart Speaker - Black (S27),3477.39,2781.91
14473,RMSL1R21,[RMSL1R21] Sonos Roam SL Portable Smart Speaker - White (S27),3477.39,2781.91
14476,RMWCHEU1BLK,[RMWCHEU1BLK] Sonos Roam Wireless Charger - Black,955.65,764.52
14475,RMWCHEU1,[RMWCHEU1] Sonos Roam Wireless Charger - White,955.65,764.52
14484,SUBG3UK1,[SUBG3UK1] Sonos Sub (Gen3) White,16520.87,13216.7
16423,SUBG4EU1 BLK,[SUBG4EU1 BLK] Sonos Sub Gen 4 Black,19874.785714285717,13912.35
14483,SUBG3EU1BLK,[SUBG3EU1BLK] Sonos Sub Gen3 Wireless Smart Subwoofer - Black (S26),17390.43,13912.35
14482,SUBG3EU1,[SUBG3EU1] Sonos Sub Gen3 Wireless Smart Subwoofer - White (S26),17390.43,13912.35
14486,SUBM1EU1BLK,[SUBM1EU1BLK] Sonos Sub Mini Smart Subwoofer - Black (S37),10433.91,8347.13
14485,SUBM1EU1,[SUBM1EU1] Sonos Sub Mini Smart Subwoofer - White (S37),10433.91,8347.13
14406,ARCWMWW1BLK,[ARCWMWW1BLK] Sonos Wall Mount For ARC Soundbar Black,1477.39,1181.91
14413,BM1WMWW1BLK,[BM1WMWW1BLK] Sonos Wall Mount For Beam Soundbar - Black,1477.39,1181.91
14412,BM1WMWW1,[BM1WMWW1] Sonos Wall Mount For Beam Soundbar - White,1477.39,1181.91
14880,SOUND4203B,[SOUND4203B] Sound 4203 Sonos Play 3 Wall Mount Black,878.26,614.78
14881,SOUND4203W,[SOUND4203W] Sound 4203 Sonos Play 3 Wall Mount White,878.26,526.96
13667,SPMAX12,[SPMAX12] Splitter MAX 1x2,2607.83,1564.7
13668,SPMAX14,[SPMAX14] Splitter MAX 1x4,3999.13,2399.48
13670,SWITCHERMAX41,[SWITCHERMAX41] Switcher MAX (4x1),3912.17,2347.3
13455,C11028,[C11028] Symphony 100 - 100M Speaker Cable,4346.96,2608.17
13456,C11029,[C11029] Symphony 200 - 100M Speaker Cable,6086.09,3651.65
13457,C11031,[C11031] Symphony 400 - 50M Speaker Cable,5216.52,3129.91
15144,ITP-TBLTOP80-00,[ITP-TBLTOP80-00] TABLE TOP DOCK FOR SAVANT TOUCH 8,8617.39,5170.44
14789,PTS1107,[PTS1107] TABLOCK - Samsung Galaxy 10.1,2695.65,1886.96
14965,9155038,[9155038] TAMPER SWITCH,0,0
15028,CLI-THFM1-00,[CLI-THFM1-00] TEMP AND HUMIDITY SENSOR FLUSH MOUNT,8343.48,5006.09
14894,THIN405,[THIN405] THIN 405 Fixed TV Wall Mount,1408.7,845.22
14895,THIN415,[THIN415] THIN 415 Tilting TV Wall Mount,2104.35,1262.61
14896,THIN425,[THIN425] THIN 425 Full-Motion TV Wall Mount,3504.35,2102.61
14897,THIN445,[THIN445] THIN 445 Full-Motion TV Wall Mount,4669.57,2801.74
14898,THIN445WH,[THIN445WH] THIN 445 Full-Motion TV Wall Mount White,466957,2801.74
14899,THIN505,[THIN505] THIN 505 Fixed TV Wall Mount,1869.57,1121.74
14900,THIN515,[THIN515] THIN 515 Tilting TV Wall Mount,2565.22,1539.13
14901,THIN525,[THIN525] THIN 525 Full-Motion TV Wall Mount,4669.57,2801.74
14902,THIN545,[THIN545] THIN 545 Full-Motion TV Wall Mount,6417.39,3850.43
14903,THIN545W,[THIN545W] THIN 545 Full-Motion TV Wall Mount White,641739,3850.43
14904,THIN546,[THIN546] THIN 546 Full-Motion TV Wall Mount Universal OLED,6260.87,3756.52
14905,THIN550,[THIN550] THIN 550 Full-Motion TV Wall Mount,7452.17,4471.3
14906,THIN595,[THIN595] THIN 595 Double Stud Adapter (525/545/550),1808.7,0
14892,THIN215,[THIN215] THIN215 LED wall support,2052.17,1231.3
14893,THIN325,[THIN325] THIN325 Tilt/turn Single Arm,4469.57,2681.74
14916,TVM 3415,[TVM 3415] TILT MOUNT MEDIUM,1564.35,834.26
14934,VTMS1010,[VTMS1010] TMS 1010  Tablet Wall Pack,686.96,412.17
14907,TMS1010,[TMS1010] TMS 1010  Tablet Wall Pack,686.96,0
14908,TMS1020,[TMS1020] TMS 1020 Tablet Car Pack,1208.7,0
14909,TMS1030,[TMS1030] TMS 1030 Tablet Flex Pack,1582.61,0
14910,TMS1050,[TMS1050] TMS 1050  Tablet Dashboard Pack,791.3,0
15325,STP-TWT-00,[STP-TWT-00] TUNABLE WHITE 3-WAY T COUPLER (10 PACK),1292.17,1033.74
15324,STP-TWJUMPER-00,[STP-TWJUMPER-00] TUNABLE WHITE JUMPER (10 PACK),430.43,344.35
15322,STP-TW10MID-00,[STP-TW10MID-00] TUNABLE WHITE LIGHT STRIP - INDOOR (10M),6462.61,5170.09
15323,STP-TWCOUPLER-00,[STP-TWCOUPLER-00] TUNABLE WHITE STRAIGHT COUPLER (10 PACK),322.61,258.09
14912,TVM 3215,[TVM 3215] TVM 3215 Tilting TV Wall Mount,1129.57,552.52
14915,TVM 3405,[TVM 3405] TVM 3405 Fixed TV Wall Mount,1216.52,625.57
14919,TVM 3605,[TVM 3605] TVM 3605 Fixed TV Wall Mount,1651.3,834.26
14920,TVM 3615,[TVM 3615] TVM 3615 Tilting TV Wall Mount,2086.09,1095.13
14922,TVM 3645,[TVM 3645] TVM 3645 Full-Motion TV Wall Mount,6086.09,2973.39
14923,TVM 5405,[TVM 5405] TVM 5405 Fixed TV Wall Mount,1912.17,845.22
14924,TVM 5445,[TVM 5445] TVM 5445 Full-Motion TV Wall Mount,6520.87,2801.74
14925,TVM 5605,[TVM 5605] TVM 5605 Fixed TV Wall Mount,2520.87,1121.74
14926,TVM 5645,[TVM 5645] TVM 5645 Full-Motion TV Wall Mount,7825.22,3850.43
14927,TVM 5845,[TVM 5845] TVM 5845 Full-Motion TV Wall Mount,9216.52,4471.3
14928,TVM 5855,[TVM 5855] TVM 5855 Full-Motion TV Wall Mount,9216.52,4471.3
14929,TVM 7655,[TVM 7655] TVM 7655 Full-Motion TV Wall Mount,13912.17,2113.04
14930,TVM 7675,[TVM 7675] TVM 7675 Full-Motion TV Wall Mount,27825.22,2113.04
13475,300317-0-0,[300317-0-0] TWEETER MODULE IKON MK2 LARGE,2947.83,1768.7
13983,TX-8270(B),[TX-8270(B)] TX-8270 BLACK NETWORK STEREO RECEIVER,15651.3,10955.91
13990,TX-SR393(B),[TX-SR393(B)] TX-SR393 BLACK 5.1 A/V BLUETOOTH RECEIVER,6520.87,5216.69
16409,RZ-50,[RZ-50] The Onkyo TX-RZ50 AV receiver delivers ultra-wide bandwidth and is packed with the latest technology for the home theater of your dreams,29813.67142857143,20869.57
13447,C1070,[C1070] Ultra 100- 100m Speaker Cable,8694.78,5216.87
13968,V10B+,[V10B+] V10+ Black,26955.65,16908.55
13969,V12B+,[V12B+] V12+ Black,36520.87,22908.55
13970,V12W+,[V12W+] V12+ White,36520.87,22908.55
13971,V15B+,[V15B+] V15+ Black,56520.87,35454
13973,V8B,[V8B] V8 Black,16947.83,10168.7
13974,VA500,[VA500] VA500 Amp,23477.39,14726.73
15282,SHA-FBINDVERTILUX-01,[SHA-FBINDVERTILUX-01] VERTILUX BINDERS FOR SAMPLES OF ALL VERTILUX FABRIC SAVANT IS OFFERING,8054.78,6443.83
14931,VLB200,[VLB200] VLB 200 Loudspeaker Wall Mount,1564.35,620.87
14932,VLB500B,[VLB500B] VLB 500 Loudspeaker Wall Mount,607.83,224.35
14933,VLB500S,[VLB500S] VLB 500 Loudspeaker Wall Mount,607.83,224.34
16256,96089,[96089] VX80R,11906.544444444444,8334.58111111111
16594,96006,[96006] VX82,24717,12895.83
14935,WALL1120,[WALL1120] WALL 1120 BLACK TURN 60 WALL MOUNT 19-37,7452.17,4471.3
14937,WALL3105,[WALL3105] WALL 3105,513.04,365.22
14938,WALL3115,[WALL3115] WALL 3115 Tilting TV Wall Mount,565.22,0
14939,WALL3125,[WALL3125] WALL 3125 Full-Motion TV Wall Mount,1643.48,986.09
14940,WALL3145,[WALL3145] WALL 3145 Full-Motion TV Wall Mount,2356.52,1413.91
14941,WALL3145W,[WALL3145W] WALL 3145 Full-Motion TV Wall Mount White,2356.52,1413.91
14942,WALL3205,[WALL3205] WALL 3205 Fixed TV Wall Mount,756.52,336.93
14943,WALL3215,[WALL3215] WALL 3215 Tilting TV Wall Mount,1643.48,986.09
14944,WALL3225,[WALL3225] WALL 3225 Full-Motion TV Wall Mount,2704.35,1622.61
14945,WALL3245,[WALL3245] WALL 3245 Full-Motion TV Wall Mount,3686.96,2212.17
14946,WALL3245W,[WALL3245W] WALL 3245 Full-Motion TV Wall Mount White,4000,2400
14947,WALL3250,[WALL3250] WALL 3250 Full-Motion TV Wall Mount,5217.39,3130.43
14948,WALL3305,[WALL3305] WALL 3305 Fixed TV Wall Mount,1043.48,550.84
14949,WALL3315,[WALL3315] WALL 3315 Tilting TV Wall Mount,1643.48,986.09
14950,WALL3325,[WALL3325] WALL 3325 Full-Motion TV Wall Mount,3521.74,2113.04
14951,WALL3345,[WALL3345] WALL 3345 Full-Motion TV Wall Mount,4704.35,2822.61
14952,WALL3345W,[WALL3345W] WALL 3345 Full-Motion TV Wall Mount White,4217.39,2530.43
14953,WALL3350,[WALL3350] WALL 3350 Full-Motion TV Wall Mount,6808.7,4085.22
14954,WALL3450,[WALL3450] WALL 3450 Full-Motion TV Wall Mount,8626.09,5175.65
14606,PFA9142,[PFA9142] WALL SUPPORT EXTENSION KIT 2 ARMS FOR PFA 9141,2173.04,1521.13
14607,PFA9143,[PFA9143] WALL SUPPORT EXTENSION KIT 3 ARMS FOR PFA 9141,3129.57,2190.7
14605,PFA9141,[PFA9141] WALL SUPPORT SLIDING BRACKET BASIC KIT LONG,3651.3,2555.91
14608,PFA9144,[PFA9144] WALL SUPPORT SLIDING BRACKET BASIC KIT SHORT,2955.65,2068.96
15310,SSC-W103I-00,[SSC-W103I-00] WI-FI IR LEARNING CONTROLLER WITH 3 IR OUTPUTS,9848.7,5909.22
15261,SHA-B5WBA-00,[SHA-B5WBA-00] WIDE COUPLER FOR DUAL MOTOR (BLACK ALUMINUM),9009.57,7207.66
15263,SHA-B5WSA-00,[SHA-B5WSA-00] WIDE COUPLER FOR DUAL MOTOR (SILVER ALUMINUM),9009.57,7207.66
15145,LCB-010V8-01,[LCB-010V8-01] WIRED 0-10V CONTROL 8 CHANNELS,16414.78,11490.35
15284,SHA-MGEIGCTRL-00,[SHA-MGEIGCTRL-00] WIRED CONTROLLER FOR GEIGER WIRED MOTORS,18019.13,10811.48
15146,LCB-DMX1-01,[LCB-DMX1-01] WIRED DMX LOW VOLTAGE LIGHTING CONTROLLER,16414.78,11490.35
13476,350319-0-0,[350319-0-0] WOOFER OPTICON 5 & VOKAL 6.5 spare part,1730.43,1038.26
15329,STP-WRGBJUMPER-00,[STP-WRGBJUMPER-00] WRGB JUMPER (10 PACK),538.26,430.61
15326,STP-WRGB10MID-00,[STP-WRGB10MID-00] WRGB LIGHT STRIP - INDOOR (10M),6462.61,5170.09
15327,STP-WRGB10MOD-00,[STP-WRGB10MOD-00] WRGB LIGHT STRIP - OUTDOOR (10M),9694.78,7755.83
15328,STP-WRGBCOUPLER-00,[STP-WRGBCOUPLER-00] WRGB STRAIGHT COUPLER (10 PACK),322.61,258.09
15330,STP-WRGBT-00,[STP-WRGBT-00] WRGB T 3 WAY T COUPLER (10 PACK),1400,1120
13975,X10B,[X10B] X10 Black,43477.39,34429.57
13976,X10B+,[X10B+] X10+ Black,82607.83,51817.64
13977,X12B,[X12B] X12 Black,56520.87,41733.91
13978,X12B+,[X12B+] X12+ Black,99999.13,62726.73
13979,X15B+,[X15B+] X15+ Black,121738.26,76363.09
13675,XTND2K150,[XTND2K150] XTND 2K 150m,5216.52,3129.91
13679,XTND2KP30,[XTND2KP30] XTND 2K 30m POE,2607.83,1564.7
13678,XTND2K60,[XTND2K60] XTND 2K 60m,2607.83,1564.7
13676,XTND2K30PSU,[XTND2K30PSU] XTND 2K30 PSU 5V 1A,478.26,392.39
13677,XTND2K40PSU,[XTND2K40PSU] XTND 2K40 PSU 5V 1A,478.26,286.96
13672,XTND 4K100TPC,[XTND 4K100TPC] XTND 4K (100) WITH TPC,8694.78,5216.87
13683,XTND4K141TPC,[XTND4K141TPC] XTND 4K (1x4+1) Splitter,17382.61,9907.83
13673,XTND 4K40 TPC,[XTND 4K40 TPC] XTND 4K (40) WITH TPC,6086.09,3651.65
13681,XTND4K100TPC,[XTND4K100TPC] XTND 4K 100m HDBaseT 2.0 incl LAN out,8339.13,7794
13684,XTND4K40ARC,[XTND4K40ARC] XTND 4K 40m (70m 1080P) ARC,6521.74,3913.04
13680,XTND4K100PSU,[XTND4K100PSU] XTND 4K100 Multi PSU 24V 1A,478.26,286.96
13671,XTND 4K100 TPC + ARC,[XTND 4K100 TPC + ARC] XTND 4K100 TPC + ARC,10433.91,6777.39
13674,XTND 4K40 TPC + ARC,[XTND 4K40 TPC + ARC] XTND 4K40 TPC + ARC,10433.91,6260.35
13682,XTND4K14140TPC,[XTND4K14140TPC] XTND 4K40 TPC Splitter (1x4+1) 2020,17390.43,10434.26
13789,SKIN-GUARDIAN-PETALS,[SKIN-GUARDIAN-PETALS] YELLOW SILICON SKIN FOR THE GUARDIAN CAMERA,648.7,518.96
13568,ZENSOR 3 W,[ZENSOR 3 W] ZENSOR 3 WHITE BOOKSHELF SPEAKER,8086.09,0
15504,ZP5,[ZP5] ZP5 - uControl Zone Processor ZP5,13391.3,8034.78
13907,DLA-N9BE,[DLA-N9BE] e-shift 5 8K/2200lm/100000:1/Dynamic 1M:1 HDR/High Quality Image with Low latency mode,433913,303739.1
13653,MHUBXTNDIRRX,[MHUBXTNDIRRX] mHUB XTND IR Integration RX,217.39,130.43
13652,MHUBXTNDIRKIT,[MHUBXTNDIRKIT] mHUB XTND IR Integration kit,217.39,130.43
13630,MHUB431URMK,[MHUB431URMK] mHub 431U Rack Mount Kit,826.09,495.65
13649,MHUBU431,[MHUBU431] mHub 4K (4x3+1) HDMI Matrix,34781.74,20869.04
13634,MHUB4K44PRO,[MHUB4K44PRO] mHub 4K PRO 70m 4x4 Matrix,60000,36000
13636,MHUB4K88PRO,[MHUB4K88PRO] mHub 4K PRO 8x8 Matrix 70m,120000,82800
13650,MHUBU862,[MHUBU862] mHub U (8x6+2) HDMI Matrix w/ uControl,78260,46956
13917,PK-L2417UW,[PK-L2417UW] replacement lamp for the JVC,14781.74,10347.22
15505,uControl Remote,[uControl Remote] uControl Remote - Carbonite (Aluminium fascia),11858.89,8034.78
14003,Zacv2,[Zacv2] zDAC v2 Black,19121.74,11473.04
16561,eZi-PSU-12V-5A,[eZi-PSU-12V-5A] {HDR-60-15} SAVANT POWER SUPPLY. (MEANWELL). 12V 60W. DIN RAIL MOUNT. ADJUSTABLE OUTPUT,781.74,547.22