sku,product_name,brand,wequote_sell_price_zar,odoo_sales_price_zar,price_diff_wequote_minus_odoo,odoo_cost_price_zar,wequote_msrp_zar,status
9155015,FLUSH MOUNT BACKBOX FOR KEYPAD DOOR STATION,SAVANT,2304.9429,0.0,2304.9429,0.0,0.0,Matched - PRICE MISMATCH
9155017,FLUSH MOUNT BOX FOR SINGLE HEIGHT DOOR STATION,SAVANT,1162.61,0.0,1162.61,0.0,0.0,Matched - PRICE MISMATCH
9155045,2N IP VERSO - FINGERPRINT READER,SAVANT,28315.1,0.0,28315.1,0.0,0.0,Matched - PRICE MISMATCH
92745,SONANCE RK83 GRANITE,Sonance,26808.6957,18900.0,7908.6957,11340.0,0.0,Matched - PRICE MISMATCH
93089,SONANCE VP80R,Sonance,10100.0,10099.13,0.8700000000008004,6059.48,0.0,Matched - PRICE MISMATCH
93125,SONANCE C6R SST,Sonance,3121.7391,3625.22,-503.4809,2175.14,0.0,Matched - PRICE MISMATCH
93153,SONANCE MARINER 64 B,Sonance,14782.62,14782.61,0.010000000000218279,8869.57,0.0,Matched - PRICE MISMATCH
93156,SONANCE MARINER 86 W,Sonance,25060.8696,24364.35,696.5196000000033,14618.61,0.0,Matched - PRICE MISMATCH
93353,SONANCE VPSUB,Sonance,66513.0435,46094.78,20418.2635,27656.87,0.0,Matched - PRICE MISMATCH
93356,SONANCE i8,Sonance,37330.4348,25895.65,11434.784800000001,15537.4,0.0,Matched - PRICE MISMATCH
93429,SONANCE PATIO 4.1,Sonance,55652.1739,44613.91,11038.263899999998,26768.35,0.0,Matched - PRICE MISMATCH
93430,SONANCE PATIO 4.1 W/SR 2-125,Sonance,82121.7391,64673.91,17447.829100000003,38804.35,0.0,Matched - PRICE MISMATCH
93432,SONANCE SGS 8.1 SYSTEM (8 - SATS 1 - SUB),Sonance,143878.2609,115278.26,28600.0009,69166.96,0.0,Matched - PRICE MISMATCH
93433,SONANCE SGS 8.1 SYSTEM w/SR 2-125 AMP (8 - SATS 1 - SUB 1 - 2-125 AMP),Sonance,164243.48,131746.96,32496.52000000002,79048.18,0.0,Matched - PRICE MISMATCH
93478,SONANCE IS6,Sonance,41060.8696,32429.57,8631.299599999998,19457.74,0.0,Matched - PRICE MISMATCH
93479,SONANCE IS8,Sonance,57347.8261,45401.74,11946.0861,27241.05,0.0,Matched - PRICE MISMATCH
93480,SONANCE IS10,Sonance,82121.7391,64860.0,17261.739100000006,38916.0,0.0,Matched - PRICE MISMATCH
93481,SONANCE IS10W,Sonance,32921.7391,25943.48,6978.259099999999,15566.09,0.0,Matched - PRICE MISMATCH
93482,SONANCE IS15W,Sonance,98408.6957,77831.3,20577.395699999994,46698.79,0.0,Matched - PRICE MISMATCH
C15S,C15S,M&K Sound,59409.5652,56520.87,2888.6951999999947,35454.0,0.0,Matched - PRICE MISMATCH
DOR-FMS-00,FLUSH MOUNT SINGLE HEIGHT DOOR STATION SILVER,SAVANT,37002.6087,35611.3,1391.3086999999941,24927.92,0.0,Matched - PRICE MISMATCH
DOR-SM0B-00,SURFACE MOUNT DOOR STATION BLACK,SAVANT,38059.1304,36628.7,1430.4304000000047,25640.09,0.0,Matched - PRICE MISMATCH
DOR-SMB-00,SURFACE MOUNT SINGLE HEIGHT DOOR STATION BLACK,SAVANT,35614.78,35611.3,3.4799999999959255,24927.92,0.0,Matched - PRICE MISMATCH
DRX3.4M2BMMA,Integra DRX-3.4 9.2-Channel Network AV Receiver,Integra,48704.3478,39999.13,8705.217800000006,23999.48,0.0,Matched - PRICE MISMATCH
DRX5.4M2BMMA,Integra DRX-5.4 9.2-Channel Network AV Receiver,Integra,62208.6957,52173.04,10035.655699999996,31303.83,0.0,Matched - PRICE MISMATCH
DRX8.4BMMM,Integra DRX-8.4 11.4-Channel Network AV Receiver,Integra,108226.087,86955.65,21270.437000000005,52173.39,0.0,Matched - PRICE MISMATCH
ESN-AVB12E-01,EXTREME NETWORKS 12 PORT AVB SWITCH,SAVANT,53421.7391,53416.52,5.219100000002072,42733.22,0.0,Matched - PRICE MISMATCH
FNIP-6x2AD,P5 - FNIP-6X2AD - 6 CHANNEL ETHERNET SMART DIMMER WITH ENERGY METERING,P5,17730.4348,18933.91,-1203.4752000000008,13253.74,0.0,Matched - PRICE MISMATCH
FNIP-8x16A.v4,P5 8 channel relay unit,P5,7600.0,9466.96,-1866.9599999999991,6626.87,0.0,Matched - PRICE MISMATCH
HST-SIPA1SM-00,IP AUDIO 1 WITH INTEGRATED HOST AND SAVANT MUSIC 2.0,SAVANT,23477.3913,22609.57,867.8212999999996,13565.74,0.0,Matched - PRICE MISMATCH
IC95,IC95 Pair Miller&Kreisel,M&K Sound,18269.5652,13042.61,5226.9552,8181.27,0.0,Matched - PRICE MISMATCH
INCLGWW1,Sonos In-Ceiling by Sonance {Pair},Sonos,11303.4783,10868.7,434.77829999999994,8694.96,0.0,Matched - PRICE MISMATCH
ITP-E8000V2B-00,SAVANT TOUCH 8 INCH CONTROL SCREEN - BLACK,SAVANT,39121.74,30000.0,9121.739999999998,21000.0,0.0,Matched - PRICE MISMATCH
IW150,IW150 Miller & Kreisel,M&K Sound,44573.913,32173.04,12400.873,20181.27,0.0,Matched - PRICE MISMATCH
IW150T,IW150T Pair Black Miller & Kreisel,M&K Sound,63843.4783,43477.39,20366.088300000003,27272.18,0.0,Matched - PRICE MISMATCH
IW300,IW300 Miller&Kreisel,M&K Sound,74060.8696,59129.57,14931.299600000006,37090.36,0.0,Matched - PRICE MISMATCH
IW950,IW950 Miller&Kreisel,M&K Sound,28400.0,19129.57,9270.43,11999.45,0.0,Matched - PRICE MISMATCH
M40TB,M40T Black Pair,M&K Sound,25078.2609,17390.43,7687.830900000001,10908.55,0.0,Matched - PRICE MISMATCH
M70B,M70 Black,M&K Sound,13704.3478,10426.09,3278.2577999999994,6540.0,0.0,Matched - PRICE MISMATCH
M90B,M90 Black,M&K Sound,24382.6087,17390.43,6992.1787,10908.55,0.0,Matched - PRICE MISMATCH
OSL-SMRT10-00,RUNTIME LICENSE - SMART 10,SAVANT,13536.95,12721.74,815.210000000001,7633.05,0.0,Matched - PRICE MISMATCH
OSL-SMRTPREM-00,ACTIVATION LICENSE FOR PREMIUM FEATURES IN SMART HOST,SAVANT,9669.2667,9086.96,582.306700000001,5452.18,0.0,Matched - PRICE MISMATCH
PAV-SIPA125SM-10,IP AUDIO 125 WITH SAVANT MUSIC SERVER,SAVANT,113042.6087,106066.96,6975.648699999991,63640.18,0.0,Matched - PRICE MISMATCH
PAV-SIPA50SMV2-05,IP AUDIO 50 V2 WITH SAVANT MUSIC SERVER,SAVANT,73904.35,70711.3,3193.050000000003,42426.79,0.0,Matched - PRICE MISMATCH
RAYG1EU1BLK,Sonos Ray Optical/WiFi Smart Soundbar - Black (S36),Sonos,5651.3,6086.09,-434.78999999999996,4521.04,0.0,Matched - PRICE MISMATCH
REM-4000SGI-00,SAVANT PRO REMOTE X2 SPACE GRAY (INTERNATIONAL),SAVANT,20513.0435,18992.17,1520.8735000000015,11395.31,0.0,Matched - PRICE MISMATCH
RMB-SIPA12F-00,1U FRONT RACK MOUNT BRACKET FOR SINGLE ZONE AMP,SAVANT,1817.3913,1604.35,213.0413000000001,962.61,0.0,Matched - PRICE MISMATCH
S150R/C,S150 Right/C Black,M&K Sound,45504.3478,33042.61,12461.737800000003,20726.73,0.0,Matched - PRICE MISMATCH
S150T,S150T Black Pair,M&K Sound,62834.7826,43477.39,19357.3926,27272.18,0.0,Matched - PRICE MISMATCH
S300R/C,S300 Right/C Black,M&K Sound,80556.5217,62607.83,17948.691699999996,35473.04,0.0,Matched - PRICE MISMATCH
S300T,S300T Black Pair,M&K Sound,111043.4783,86955.65,24087.82830000001,54544.91,0.0,Matched - PRICE MISMATCH
SAV-PROHOST,"PRO HOST, PLUS RUNTIME",SAVANT,131860.8696,115971.3,15889.569600000003,92777.05,0.0,Matched - PRICE MISMATCH
SAV-S12REM,"S12 HOST, PLUS RUNTIME, PLUS REM-4000",SAVANT,51765.2174,46941.74,4823.477400000003,28165.05,0.0,Matched - PRICE MISMATCH
SAV-S12REMVIDEO,"S12 HOST, PLUS RUNTIME, PLUS REM-4000, 3RD PART VIDEO PACKAGE",SAVANT,65043.48,62426.96,2616.520000000004,37456.18,0.0,Matched - PRICE MISMATCH
SKL-1010-00,SAVANT- SKL- 1010- 10 KEYPAD POWER AND CONTROLLER,SAVANT,7426.09,6839.13,586.96,4787.4,0.0,Matched - PRICE MISMATCH
SSC-0012-00,SAVANT SMARTCONTROL 12 - SMART CONTROLLER WITH 6 IR 2 RS232 2 GPIO AND 2 RELAY,SAVANT,20860.8696,16713.04,4147.829600000001,10027.83,0.0,Matched - PRICE MISMATCH
SSL-PROE-1YR,SAVANT ESSENTIALS 1 YEAR SUBSCRIPTION (PRO),SAVANT,19991.3,17851.3,2140.0,10710.79,0.0,Matched - PRICE MISMATCH
SUR55TB,SUR55T Black Pair,M&K Sound,34208.6957,24346.96,9861.735699999997,15272.18,0.0,Matched - PRICE MISMATCH
TVM 5605,TVM 5605 Fixed TV Wall Mount,Vogels,2260.8696,2520.87,-260.0003999999999,1121.74,0.0,Matched - PRICE MISMATCH
TVM 5645,TVM 5645 Full-Motion TV Wall Mount,Vogels,7826.087,7825.22,0.8670000000001892,3850.43,0.0,Matched - PRICE MISMATCH
V10B+,V10+ Black,M&K Sound,37226.087,26955.65,10270.436999999998,16908.55,0.0,Matched - PRICE MISMATCH
V12B+,V12+ Black,M&K Sound,51382.6087,36520.87,14861.738699999994,22908.55,0.0,Matched - PRICE MISMATCH
V12W+,V12+ White,M&K Sound,51382.6087,36520.87,14861.738699999994,22908.55,0.0,Matched - PRICE MISMATCH
V15B+,V15+ Black,M&K Sound,79478.2609,56520.87,22957.39089999999,35454.0,0.0,Matched - PRICE MISMATCH
VA500,VA500 Amp,M&K Sound,34286.9565,23477.39,10809.5665,14726.73,0.0,Matched - PRICE MISMATCH
WFB-BZLV04-00,ASCEND LOW VOLTAGE KEYPAD - 4 BUTTON (BRUSHED BRONZE),SAVANT,10982.6087,11191.3,-208.6912999999986,6714.79,0.0,Matched - PRICE MISMATCH
WFB-SWENGV-00,ASCEND ENGRAVING (SNOW WHITE),SAVANT,2173.913,1167.83,1006.0830000000001,817.48,0.0,Matched - PRICE MISMATCH
WPB-SWLV06-00,ECHO LOW VOLTAGE CONFIGURABLE KEYPAD (SNOW WHITE),SAVANT,7965.2174,6155.65,1809.5674000000008,4308.96,0.0,Matched - PRICE MISMATCH
X10B+,X10+ Black,M&K Sound,118086.9565,82607.83,35479.1265,51817.64,0.0,Matched - PRICE MISMATCH
X15B+,X15+ Black,M&K Sound,169852.1739,121738.26,48113.9139,76363.09,0.0,Matched - PRICE MISMATCH
XTNDA300,HDANYWHERE  XTND 300m Audio Extender,HDANYWHERE,3478.2609,5216.52,-1738.2591000000002,0.0,0.0,Matched - PRICE MISMATCH
1068258,C910 AMP MODULE,Jamo,6956.52,6956.52,0.0,4868.96,0.0,Matched - price identical
1071179,Jamo Studio 7 S15B Bookshelf Surround Speaker Blue Fjord,Jamo,6955.65,6955.65,0.0,5216.74,0.0,Matched - price identical
1071180,Jamo Studio 7 S15B Bookshelf Surround Speaker Grey Cloud,Jamo,6955.65,6955.65,0.0,5216.74,0.0,Matched - price identical
1071181,Jamo Studio 7 S17B Bookshelf Speaker Blue Fjord,Jamo,8694.78,8694.78,0.0,6521.09,0.0,Matched - price identical
1071182,Jamo Studio 7 S17B Bookshelf Speaker Grey Cloud,Jamo,8694.78,8694.78,0.0,6521.09,0.0,Matched - price identical
1071183,Jamo Studio 7 S25C Centre Channel Speaker Blue Fjord,Jamo,5216.52,5216.52,0.0,3912.39,0.0,Matched - price identical
1071184,Jamo Studio 7 S25C Centre Channel Speaker Grey Cloud,Jamo,5216.52,5216.52,0.0,3912.39,0.0,Matched - price identical
1071185,Jamo Studio 7 S25F Floorstanding Speaker Blue Fjord,Jamo,12607.83,12607.83,0.0,9455.87,0.0,Matched - price identical
1071187,Jamo Studio 7 S27F Floorstanding Speaker Blue Fjord,Jamo,15216.52,15216.52,0.0,11412.39,0.0,Matched - price identical
1071188,Jamo Studio 7 S27F Floorstanding Speaker Grey Cloud,Jamo,15216.52,15216.52,0.0,11412.39,0.0,Matched - price identical
1071189,Jamo Studio 7 S43C Center Channel Speaker Blue Fjord,Jamo,5216.52,5216.52,0.0,3912.39,0.0,Matched - price identical
1071190,Jamo Studio 7 S43C Center Channel Speaker Grey Cloud,Jamo,5216.52,5216.52,0.0,3912.39,0.0,Matched - price identical
11202101,2N MINI ELECTRONIC DOORSTRIKE SERIES 5,SAVANT,0.0,0.0,0.0,0.0,0.0,Matched - price identical
11202102,2N MINI ELECTRONIC DOORSTRIKE SERIES 5 WITH MOMENTUM PIN,SAVANT,0.0,0.0,0.0,0.0,0.0,Matched - price identical
11202103,2N MINI ELECTRONIC DOORSTRIKE SERIES 5 WITH MECHANICAL BLOCKING,SAVANT,0.0,0.0,0.0,0.0,0.0,Matched - price identical
11202104,2N MINI ELECTRONIC DOORSTRIKE SERIES 5 DOOR SIGNALING,SAVANT,0.0,0.0,0.0,0.0,0.0,Matched - price identical
11202105,2N MINI ELECTRONIC DOORSTRIKE SERIES 5 FAIL SAFE,SAVANT,0.0,0.0,0.0,0.0,0.0,Matched - price identical
11202106,2N MINI ELECTRONIC DOORSTRIKE SERIES 5,SAVANT,0.0,0.0,0.0,0.0,0.0,Matched - price identical
12BSPKP10,PLANETWAVES 12AWG Speaker Connector,Planetwaves,1361.74,1361.74,0.0,953.22,0.0,Matched - price identical
14BSPKP10,PLANETWAVES 14AWG Speaker Connector,Planetwaves,1361.74,1361.74,0.0,953.22,0.0,Matched - price identical
16BSPKP10,PLANETWAVES 16AWG Speaker Connector,Planetwaves,1361.74,1361.74,0.0,953.22,0.0,Matched - price identical
300317-0-0,TWEETER MODULE IKON MK2 LARGE,Dali,2947.83,2947.83,0.0,1768.7,0.0,Matched - price identical
350319-0-0,WOOFER OPTICON 5 & VOKAL 6.5 spare part,Dali,1730.43,1730.43,0.0,1038.26,0.0,Matched - price identical
360163-2-0,MAIN 2 AMP,Dali,513.04,513.04,0.0,307.83,0.0,Matched - price identical
370039-0-0,MAINS ADAPTER KATCH IN BOX,Dali,513.04,513.04,0.0,307.83,0.0,Matched - price identical
370212-0-0,REMOTE CONTROL ZENSOR AX,Dali,339.13,339.13,0.0,203.48,0.0,Matched - price identical
383610,DALI CONNECT STAND E-600 BLACK Pair,Dali,4346.96,4346.96,0.0,2608.17,0.0,Matched - price identical
383611,DALI CONNECT STAND E-600 WHITE,Dali,4346.96,4346.96,0.0,2608.17,0.0,Matched - price identical
3SBL,In/Outdoor 3 Stereo,Jamo,5643.48,5643.48,0.0,3386.09,0.0,Matched - price identical
3SWH,In/Outdoor 3 Stereo,Jamo,5643.48,5643.48,0.0,3386.09,0.0,Matched - price identical
40145,PS-S83T WHITE PRO SURFACE MOUNT (Pair),Sonance,23565.22,23565.22,0.0,14139.14,0.0,Matched - price identical
40146,PS-S83T WHITE PRO SURFACE MOUNT (Single),Sonance,14760.0,14760.0,0.0,8856.0,0.0,Matched - price identical
40196,SONANCE OMNI 6T,Sonance,13724.35,13724.35,0.0,8234.61,0.0,Matched - price identical
40197,SONANCE IS8T,Sonance,32429.57,32429.57,0.0,19457.74,0.0,Matched - price identical
46KB6B,"""""KICKER KB6 6.5"""" 2-WAY FULL RA""",Kicker Home Audio,3477.39,3477.39,0.0,2086.43,0.0,Matched - price identical
46KB6G,"""""KICKER KB6 6.5"""" 2-WAY FULL RA""",Kicker Home Audio,3477.39,3477.39,0.0,0.0,0.0,Matched - price identical
46KB6W,Kicker 46KB6W Full Range White Speakers,Kicker Home Audio,3477.39,3477.39,0.0,2086.43,0.0,Matched - price identical
5250 Part,5250 Power Button Assembly,Parasound,31295.65,31295.65,0.0,933.58,0.0,Matched - price identical
70141,LAUNCH BASESTATION - SILVER,Sonance,8427.83,8427.83,0.0,5899.48,0.0,Matched - price identical
70142,SONANCE LAUNCH WALLSTATION WHITE,Sonance,8427.83,8427.83,0.0,5899.48,0.0,Matched - price identical
70158,SONANCE LAUNCH BASESTATION - BLACK,Sonance,8427.83,8427.83,0.0,5899.48,0.0,Matched - price identical
70169,SONANCE SECURTIY PACK,Sonance,752.17,752.17,0.0,526.53,0.0,Matched - price identical
70170,SONANCE LAUNCH WALLSTATION BLACK,Sonance,8427.83,8427.83,0.0,5899.48,0.0,Matched - price identical
70300,SONANCE LAUNCH AP.5 SLEEVE BLACK works with iPad Pro 9.7 iPad 9.7  iPad Air and iPad Air 2,Sonance,6290.43,6290.43,0.0,4403.31,0.0,Matched - price identical
70301,"""""LAUNCH AP.5 SLEEVE WHITE works with iPad Pro 9.7""""""",Sonance,6290.43,6290.43,0.0,4403.31,0.0,Matched - price identical
70304,IPORT LAUNCH AM.2 SLEEVE BLACK works with iPad Mini iPad Mini 2 iPad Mini 3 iPad Mini 4 and iPad Mi,Sonance,6320.87,6320.87,0.0,4424.61,0.0,Matched - price identical
70305,SONANCE LAUNCH AM.2 SLEEVE WHITE,Sonance,6320.87,6320.87,0.0,4424.61,0.0,Matched - price identical
70310,IPORT IPORT POWER SUPPLY 15V 2A - BLACK,Sonance,1404.35,1404.35,0.0,983.05,0.0,Matched - price identical
70311,IPORT IPORT POWER SUPPLY 15V 2A - WHITE,Sonance,1404.35,1404.35,0.0,983.05,0.0,Matched - price identical
70314,IPORT IPORT POWER WALL PLATE,Sonance,500.87,500.87,0.0,350.61,0.0,Matched - price identical
70315,IPORT LAUNCH WALLSTATION FASCIA WHITE,Sonance,500.87,500.87,0.0,350.61,0.0,Matched - price identical
70316,IPORT LAUNCH WALLSTATION FASCIA BLACK,Sonance,500.87,500.87,0.0,350.61,0.0,Matched - price identical
70390,IPORT LAUNCH CASE 10.2 10.5 BLACK,Sonance,6320.87,6320.87,0.0,4424.61,0.0,Matched - price identical
70391,SONANCE LAUNCH CASE 10.2 10.5 WHITE - Shipping mid-March 2020,Sonance,6320.87,6320.87,0.0,4424.61,0.0,Matched - price identical
70700,SONANCE SURFACE MOUNT BEZEL BLACK works with iPad Mini 3 Mini 2 and Mini - While Supplies Last,Sonance,11587.83,11587.83,0.0,8111.48,0.0,Matched - price identical
70701,IPORT SURFACE MOUNT BEZEL SILVER works with iPad Mini 3 Mini 2 and Mini - While Supplies Last,Sonance,11587.83,11587.83,0.0,8111.48,0.0,Matched - price identical
70702,IPORT SURFACE MOUNT BEZEL WHITE works with iPad Mini 3 Mini 2 and Mini - While Supplies Last,Sonance,11587.83,11587.83,0.0,8111.48,0.0,Matched - price identical
70703,IPORT SURFACE MOUNT BEZEL BLACK works with iPad Pro 9.7 Air 2 and iPad Air,Sonance,13685.22,13685.22,0.0,9579.66,0.0,Matched - price identical
70704,"""""IPORT SURFACE MOUNT BEZEL SILVER works with iPad Pro 9.7""""""""  Air 2 and iPad Air""",Sonance,13685.22,13685.22,0.0,9579.66,0.0,Matched - price identical
70705,IPORT SURFACE MOUNT BEZEL WHITE works with iPad Pro 9.7  Air 2 and iPad Air,Sonance,13685.22,13685.22,0.0,9579.66,0.0,Matched - price identical
70718,IPORT POE SPLITTER works with all Bezels,Sonance,5266.96,5266.96,0.0,3686.87,0.0,Matched - price identical
70719,IPORT POE INJECTOR works with all Bezels,Sonance,2006.09,2006.09,0.0,1404.27,0.0,Matched - price identical
70720,IPORT GLASS MOUNTING KIT works with iPad Mini iPad Air iPad Pro 10.5 and iPad Pro 12.9,Sonance,752.17,752.17,0.0,526.53,0.0,Matched - price identical
70722,IPORT SURFACE MOUNT BEZEL BLACK works with iPad Mini 4 and iPad Mini 5th Gen,Sonance,10534.78,10534.78,0.0,7374.35,0.0,Matched - price identical
70723,IPORT SURFACE MOUNT BEZEL SILVER works with iPad Mini 4 and iPad Mini 5th Gen,Sonance,10534.78,10534.78,0.0,7374.35,0.0,Matched - price identical
70724,IPORT SURFACE MOUNT BEZEL WHITE works with iPad Mini 4 and iPad Mini 5th Gen,Sonance,10534.78,10534.78,0.0,7374.35,0.0,Matched - price identical
70744,IPORT SURFACE MOUNT BEZEL SILVER works with iPad Pro 12.9  - While Supplies Last,Sonance,19975.65,19975.65,0.0,13982.96,0.0,Matched - price identical
70791,IPORT POE SURFACE MOUNT DATA CABLE,Sonance,752.17,752.17,0.0,526.53,0.0,Matched - price identical
70796,IPORT SURFACE MOUNT BEZEL BLACK works with iPad Air 3rd gen 10.5-inch | iPad 7th gen. 10.2,Sonance,12290.43,12290.43,0.0,8603.31,0.0,Matched - price identical
70797,IPORT SURFACE MOUNT BEZEL SILVER works with iPad Air 3rd gen 10.5-inch | iPad 7th gen. 10.2,Sonance,12290.43,12290.43,0.0,8603.31,0.0,Matched - price identical
70798,IPORT SURFACE MOUNT BEZEL WHITE works with iPad Air 3rd gen 10.5-inch | iPad 7th gen. 10.2,Sonance,12290.43,12290.43,0.0,8603.31,0.0,Matched - price identical
71000,IPORT LUXE BASESTATION BLACK,Sonance,15801.74,15801.74,0.0,11061.22,0.0,Matched - price identical
71001,SONANCE LUXE BASESTATION SILVER,Sonance,15801.74,15801.74,0.0,11061.22,0.0,Matched - price identical
71002,IPORT LUXE BASESTATION WHITE,Sonance,15801.74,15801.74,0.0,11061.22,0.0,Matched - price identical
71003,SONANCE LUXE WALLSTATION BLACK,Sonance,14046.09,14046.09,0.0,9832.27,0.0,Matched - price identical
71004,SONANCE LUXE WALLSTATION SILVER,Sonance,14046.09,14046.09,0.0,9832.27,0.0,Matched - price identical
71005,IPORT LUXE WALLSTATION WHITE,Sonance,14046.09,14046.09,0.0,9832.27,0.0,Matched - price identical
71006,IPORT LUXE WALL ADAPTER KIT BLACK,Sonance,2106.96,2106.96,0.0,1474.87,0.0,Matched - price identical
71007,IPORT LUXE WALL ADAPTER KIT SILVER,Sonance,2106.96,2106.96,0.0,1474.87,0.0,Matched - price identical
71008,IPORT LUXE WALL ADAPTER KIT WHITE,Sonance,2106.96,2106.96,0.0,1474.87,0.0,Matched - price identical
71009,IPORT LUXE CASE MINI4 I MINI 5th GEN BLACK,Sonance,12290.43,12290.43,0.0,8603.31,0.0,Matched - price identical
71010,IPORT LUXE CASE MINI4 I MINI 5th GEN SILVER,Sonance,12290.43,12290.43,0.0,8603.31,0.0,Matched - price identical
71011,IPORT LUXE CASE MINI4 I MINI 5th GEN WHITE,Sonance,12290.43,12290.43,0.0,8603.31,0.0,Matched - price identical
71012,SONANCE LUXE CASE AIR 1 I 2 I 9.7 BLACK,Sonance,12290.43,12290.43,0.0,8603.31,0.0,Matched - price identical
71013,SONANCE LUXE CASE AIR 1 I 2 I 9.7 SILVER,Sonance,12290.43,12290.43,0.0,8603.31,0.0,Matched - price identical
71014,IPORT LUXE CASE AIR 1 I 2 I 9.7 WHITE,Sonance,12415.65,12415.65,0.0,8690.96,0.0,Matched - price identical
71015,SONANCE LX CASE BLACK works with iPad Air 3rd gen 10.5-inch | iPad 7th gen. 10.2-inch,Sonance,12290.43,12290.43,0.0,8603.31,0.0,Matched - price identical
71016,SONANCE LX CASE SILVER works with iPad Air 3rd gen 10.5-inch | iPad 7th gen. 10.2-inch,Sonance,12290.43,12290.43,0.0,8603.31,0.0,Matched - price identical
71017,IPORT LX CASE WHITE works with iPad Air 3rd gen 10.5-inch | iPad 7th gen. 10.2-inch,Sonance,12290.43,12290.43,0.0,8603.31,0.0,Matched - price identical
71019,IPORT LUXE USB CHARGE MODULE SILVER  - While Supplies Last,Sonance,4263.48,4263.48,0.0,2984.44,0.0,Matched - price identical
71020,IPORT LUXE USB CHARGE MODULE WHITE - While Supplies Last,Sonance,4263.48,4263.48,0.0,2984.44,0.0,Matched - price identical
71021,IPORT LUXE USB POWER SUPPLY 5V 2.4A BLACK,Sonance,1404.35,1404.35,0.0,983.05,0.0,Matched - price identical
71023,IPORT LUXE USB POWER SUPPLY 5V 2.4A WHITE,Sonance,1404.35,1404.35,0.0,983.05,0.0,Matched - price identical
72106,IPORT CONNECT PoE+ Injector,Sonance,2759.13,2759.13,0.0,1931.4,0.0,Matched - price identical
72109,IPORT CONNECT PoE+ Upgrade,Sonance,2759.13,2759.13,0.0,1931.4,0.0,Matched - price identical
72300,SONANCE CONNECT PRO Case 10.2 Black for iPad 10.2-inch 9th gen|8th gen |7th gen,Sonance,8778.26,8778.26,0.0,6144.79,0.0,Matched - price identical
72301,IPORT CONNECT PRO Case 10.2 White for iPad 10.2-inch 9th gen|8th gen |7th gen,Sonance,8778.26,8778.26,0.0,6144.79,0.0,Matched - price identical
72310,IPORT CONNECT PRO Case Mini Black for iPad mini 4th-5th Gen,Sonance,17557.39,17557.39,0.0,12290.18,0.0,Matched - price identical
72311,IPORT CONNECT PRO Case Mini White for iPad mini 4-5,Sonance,17557.39,17557.39,0.0,12290.18,0.0,Matched - price identical
72324,"""""CONNECT PRO Case iPAD Air Black 10.9"""" or Pro 11""""(5th Gen / 3rd Gen)""",Sonance,8778.26,8778.26,0.0,6144.79,0.0,Matched - price identical
72325,"""""CONNECT PRO Case iPAD Air White 10.9"""" or Pro 11""""(5th Gen / 3rd Gen)""",Sonance,8778.26,8778.26,0.0,6144.79,0.0,Matched - price identical
72326,"""""CONNECT PRO Case 12.9"""" Black (5th Gen)""",Sonance,8778.26,8778.26,0.0,6144.79,0.0,Matched - price identical
72327,"""""CONNECT PRO Case 12.9"""" White (5th Gen)""",Sonance,8778.26,8778.26,0.0,6144.79,0.0,Matched - price identical
72329,CONNECT PRO Case Mini Black (6th Gen),Sonance,8778.26,8778.26,0.0,6144.79,0.0,Matched - price identical
72330,CONNECT PRO Case Mini White (6th Gen),Sonance,8778.26,8778.26,0.0,6144.79,0.0,Matched - price identical
72350,SONANCE CONNECT PRO WallStation Black,Sonance,8778.26,8778.26,0.0,6144.79,0.0,Matched - price identical
72351,IPORT CONNECT PRO WallStation White,Sonance,8778.26,8778.26,0.0,6144.79,0.0,Matched - price identical
72352,SONANCE CONNECT PRO BaseStation Black,Sonance,8778.26,8778.26,0.0,6144.79,0.0,Matched - price identical
72353,IPORT CONNECT PRO BaseStation White,Sonance,8778.26,8778.26,0.0,6144.79,0.0,Matched - price identical
900651,SONANCE MEDIUM RECTANGLE STAPLE TEMPLATE (5 PAIR PER BOX),Sonance,2330.43,2330.43,0.0,1398.27,0.0,Matched - price identical
901049,SONANCE MEDIUM ROUND STAPLE TEMPLATE (5 PAIR PER BOX),Sonance,2330.43,2330.43,0.0,1398.27,0.0,Matched - price identical
9134174,2N MIFARE RFID KEY FOB 13.56MHZ,SAVANT,0.0,0.0,0.0,0.0,0.0,Matched - price identical
91368,SONANCE SS4,Sonance,3106.96,3106.96,0.0,1864.18,0.0,Matched - price identical
91369,SONANCE SS6,Sonance,4660.87,4660.87,0.0,2796.53,0.0,Matched - price identical
91497,SONANCE VC30R DECORA WHITE (BOXED),Sonance,1294.78,1294.78,0.0,776.87,0.0,Matched - price identical
91505,SONANCE VC60R WHITE (BOXED),Sonance,1812.17,1812.17,0.0,1087.31,0.0,Matched - price identical
9151031S,2N SECURED CARD READER NFC READY 13.56MHZ FOR IP FORCE,SAVANT,12790.43,12790.43,0.0,8953.31,0.0,Matched - price identical
9151101CHRPW-SAV,2N IP FORCE - PICTOGRAMS + 1 BUTTON + HD CAMERA + RFID READER,SAVANT,50873.04,50873.04,0.0,35611.14,0.0,Matched - price identical
91521,SONANCE VC60S SLIDER WHITE (BOXED),Sonance,2589.57,2589.57,0.0,1553.74,0.0,Matched - price identical
9155011,"2N IP VERSO - FRAME FOR FLUSH INSTALLATION, 1 MODULE (MUST BE TOGETHER WITH 9155014)",SAVANT,0.0,0.0,0.0,0.0,0.0,Matched - price identical
9155011B,"2N IP VERSO - FRAME FOR FLUSH INSTALLATION, 1 MODULE - BLACK (MUST BE TOGETHER WITH 9155014)",SAVANT,3487.83,3487.83,0.0,2441.48,0.0,Matched - price identical
9155014,"2N IP VERSO - BOX FOR FLUSH INSTALLATION, 1 MODULE (MUST BE TOGETHER WITH 9155011 OR 9155011B)",SAVANT,0.0,0.0,0.0,0.0,0.0,Matched - price identical
9155021,"2N IP VERSO - FRAME FOR SURFACE INSTALLATION, 1 MODULE",SAVANT,0.0,0.0,0.0,0.0,0.0,Matched - price identical
9155021B,"2N IP VERSO - FRAME FOR SURFACE INSTALLATION, 1 MODULE - BLACK",SAVANT,2325.22,2325.22,0.0,1627.66,0.0,Matched - price identical
9155031,DOOR STATION KEYPAD MODULE SILVER,SAVANT,0.0,0.0,0.0,0.0,0.0,Matched - price identical
9155031B,DOOR STATION KEYPAD MODULE BLACK,SAVANT,9156.52,9156.52,0.0,6409.57,0.0,Matched - price identical
9155034,2N IP VERSO - 2 INPUT 2 OUTPUT RELAYS,SAVANT,0.0,0.0,0.0,0.0,0.0,Matched - price identical
9155036,DOOR STATION DISPLAY,SAVANT,0.0,0.0,0.0,0.0,0.0,Matched - price identical
9155037,2N IP VERSO - WIEGAND MODULE,SAVANT,0.0,0.0,0.0,0.0,0.0,Matched - price identical
9155038,TAMPER SWITCH,SAVANT,0.0,0.0,0.0,0.0,0.0,Matched - price identical
9155062,SURFACE MOUNT BACKPLATE FOR KEYPAD DOOR STATION,SAVANT,0.0,0.0,0.0,0.0,0.0,Matched - price identical
9155068,SURFACE MOUNT BACKPLATE FOR SINGLE HEIGHT DOOR STATION,SAVANT,0.0,0.0,0.0,0.0,0.0,Matched - price identical
9155071,2N WEDGE BACKPLATE SOLO,SAVANT,0.0,0.0,0.0,0.0,0.0,Matched - price identical
9155072,2N WEDGE BACKPLATE 2M VERSO,SAVANT,0.0,0.0,0.0,0.0,0.0,Matched - price identical
9155083,"2N IP VERSO TOUCH KEYPAD & RFID READER (125KHZ, SECURED 13.56MHZ UID+PACS ID, NFC)",SAVANT,0.0,0.0,0.0,0.0,0.0,Matched - price identical
9155084,"2N IP VERSO BLUETOOTH & RFID READER (125KHZ, SECURED 13.56MHZ UID+PACS ID, NFC)",SAVANT,0.0,0.0,0.0,0.0,0.0,Matched - price identical
9155086,2N RFID MODULE,SAVANT,0.0,0.0,0.0,0.0,0.0,Matched - price identical
9159010,2N SECURITY RELAY,SAVANT,0.0,0.0,0.0,0.0,0.0,Matched - price identical
9159014US,2N IP INTERCOM 2WIRE,SAVANT,13129.57,13129.57,0.0,9190.7,0.0,Matched - price identical
9160335-S-SAV,"2N ACCESS UNIT 2.0 BLUETOOTH & RFID 125KHZ, SECURED 13.56MHZ, NFC",SAVANT,37306.96,37306.96,0.0,26114.87,0.0,Matched - price identical
9160335-S-SAVFB,2N FLUSH MOUNT ACCESS UNIT BUNDLE BLACK,SAVANT,42393.91,42393.91,0.0,29675.74,0.0,Matched - price identical
9160335-S-SAVFN,2N FLUSH MOUNT ACCESS UNIT BUNDLE SILVER,SAVANT,42393.91,42393.91,0.0,29675.74,0.0,Matched - price identical
9160335-S-SAVSB,2N SURFACE MOUNT ACCESS UNIT BUNDLE BLACK,SAVANT,39002.61,39002.61,0.0,27301.83,0.0,Matched - price identical
9160335-S-SAVSN,2N SURFACE MOUNT ACCESS UNIT BUNDLE SILVER,SAVANT,39002.61,39002.61,0.0,27301.83,0.0,Matched - price identical
9160336-S-SAV,"2N ACCESS UNIT 2.0 TOUCH KEYPAD & RFID 125KHZ, SECURED 13.56MHZ, NFC",SAVANT,30523.48,30523.48,0.0,21366.44,0.0,Matched - price identical
9160344-S-SAV,2N ACCESS UNIT 2.0 RFID MULTIFREQUENCY READER,SAVANT,28827.83,28827.83,0.0,20179.48,0.0,Matched - price identical
91687,SONANCE MEDIUM RECTANGLE ACOUSTIC ENCLOSURE,Sonance,5696.52,5696.52,0.0,3417.92,0.0,Matched - price identical
91688,SONANCE MEDIUM ROUND ACOUSTIC ENCLOSURE,Sonance,5696.52,5696.52,0.0,3417.92,0.0,Matched - price identical
91708,SONANCE LARGE RECTANGLE ACOUSTIC ENCLOSURE,Sonance,6732.17,6732.17,0.0,4039.31,0.0,Matched - price identical
91900,SONANCE LARGE ROUND ACOUSTIC ENCLOSURE,Sonance,6732.17,6732.17,0.0,4039.31,0.0,Matched - price identical
91903,SONANCE ODVC60 OUTDOOR VOLUME CONTROL,Sonance,3106.96,3106.96,0.0,1864.18,0.0,Matched - price identical
91931,SONANCE SS4VC,Sonance,10358.26,10358.26,0.0,6214.96,0.0,Matched - price identical
91932,SONANCE SS6VC,Sonance,12429.57,12429.57,0.0,7457.74,0.0,Matched - price identical
920146-0-0,SCREW DOGLEG PHANTOM S-SERIE,Dali,1730.43,1730.43,0.0,1038.26,0.0,Matched - price identical
92066,SONANCE MEDIUM RECTANGLE MASONRY BRACKET,Sonance,1294.78,1294.78,0.0,776.87,0.0,Matched - price identical
92067,SONANCE SMALL RECTANGLE MASONRY BRACKET,Sonance,1035.65,1035.65,0.0,621.4,0.0,Matched - price identical
92158,SONANCE VC60RIM WHITE,Sonance,2071.3,2071.3,0.0,1242.79,0.0,Matched - price identical
92161,SONANCE VC60SIM WHITE,Sonance,2071.3,2071.3,0.0,1242.79,0.0,Matched - price identical
92242,SONANCE LARGE RECTANGLE RETROFIT ENCLOSURE,Sonance,3366.09,3366.09,0.0,2019.66,0.0,Matched - price identical
92243,SONANCE LARGE ROUND RETROFIT ENCLOSURE,Sonance,3366.09,3366.09,0.0,2019.66,0.0,Matched - price identical
92245,SONANCE LARGE ROUND COVERPLATE,Sonance,2071.3,2071.3,0.0,1242.79,0.0,Matched - price identical
92246,SONANCE LARGE RECTANGLE FLEX BRACKET (5 PAIR PER BOX),Sonance,4142.61,4142.61,0.0,2485.57,0.0,Matched - price identical
92247,SONANCE LARGE ROUND FLEX BRACKET (5 PAIR PER BOX),Sonance,4142.61,4142.61,0.0,2485.57,0.0,Matched - price identical
92334,SONANCE MEDIUM RECTANGLE COVERPLATE,Sonance,1035.65,1035.65,0.0,621.4,0.0,Matched - price identical
92335,SONANCE MEDIUM ROUND COVERPLATE,Sonance,1035.65,1035.65,0.0,621.4,0.0,Matched - price identical
92336,SONANCE MEDIUM RECTANGLE FLEX BRACKET (5 PAIR PER BOX),Sonance,4142.61,4142.61,0.0,2485.57,0.0,Matched - price identical
92337,SONANCE MEDIUM ROUND FLEX BRACKET (5 PAIR PER BOX),Sonance,4142.61,4142.61,0.0,2485.57,0.0,Matched - price identical
92342,SONANCE MEDIUM RECTANGLE RETROFIT ENCLOSURE,Sonance,1553.04,1553.04,0.0,931.83,0.0,Matched - price identical
92343,SONANCE MEDIUM ROUND RETROFIT ENCLOSURE,Sonance,1553.04,1553.04,0.0,931.83,0.0,Matched - price identical
92442,SONANCE SMALL RECTANGLE RETROFIT ENCLOSURE,Sonance,1294.78,1294.78,0.0,776.87,0.0,Matched - price identical
92443,SONANCE SMALL ROUND RETROFIT ENCLOSURE,Sonance,1294.78,1294.78,0.0,776.87,0.0,Matched - price identical
92446,SONANCE ASAP3D SE,Sonance,14730.43,14730.43,0.0,8838.27,0.0,Matched - price identical
92470,SONANCE SMALL RECTANGLE FLEX BRACKET (5 PAIR PER BOX),Sonance,4142.61,4142.61,0.0,2485.57,0.0,Matched - price identical
92471,SONANCE SMALL ROUND FLEX BRACKET (5 PAIR PER BOX),Sonance,4142.61,4142.61,0.0,2485.57,0.0,Matched - price identical
92475,SONANCE MEDIUM LCR FLEX BRACKET,Sonance,776.52,776.52,0.0,465.92,0.0,Matched - price identical
92499,SONANCE R1/R1SUR FLEX BRACKET,Sonance,1553.04,1553.04,0.0,931.83,0.0,Matched - price identical
92500,SONANCE R2/R2SUR FLEX BRACKET,Sonance,2589.57,2589.57,0.0,1553.74,0.0,Matched - price identical
92608,SONANCE VP4 RECTANGLE REPLACEMENT GRILLE,Sonance,2071.3,2071.3,0.0,1242.79,0.0,Matched - price identical
92609,SONANCE VP4R ROUND REPLACEMENT GRILLE,Sonance,2071.3,2071.3,0.0,1242.79,0.0,Matched - price identical
92611,SONANCE VP6 RECTANGLE  REPLACEMENT GRILLE,Sonance,2071.3,2071.3,0.0,1242.79,0.0,Matched - price identical
92612,SONANCE VP6R ROUND REPLACEMENT GRILLE,Sonance,2071.3,2071.3,0.0,1242.79,0.0,Matched - price identical
92614,SONANCE VP8 RECTANGLE REPLACEMENT GRILLE,Sonance,2071.3,2071.3,0.0,1242.79,0.0,Matched - price identical
92615,SONANCE VP8R ROUND REPLACEMENT GRILLE,Sonance,2071.3,2071.3,0.0,1242.79,0.0,Matched - price identical
92690,SONANCE R1/R1SUR REPLACEMENT GRILLE,Sonance,2071.3,2071.3,0.0,1242.79,0.0,Matched - price identical
92691,SONANCE R2/R2SUR REPLACEMENT GRILLE,Sonance,2330.43,2330.43,0.0,1398.27,0.0,Matched - price identical
92740,SONANCE VP85W - RECTANGLE,Sonance,9322.61,9322.61,0.0,5593.57,0.0,Matched - price identical
92741,SONANCE VP85RW - ROUND,Sonance,9322.61,9322.61,0.0,5593.57,0.0,Matched - price identical
92742,SONANCE VP85SW - SQUARE,Sonance,8866.09,8866.09,0.0,5319.66,0.0,Matched - price identical
92743,SONANCE RK63 GRANITE,Sonance,11812.17,11812.17,0.0,7087.31,0.0,Matched - price identical
92744,SONANCE RK63 BROWN,Sonance,11812.17,11812.17,0.0,7087.31,0.0,Matched - price identical
92746,SONANCE RK83 BROWN,Sonance,18900.0,18900.0,0.0,11340.0,0.0,Matched - price identical
92751,SONANCE VP65 XT,Sonance,19940.0,19940.0,0.0,11964.0,0.0,Matched - price identical
92800,SONANCE R1C/R1CSUR FLEX BRACKET,Sonance,1553.04,1553.04,0.0,931.83,0.0,Matched - price identical
92806,SONANCE VP6 LCR REPLACEMENT GRILLE,Sonance,2071.3,2071.3,0.0,1242.79,0.0,Matched - price identical
92807,SONANCE FIRE-RATED LISTED SHALLOW BACKCAN,Sonance,3106.96,3106.96,0.0,1864.18,0.0,Matched - price identical
92808,SONANCE FIRE-RATED LISTED DEEP BACKCAN,Sonance,3106.96,3106.96,0.0,1864.18,0.0,Matched - price identical
92812,SONANCE VP6 RECTANGLE REPLACEMENT EXTREME GRILLE,Sonance,3625.22,3625.22,0.0,2175.14,0.0,Matched - price identical
92836,SONANCE MEDIUM LCR RETROFIT ENCLOSURE,Sonance,1035.65,1035.65,0.0,621.4,0.0,Matched - price identical
92874,SONANCE R10SUB ENCLOSURE,Sonance,27708.7,27708.7,0.0,16625.22,0.0,Matched - price identical
92875,SONANCE R12SUB ENCLOSURE,Sonance,37031.3,37031.3,0.0,22218.79,0.0,Matched - price identical
92882,SONANCE R1C/R1CSUR IN-CEILING REPLACEMENT GRILLE,Sonance,2330.43,2330.43,0.0,1398.27,0.0,Matched - price identical
92887,SONANCE RK10W ROCK WOOFER GRANITE,Sonance,14437.39,14437.39,0.0,8662.44,0.0,Matched - price identical
92888,SONANCE RK10W ROCK WOOFER BROWN,Sonance,14437.39,14437.39,0.0,8662.44,0.0,Matched - price identical
92894,SONANCE R10SUB REPLACEMENT GRILLE,Sonance,1294.78,1294.78,0.0,776.87,0.0,Matched - price identical
92895,SONANCE R12SUB /VPSUB REPLACEMENT GRILLE,Sonance,1553.04,1553.04,0.0,931.83,0.0,Matched - price identical
92924,SONANCE 9 GROUND STAKE,Sonance,620.87,620.87,0.0,372.53,0.0,Matched - price identical
92925,SONANCE 19 GROUND STAKE,Sonance,1812.17,1812.17,0.0,1087.31,0.0,Matched - price identical
92926,SONANCE ROUND SURFACE MOUNT,Sonance,1035.65,1035.65,0.0,621.4,0.0,Matched - price identical
92927,SONANCE TREE/SURFACE MOUNT JUNCTION BOX,Sonance,1294.78,1294.78,0.0,776.87,0.0,Matched - price identical
93000,SONANCE VP42,Sonance,8545.22,8545.22,0.0,5127.14,0.0,Matched - price identical
93001,SONANCE VP46,Sonance,11393.91,11393.91,0.0,6836.35,0.0,Matched - price identical
93002,SONANCE VP48,Sonance,21752.17,21752.17,0.0,13051.31,0.0,Matched - price identical
93003,SONANCE VP62,Sonance,10099.13,10099.13,0.0,6059.48,0.0,Matched - price identical
93004,SONANCE VP66,Sonance,15278.26,15278.26,0.0,9166.96,0.0,Matched - price identical
93005,SONANCE VP68,Sonance,27190.43,27190.43,0.0,16314.27,0.0,Matched - price identical
93006,SONANCE VP82,Sonance,20975.65,20975.65,0.0,12585.4,0.0,Matched - price identical
93007,SONANCE VP86,Sonance,30816.52,30816.52,0.0,18489.92,0.0,Matched - price identical
93008,SONANCE VP88,Sonance,53863.48,53863.48,0.0,32318.09,0.0,Matched - price identical
93009,SONANCE VP42R,Sonance,8545.22,8545.22,0.0,5127.14,0.0,Matched - price identical
93010,SONANCE VP46R,Sonance,11393.91,11393.91,0.0,6836.35,0.0,Matched - price identical
93011,SONANCE VP48R,Sonance,21752.17,21752.17,0.0,13051.31,0.0,Matched - price identical
93012,SONANCE VP62R,Sonance,10099.13,10099.13,0.0,6059.48,0.0,Matched - price identical
93013,SONANCE VP64R,Sonance,12170.43,12170.43,0.0,7302.27,0.0,Matched - price identical
93014,SONANCE VP66R,Sonance,15278.26,15278.26,0.0,9166.96,0.0,Matched - price identical
93015,SONANCE VP68R,Sonance,27190.43,27190.43,0.0,16314.27,0.0,Matched - price identical
93016,SONANCE VP82R,Sonance,20975.65,20975.65,0.0,12585.4,0.0,Matched - price identical
93017,SONANCE VP86R,Sonance,30816.52,30816.52,0.0,18489.92,0.0,Matched - price identical
93018,SONANCE VP88R,Sonance,54381.74,54381.74,0.0,32629.05,0.0,Matched - price identical
93019,SONANCE VP66 TL,Sonance,15278.26,15278.26,0.0,9166.96,0.0,Matched - price identical
93020,SONANCE VP62R TL,Sonance,10099.13,10099.13,0.0,6059.48,0.0,Matched - price identical
93021,SONANCE VP66R TL,Sonance,15278.26,15278.26,0.0,9166.96,0.0,Matched - price identical
93022,SONANCE VP62R SST/SUR TL,Sonance,9322.61,9322.61,0.0,5593.57,0.0,Matched - price identical
93023,SONANCE VP46R SST/SUR,Sonance,8286.09,8286.09,0.0,4971.66,0.0,Matched - price identical
93024,SONANCE VP62R SST/SUR,Sonance,8026.96,8026.96,0.0,4816.18,0.0,Matched - price identical
93025,SONANCE VP66R SST/SUR,Sonance,10358.26,10358.26,0.0,6214.96,0.0,Matched - price identical
93026,SONANCE VP86R SST/SUR,Sonance,18903.48,18903.48,0.0,11342.09,0.0,Matched - price identical
93027,SONANCE VP66 SST/SUR,Sonance,10358.26,10358.26,0.0,6214.96,0.0,Matched - price identical
93028,SONANCE VP62 LCR,Sonance,8026.96,8026.96,0.0,4816.18,0.0,Matched - price identical
93029,SONANCE VP4SQ SQUARE ADAPTOR W/ GRILLE  (Grille not compatible with legacy models),Sonance,1812.17,1812.17,0.0,1087.31,0.0,Matched - price identical
93030,SONANCE VP6SQ SQUARE ADAPTOR W/ GRILLE  (Grille not compatible with legacy models),Sonance,2071.3,2071.3,0.0,1242.79,0.0,Matched - price identical
93031,SONANCE VP8SQ SQUARE ADAPTOR W/ GRILLE (Grille not compatible with legacy models),Sonance,2589.57,2589.57,0.0,1553.74,0.0,Matched - price identical
93032,SONANCE VP4SQ SQUARE ADAPTOR W/ GRILLE (5 PAIR BULK PACK) (Grille not compatible with legacy models),Sonance,7768.7,7768.7,0.0,4661.22,0.0,Matched - price identical
93033,SONANCE VP6SQ SQUARE ADAPTOR W/ GRILLE (5 PAIR BULK PACK)  (Grille not compatible with legacy models,Sonance,9322.61,9322.61,0.0,5593.57,0.0,Matched - price identical
93034,SONANCE VP8SQ SQUARE ADAPTOR W/ GRILLE (5 PAIR BULK PACK)  (Grille not compatible with legacy models,Sonance,10875.65,10875.65,0.0,6525.4,0.0,Matched - price identical
93041,SONANCE AS38RS (Includes round & square grille),Sonance,9580.87,9580.87,0.0,5748.53,0.0,Matched - price identical
93042,SONANCE AS68RS (Includes round & square grille),Sonance,15019.13,15019.13,0.0,9011.48,0.0,Matched - price identical
93043,SONANCE BPS6 SUBWOOFER (Must be installed prior to drywall),Sonance,25895.65,25895.65,0.0,15537.4,0.0,Matched - price identical
93044,SONANCE BPS8 SUBWOOFER (Must be installed prior to drywall),Sonance,33923.48,33923.48,0.0,20354.09,0.0,Matched - price identical
93045,SONANCE 1/2IN GYP MP AS DISCREET ROUND,Sonance,6214.78,6214.78,0.0,3728.87,0.0,Matched - price identical
93046,SONANCE 1/2IN GYP MP AS DISCREET SQUARE,Sonance,6214.78,6214.78,0.0,3728.87,0.0,Matched - price identical
93047,SONANCE 5/8IN GYP MP AS DISCREET ROUND,Sonance,6214.78,6214.78,0.0,3728.87,0.0,Matched - price identical
93048,SONANCE 5/8IN GYP MP AS DISCREET SQUARE,Sonance,6214.78,6214.78,0.0,3728.87,0.0,Matched - price identical
93049,SONANCE 1/2IN GYP MP AS MEDIUM ROUND,Sonance,9063.48,9063.48,0.0,5438.09,0.0,Matched - price identical
93050,SONANCE 1/2IN GYP MP AS  MEDIUM SQUARE,Sonance,9063.48,9063.48,0.0,5438.09,0.0,Matched - price identical
93051,SONANCE 5/8IN GYP MP AS  MEDIUM ROUND,Sonance,9063.48,9063.48,0.0,5438.09,0.0,Matched - price identical
93052,SONANCE 5/8IN GYP MP AS  MEDIUM SQUARE,Sonance,9063.48,9063.48,0.0,5438.09,0.0,Matched - price identical
93053,SONANCE 5/8IN SOLID SURFACE  AS DISCREET RS (One mounting platform for both round & square),Sonance,6214.78,6214.78,0.0,3728.87,0.0,Matched - price identical
93055,SONANCE 5/8IN SOLID SURFACE  AS MEDIUM RS (One mounting platform for both round & square),Sonance,9063.48,9063.48,0.0,5438.09,0.0,Matched - price identical
93057,SONANCE ROUTER TEMPLATE AS  DISCREET RS (Two templates per carton-each template has round & square,Sonance,4660.87,4660.87,0.0,2796.53,0.0,Matched - price identical
93058,SONANCE ROUTER TEMPLATE AS  MEDIUM RS  (Two templates per carton-each template has round & square,Sonance,4660.87,4660.87,0.0,2796.53,0.0,Matched - price identical
93065,SONANCE AS DISCREET GRILLE ROUND,Sonance,620.87,620.87,0.0,372.53,0.0,Matched - price identical
93066,SONANCE AS DISCREET GRILLE SQUARE,Sonance,620.87,620.87,0.0,372.53,0.0,Matched - price identical
93069,SONANCE AS MEDIUM GRILLE ROUND,Sonance,1035.65,1035.65,0.0,621.4,0.0,Matched - price identical
93070,SONANCE AS MEDIUM GRILLE SQUARE,Sonance,1035.65,1035.65,0.0,621.4,0.0,Matched - price identical
93073,SONANCE ASBPC3RS,Sonance,4660.87,4660.87,0.0,2796.53,0.0,Matched - price identical
93074,SONANCE ASBPC6RS  (Includes round & square grille),Sonance,4660.87,4660.87,0.0,2796.53,0.0,Matched - price identical
93084,SONANCE VP66 LCR,Sonance,15019.13,15019.13,0.0,9011.48,0.0,Matched - price identical
93086,SONANCE SB46M,Sonance,45577.39,45577.39,0.0,27346.44,0.0,Matched - price identical
93087,SONANCE SB46L,Sonance,51273.91,51273.91,0.0,30764.35,0.0,Matched - price identical
93088,SONANCE VP60R,Sonance,8026.96,8026.96,0.0,4816.18,0.0,Matched - price identical
93089-Single,SONANCE Single VP80R,Sonance,8473.04,8473.04,0.0,5083.83,0.0,Matched - price identical
93091,SONANCE SONAMP 2-100,Sonance,24886.96,24886.96,0.0,14932.18,0.0,Matched - price identical
93092,SONANCE SONAMP 12-50,Sonance,38820.0,38820.0,0.0,23292.0,0.0,Matched - price identical
93096,SONANCE VPBPC4R (Includes round grille only - square adaptor and grille sold separately),Sonance,2071.3,2071.3,0.0,1242.79,0.0,Matched - price identical
93097,SONANCE VPBPC6R (Includes round grille only - square adaptor and grille sold separately),Sonance,2847.83,2847.83,0.0,1708.7,0.0,Matched - price identical
93098,SONANCE RACK MOUNT BRACKET FOR 2-100 and DSP 2-150 ACCESSORY KIT,Sonance,1741.74,1741.74,0.0,1045.05,0.0,Matched - price identical
93099,SONANCE DIGITAL INPUT MODULE (DIM),Sonance,4479.13,4479.13,0.0,2687.48,0.0,Matched - price identical
93111,SONANCE SB46 A-J HARDWARE POUCHES,Sonance,620.87,620.87,0.0,372.53,0.0,Matched - price identical
93112,SONANCE SB46M GRILLE SYSTEM WITH SCREWS,Sonance,6214.78,6214.78,0.0,3728.87,0.0,Matched - price identical
93113,SONANCE SB46L GRILLE SYSTEM WITH SCREWS,Sonance,6732.17,6732.17,0.0,4039.31,0.0,Matched - price identical
93114,SONANCE SB46M COMPLETE HARDWARE KIT,Sonance,6732.17,6732.17,0.0,4039.31,0.0,Matched - price identical
93115,SONANCE SB46L COMPLETE HARDWARE KIT,Sonance,7509.57,7509.57,0.0,4505.74,0.0,Matched - price identical
93117,SONANCE VP38R,Sonance,9580.87,9580.87,0.0,5748.53,0.0,Matched - price identical
93118,SONANCE VPBPC3R,Sonance,2071.3,2071.3,0.0,1242.79,0.0,Matched - price identical
93119,SONANCE VP3R ROUND FLEX BRACKETS,Sonance,4142.61,4142.61,0.0,2485.57,0.0,Matched - price identical
93120,SONANCE VP3SQ ADAPTER W/GRILLE,Sonance,1035.65,1035.65,0.0,621.4,0.0,Matched - price identical
93121,SONANCE VP3SQ ADAPTER W/GRILLES - 10 PACK,Sonance,7768.7,7768.7,0.0,4661.22,0.0,Matched - price identical
93122,SONANCE VP3R GRILLE,Sonance,1035.65,1035.65,0.0,621.4,0.0,Matched - price identical
93124,SONANCE C6R,Sonance,5696.52,5696.52,0.0,3417.92,0.0,Matched - price identical
93126,SONANCE GRILLES FOR C6R/C6R SST,Sonance,1294.78,1294.78,0.0,776.87,0.0,Matched - price identical
93127,SONANCE TOGGLE FEET FOR C6R/C6R SST,Sonance,258.26,258.26,0.0,154.96,0.0,Matched - price identical
93135,SONANCE SONARRAY SR 2-125,Sonance,22723.48,22723.48,0.0,13634.09,0.0,Matched - price identical
93148,SONANCE MARINER 54 W,Sonance,10128.7,10128.7,0.0,6077.22,0.0,Matched - price identical
93149,SONANCE MARINER 54 B,Sonance,10128.7,10128.7,0.0,6077.22,0.0,Matched - price identical
93150,SONANCE MARINER 56 W,Sonance,12319.13,12319.13,0.0,7391.48,0.0,Matched - price identical
93151,SONANCE MARINER 56 B,Sonance,12319.13,12319.13,0.0,7391.48,0.0,Matched - price identical
93152,SONANCE MARINER 64 W,Sonance,14782.61,14782.61,0.0,8869.57,0.0,Matched - price identical
93154,SONANCE MARINER 66 W,Sonance,18888.7,18888.7,0.0,11333.22,0.0,Matched - price identical
93155,SONANCE MARINER 66 B,Sonance,18888.7,18888.7,0.0,11333.22,0.0,Matched - price identical
93157,SONANCE MARINER 86 B,Sonance,24364.35,24364.35,0.0,14618.61,0.0,Matched - price identical
93158,SONANCE MARINER 54 SST W,Sonance,9307.83,9307.83,0.0,5584.7,0.0,Matched - price identical
93159,SONANCE MARINER 54 SST B,Sonance,9307.83,9307.83,0.0,5584.7,0.0,Matched - price identical
93160,SONANCE MARINER 64 SST W,Sonance,12866.09,12866.09,0.0,7719.66,0.0,Matched - price identical
93161,SONANCE MARINER 64 SST B,Sonance,12866.09,12866.09,0.0,7719.66,0.0,Matched - price identical
93162,SONANCE GRILLE PRO MARINER 5.25 WHITE,Sonance,1294.78,1294.78,0.0,776.87,0.0,Matched - price identical
93163,SONANCE GRILLE PRO MARINER 5.25 BLACK,Sonance,1294.78,1294.78,0.0,776.87,0.0,Matched - price identical
93164,SONANCE GRILLE PRO MARINER 6.5 WHITE,Sonance,1294.78,1294.78,0.0,776.87,0.0,Matched - price identical
93165,SONANCE GRILLE PRO MARINER 6.5 BLACK,Sonance,1294.78,1294.78,0.0,776.87,0.0,Matched - price identical
93166,SONANCE GRILLE PRO MARINER 8 WHITE,Sonance,1294.78,1294.78,0.0,776.87,0.0,Matched - price identical
93167,SONANCE GRILLE PRO MARINER 8 BLACK,Sonance,1294.78,1294.78,0.0,776.87,0.0,Matched - price identical
93171,SONAMP DSP 8-130 MKII EU,Sonance,84616.52,84616.52,0.0,50769.92,0.0,Matched - price identical
93302,SONANCE DOS PLASTER SHIM,Sonance,1553.04,1553.04,0.0,931.83,0.0,Matched - price identical
93303,SONANCE MEDIUM AS PLASTER SHIM,Sonance,1553.04,1553.04,0.0,931.83,0.0,Matched - price identical
93324,SONANCE BPS6 THINLINE SUB,Sonance,33923.48,33923.48,0.0,20354.09,0.0,Matched - price identical
93331,SONANCE SONAMP DSP 8-130 MKII,Sonance,84616.52,84616.52,0.0,50769.92,0.0,Matched - price identical
93334,SONANCE VPBPC3R TL,Sonance,2071.3,2071.3,0.0,1242.79,0.0,Matched - price identical
93335,SONANCE ASBPC3RS TL RING AND GRILLES - Required for all kits listed above,Sonance,1553.04,1553.04,0.0,931.83,0.0,Matched - price identical
93338,SONANCE VPXT6,Sonance,18645.22,18645.22,0.0,11187.14,0.0,Matched - price identical
93339,SONANCE VPXT6R,Sonance,18645.22,18645.22,0.0,11187.14,0.0,Matched - price identical
93340,SONANCE VPXT6R SST,Sonance,12170.43,12170.43,0.0,7302.27,0.0,Matched - price identical
93341,SONANCE VPXT8R,Sonance,24860.0,24860.0,0.0,14916.0,0.0,Matched - price identical
93342,SONANCE VPXT6SQ SQUARE ADAPTER W/GRILLE (PAIR),Sonance,3106.96,3106.96,0.0,1864.18,0.0,Matched - price identical
93343,SONANCE VPXT8SQ SQUARE ADAPTER W/GRILLE,Sonance,4660.87,4660.87,0.0,2796.53,0.0,Matched - price identical
93344,SONANCE R1,Sonance,30816.52,30816.52,0.0,18489.92,0.0,Matched - price identical
93345,SONANCE R1SUR,Sonance,30816.52,30816.52,0.0,18489.92,0.0,Matched - price identical
93346,SONANCE R2,Sonance,61633.04,61633.04,0.0,36979.83,0.0,Matched - price identical
93347,SONANCE R2SUR,Sonance,61633.04,61633.04,0.0,36979.83,0.0,Matched - price identical
93348,SONANCE R1CAB,Sonance,30816.52,30816.52,0.0,18489.92,0.0,Matched - price identical
93351,SONANCE R1C,Sonance,30816.52,30816.52,0.0,18489.92,0.0,Matched - price identical
93352,SONANCE R1CSUR,Sonance,30816.52,30816.52,0.0,18489.92,0.0,Matched - price identical
93354,SONANCE R10SUB,Sonance,30816.52,30816.52,0.0,18489.92,0.0,Matched - price identical
93355,SONANCE R12SUB,Sonance,37031.3,37031.3,0.0,22218.79,0.0,Matched - price identical
93357,SONANCE i10,Sonance,34959.13,34959.13,0.0,20975.48,0.0,Matched - price identical
93358,SONANCE i12,Sonance,42728.7,42728.7,0.0,25637.22,0.0,Matched - price identical
93359,SONANCE D8 BLACK,Sonance,45318.26,45318.26,0.0,27190.96,0.0,Matched - price identical
93360,SONANCE WIRELESS TRANSMITTER,Sonance,3625.22,3625.22,0.0,2175.14,0.0,Matched - price identical
93361,SONANCE HYBRID INPUT MODULE (HIM),Sonance,4479.13,4479.13,0.0,2687.48,0.0,Matched - price identical
93362,SONANCE THINLINE 1/2 ROUND GYPSUM MOUNTING PLATFORM,Sonance,9322.61,9322.61,0.0,5593.57,0.0,Matched - price identical
93363,SONANCE THINLINE 1/2 SQUARE GYPSUM MOUNTING PLATFORM,Sonance,9322.61,9322.61,0.0,5593.57,0.0,Matched - price identical
93364,SONANCE THINLINE 5/8 ROUND GYPSUM MOUNTING PLATFORM,Sonance,9322.61,9322.61,0.0,5593.57,0.0,Matched - price identical
93365,SONANCE THINLINE 5/8 SQUARE GYPSUM MOUNTING PLATFORM,Sonance,9322.61,9322.61,0.0,5593.57,0.0,Matched - price identical
93366,SONANCE THINLINE SOLID SURFACE BPC,Sonance,9322.61,9322.61,0.0,5593.57,0.0,Matched - price identical
93367,SONANCE BPS6 TL SLOT CONNECTOR W/TRUFIG,Sonance,18645.22,18645.22,0.0,11187.14,0.0,Matched - price identical
93368,SONANCE VP52R UTL,Sonance,10617.39,10617.39,0.0,6370.44,0.0,Matched - price identical
93369,SONANCE LS4T SAT,Sonance,10875.65,10875.65,0.0,6525.4,0.0,Matched - price identical
93370,SONANCE LS6T SAT,Sonance,17091.3,17091.3,0.0,10254.79,0.0,Matched - price identical
93371,SONANCE LS12T SUB,Sonance,62668.7,62668.7,0.0,37601.22,0.0,Matched - price identical
93372,SONANCE LS15T SUB,Sonance,91154.78,91154.78,0.0,54692.87,0.0,Matched - price identical
93373,SONANCE HS12T SUB,Sonance,62668.7,62668.7,0.0,37601.22,0.0,Matched - price identical
93374,SONANCE D8 WHITE,Sonance,45318.26,45318.26,0.0,27190.96,0.0,Matched - price identical
93376,SONANCE R10SUB KIT (2x R10SUB 2x R10SUB Enclosures 1x DSP 2-150 MKII),Sonance,129480.87,129480.87,0.0,77688.53,0.0,Matched - price identical
93377,SONANCE R12SUB KIT (2x R12SUB 2x R12SUB Enclosures 1x DSP 2-750 MKII),Sonance,171691.3,171691.3,0.0,103014.79,0.0,Matched - price identical
93378,SONANCE SONAMP DSP 2-150 MKII,Sonance,25326.96,25326.96,0.0,15196.18,0.0,Matched - price identical
93379,SONANCE SONAMP DSP 2-750 MKII,Sonance,46570.43,46570.43,0.0,27942.27,0.0,Matched - price identical
93380,SONANCE VPXT6SQ SQUARE ADAPTER W/GRILLE (5 PAIR),Sonance,15278.26,15278.26,0.0,9166.96,0.0,Matched - price identical
93381,SONANCE VPXT8SQ SQUARE ADAPTER W/GRILLE - (5 PAIR),Sonance,23046.96,23046.96,0.0,13828.18,0.0,Matched - price identical
93382,SONANCE LS4T SAT/LS12T SUB - 8.1 SYSTEM W/ SONAMP DSP 2-750 MKII,Sonance,191632.17,191632.17,0.0,114979.31,0.0,Matched - price identical
93383,SONANCE LS6T/LS12T SUB -  4.1 SYSTEM W/ 2 SONAMP DSP 2-750 MKII,Sonance,253006.09,253006.09,0.0,151803.66,0.0,Matched - price identical
93386,SONANCE THINLINE 1/2 ROUND GYPSUM MOUNTING PLATFORM W/BPS6 THINLINE SUB KIT,Sonance,42986.96,42986.96,0.0,25792.18,0.0,Matched - price identical
93387,SONANCE THINLINE 1/2 SQUARE GYPSUM MOUNTING PLATFORM W/BPS6 THINLINE SUB KIT,Sonance,42986.96,42986.96,0.0,25792.18,0.0,Matched - price identical
93388,SONANCE THINLINE 5/8 ROUND GYPSUM MOUNTING PLATFORM W/BPS6 THINLINE SUB KIT,Sonance,42986.96,42986.96,0.0,25792.18,0.0,Matched - price identical
93389,SONANCE THINLINE 5/8 SQUARE GYPSUM MOUNTING PLATFORM W/BPS6 THINLINE SUB KIT,Sonance,42986.96,42986.96,0.0,25792.18,0.0,Matched - price identical
93401,SONANCE R1CAB REPLACEMENT GRILLE,Sonance,1553.04,1553.04,0.0,931.83,0.0,Matched - price identical
93406,SONANCE VPXT6R REPLACEMENT GRILLE,Sonance,3106.96,3106.96,0.0,1864.18,0.0,Matched - price identical
93407,SONANCE VPXT8R EXTREME ROUND GRILLE,Sonance,4660.87,4660.87,0.0,2796.53,0.0,Matched - price identical
93408,SONANCE VPXT6 RECTANGLE REPLACEMENT GRILLE,Sonance,3106.96,3106.96,0.0,1864.18,0.0,Matched - price identical
93409,SONANCE LS4T SAT/LS12T SUB - 8.2 SYSTEM W/ SONAMP DSP 2-750 MKII,Sonance,237209.57,237209.57,0.0,142325.74,0.0,Matched - price identical
93410,SONANCE LS6T SAT/LS12T SUB - 6.1 SYSTEM W/ SONAMP DSP 2-750 MKII,Sonance,191632.17,191632.17,0.0,114979.31,0.0,Matched - price identical
93411,SONANCE LS6T SAT/LS12T SUB - 8.2 SYSTEM W/ SONAMP DSP 2-750 MKII,Sonance,283304.35,283304.35,0.0,169982.61,0.0,Matched - price identical
93412,SONANCE LS6T SAT/LS15T SUB - 8.1 SYSTEM W/ SONAMP DSP 2-750 MKII,Sonance,252487.83,252487.83,0.0,151492.7,0.0,Matched - price identical
93413,SONANCE LS6T/LS12T SUB - 4.1 SYSTEM W/ 2 SONAMP DSP 2-150 MKII,Sonance,210192.17,210192.17,0.0,126115.31,0.0,Matched - price identical
93425,SONANCE SB46-55,Sonance,45577.39,45577.39,0.0,27346.44,0.0,Matched - price identical
93426,SONANCE SB46-65,Sonance,45577.39,45577.39,0.0,27346.44,0.0,Matched - price identical
93427,SONANCE SB46-75,Sonance,51273.91,51273.91,0.0,30764.35,0.0,Matched - price identical
93428,SONANCE SB46-85,Sonance,51273.91,51273.91,0.0,30764.35,0.0,Matched - price identical
93435,SONANCE SGS SUB,Sonance,32936.52,32936.52,0.0,19761.92,0.0,Matched - price identical
93436,SONANCE SGS 4 SAT PACK,Sonance,41320.0,41320.0,0.0,24792.0,0.0,Matched - price identical
93488,SONANCE SMALL IS ENCLOSURE (IS6),Sonance,4401.74,4401.74,0.0,2641.05,0.0,Matched - price identical
93489,SONANCE MEDIUM IS ENCLOSURE (IS8 IS10W),Sonance,5696.52,5696.52,0.0,3417.92,0.0,Matched - price identical
93490,SONANCE LARGE IS ENCLOSURE (IS10),Sonance,7250.43,7250.43,0.0,4350.27,0.0,Matched - price identical
93491,SONANCE DISC SYSTEM DEPTH SENSING GAUGE FOR IS SPEAKERS,Sonance,19940.0,19940.0,0.0,11964.0,0.0,Matched - price identical
93492,SONANCE SMALL IS SPACE SAVER (IS6),Sonance,1294.78,1294.78,0.0,776.87,0.0,Matched - price identical
93493,SONANCE MEDIUM IS SPACE SAVER (IS8 IS8T IS10W),Sonance,1294.78,1294.78,0.0,776.87,0.0,Matched - price identical
93494,SONANCE LARGE IS SPACE SAVER (IS10),Sonance,1294.78,1294.78,0.0,776.87,0.0,Matched - price identical
93495,SONANCE XXL IS SPACE SAVER (IS15),Sonance,1812.17,1812.17,0.0,1087.31,0.0,Matched - price identical
952020-0-0,DOGLEG PHANTOM SERIE ORANGE,Dali,1730.43,1730.43,0.0,1038.26,0.0,Matched - price identical
A10AEBMGP,Pioneer A10A10AE Integrated Amplifier 2x50 watts Direct Energy Design Phono MM Black,Pioneer,8694.78,8694.78,0.0,6086.35,0.0,Matched - price identical
A10AESMGP,Pioneer A10A10AE Integrated Amplifier 2x50 watts Direct Energy Design Phono MM Silver,Pioneer,8694.78,8694.78,0.0,6086.35,0.0,Matched - price identical
A23+S,Halo A23+ Power Amplifier Silver,Parasound,51295.65,51295.65,0.0,30777.39,0.0,Matched - price identical
A320WH,A 320 White,Jamo,1469.57,1469.57,0.0,881.74,0.0,Matched - price identical
A345WH,A 345 In/Outdoor White,Jamo,2339.13,2339.13,0.0,1403.48,0.0,Matched - price identical
A40AESMGP,Pioneer A-40AE Integrated Amplifier with Wolfson DAC,Pioneer,13912.17,13912.17,0.0,9738.52,0.0,Matched - price identical
A500WH,A 500 White,Jamo,2607.83,2607.83,0.0,1825.48,0.0,Matched - price identical
ACTIVEMAX10M,Active MAX HDMI 10m,HDANYWHERE,4173.91,4173.91,0.0,2504.35,0.0,Matched - price identical
ACTIVEMAX15M,Active MAX HDMI 15m,HDANYWHERE,4304.35,4304.35,0.0,2970.0,0.0,Matched - price identical
ACTIVEMAX8M,Active MAX HDMI 8m,HDANYWHERE,3608.7,3608.7,0.0,2165.22,0.0,Matched - price identical
ACTIVEWIRE10M,Active HDMI 10m,HDANYWHERE,3043.48,3043.48,0.0,2100.0,0.0,Matched - price identical
ADC,Analogue to Digital Converter,HDANYWHERE,1469.57,1469.57,0.0,881.74,0.0,Matched - price identical
ALTECO C-1 B,ALTECO C-1 BLACK ATMOS SPEAKER,Dali,6860.87,6860.87,0.0,4116.52,0.0,Matched - price identical
ALTECO C-1 W,ALTECO C-1 WHITE ATMOS SPEAKER,Dali,6860.87,6860.87,0.0,4116.52,0.0,Matched - price identical
ALTECO C-1 WAL,ALTECO C-1 WALNUT ATMOS SPEAKER,Dali,6860.87,6860.87,0.0,4116.52,0.0,Matched - price identical
AMP-8125-00,8-CHANNEL DIGITAL AUDIO AMPLIFIER,SAVANT,66640.87,66640.87,0.0,39984.53,0.0,Matched - price identical
AMPG1EU1BLK,Sonos AMP EU (Black) (S16),Sonos,17390.4348,17390.43,0.004799999998795101,13912.35,0.0,Matched - price identical
AMPG1UK1BLK,Sonos AMP EU (Black),Sonos,15651.3,15651.3,0.0,12390.65,0.0,Matched - price identical
ARCG1EU1,Sonos Arc Premium Smart Soundbar - White (S19),Sonos,21738.26,21738.26,0.0,17390.61,0.0,Matched - price identical
ARCG1EU1BLK,Sonos Arc Premium Smart Soundbar - Black (S19),Sonos,21738.26,21738.26,0.0,17390.61,0.0,Matched - price identical
ARCG1UK1,Sonos Arc White,Sonos,19129.57,19129.57,0.0,15303.65,0.0,Matched - price identical
ARCG1UK1BLK,Sonos Arc Black,Sonos,19129.57,19129.57,0.0,15303.65,0.0,Matched - price identical
ARCHT-6,ARCHITECTURAL 6.5 INCH 2-WAY STEREO IN-CEILING / PAIR,SAVANT,15958.26,15958.26,0.0,9574.96,0.0,Matched - price identical
ARCHT-6-PCB,ARCHITECTURAL 6.5 INCH PRE-CONSTRUCTION BRACKETS / PAIR,SAVANT,82.61,82.61,0.0,49.57,0.0,Matched - price identical
ARCHT-6-RG,ARCHITECTURAL 6.5 INCH REPLACEMENT ROUND GRILLE / EACH,SAVANT,1020.87,1020.87,0.0,612.53,0.0,Matched - price identical
ARCHT-6-SG,ARCHITECTURAL 6.5 INCH SQUARE GRILLE / EACH,SAVANT,1020.87,1020.87,0.0,612.53,0.0,Matched - price identical
ARCHT-6-SSTT,ARCHITECTURAL 6.5 INCH SINGLE STEREO TWIN TWEETER STEREO IN-CEILING / EACH,SAVANT,8777.39,8777.39,0.0,5266.44,0.0,Matched - price identical
ARCHT-8,ARCHITECTURAL 8 INCH 2-WAY STEREO IN-CEILING / PAIR,SAVANT,19150.43,19150.43,0.0,11490.27,0.0,Matched - price identical
ARCHT-8-PCB,ARCHITECTURAL 8 INCH PRE-CONSTRUCTION BRACKETS / PAIR,SAVANT,82.61,82.61,0.0,49.57,0.0,Matched - price identical
ARCHT-8-RG,ARCHITECTURAL 8 INCH REPLACEMENT ROUND GRILLE / EACH,SAVANT,1020.87,1020.87,0.0,612.53,0.0,Matched - price identical
ARCHT-8-SG,ARCHITECTURAL 8 INCH SQUARE GRILLE / EACH,SAVANT,1020.87,1020.87,0.0,612.53,0.0,Matched - price identical
ARCHT-8-SSTT,ARCHITECTURAL 8 INCH SINGLE STEREO TWIN TWEETER STEREO IN-CEILING / EACH,SAVANT,11490.43,11490.43,0.0,6894.27,0.0,Matched - price identical
ARCWMWW1BLK,Sonos Wall Mount For ARC Soundbar Black,Sonos,1477.39,1477.39,0.0,1181.91,0.0,Matched - price identical
AUTOMATE-BAT1.1,ROLLEASE AUTOMATE | LION 1.1 SHADE MOTOR,SAVANT,9559.13,9559.13,0.0,5735.48,0.0,Matched - price identical
AUTOMATE-BATQ2.0,ROLLEASE AUTOMATE | LION Q2.0 SHADE MOTOR,SAVANT,10588.7,10588.7,0.0,6353.22,0.0,Matched - price identical
AUTOMATE-BKCONV2.0,ROLLEASE Q2.0 MOTOR FINISH 10 PACK (BLACK),SAVANT,1028.7,1028.7,0.0,617.22,0.0,Matched - price identical
AUTOMATE-CHRG,ROLLEASE AUTOMATE | LION CHARGER,SAVANT,1470.43,1470.43,0.0,882.27,0.0,Matched - price identical
AUTOMATE-PULSE2,ROLLEASE AUTOMATE PULSE HUB 2,SAVANT,14784.35,14784.35,0.0,8870.61,0.0,Matched - price identical
AUTOMATE-REM1,ROLLEASE AUTOMATE | PARADIGM 1 CHANNEL REMOTE,SAVANT,3330.43,3330.43,0.0,1998.27,0.0,Matched - price identical
AUTOMATE-REM15,AUTOMATE 15 CHANNEL REMOTE,SAVANT,3229.57,3229.57,0.0,1937.74,0.0,Matched - price identical
AUTOMATE-SACONV2.0,ROLLEASE Q2.0 MOTOR FINISH 10 PACK (SILVER ALUMINUM),SAVANT,1470.43,1470.43,0.0,882.27,0.0,Matched - price identical
AUTOMATE-WHCONV2.0,ROLLEASE Q2.0 MOTOR FINISH 10 PACK (WHITE),SAVANT,1028.7,1028.7,0.0,617.22,0.0,Matched - price identical
AV10,AV 10 AV Support,Vogels,1564.35,1564.35,0.0,610.43,0.0,Matched - price identical
BANANAS/WOODEN BOX 4PC,BANANAS/WOODEN BOX  (4 pcs.),Dali,1295.65,1295.65,0.0,777.39,0.0,Matched - price identical
BCBNCP10,PLANETWAVES BNC Connectors-Male,Planetwaves,1634.78,1634.78,0.0,1144.35,0.0,Matched - price identical
BCFP10,PLANETWAVES F Connectors-Male,Planetwaves,1005.22,1005.22,0.0,703.66,0.0,Matched - price identical
BCRCAFP10,PLANETWAVES RCA Connectors-Female,Planetwaves,1047.83,1047.83,0.0,733.48,0.0,Matched - price identical
BCRCAP10,PLANETWAVES RCA Connectors-Male,Planetwaves,1079.13,1079.13,0.0,755.4,0.0,Matched - price identical
BCRCAP50,PLANETWAVES RCA Connectors-Male,Planetwaves,4945.22,4945.22,0.0,3461.66,0.0,Matched - price identical
BEAM1EU1,BEAM WHITE,Sonos,8260.0,8260.0,0.0,6608.0,0.0,Matched - price identical
BEAM1EU1BLK,BEAM BLACK,Sonos,8260.0,8260.0,0.0,6608.0,0.0,Matched - price identical
BEAM2EU1,Sonos Beam Gen2 Compact Smart Soundbar - White (S14),Sonos,12173.04,12173.04,0.0,9738.43,0.0,Matched - price identical
BEAM2EU1BLK,Sonos Beam Gen2 Compact Smart Soundbar - Black (S14),Sonos,12173.04,12173.04,0.0,9738.43,0.0,Matched - price identical
BEAM2UK1,BEAM WHITE GEN2,Sonos,9216.52,9216.52,0.0,7651.48,0.0,Matched - price identical
BLAB02,2.0M BLACK LAB SUBWOOFER,AudioQuest,1043.48,1043.48,0.0,730.43,0.0,Matched - price identical
BLAB03,3.0M BLACK LAB SUBWOOFER,AudioQuest,1217.39,1217.39,0.0,852.17,0.0,Matched - price identical
BLAB05,5.0M BLACK LAB SUBWOOFER,AudioQuest,1478.26,1478.26,0.0,1034.78,0.0,Matched - price identical
BLAB08,Audioquest Black Lab 8m Subwoofer Cable,AudioQuest,1651.3,1651.3,0.0,1339.13,0.0,Matched - price identical
BLAB12,Audioquest Black Lab 12m Subwoofer Cable,AudioQuest,2173.04,2173.04,0.0,1765.22,0.0,Matched - price identical
BM1WMWW1,Sonos Wall Mount For Beam Soundbar - White,Sonos,1477.39,1477.39,0.0,1181.91,0.0,Matched - price identical
BM1WMWW1BLK,Sonos Wall Mount For Beam Soundbar - Black,Sonos,1477.39,1477.39,0.0,1181.91,0.0,Matched - price identical
BMC-1,BMC-1 Controller,M&K Sound,30426.09,30426.09,0.0,18255.65,0.0,Matched - price identical
BOOSTEU1,Sonos Boost WiFi Extender for Sonos System,Sonos,2173.04,2173.04,0.0,1738.43,0.0,Matched - price identical
C10084,AUD100 2RCA-2RCA 1m interconnect,Cambridge Audio,260.0,260.0,0.0,156.0,0.0,Matched - price identical
C10085,AUD100 2RCA-2RCA 2m interconnect,Cambridge Audio,329.57,329.57,0.0,197.74,0.0,Matched - price identical
C10464K,Cambridge aptX® Bluetooth Dongle (each),Cambridge Audio,3042.61,3042.61,0.0,1825.57,0.0,Matched - price identical
C10501,DacMagic 100  Black Digital to Analogue Converter,Cambridge Audio,5216.52,5216.52,0.0,3129.91,0.0,Matched - price identical
C10546,Azur 851N Black Flagship ATF2™ Upsampling Network Player,Cambridge Audio,43477.39,43477.39,0.0,26086.43,0.0,Matched - price identical
C10548,Azur 851N Silver Flagship ATF2™ Upsampling Network Player,Cambridge Audio,43477.39,43477.39,0.0,26086.43,0.0,Matched - price identical
C1070,Ultra 100- 100m Speaker Cable,Cambridge Audio,8694.78,8694.78,0.0,5216.87,0.0,Matched - price identical
C10746,C155 In-Ceiling Speaker Pair White,Cambridge Audio,4346.96,4346.96,0.0,2608.17,0.0,Matched - price identical
C10755,C165 In-Ceiling Speaker Single White,Cambridge Audio,1738.26,1738.26,0.0,1042.96,0.0,Matched - price identical
C10925,Edge A Integrated Amplifier Dark Grey,Cambridge Audio,147825.22,147825.22,0.0,88695.13,0.0,Matched - price identical
C10926,Edge W Power Amplifier Dark Grey,Cambridge Audio,104346.96,104346.96,0.0,62608.17,0.0,Matched - price identical
C10927,Edge NQ Network Player Dark Grey,Cambridge Audio,130433.91,130433.91,0.0,78260.35,0.0,Matched - price identical
C10934,MM Phono Preamplifier with Auto Power Down,Cambridge Audio,6520.87,6520.87,0.0,3912.52,0.0,Matched - price identical
C10935,Duo MC Phono Amplifier,Cambridge Audio,11303.48,11303.48,0.0,6782.09,0.0,Matched - price identical
C11028,Symphony 100 - 100M Speaker Cable,Cambridge Audio,4346.96,4346.96,0.0,2608.17,0.0,Matched - price identical
C11029,Symphony 200 - 100M Speaker Cable,Cambridge Audio,6086.09,6086.09,0.0,3651.65,0.0,Matched - price identical
C11031,Symphony 400 - 50M Speaker Cable,Cambridge Audio,5216.52,5216.52,0.0,3129.91,0.0,Matched - price identical
C11079,AXA25 Integrated Amplifier Grey,Cambridge Audio,8694.78,8694.78,0.0,6086.35,0.0,Matched - price identical
C11082,AXA35 Integrated Amplifier w/ Built-in Phono-stage Grey,Cambridge Audio,11303.48,11303.48,0.0,7912.43,0.0,Matched - price identical
C11084,AX C25 CD Player,Cambridge Audio,8694.78,8694.78,0.0,6086.35,0.0,Matched - price identical
C11087,AX C35CD Player,Cambridge Audio,11303.48,11303.48,0.0,7912.43,0.0,Matched - price identical
C11089,AXR85 FM/AM Stereo Receiver Grey,Cambridge Audio,14781.74,14781.74,0.0,10347.22,0.0,Matched - price identical
C11091,AXR100 FM/AM Stereo Receiver Grey,Cambridge Audio,16520.87,16520.87,0.0,11564.61,0.0,Matched - price identical
C11125K,CXA61 Integrated Stereo Amplifier Luna Grey,Cambridge Audio,24346.96,24346.96,0.0,14608.17,0.0,Matched - price identical
C11129K,CXA81 Integrated Stereo Amplifier Luna Grey,Cambridge Audio,33042.61,33042.61,0.0,19825.57,0.0,Matched - price identical
C11133K,CXC v2  Dedicated CD Transport Luna Grey,Cambridge Audio,16520.87,16520.87,0.0,9912.52,0.0,Matched - price identical
C11137K,CXN v2 ATF2™ Upsampling Network Player Luna Grey,Cambridge Audio,31303.48,31303.48,0.0,18782.09,0.0,Matched - price identical
C11214,Edge M Power Amplifier Luna Grey,Cambridge Audio,104346.96,104346.96,0.0,62608.17,0.0,Matched - price identical
C11217,DAC MAGIC 200M Luna Grey UK/EU/CU,Cambridge Audio,17390.43,17390.43,0.0,10434.26,0.0,Matched - price identical
C11222,Evo 75 75 Watt All-In-One Player Black,Cambridge Audio,60868.7,60868.7,0.0,36521.22,0.0,Matched - price identical
C11225,Cambridge Audio Evo 150 Black,Cambridge Audio,73912.17,73912.17,0.0,44347.3,0.0,Matched - price identical
C11228K,Direct Drive Turntable with Bluetooth Aptx HD,Cambridge Audio,52173.04,52173.04,0.0,15651.91,0.0,Matched - price identical
C5181,ES20 Incognito 5.25' Outdoor Speaker White,Cambridge Audio,7825.22,7825.22,0.0,4695.13,0.0,Matched - price identical
C6181,ES30 Incognito 6' Outdoor Speaker White,Cambridge Audio,10433.91,10433.91,0.0,6260.35,0.0,Matched - price identical
C910B,C910 BLACK SUBWOOFER,Jamo,10433.91,10433.91,0.0,5599.53,0.0,Matched - price identical
C910W,C910 SUBWOOFER,Jamo,10433.91,10433.91,0.0,5599.53,0.0,Matched - price identical
C912B,C912 BLACK SUBWOOFER,Jamo,13042.6,13042.6,0.0,6999.53,0.0,Matched - price identical
C912W,C912 SUBWOOFER W,Jamo,13042.61,13042.61,0.0,6999.53,0.0,Matched - price identical
C91IIBL,C91 II Black,Jamo,8694.78,8694.78,0.0,6086.35,0.0,Matched - price identical
C91IIWH,C91 II Matt White,Jamo,8694.78,8694.78,0.0,6086.35,0.0,Matched - price identical
C91IIWO,C91 II White Oak,Jamo,8694.78,8694.78,0.0,6086.35,0.0,Matched - price identical
C93IIBL,C93 II Black,Jamo,10433.91,10433.91,0.0,7303.74,0.0,Matched - price identical
C93IIWH,C93 II Matt White,Jamo,10433.91,10433.91,0.0,7303.74,0.0,Matched - price identical
C95IIBL,C95 II Black,Jamo,15651.3,15651.3,0.0,10955.91,0.0,Matched - price identical
C95IIBL Single,C95 II Black Single unit,Jamo,17382.61,17382.61,0.0,10429.57,0.0,Matched - price identical
C95IIWH,C95 II Matt White,Jamo,15651.3,15651.3,0.0,10955.91,0.0,Matched - price identical
C95IIWO,C95 II White Oak,Jamo,15651.3,15651.3,0.0,10955.91,0.0,Matched - price identical
C97IIBL,C97 II Black,Jamo,20868.7,20868.7,0.0,14608.09,0.0,Matched - price identical
C97IIBL Single,C97 II Black Single unit,Jamo,17390.43,17390.43,0.0,12173.3,0.0,Matched - price identical
C97IIWH,C97 II Matt White,Jamo,20868.7,20868.7,0.0,14608.09,0.0,Matched - price identical
C97IIWH Single,C97 II Matt White Single,Jamo,17390.43,17390.43,0.0,12173.3,0.0,Matched - price identical
C9CENIIBL,C9CEN II Black,Jamo,6955.65,6955.65,0.0,4868.96,0.0,Matched - price identical
C9CENIIWH,C9CEN II Matt White,Jamo,6955.65,6955.65,0.0,4868.96,0.0,Matched - price identical
C9SURIIBL,C9SUR II Black,Jamo,12173.04,12173.04,0.0,8521.13,0.0,Matched - price identical
C9SURIIWH,C9SUR II White,Jamo,12173.04,12173.04,0.0,8521.13,0.0,Matched - price identical
CABLE10L,CABLE 10 L Cable Cover,Vogels,2173.04,2173.04,0.0,860.87,0.0,Matched - price identical
CABLE10M,CABLE 10 M Cable Cover,Vogels,1017.39,1017.39,0.0,610.43,0.0,Matched - price identical
CABLE4BL,CABLE 4 Cable Cover Black,Vogels,955.65,955.65,0.0,370.43,0.0,Matched - price identical
CABLE4WH,CABLE 4 Cable Cover White,Vogels,955.65,955.65,0.0,370.43,0.0,Matched - price identical
CABLE8BL,CABLE 8 Cable Cover Black,Vogels,1129.57,1129.57,0.0,433.04,0.0,Matched - price identical
CABLE8WH,CABLE 8 Cable Cover White,Vogels,1129.57,1129.57,0.0,433.04,0.0,Matched - price identical
CBL-HDMI2IN12F-00,HIGH SPEED HDMI 2.0 FLAT CABLE (12 INCHES),SAVANT,957.39,957.39,0.0,574.44,0.0,Matched - price identical
CBL-HDMI2IN6F-00,HIGH SPEED HDMI 2.0 FLAT CABLE (6 INCHES),SAVANT,765.22,765.22,0.0,459.14,0.0,Matched - price identical
CBL-HDMI2M1-00,HIGH SPEED CATEGORY HDMI 2.0 CABLE (1 METER),SAVANT,229.57,229.57,0.0,137.74,0.0,Matched - price identical
CBL-HDMI2M2-00,HIGH SPEED CATEGORY HDMI 2.0 CABLE (2 METER),SAVANT,306.09,306.09,0.0,183.66,0.0,Matched - price identical
CBL-HDMI2M3-00,HIGH SPEED CATEGORY HDMI 2.0 CABLE (3 METER),SAVANT,382.61,382.61,0.0,229.57,0.0,Matched - price identical
CBL-SFPDACM2-00,SFP+ DIRECT ATTACH COPPER CABLE (2 METERS) - FOR USE WITH PROAV,SAVANT,1169.57,1169.57,0.0,701.74,0.0,Matched - price identical
CBLT01,PLANETWAVES Universal Remote Tester,Planetwaves,665.22,665.22,0.0,465.66,0.0,Matched - price identical
CDNGLWW1,Combo Adapter WW (White),Sonos,1042.61,1042.61,0.0,834.09,0.0,Matched - price identical
CDNGLWW1BLK,Combo Adapter WW (Black),Sonos,1042.61,1042.61,0.0,834.09,0.0,Matched - price identical
CEISP32AHRSAE,ISP 3D.32 Elite Analog AV Processor,Storm Audio,391303.48,391303.48,0.0,234782.09,0.0,Matched - price identical
CITK01,PLANETWAVES Cutter/Screwdriver Tool Kit,Planetwaves,837.39,837.39,0.0,586.18,0.0,Matched - price identical
CL2250BV2,New Classic 2250 v2 Black,Parasound,54773.91,54773.91,0.0,32864.35,0.0,Matched - price identical
CLI-10K4IN-00,SENSOR MODULE WITH FOUR 10K THERMISTOR INPUTS,SAVANT,7924.35,7924.35,0.0,4754.61,0.0,Matched - price identical
CLI-1WIRE2-00,SENSOR MODULE WITH TWO 1-WIRE SENSOR INTERFACES,SAVANT,7924.35,7924.35,0.0,4754.61,0.0,Matched - price identical
CLI-AUX3-00,"RELAY MODULE WITH THREE AUX RELAY (NO, NC, COM)",SAVANT,7924.35,7924.35,0.0,4754.61,0.0,Matched - price identical
CLI-PLEN1C-00,PLENUM REMOTE SENSOR COMMERCIAL,SAVANT,3327.83,3327.83,0.0,1996.7,0.0,Matched - price identical
CLI-PLEN1R-00,PLENUM REMOTE SENSOR RESIDENTIAL,SAVANT,3327.83,3327.83,0.0,1996.7,0.0,Matched - price identical
CLI-PTAC1K1-00,"RELAY MODULE FOR PTAC WITH ONE 6-PORT CLIMATE RELAY (W1, W2, Y1, Y2, G, O) AND ONE 10K THERMISTOR IN",SAVANT,7924.35,7924.35,0.0,4754.61,0.0,Matched - price identical
CLI-REL1AUX1-00,"RELAY MODULE WITH ONE 6-PORT CLIMATE RELAY (W1, W2, Y1, Y2, G, O) AND ONE AUX RELAY (NO, NC, COM)",SAVANT,7924.35,7924.35,0.0,4754.61,0.0,Matched - price identical
CLI-SLAB1-00,SLAB REMOTE SENSOR,SAVANT,2969.57,2969.57,0.0,1781.74,0.0,Matched - price identical
CLI-THFM1-00,TEMP AND HUMIDITY SENSOR FLUSH MOUNT,SAVANT,8343.48,8343.48,0.0,5006.09,0.0,Matched - price identical
CLI-W210B-01,MULTISTAT SMART THERMOSTAT - BLACK,SAVANT,18056.52,18056.52,0.0,10833.92,0.0,Matched - price identical
CLI-W210W-01,MULTISTAT SMART THERMOSTAT - WHITE,SAVANT,18056.52,18056.52,0.0,10833.92,0.0,Matched - price identical
CNLG4XX,Controller Nova Hub Logic Gateway  Ethernet RS485 for Control 4,Black Nova,7486.96,7486.96,0.0,4492.17,0.0,Matched - price identical
CNLGKXX,Controller Nova Hub Logic Gateway  Ethernet KNX,Black Nova,11250.43,11250.43,0.0,6750.26,0.0,Matched - price identical
COAXCIN0.75,0.75M DIGITAL COAX CINNAMON,AudioQuest,1565.22,1565.22,0.0,1095.65,0.0,Matched - price identical
COAXCIN01.5,1.5M DIGITAL COAX CINNAMON,AudioQuest,1913.04,1913.04,0.0,1339.13,0.0,Matched - price identical
COAXFOR0.75,0.75M DIGITAL COAX FOREST,AudioQuest,782.61,782.61,0.0,547.83,0.0,Matched - price identical
COAXFOR01.5,1.5M DIGITAL COAX FOREST,AudioQuest,956.52,956.52,0.0,669.57,0.0,Matched - price identical
COCALIB,Calibration Kit (DIRAC),Storm Audio,43478.26,43478.26,0.0,0.0,0.0,Matched - price identical
CON-10FN-00,RJ45 SERIAL ADAPTERS FLOW NULL 10-PACK,SAVANT,2060.0,2060.0,0.0,1236.0,0.0,Matched - price identical
CON-10FNN-00,RJ45 SERIAL ADAPTERS FLOW NO NULL 10-PACK,SAVANT,2060.0,2060.0,0.0,1236.0,0.0,Matched - price identical
CON-10GEN-00,DB-9 MINI GENDER CHANGER (10-PACK),SAVANT,2060.0,2060.0,0.0,1236.0,0.0,Matched - price identical
CON-10NFN-00,RJ45 SERIAL ADAPTERS  NO FLOW NULL  10-PACK,SAVANT,2060.0,2060.0,0.0,1236.0,0.0,Matched - price identical
CON-10NFNN-00,RJ45 SERIAL ADAPTERS NO FLOW NO NULL 10-PACK,SAVANT,2060.0,2060.0,0.0,1236.0,0.0,Matched - price identical
CON-1FN-00,RJ45 SERIAL ADAPTERS FLOW NULL SINGLE,SAVANT,205.22,205.22,0.0,123.14,0.0,Matched - price identical
CON-1FNN-00,RJ45 SERIAL ADAPTERS FLOW NO NULL SINGLE,SAVANT,205.22,205.22,0.0,123.14,0.0,Matched - price identical
CON-1GEN-00,DB-9 MINI GENDER CHANGER SINGLE,SAVANT,205.22,205.22,0.0,123.14,0.0,Matched - price identical
CON-1NFN-00,RJ45 SERIAL ADAPTERS  NO FLOW NULL  SINGLE,SAVANT,205.22,205.22,0.0,123.14,0.0,Matched - price identical
CON-1NFNN-00,RJ45 SERIAL ADAPTERS NO FLOW NO NULL SINGLE,SAVANT,205.22,205.22,0.0,123.14,0.0,Matched - price identical
CON-F2010-00,LC MULTIMODE OM3 FIBER CONNECTORS (10 PACK),SAVANT,8716.52,8716.52,0.0,5229.92,0.0,Matched - price identical
CON-FSFP1-00,FIBER TRANSCEIVER MODULE (SINGLE),SAVANT,2376.52,2376.52,0.0,1425.92,0.0,Matched - price identical
CON-FSFP10-00,FIBER TRANSCEIVER MODULE (10 PACK),SAVANT,22188.7,22188.7,0.0,13313.22,0.0,Matched - price identical
CON-SDC2-00,2-PIN SCREW-DOWN CONNECTOR 25-PACK,SAVANT,1663.48,1663.48,0.0,998.09,0.0,Matched - price identical
CON-STC2-00,2-PIN SPRING-LOADED CONNECTOR 25-PACK,SAVANT,3327.83,3327.83,0.0,1996.7,0.0,Matched - price identical
CON-STC3-00,3-PIN SCREW-DOWN CONNECTOR 25-PACK,SAVANT,1663.48,1663.48,0.0,998.09,0.0,Matched - price identical
CON-STC6-00,6-PIN SCREW-DOWN CONNECTOR 25-PACK,SAVANT,3327.83,3327.83,0.0,1996.7,0.0,Matched - price identical
CON-STC9-00,9-PIN SCREW-DOWN CONNECTOR 25-PACK,SAVANT,4992.17,4992.17,0.0,2995.31,0.0,Matched - price identical
CTNZPEU1,CONNECT,Sonos,14781.74,14781.74,0.0,0.0,0.0,Matched - price identical
CXDCHD250,PLANETWAVES HD Dual Coax-bLACK,Planetwaves,10988.7,10988.7,0.0,7692.09,0.0,Matched - price identical
CXSCHD250,PLANETWAVES HD Coax-Black,Planetwaves,5421.74,5421.74,0.0,3795.22,0.0,Matched - price identical
CXSCHD250B,PLANETWAVES HD Coax-Blue,Planetwaves,5421.74,5421.74,0.0,3795.22,0.0,Matched - price identical
CXSCHD250G,PLANETWAVES HD Coax-Green,Planetwaves,5421.74,5421.74,0.0,3795.22,0.0,Matched - price identical
CXSCHD250R,PLANETWAVES HD Coax-Red,Planetwaves,5421.74,5421.74,0.0,3795.22,0.0,Matched - price identical
CXSCHD250W,PLANETWAVES HD Coax-White,Planetwaves,5421.74,5421.74,0.0,3795.22,0.0,Matched - price identical
CXSCP500,PLANETWAVES Pre-Wire Coax-Single-Black,Planetwaves,3254.78,3254.78,0.0,2278.35,0.0,Matched - price identical
D500LCRBL,D 500 LCR High Gloss Black,Jamo,7825.22,7825.22,0.0,5477.65,0.0,Matched - price identical
D500LCRWH,D500 LCR High Gloss White,Jamo,7825.22,7825.22,0.0,5477.65,0.0,Matched - price identical
D500SURBL,D 500 Surround High Gloss Black,Jamo,13912.17,13912.17,0.0,9738.52,0.0,Matched - price identical
D500SURWH,D500 SUR White,Jamo,13912.17,13912.17,0.0,9738.52,0.0,Matched - price identical
D600SURL,D 600 Surround LEFT,Jamo,8252.17,8252.17,0.0,4951.3,0.0,Matched - price identical
D600SURR,D 600 Surround RIGHT,Jamo,8252.17,8252.17,0.0,4951.3,0.0,Matched - price identical
DAC,Digital to Analogue Converter,HDANYWHERE,1295.65,1295.65,0.0,777.39,0.0,Matched - price identical
DHBECHC,Axes Collection Back End Card Holder Crestron,Black Nova,5989.57,5989.57,0.0,3593.74,0.0,Matched - price identical
DHBECHK,Axes Collection Back End Card Holder KNX,Black Nova,5989.57,5989.57,0.0,3593.74,0.0,Matched - price identical
DHBECHR,Axes Collection Back End Card Holder RS485,Black Nova,5989.57,5989.57,0.0,3593.74,0.0,Matched - price identical
DHBECRC,Axes Collection Back End Card Holder RFID Reader Crestron,Black Nova,5989.57,5989.57,0.0,3593.74,0.0,Matched - price identical
DHBECRK,Axes Collection Back End Card Holder RFID Reader KNX,Black Nova,5989.57,5989.57,0.0,3593.74,0.0,Matched - price identical
DHBECRR,Axes Collection Back End Card Holder RFID Reader RS485,Black Nova,5989.57,5989.57,0.0,3593.74,0.0,Matched - price identical
DHBEDRC,Axes Collection Back End Door Panel RFID Reader Crestron,Black Nova,5989.57,5989.57,0.0,3593.74,0.0,Matched - price identical
DHBEDRK,Axes Collection Back End Door Panel RFID Reader KNX,Black Nova,5989.57,5989.57,0.0,3593.74,0.0,Matched - price identical
DHBEDRR,Axes Collection Back End Door Panel RFID Reader RS485,Black Nova,5989.57,5989.57,0.0,3593.74,0.0,Matched - price identical
DHBEKNC,Axes Collection Back End Door Panel Numbers Keypad Crestron,Black Nova,5989.57,5989.57,0.0,3593.74,0.0,Matched - price identical
DHBEKNK,Axes Collection Back End Door Panel Numbers Keypad KNX,Black Nova,5989.57,5989.57,0.0,3593.74,0.0,Matched - price identical
DHBEKNR,Axes Collection Back End Door Panel Numbers Keypad RS485,Black Nova,5989.57,5989.57,0.0,3593.74,0.0,Matched - price identical
DHBEN3C,Axes Collection Back End Door Panel Room Number XL Crestron,Black Nova,5989.57,5989.57,0.0,3593.74,0.0,Matched - price identical
DHBEN3K,Axes Collection Back End Door Panel Room Number XL KNX,Black Nova,5989.57,5989.57,0.0,3593.74,0.0,Matched - price identical
DHBEN3R,Axes Collection Back End Door Panel Room Number XL RS485,Black Nova,5989.57,5989.57,0.0,3593.74,0.0,Matched - price identical
DHBXDP,Axes Collection Back Box and parts for Third Party RFID Reader Integration,Black Nova,2139.13,2139.13,0.0,1283.48,0.0,Matched - price identical
DHFECHXGIW,Axes Collection Front End Card Holder Glass Ice White,Black Nova,2139.13,2139.13,0.0,1283.48,0.0,Matched - price identical
DHFECHXGSW,Axes Collection Front End Card Holder Glass Sand White,Black Nova,1875.65,1875.65,0.0,1125.39,0.0,Matched - price identical
DHFECHXGVG,Axes Collection Front End Card Holder Glass Venetian Gold,Black Nova,2139.13,2139.13,0.0,1283.48,0.0,Matched - price identical
DHFECHXGYB,Axes Collection Front End Card Holder Glass York Black,Black Nova,2139.13,2139.13,0.0,1283.48,0.0,Matched - price identical
DLA-N9BE,e-shift 5 8K/2200lm/100000:1/Dynamic 1M:1 HDR/High Quality Image with Low latency mode,JVC Projectors,433913.0,433913.0,0.0,303739.1,0.0,Matched - price identical
DLA-NP5BE,JVC DLA-NP5 NATIVE 4K,JVC Projectors,217390.43,217390.43,0.0,152173.3,0.0,Matched - price identical
DLA-NZ7,NATIVE 4K (4096 x 2160)/ 1900lm/ Native Contrast Ratio of 80000:1 (Dynamic Contrast Ratio 800000,JVC Projectors,347825.22,347825.22,0.0,243477.65,0.0,Matched - price identical
DLA-NZ8BE,JVC DLA NZ-8  8K E-SHIFT LASER,JVC Projectors,434781.74,434781.74,0.0,326086.3,0.0,Matched - price identical
DLA-Z1E,"""""New 0.7""""4K/3000lm/Laser Phosphor for Custom Install""",JVC Projectors,868695.7,868695.7,0.0,608086.99,0.0,Matched - price identical
DLBE12C,Alba collection Back End 12 buttons Crestron,Black Nova,10266.96,10266.96,0.0,6160.17,0.0,Matched - price identical
DLBE12K,Alba collection Back End 12 buttons KNX,Black Nova,10266.96,10266.96,0.0,6160.17,0.0,Matched - price identical
DLBE12R,Alba collection Back End 12 buttons RS485,Black Nova,10266.96,10266.96,0.0,6160.17,0.0,Matched - price identical
DLBEM1C,Alba collection Back End Multipurpose/Temperature control interface Crestron,Black Nova,12406.09,12406.09,0.0,7443.65,0.0,Matched - price identical
DLBEM1K,Alba collection Back End Multipurpose/Temperature control interface KNX,Black Nova,12406.09,12406.09,0.0,7443.65,0.0,Matched - price identical
DLBEM1R,Alba collection Back End Multipurpose/Temperature control interface RS485,Black Nova,12406.09,12406.09,0.0,7443.65,0.0,Matched - price identical
DLDSV2,Alba collection Spare DST Back End V2,Black Nova,5133.91,5133.91,0.0,3080.35,0.0,Matched - price identical
DLDSV4,Alba collection Spare DST Back End V4,Black Nova,6203.48,6203.48,0.0,3722.09,0.0,Matched - price identical
DLFE2KXGIW,Alba collection Front End 2 buttons Glass Ice White,Black Nova,2139.13,2139.13,0.0,1283.48,0.0,Matched - price identical
DLFE2KXGSW,Alba collection Front End 2 buttons Glass Sand White,Black Nova,1375.65,1375.65,0.0,825.39,0.0,Matched - price identical
DLFE2KXGVG,Alba collection Front End 2 buttons Glass Venetian Gold,Black Nova,2139.13,2139.13,0.0,1283.48,0.0,Matched - price identical
DLFE2KXGYB,Alba collection Front End 2 buttons Glass York Black,Black Nova,2139.13,2139.13,0.0,1283.48,0.0,Matched - price identical
DLFE4KXGIW,Alba collection Front End 4 buttons Glass Ice White,Black Nova,2139.13,2139.13,0.0,1283.48,0.0,Matched - price identical
DLFE4KXGSW,Alba collection Front End 4 buttons Glass Sand White,Black Nova,1500.0,1500.0,0.0,900.0,0.0,Matched - price identical
DLFE4KXGVG,Alba collection Front End 4 buttons Glass Venetian Gold,Black Nova,2139.13,2139.13,0.0,1283.48,0.0,Matched - price identical
DLFE4KXGYB,Alba collection Front End 4 buttons Glass York Black,Black Nova,2139.13,2139.13,0.0,1283.48,0.0,Matched - price identical
DLFE8KXGIW,Alba collection Front End 8 buttons Glass Ice White,Black Nova,2139.13,2139.13,0.0,1283.48,0.0,Matched - price identical
DLFE8KXGSW,Alba collection Front End 8 buttons Glass Sand White,Black Nova,1625.22,1625.22,0.0,975.13,0.0,Matched - price identical
DLFE8KXGVG,Alba collection Front End 8 buttons Glass Venetian Gold,Black Nova,2139.13,2139.13,0.0,1283.48,0.0,Matched - price identical
DLFE8KXGYB,Alba collection Front End 8 buttons Glass York Black,Black Nova,2139.13,2139.13,0.0,1283.48,0.0,Matched - price identical
DLFEM1XGIW,Alba collection Front End Multipurpose/Temperature control interface Glass Ice White,Black Nova,2139.13,2139.13,0.0,1283.48,0.0,Matched - price identical
DLFEM1XGSW,Alba collection Front End Multipurpose/Temperature control interface Glass Sand White,Black Nova,1500.0,1500.0,0.0,900.0,0.0,Matched - price identical
DLFEM1XGVG,Alba collection Front End Multipurpose/Temperature control interface Glass Venetian Gold,Black Nova,2139.13,2139.13,0.0,1283.48,0.0,Matched - price identical
DLFEM1XGYB,Alba collection Front End Multipurpose/Temperature control interface Glass York Black,Black Nova,2139.13,2139.13,0.0,1283.48,0.0,Matched - price identical
DLFR1FXGIW,Alba collection Frame single frame Glass Ice White,Black Nova,2139.13,2139.13,0.0,1283.48,0.0,Matched - price identical
DLFR1FXGSW,Alba collection Frame single frame Glass Sand White,Black Nova,2000.0,2000.0,0.0,1200.0,0.0,Matched - price identical
DLFR1FXGVG,Alba collection Frame single frame Glass Venetian Gold,Black Nova,2139.13,2139.13,0.0,1283.48,0.0,Matched - price identical
DLFR1FXGYB,Alba collection Frame single frame Glass York Black,Black Nova,2139.13,2139.13,0.0,1283.48,0.0,Matched - price identical
DLFR1FXMAS,Alba collection Frame single frame Metal Aluminum Silver  Metal Brushed,Black Nova,2139.13,2139.13,0.0,1283.48,0.0,Matched - price identical
DLFR1FXMBG,Alba collection Frame single frame Metal Bronze Gold  Metal Brushed,Black Nova,2139.13,2139.13,0.0,1283.48,0.0,Matched - price identical
DLFR1FXMMB,Alba collection Frame single frame Metal Mars Black  Metal Brushed,Black Nova,2139.13,2139.13,0.0,1283.48,0.0,Matched - price identical
DLFR2FLGIWKPSK,Alba collection Frame double frame Legrand Arteor Glass Ice White  Combination: Keypad  Socket,Black Nova,4278.26,4278.26,0.0,2566.96,0.0,Matched - price identical
DLFR2FLGIWM1SK,Alba collection Frame double frame Legrand Arteor Glass Ice White  Combination: Multipurpose/Temper,Black Nova,4278.26,4278.26,0.0,2566.96,0.0,Matched - price identical
DLFR2FLGIWSKM1,Alba collection Frame double frame Legrand Arteor Glass Ice White  Combination: Socket  Multipurpo,Black Nova,4278.26,4278.26,0.0,2566.96,0.0,Matched - price identical
DLFR2FLGSWKPSK,Alba collection Frame double frame Legrand Arteor Glass Sand White  Combination: Keypad  Socket,Black Nova,3250.43,3250.43,0.0,1950.26,0.0,Matched - price identical
DLFR2FLGSWM1SK,Alba collection Frame double frame Legrand Arteor Glass Sand White  Combination: Multipurpose/Tempe,Black Nova,4500.0,4500.0,0.0,2700.0,0.0,Matched - price identical
DLFR2FLGSWSKM1,Alba collection Frame double frame Legrand Arteor Glass Sand White  Combination: Socket  Multipurp,Black Nova,4500.0,4500.0,0.0,2700.0,0.0,Matched - price identical
DLFR2FLGVGKPSK,Alba collection Frame double frame Legrand Arteor Glass Venetian Gold  Combination: Keypad  Socket,Black Nova,4278.26,4278.26,0.0,2566.96,0.0,Matched - price identical
DLFR2FLGVGM1SK,Alba collection Frame double frame Legrand Arteor Glass Venetian Gold  Combination: Multipurpose/Te,Black Nova,4278.26,4278.26,0.0,2566.96,0.0,Matched - price identical
DLFR2FLGVGSKM1,Alba collection Frame double frame Legrand Arteor Glass Venetian Gold  Combination: Socket  Multip,Black Nova,4278.26,4278.26,0.0,2566.96,0.0,Matched - price identical
DLFR2FLGYBKPSK,Alba collection Frame double frame Legrand Arteor Glass York Black  Combination: Keypad  Socket,Black Nova,4278.26,4278.26,0.0,2566.96,0.0,Matched - price identical
DLFR2FLGYBM1SK,Alba collection Frame double frame Legrand Arteor Glass York Black  Combination: Multipurpose/Tempe,Black Nova,4278.26,4278.26,0.0,2566.96,0.0,Matched - price identical
DLFR2FLGYBSKM1,Alba collection Frame double frame Legrand Arteor Glass York Black  Combination: Socket  Multipurp,Black Nova,4278.26,4278.26,0.0,2566.96,0.0,Matched - price identical
DLFR2FLMASKPSK,Alba collection Frame double frame Legrand Arteor Metal Aluminum Silver  Metal Brushed  Combinatio,Black Nova,4278.26,4278.26,0.0,2566.96,0.0,Matched - price identical
DLFR2FLMASM1SK,Alba collection Frame double frame Legrand Arteor Metal Aluminum Silver  Metal Brushed  Combinatio,Black Nova,4278.26,4278.26,0.0,2566.96,0.0,Matched - price identical
DLFR2FLMASSKM1,Alba collection Frame double frame Legrand Arteor Metal Aluminum Silver  Metal Brushed  Combinatio,Black Nova,4278.26,4278.26,0.0,2566.96,0.0,Matched - price identical
DLFR2FLMBGKPSK,Alba collection Frame double frame Legrand Arteor Metal Bronze Gold  Metal Brushed  Combination: K,Black Nova,4278.26,4278.26,0.0,2566.96,0.0,Matched - price identical
DLFR2FLMBGM1SK,Alba collection Frame double frame Legrand Arteor Metal Bronze Gold  Metal Brushed  Combination: M,Black Nova,4278.26,4278.26,0.0,2566.96,0.0,Matched - price identical
DLFR2FLMBGSKM1,Alba collection Frame double frame Legrand Arteor Metal Bronze Gold  Metal Brushed  Combination: S,Black Nova,4278.26,4278.26,0.0,2566.96,0.0,Matched - price identical
DLFR2FLMMBKPSK,Alba collection Frame double frame Legrand Arteor Metal Mars Black  Metal Brushed  Combination: Ke,Black Nova,4278.26,4278.26,0.0,2566.96,0.0,Matched - price identical
DLFR2FLMMBM1SK,Alba collection Frame double frame Legrand Arteor Metal Mars Black  Metal Brushed  Combination: Mu,Black Nova,4278.26,4278.26,0.0,2566.96,0.0,Matched - price identical
DLFR2FLMMBSKM1,Alba collection Frame double frame Legrand Arteor Metal Mars Black  Metal Brushed  Combination: So,Black Nova,4278.26,4278.26,0.0,2566.96,0.0,Matched - price identical
DLFR2FXGIWKPKP,Alba collection Frame double frame Glass Ice White  Combination: Keypad  Keypad,Black Nova,4278.26,4278.26,0.0,2566.96,0.0,Matched - price identical
DLFR2FXGIWKPM1,Alba collection Frame double frame Glass Ice White  Combination: Keypad  Multipurpose/Temperature,Black Nova,4278.26,4278.26,0.0,2566.96,0.0,Matched - price identical
DLFR2FXGIWM1KP,Alba collection Frame double frame Glass Ice White  Combination: Multipurpose/Temperature control i,Black Nova,4278.26,4278.26,0.0,2566.96,0.0,Matched - price identical
DLFR2FXGIWM1M1,Alba collection Frame double frame Glass Ice White  Combination: Multipurpose/Temperature control i,Black Nova,4278.26,4278.26,0.0,2566.96,0.0,Matched - price identical
DLFR2FXGSWKPKP,Alba collection Frame double frame Glass Sand White  Combination: Keypad  Keypad,Black Nova,4000.0,4000.0,0.0,2400.0,0.0,Matched - price identical
DLFR2FXGSWKPM1,Alba collection Frame double frame Glass Sand White  Combination: Keypad  Multipurpose/Temperature,Black Nova,5250.43,5250.43,0.0,3150.26,0.0,Matched - price identical
DLFR2FXGSWM1KP,Alba collection Frame double frame Glass Sand White  Combination: Multipurpose/Temperature control,Black Nova,5250.43,5250.43,0.0,3150.26,0.0,Matched - price identical
DLFR2FXGSWM1M1,Alba collection Frame double frame Glass Sand White  Combination: Multipurpose/Temperature control,Black Nova,6500.0,6500.0,0.0,3900.0,0.0,Matched - price identical
DLFR2FXGVGKPKP,Alba collection Frame double frame Glass Venetian Gold  Combination: Keypad  Keypad,Black Nova,4278.26,4278.26,0.0,2566.96,0.0,Matched - price identical
DLFR2FXGVGKPM1,Alba collection Frame double frame Glass Venetian Gold  Combination: Keypad  Multipurpose/Temperat,Black Nova,4278.26,4278.26,0.0,2566.96,0.0,Matched - price identical
DLFR2FXGVGM1KP,Alba collection Frame double frame Glass Venetian Gold  Combination: Multipurpose/Temperature contr,Black Nova,4278.26,4278.26,0.0,2566.96,0.0,Matched - price identical
DLFR2FXGVGM1M1,Alba collection Frame double frame Glass Venetian Gold  Combination: Multipurpose/Temperature contr,Black Nova,4278.26,4278.26,0.0,2566.96,0.0,Matched - price identical
DLFR2FXGYBKPKP,Alba collection Frame double frame Glass York Black  Combination: Keypad  Keypad,Black Nova,4278.26,4278.26,0.0,2566.96,0.0,Matched - price identical
DLFR2FXGYBKPM1,Alba collection Frame double frame Glass York Black  Combination: Keypad  Multipurpose/Temperature,Black Nova,4278.26,4278.26,0.0,2566.96,0.0,Matched - price identical
DLFR2FXGYBM1KP,Alba collection Frame double frame Glass York Black  Combination: Multipurpose/Temperature control,Black Nova,4278.26,4278.26,0.0,2566.96,0.0,Matched - price identical
DLFR2FXGYBM1M1,Alba collection Frame double frame Glass York Black  Combination: Multipurpose/Temperature control,Black Nova,4278.26,4278.26,0.0,2566.96,0.0,Matched - price identical
DLFR2FXMASKPKP,Alba collection Frame double frame Metal Aluminum Silver  Metal Brushed  Combination: Keypad  Key,Black Nova,4278.26,4278.26,0.0,2566.96,0.0,Matched - price identical
DLFR2FXMASKPM1,Alba collection Frame double frame Metal Aluminum Silver  Metal Brushed  Combination: Keypad  Mul,Black Nova,4278.26,4278.26,0.0,2566.96,0.0,Matched - price identical
DLFR2FXMASM1KP,Alba collection Frame double frame Metal Aluminum Silver  Metal Brushed  Combination: Multipurpose,Black Nova,4278.26,4278.26,0.0,2566.96,0.0,Matched - price identical
DLFR2FXMASM1M1,Alba collection Frame double frame Metal Aluminum Silver  Metal Brushed  Combination: Multipurpose,Black Nova,4278.26,4278.26,0.0,2566.96,0.0,Matched - price identical
DLFR2FXMBGKPKP,Alba collection Frame double frame Metal Bronze Gold  Metal Brushed  Combination: Keypad  Keypad,Black Nova,4278.26,4278.26,0.0,2566.96,0.0,Matched - price identical
DLFR2FXMBGKPM1,Alba collection Frame double frame Metal Bronze Gold  Metal Brushed  Combination: Keypad  Multipu,Black Nova,4278.26,4278.26,0.0,2566.96,0.0,Matched - price identical
DLFR2FXMBGM1KP,Alba collection Frame double frame Metal Bronze Gold  Metal Brushed  Combination: Multipurpose/Tem,Black Nova,4278.26,4278.26,0.0,2566.96,0.0,Matched - price identical
DLFR2FXMBGM1M1,Alba collection Frame double frame Metal Bronze Gold  Metal Brushed  Combination: Multipurpose/Tem,Black Nova,4278.26,4278.26,0.0,2566.96,0.0,Matched - price identical
DLFR2FXMMBKPKP,Alba collection Frame double frame Metal Mars Black  Metal Brushed  Combination: Keypad  Keypad,Black Nova,4278.26,4278.26,0.0,2566.96,0.0,Matched - price identical
DLFR2FXMMBKPM1,Alba collection Frame double frame Metal Mars Black  Metal Brushed  Combination: Keypad  Multipur,Black Nova,4278.26,4278.26,0.0,2566.96,0.0,Matched - price identical
DLFR2FXMMBM1KP,Alba collection Frame double frame Metal Mars Black  Metal Brushed  Combination: Multipurpose/Temp,Black Nova,4278.26,4278.26,0.0,2566.96,0.0,Matched - price identical
DLFR2FXMMBM1M1,Alba collection Frame double frame Metal Mars Black  Metal Brushed  Combination: Multipurpose/Temp,Black Nova,4278.26,4278.26,0.0,2566.96,0.0,Matched - price identical
DLFRM1XGIW,Alba collection Frame Multipurpose/Temperature control interface Glass Ice White,Black Nova,2139.13,2139.13,0.0,1283.48,0.0,Matched - price identical
DLFRM1XGSW,Alba collection Frame Multipurpose/Temperature control interface Glass Sand White,Black Nova,3250.43,3250.43,0.0,1950.26,0.0,Matched - price identical
DLFRM1XGVG,Alba collection Frame Multipurpose/Temperature control interface Glass Venetian Gold,Black Nova,2139.13,2139.13,0.0,1283.48,0.0,Matched - price identical
DLFRM1XGYB,Alba collection Frame Multipurpose/Temperature control interface Glass York Black,Black Nova,2139.13,2139.13,0.0,1283.48,0.0,Matched - price identical
DLFRM1XMAS,Alba collection Frame Multipurpose/Temperature control interface Metal Aluminum Silver  Metal Brush,Black Nova,2139.13,2139.13,0.0,1283.48,0.0,Matched - price identical
DLFRM1XMBG,Alba collection Frame Multipurpose/Temperature control interface Metal Bronze Gold  Metal Brushed,Black Nova,2139.13,2139.13,0.0,1283.48,0.0,Matched - price identical
DLFRM1XMMB,Alba collection Frame Multipurpose/Temperature control interface Metal Mars Black  Metal Brushed,Black Nova,2139.13,2139.13,0.0,1283.48,0.0,Matched - price identical
DMX-DRIVER1-00,DMX DRIVER WITH INTEGRATED POWER SUPPLY,SAVANT,4308.7,4308.7,0.0,3446.96,0.0,Matched - price identical
DMX-DRIVER3-00,LOW VOLTAGE DMX DRIVER WITH 10A EXTERNAL POWER SUPPLY,SAVANT,10772.17,10772.17,0.0,8617.74,0.0,Matched - price identical
DMX-TWKITB-00,START KIT FOR DMX TUNABLE WHITE STRIP LIGHTING (10M),SAVANT,15080.87,15080.87,0.0,12064.7,0.0,Matched - price identical
DMX-TWKITW-00,START KIT FOR DMX TUNABLE WHITE STRIP LIGHTING (5M),SAVANT,7540.0,7540.0,0.0,6032.0,0.0,Matched - price identical
DMX-WRGBKITB-00,START KIT FOR DMX WRGB STRIP LIGHTING (10M),SAVANT,15080.87,15080.87,0.0,12064.7,0.0,Matched - price identical
DMX-WRGBKITW-00,START KIT FOR DMX WRGB STRIP LIGHTING (5M),SAVANT,7540.0,7540.0,0.0,6032.0,0.0,Matched - price identical
DOR-FM0B-00,FLUSH MOUNT DOOR STATION BLACK,SAVANT,36628.7,36628.7,0.0,25640.09,0.0,Matched - price identical
DOR-FM0S-00,FLUSH MOUNT DOOR STATION SILVER,SAVANT,36628.7,36628.7,0.0,25640.09,0.0,Matched - price identical
DOR-FMB-00,FLUSH MOUNT SINGLE HEIGHT DOOR STATION BLACK,SAVANT,35611.3,35611.3,0.0,24927.92,0.0,Matched - price identical
DOR-HDFLBRICK-00,HEAVY DUTY GATE STATION FLUSH MOUNT KIT FOR BRICK INSTALLATION,SAVANT,4312.17,4312.17,0.0,3018.53,0.0,Matched - price identical
DOR-HDFLPLAST-00,HEAVY DUTY GATE STATION FLUSH MOUNT KIT FOR PLASTER INSTALLATION,SAVANT,3487.83,3487.83,0.0,2441.48,0.0,Matched - price identical
DOR-HDSMKB-00,HEAVY DUTY SURFACE MOUNT GATE STATION WITH KEYPAD - BLACK,SAVANT,44767.83,44767.83,0.0,31337.48,0.0,Matched - price identical
DOR-SM0S-00,SURFACE MOUNT DOOR STATION SILVER,SAVANT,36628.7,36628.7,0.0,25640.09,0.0,Matched - price identical
DOR-SMS-00,SURFACE MOUNT SINGLE HEIGHT DOOR STATION SILVER,SAVANT,35611.3,35611.3,0.0,24927.92,0.0,Matched - price identical
DRAGONFLYBLKG,DRAGONFLY DAC BLACK 1.5 Global,AudioQuest,3304.35,3304.35,0.0,2313.04,0.0,Matched - price identical
DRAGONFLYCOBG,DragonFly Cobalt  Global,AudioQuest,8695.65,8695.65,0.0,6086.96,0.0,Matched - price identical
DRAGONFLYREDG,DRAGONFLY DAC RED GLOBAL,AudioQuest,6260.87,6260.87,0.0,4382.61,0.0,Matched - price identical
DRAGONTAIL,DRAGON TAIL USB EXTENDER,AudioQuest,695.65,695.65,0.0,486.96,0.0,Matched - price identical
DRAGONTAILAND,DRAGON TAIL ANDROID,AudioQuest,695.65,695.65,0.0,486.96,0.0,Matched - price identical
DRAGONTAILUSBC,CARBON DRAGONTAIL USB TYPE-C,AudioQuest,695.65,695.65,0.0,486.96,0.0,Matched - price identical
DRBE09C,Aria collection Back End 9 buttons Crestron,Black Nova,8127.83,8127.83,0.0,4876.7,0.0,Matched - price identical
DRBE09K,Aria collection Back End 9 buttons KNX,Black Nova,8127.83,8127.83,0.0,4876.7,0.0,Matched - price identical
DRBE09R,Aria collection Back End 9 buttons RS485,Black Nova,8127.83,8127.83,0.0,4876.7,0.0,Matched - price identical
DRBE12C,Aria collection Back End 12 buttons Crestron,Black Nova,8127.83,8127.83,0.0,4876.7,0.0,Matched - price identical
DRBE12K,Aria collection Back End 12 buttons KNX,Black Nova,8127.83,8127.83,0.0,4876.7,0.0,Matched - price identical
DRBE12R,Aria collection Back End 12 buttons RS485,Black Nova,8127.83,8127.83,0.0,4876.7,0.0,Matched - price identical
DRBETTC,Aria collection Back End Temperature control interface Crestron,Black Nova,10625.22,10625.22,0.0,6375.13,0.0,Matched - price identical
DRBETTK,Aria collection Back End Temperature control interface KNX,Black Nova,9125.22,9125.22,0.0,5475.13,0.0,Matched - price identical
DRBETTR,Aria collection Back End Temperature control interface RS485,Black Nova,7875.65,7875.65,0.0,4725.39,0.0,Matched - price identical
DRDSV2,Aria collection Spare DST Back End V2,Black Nova,1604.35,1604.35,0.0,962.61,0.0,Matched - price identical
DRDSV4,Aria collection Spare DST Back End V4,Black Nova,2566.96,2566.96,0.0,1540.17,0.0,Matched - price identical
DRFE1FXGIW,Aria collection Front End single frame Glass Ice White,Black Nova,2139.13,2139.13,0.0,1283.48,0.0,Matched - price identical
DRFE1FXGSW,Aria collection Front End single frame Glass Sand White,Black Nova,1500.0,1500.0,0.0,900.0,0.0,Matched - price identical
DRFE1FXGVG,Aria collection Front End single frame Glass Venetian Gold,Black Nova,2139.13,2139.13,0.0,1283.48,0.0,Matched - price identical
DRFE1FXGYB,Aria collection Front End single frame Glass York Black,Black Nova,2139.13,2139.13,0.0,1283.48,0.0,Matched - price identical
DRFE2FLGIWKPSK,Aria collection Front End double frame Legrand Arteor Glass Ice White  Combination: Keypad  Socket,Black Nova,4278.26,4278.26,0.0,2566.96,0.0,Matched - price identical
DRFE2FLGIWSKTT,Aria collection Front End double frame Legrand Arteor Glass Ice White  Combination: Socket  Temper,Black Nova,2875.65,2875.65,0.0,1725.39,0.0,Matched - price identical
DRFE2FLGIWTTSK,Aria collection Front End double frame Legrand Arteor Glass Ice White  Combination: Temperature con,Black Nova,2875.65,2875.65,0.0,1725.39,0.0,Matched - price identical
DRFE2FLGSWKPSK,Aria collection Front End double frame Legrand Arteor Glass Sand White  Combination: Keypad  Socke,Black Nova,2750.43,2750.43,0.0,1650.26,0.0,Matched - price identical
DRFE2FLGSWSKTT,Aria collection Front End double frame Legrand Arteor Glass Sand White  Combination: Socket  Tempe,Black Nova,2875.65,2875.65,0.0,1725.39,0.0,Matched - price identical
DRFE2FLGSWTTSK,Aria collection Front End double frame Legrand Arteor Glass Sand White  Combination: Temperature co,Black Nova,2875.65,2875.65,0.0,1725.39,0.0,Matched - price identical
DRFE2FLGVGKPSK,Aria collection Front End double frame Legrand Arteor Glass Venetian Gold  Combination: Keypad  So,Black Nova,4278.26,4278.26,0.0,2566.96,0.0,Matched - price identical
DRFE2FLGVGSKTT,Aria collection Front End double frame Legrand Arteor Glass Venetian Gold  Combination: Socket  Te,Black Nova,2875.65,2875.65,0.0,1725.39,0.0,Matched - price identical
DRFE2FLGVGTTSK,Aria collection Front End double frame Legrand Arteor Glass Venetian Gold  Combination: Temperature,Black Nova,2875.65,2875.65,0.0,1725.39,0.0,Matched - price identical
DRFE2FLGYBKPSK,Aria collection Front End double frame Legrand Arteor Glass York Black  Combination: Keypad  Socke,Black Nova,4278.26,4278.26,0.0,2566.96,0.0,Matched - price identical
DRFE2FLGYBSKTT,Aria collection Front End double frame Legrand Arteor Glass York Black  Combination: Socket  Tempe,Black Nova,2875.65,2875.65,0.0,1725.39,0.0,Matched - price identical
DRFE2FLGYBTTSK,Aria collection Front End double frame Legrand Arteor Glass York Black  Combination: Temperature co,Black Nova,2875.65,2875.65,0.0,1725.39,0.0,Matched - price identical
DRFE2FXGIWKPKP,Aria collection Front End double frame Glass Ice White  Combination: Keypad  Keypad,Black Nova,4278.26,4278.26,0.0,2566.96,0.0,Matched - price identical
DRFE2FXGIWKPTT,Aria collection Front End double frame Glass Ice White  Combination: Keypad  Temperature control i,Black Nova,3125.22,3125.22,0.0,1875.13,0.0,Matched - price identical
DRFE2FXGIWTTKP,Aria collection Front End double frame Glass Ice White  Combination: Temperature control interface,Black Nova,3125.22,3125.22,0.0,1875.13,0.0,Matched - price identical
DRFE2FXGSWKPKP,Aria collection Front End double frame Glass Sand White  Combination: Keypad  Keypad,Black Nova,3000.0,3000.0,0.0,1800.0,0.0,Matched - price identical
DRFE2FXGSWKPTT,Aria collection Front End double frame Glass Sand White  Combination: Keypad  Temperature control,Black Nova,3125.22,3125.22,0.0,1875.13,0.0,Matched - price identical
DRFE2FXGSWTTKP,Aria collection Front End double frame Glass Sand White  Combination: Temperature control interface,Black Nova,3125.22,3125.22,0.0,1875.13,0.0,Matched - price identical
DRFE2FXGVGKPKP,Aria collection Front End double frame Glass Venetian Gold  Combination: Keypad  Keypad,Black Nova,4278.26,4278.26,0.0,2566.96,0.0,Matched - price identical
DRFE2FXGVGKPTT,Aria collection Front End double frame Glass Venetian Gold  Combination: Keypad  Temperature contr,Black Nova,3125.22,3125.22,0.0,1875.13,0.0,Matched - price identical
DRFE2FXGVGTTKP,Aria collection Front End double frame Glass Venetian Gold  Combination: Temperature control interf,Black Nova,3125.22,3125.22,0.0,1875.13,0.0,Matched - price identical
DRFE2FXGYBKPKP,Aria collection Front End double frame Glass York Black  Combination: Keypad  Keypad,Black Nova,4278.26,4278.26,0.0,2566.96,0.0,Matched - price identical
DRFE2FXGYBKPTT,Aria collection Front End double frame Glass York Black  Combination: Keypad  Temperature control,Black Nova,3125.22,3125.22,0.0,1875.13,0.0,Matched - price identical
DRFE2FXGYBTTKP,Aria collection Front End double frame Glass York Black  Combination: Temperature control interface,Black Nova,3125.22,3125.22,0.0,1875.13,0.0,Matched - price identical
DRFETTXGIW,Aria collection Front End Temperature control interface Glass Ice White,Black Nova,1625.22,1625.22,0.0,975.13,0.0,Matched - price identical
DRFETTXGSW,Aria collection Front End Temperature control interface Glass Sand White,Black Nova,1625.22,1625.22,0.0,975.13,0.0,Matched - price identical
DRFETTXGVG,Aria collection Front End Temperature control interface Glass Venetian Gold,Black Nova,1625.22,1625.22,0.0,975.13,0.0,Matched - price identical
DRFETTXGYB,Aria collection Front End Temperature control interface Glass York Black,Black Nova,1625.22,1625.22,0.0,975.13,0.0,Matched - price identical
DRX2.4M2BMMA,Integra DRX-2.4 7.2-Channel Network AV Receiver,Integra,32173.04,32173.04,0.0,19303.83,0.0,Matched - price identical
Dinger,ICREALTIME 2MP WiFi Video Doorbell. Fixed 1.9mm Lens (79Â°). Maximum IR LED Length 5 m (16.50 ft).,ICRealtime,6773.04,6773.04,0.0,5418.44,0.0,Matched - price identical
E-60 S,PHANTOM E-60 S,Dali,4346.96,4346.96,0.0,2608.17,0.0,Matched - price identical
E-80 SG,E-80 Square Grill,Dali,1129.57,1129.57,0.0,677.73,0.0,Matched - price identical
E10FSWW1,Era 100 Stand WW (White),Sonos,3042.61,3042.61,0.0,2434.09,0.0,Matched - price identical
E10FSWW1BLK,Era 100 Stand WW (Black),Sonos,3042.61,3042.61,0.0,2434.09,0.0,Matched - price identical
E10G1EU1,Sonos Era 100 Bluetooth Smart WiFi Speaker - White,Sonos,6086.09,6086.09,0.0,4868.87,0.0,Matched - price identical
E10G1EU1BLK,Sonos Era 100 Bluetooth Smart WiFi Speaker - Black,Sonos,6086.09,6086.09,0.0,4868.87,0.0,Matched - price identical
E10MTWW1,Era 100 Mount WW (White),Sonos,1477.39,1477.39,0.0,0.0,0.0,Matched - price identical
E10MTWW1BLK,Era 100 Mount WW (Black),Sonos,1477.39,1477.39,0.0,1181.91,0.0,Matched - price identical
E30FSWW1,Era 300 Stand WW (White),Sonos,3303.48,3303.48,0.0,2642.78,0.0,Matched - price identical
E30FSWW1BLK,Era 300 Stand WW (Black),Sonos,3303.48,3303.48,0.0,2642.78,0.0,Matched - price identical
E30G1EU1,Sonos Era 300 Bluetooth Smart WiFi Speaker - White,Sonos,11303.47,11303.47,0.0,9042.78,0.0,Matched - price identical
E30G1EU1BLK,Sonos Era 300 Bluetooth Smart WiFi Speaker - Black,Sonos,11303.47,11303.47,0.0,9042.78,0.0,Matched - price identical
E30MTWW1,Era 300 Mount WW (White),Sonos,1738.26,1738.26,0.0,1390.61,0.0,Matched - price identical
E30MTWW1BLK,Era 300 Mount WW (Black),Sonos,1738.26,1738.26,0.0,1390.61,0.0,Matched - price identical
ECS1008P,ENGENIUS Wireless Management Switch with 8 GE PoE IEEE802.3af PoE Budget 55w External Power Adapter,EnGenius,5403.48,5403.48,0.0,3782.44,0.0,Matched - price identical
ECS1112FP,ENGENIUS Cloud Management Switch with 8 GE PoE + 2 GE + 2 GE SFP IEEE802.3at/af 130w PoE power budg,EnGenius,7564.35,7564.35,0.0,5295.05,0.0,Matched - price identical
ECS1528,ENGENIUS Coud Management Switch with 24 GE + 4 10GE SFP+ internal power supply 19inch 1U rack-mount,EnGenius,13184.35,13184.35,0.0,9229.05,0.0,Matched - price identical
ECS1528FP,ENGENIUS Coud Management Switch with 24 GE + 4 10GE SFP+ IEEE802.3at/af 410w PoE power budget inter,EnGenius,20317.39,20317.39,0.0,14222.18,0.0,Matched - price identical
ECS1528P,CLOUD MANAGEMENT SWITCH WITH 24 GE 4 GE SFP IEEE802.3AT/AF 240W POE POWER BUDGET  19INCH 1U RACK,EnGenius,18587.83,18587.83,0.0,13011.48,0.0,Matched - price identical
ECS1552,Cloud Management Switch with 48 GE + 4 10GE SFP+. internal power supply. 19inch 1U rack-mountable,EnGenius,19885.22,19885.22,0.0,13919.66,0.0,Matched - price identical
ECS1552FP,ENGENIUS Coud Management Switch with 48 GE + 4 10GE SFP+ IEEE802.3at/af 740w PoE power budget inter,EnGenius,32421.74,32421.74,0.0,22695.22,0.0,Matched - price identical
ECS1552P,COUD MANAGEMENT SWITCH 48 GE 4 GE SFP IEEE802.3AT/AF 410W POE POWER BUDGET 19INCH 1U RACK,EnGenius,30260.0,30260.0,0.0,21182.0,0.0,Matched - price identical
ECS2512,Cloud Managed Switch with 8 x 2.5G + 4 x SFP+. internal power supply. 13inch 1U rack-mountable.,EnGenius,13184.35,13184.35,0.0,9229.05,0.0,Matched - price identical
ECS2512FP,Cloud Managed Switch with 8 x 2.5G PoE + 4 x SFP+. IEEE802.3bt/at/af. 240w PoE power budget.,EnGenius,18804.35,18804.35,0.0,13163.05,0.0,Matched - price identical
ECS5512,ENGENIUS Cloud Managed Switch with 8 x 10G + 4 x SFP+ internal power supply 13inch 1U rack-mountabl,EnGenius,25937.39,25937.39,0.0,18156.18,0.0,Matched - price identical
ECS5512FP,ENGENIUS Cloud Managed Switch with 8 x 10G PoE + 4 x SFP+ IEEE802.3bt/at/af 240w PoE power budget i,EnGenius,32853.91,32853.91,0.0,22997.74,0.0,Matched - price identical
ECW115,ENGENIUS Cloud Managed Wall-Plate AP 11ac wave2 a/b/g/n 2Tx+2Rx: 400+867Mbps 2 x 10/100/1000Mbps LA,EnGenius,3414.78,3414.78,0.0,2390.35,0.0,Matched - price identical
ECW120,ENGENIUS Cloud Management AP 11ac wave2/a/b/g/n Dual Band Concurrent Ceiling Mount AP 1 x 10/100/10,EnGenius,3890.43,3890.43,0.0,2723.31,0.0,Matched - price identical
ECW160,ENGENIUS Cloud Management AP 11ac wave2/a/b/g/n Dual Band Concurrent Outdoor AP 1 x 10/100/1000 Mbp,EnGenius,6916.52,6916.52,0.0,4841.57,0.0,Matched - price identical
ECW220,Cloud Management AP 11ax/ac wave2/a/b/g/n Dual Band Concurrent Ceiling Mount AP 1 x 10/100/1000 M,EnGenius,7132.17,7132.17,0.0,4992.53,0.0,Matched - price identical
ECW220S,CLOUD MANAGEMENT AP 11AX/AC /A/B/G/N DUAL BAND CONCURRENT,EnGenius,11239.13,11239.13,0.0,7867.4,0.0,Matched - price identical
ECW230,ENGENIUS Cloud Management AP 11 ax/ac/b/g/n Dual Band Concurrent Ceiling Mount AP 4Tx+4Rx: 1148+240,EnGenius,10158.26,10158.26,0.0,7110.79,0.0,Matched - price identical
ECW230S,CLOUD MANAGEMENT AP 11 AX/AC/B/G/N DUAL BAND CONCURRENT,EnGenius,15561.74,15561.74,0.0,10893.22,0.0,Matched - price identical
ECW260,ENGENIUS Cloud Managed AP 11 a/b/g/n/ac/ax Dual Band Concurrent Outdoor AP 2Tx+2Rx: 574+1200Mbps 1,EnGenius,12535.65,12535.65,0.0,8774.96,0.0,Matched - price identical
EDG-4-AVB-R-00,IP AUDIO MICRO APERTURE 4: SPEAKER SET (ROUND),SAVANT,10173.91,10173.91,0.0,7121.74,0.0,Matched - price identical
EDG-4-AVB-S-00,IP AUDIO MICRO APERTURE 4: SPEAKER SET (SQUARE),SAVANT,10173.91,10173.91,0.0,7121.74,0.0,Matched - price identical
EDG-4-SAT-R-00,IP AUDIO MICRO APERTURE 4: ADD-ON PAIR (ROUND),SAVANT,5086.96,5086.96,0.0,3560.87,0.0,Matched - price identical
EDG-4-SAT-S-00,IP AUDIO MICRO APERTURE 4: ADD-ON PAIR (SQUARE),SAVANT,5086.96,5086.96,0.0,3560.87,0.0,Matched - price identical
EFC6215,EFC 6215 CEILING MOUNT KIT,Vogels,3078.26,3078.26,0.0,2154.78,0.0,Matched - price identical
EFF8230,EFF 8230 TV Floor Stand,Vogels,5216.52,5216.52,0.0,2400.0,0.0,Matched - price identical
EFF8330,EFF 8330 TV Floor Stand,Vogels,5216.52,5216.52,0.0,2817.39,0.0,Matched - price identical
EFW8105,EFW 8105 Fixed TV Wall Mount,Vogels,391.3,391.3,0.0,0.0,0.0,Matched - price identical
EFW8206,EFW 8206 Fixed TV Wall Mount,Vogels,1182.61,1182.61,0.0,709.57,0.0,Matched - price identical
EFW8305,EFW 8305 Fixed TV Wall Mount,Vogels,1643.48,1643.48,0.0,986.09,0.0,Matched - price identical
ENS620EXT,2.4GHz/5GHz. Antenna External 2 x5 dBi. Speed 2 x 2 11ac Operating Mode: AP/WDS/Client Bridge. IP55,EnGenius,5403.48,5403.48,0.0,3782.44,0.0,Matched - price identical
EPC6545,EPC 6545 Projector Ceiling Mount,Vogels,3477.39,3477.39,0.0,1363.48,0.0,Matched - price identical
EPICON 2 RM,EPICON 2 RUBY MACAS BOOKSHELF SPEAKER,Dali,83469.57,83469.57,0.0,50081.74,0.0,Matched - price identical
EPICON 2 WAL,EPICON 2 WALNUT BOOKSHELF SPEAKER,Dali,83469.57,83469.57,0.0,50081.74,0.0,Matched - price identical
EPICON 6 RM,EPICON 6 RUBY MACAS FLOOR STANDING SPEAKER,Dali,156513.04,156513.04,0.0,93907.83,0.0,Matched - price identical
EPICON 6 W,EPICON 6 WHITE FLOOR STANDING SPEAKER,Dali,156513.04,156513.04,0.0,93907.83,0.0,Matched - price identical
EPICON 6 WAL,FLOOR STANDING SPEAKER,Dali,156513.04,156513.04,0.0,93907.83,0.0,Matched - price identical
EPICON 8 RM,EPICON 8 RUBY MACAS FLOOR STANDING SPEAKER,Dali,260860.87,260860.87,0.0,156516.52,0.0,Matched - price identical
EPICON 8 W,EPICON 8 WHITE FLOOR STANDING SPEAKER,Dali,260860.87,260860.87,0.0,156516.52,0.0,Matched - price identical
EPICON 8 WAL,EPICON 8 WALNUT FLOOR STANDING SPEAKER,Dali,260860.87,260860.87,0.0,156516.52,0.0,Matched - price identical
EPICON STAND,EPICON STAND SPEAKER STAND,Dali,16513.04,16513.04,0.0,9907.83,0.0,Matched - price identical
EPICON VOK RM,EPICON VOKAL RUBY MACAS CENTER SPEAKER,Dali,74781.74,74781.74,0.0,44864.35,0.0,Matched - price identical
EPICON VOK W,EPICON VOKAL WHITE CENTER SPEAKER,Dali,74773.91,74773.91,0.0,37649.66,0.0,Matched - price identical
EPICON VOK WAL,EPICON VOKAL WALNUT CENTER SPEAKER,Dali,74773.91,74773.91,0.0,44864.35,0.0,Matched - price identical
EPICON WAL,FLOOR STANDING SPEAKER,Dali,74773.91,74773.91,0.0,0.0,0.0,Matched - price identical
EPW6565,EPW 6565 Projector Wall Mount,Vogels,4346.96,4346.96,0.0,2002.61,0.0,Matched - price identical
ESN-AVB24E-01,EXTREME NETWORKS 24 PORT AVB SWITCH,SAVANT,71222.61,71222.61,0.0,56978.09,0.0,Matched - price identical
ESN-AVB24POE-01,EXTREME NETWORKS 24 PORT AVB SWITCH WITH POE,SAVANT,97930.43,97930.43,0.0,78344.35,0.0,Matched - price identical
EVERG0.6R,0.6M EVERGREEN RCA-RCA,AudioQuest,1478.26,1478.26,0.0,1034.78,0.0,Matched - price identical
EVERG01.5R,1.5M EVERGREEN RCA-RCA,AudioQuest,1739.13,1739.13,0.0,1217.39,0.0,Matched - price identical
EVERG01R,1.0M EVERGREEN RCA-RCA,AudioQuest,1565.22,1565.22,0.0,1095.65,0.0,Matched - price identical
EVERG02R,2.0M EVERGREEN RCA-RCA,AudioQuest,1913.04,1913.04,0.0,1339.13,0.0,Matched - price identical
EWS1025CAM,ENGENIUS Combines ultra-fast mesh Wi-Fi and clear surveillance in a simple space saving design. Eli,EnGenius,8446.09,8446.09,0.0,5912.27,0.0,Matched - price identical
EWS1200-28TFP,Engenius 24 Port Gigabit POE Managed switch,EnGenius,15778.26,15778.26,0.0,11044.79,0.0,Matched - price identical
EWS2910P,ENGENIUS 8 Port. 2 SFP. 1000Mbps PoE+ 61.6w. 802.3af. 20Gps Switching. L2 Managed features simplifi,EnGenius,4754.78,4754.78,0.0,3328.35,0.0,Matched - price identical
EWS330AP,ENGENIUS 11ac Wave 2  5Ghz aand 24Ghs. EWS330AP is a compact Indoor AP that is also incredibly powe,EnGenius,3025.22,3025.22,0.0,2117.66,0.0,Matched - price identical
EWS330AP-KIT,EnGenius 2x2 AV Wave 2 kit with 3 AP,EnGenius,7997.39,7997.39,0.0,5598.18,0.0,Matched - price identical
EWS355AP,ENGENIUS 11ac Wave 2  5Ghz aand 24Ghs. EWS355AP is a compact Indoor AP that is also incredibly powe,EnGenius,4427.83,4427.83,0.0,3099.48,0.0,Matched - price identical
EWS357AP,ENGENIUS Band 2.4GHz/5GHz Dual Band Antenna 2 x3 dBi Speed 2 x 2 11ax,EnGenius,5403.48,5403.48,0.0,3782.44,0.0,Matched - price identical
EWS377AP,EnGenius Band 2.4GHz/5GHz Dual Band Antenna 4 x3 dBi Speed 4 X 4 11ax,EnGenius,7780.87,7780.87,0.0,5446.61,0.0,Matched - price identical
EWS385AP,ENGENIUS Band 2.4 GHz/5GHz TRI BAND Antenna Type: Internal 2 x 4 dBi  (2.4Ghz): Internal 4 x 5 dBi,EnGenius,6513.91,6513.91,0.0,4559.74,0.0,Matched - price identical
EWS511AP,ENGENIUS 11ac/b/g/n Dual Band Concurrent Indoor Managed AP 2Tx+2Rx: 300+433Mbps 1 x 10/100/1000/250,EnGenius,2593.04,2593.04,0.0,1815.14,0.0,Matched - price identical
EWS550AP,ENGENIUS Wall Mounted Advanced 11ac Wave 2 In room wofo operating on both 5 Ghz and 24 Ghz with 3 o,EnGenius,3890.43,3890.43,0.0,2723.31,0.0,Matched - price identical
EWS5912FP,ENGENIUS 8 Port. 2 SFP. 1000Mbps PoE+ 130w. 24Gps Switching. L2 Managed PoE+ Switch features simpli,EnGenius,7564.35,7564.35,0.0,5295.05,0.0,Matched - price identical
EWS7926EFP,ENGENIUS 24 Port. 2 xSFP.10G POE + 410w. 50 x Managed AP.,EnGenius,17727.83,17727.83,0.0,12409.48,0.0,Matched - price identical
EWS7928P,ENGENIUS Ports: 24 Gigabit SFP Slots: 4 x 100/1000Mbps PoE Budget: 185w  Managed APs: 50,EnGenius,13833.04,13833.04,0.0,9683.14,0.0,Matched - price identical
EWS7952FP,ENGENIUS 48 Port. 4 SFP. 1000Mbps PoE+ 740w. 104Gps Switching. L2 Managed PoE+ Switch features simp,EnGenius,30260.0,30260.0,0.0,21182.0,0.0,Matched - price identical
EWS850AP,ENGENIUS 11 a/b/g/n/ac/ax Dual Band Concurrent Outdoor Managed AP 2Tx+2Rx: 574+1200Mbps 1 x 10/100/,EnGenius,11239.13,11239.13,0.0,7867.4,0.0,Matched - price identical
EWS860AP,ENGENIUS 2.4GHz/5GHz Dual Band Antenna External 3 x 5 dBi (2.4 GHz) 3 x 7 dBi (5GHz) Speed: 3 x 3 1,EnGenius,27921.74,27921.74,0.0,19545.22,0.0,Matched - price identical
FAU-D,FAU-D INTERFACE VESA MIS-D FOR PFC 915-918 PFA 9030,Vogels,495.65,495.65,0.0,297.39,0.0,Matched - price identical
FAU-E,FAU-E Interface,Vogels,513.04,513.04,0.0,307.83,0.0,Matched - price identical
FAU3125,FAU 3125 AUTOLOCK DISPLAY INTERFACE VESA MIS D-E + 20X20CM,Vogels,1513.04,1513.04,0.0,907.83,0.0,Matched - price identical
FAU3150,FAU 3150 AUTOLOCK DISPLAY INTERFACE VESA MIS-F,Vogels,2904.35,2904.35,0.0,1742.61,0.0,Matched - price identical
FAZON LCR ST,FAZON LCR STAND DESKTOP SPEAKER STAND,Dali,3643.48,3643.48,0.0,2186.09,0.0,Matched - price identical
FAZON LCR W,FAZON WHITE LEFT CENTER RIGHT,Dali,8686.96,8686.96,0.0,5212.17,0.0,Matched - price identical
FAZON M/W,FAZON MIKRO WHITE PR SATELLITE SPEAKER,Dali,6773.91,6773.91,0.0,4064.35,0.0,Matched - price identical
FF1-0S0BAM-00,ASCEND FACEPLATE - 1 GANG (BRUSHED ALUMINUM),SAVANT,782.61,782.61,0.0,626.09,0.0,Matched - price identical
FF1-0S0BBM-00,ASCEND FACEPLATE - 1 GANG (BRUSHED BLACK),SAVANT,782.61,782.61,0.0,626.09,0.0,Matched - price identical
FF1-0S0BRM-00,ASCEND FACEPLATE - 1 GANG (BRUSHED BRASS),SAVANT,782.61,782.61,0.0,626.09,0.0,Matched - price identical
FF1-0S0BZM-00,ASCEND FACEPLATE - 1 GANG (BRUSHED BRONZE),SAVANT,782.61,782.61,0.0,626.09,0.0,Matched - price identical
FF1-0S0LAM-00,ASCEND FACEPLATE - 1 GANG (LIGHT ALMOND),SAVANT,782.61,782.61,0.0,626.09,0.0,Matched - price identical
FF1-0S0MBM-00,ASCEND FACEPLATE - 1 GANG (BLACK),SAVANT,782.61,782.61,0.0,626.09,0.0,Matched - price identical
FF1-0S0MGM-00,ASCEND FACEPLATE - 1 GANG (SPACE GRAY),SAVANT,782.61,782.61,0.0,626.09,0.0,Matched - price identical
FF1-0S0MNM-00,ASCEND FACEPLATE - 1 GANG (NICKEL),SAVANT,782.61,782.61,0.0,626.09,0.0,Matched - price identical
FF1-0S0SWM-00,ASCEND FACEPLATE - 1 GANG (SNOW WHITE),SAVANT,782.61,782.61,0.0,626.09,0.0,Matched - price identical
FF2-0S0BAM-00,ASCEND FACEPLATE - 2 GANG (BRUSHED ALUMINUM),SAVANT,979.13,979.13,0.0,783.31,0.0,Matched - price identical
FF2-0S0BBM-00,ASCEND FACEPLATE - 2 GANG (BRUSHED BLACK),SAVANT,979.13,979.13,0.0,783.31,0.0,Matched - price identical
FF2-0S0BRM-00,ASCEND FACEPLATE - 2 GANG (BRUSHED BRASS),SAVANT,979.13,979.13,0.0,783.31,0.0,Matched - price identical
FF2-0S0BZM-00,ASCEND FACEPLATE - 2 GANG (BRUSHED BRONZE),SAVANT,979.13,979.13,0.0,783.31,0.0,Matched - price identical
FF2-0S0LAM-00,ASCEND FACEPLATE - 2 GANG (LIGHT ALMOND),SAVANT,979.13,979.13,0.0,783.31,0.0,Matched - price identical
FF2-0S0MBM-00,ASCEND FACEPLATE - 2 GANG (BLACK),SAVANT,979.13,979.13,0.0,783.31,0.0,Matched - price identical
FF2-0S0MGM-00,ASCEND FACEPLATE - 2 GANG (SPACE GRAY),SAVANT,979.13,979.13,0.0,783.31,0.0,Matched - price identical
FF2-0S0MNM-00,ASCEND FACEPLATE - 2 GANG (NICKEL),SAVANT,979.13,979.13,0.0,783.31,0.0,Matched - price identical
FF2-0S0SWM-00,ASCEND FACEPLATE - 2 GANG (SNOW WHITE),SAVANT,979.13,979.13,0.0,783.31,0.0,Matched - price identical
FF3-0S0BAM-00,ASCEND FACEPLATE - 3 GANG (BRUSHED ALUMINUM),SAVANT,1174.78,1174.78,0.0,939.83,0.0,Matched - price identical
FF3-0S0BBM-00,ASCEND FACEPLATE - 3 GANG (BRUSHED BLACK),SAVANT,1174.78,1174.78,0.0,939.83,0.0,Matched - price identical
FF3-0S0BRM-00,ASCEND FACEPLATE - 3 GANG (BRUSHED BRASS),SAVANT,1174.78,1174.78,0.0,939.83,0.0,Matched - price identical
FF3-0S0BZM-00,ASCEND FACEPLATE - 3 GANG (BRUSHED BRONZE),SAVANT,1174.78,1174.78,0.0,939.83,0.0,Matched - price identical
FF3-0S0LAM-00,ASCEND FACEPLATE - 3 GANG (LIGHT ALMOND),SAVANT,1174.78,1174.78,0.0,939.83,0.0,Matched - price identical
FF3-0S0MBM-00,ASCEND FACEPLATE - 3 GANG (BLACK),SAVANT,1174.78,1174.78,0.0,939.83,0.0,Matched - price identical
FF3-0S0MGM-00,ASCEND FACEPLATE - 3 GANG (SPACE GRAY),SAVANT,1174.78,1174.78,0.0,939.83,0.0,Matched - price identical
FF3-0S0MNM-00,ASCEND FACEPLATE - 3 GANG (NICKEL),SAVANT,1174.78,1174.78,0.0,939.83,0.0,Matched - price identical
FF3-0S0SWM-00,ASCEND FACEPLATE - 3 GANG (SNOW WHITE),SAVANT,1174.78,1174.78,0.0,939.83,0.0,Matched - price identical
FF4-0S0BAM-00,ASCEND FACEPLATE - 4 GANG (BRUSHED ALUMINUM),SAVANT,1566.09,1566.09,0.0,1252.87,0.0,Matched - price identical
FF4-0S0BBM-00,ASCEND FACEPLATE - 4 GANG (BRUSHED BLACK),SAVANT,1566.09,1566.09,0.0,1252.87,0.0,Matched - price identical
FF4-0S0BRM-00,ASCEND FACEPLATE - 4 GANG (BRUSHED BRASS),SAVANT,1566.09,1566.09,0.0,1252.87,0.0,Matched - price identical
FF4-0S0BZM-00,ASCEND FACEPLATE - 4 GANG (BRUSHED BRONZE),SAVANT,1566.09,1566.09,0.0,1252.87,0.0,Matched - price identical
FF4-0S0LAM-00,ASCEND FACEPLATE - 4 GANG (LIGHT ALMOND),SAVANT,1566.09,1566.09,0.0,1252.87,0.0,Matched - price identical
FF4-0S0MBM-00,ASCEND FACEPLATE - 4 GANG (BLACK),SAVANT,1566.09,1566.09,0.0,1252.87,0.0,Matched - price identical
FF4-0S0MGM-00,ASCEND FACEPLATE - 4 GANG (SPACE GRAY),SAVANT,1566.09,1566.09,0.0,1252.87,0.0,Matched - price identical
FF4-0S0MNM-00,ASCEND FACEPLATE - 4 GANG (NICKEL),SAVANT,1566.09,1566.09,0.0,1252.87,0.0,Matched - price identical
FF4-0S0SWM-00,ASCEND FACEPLATE - 4 GANG (SNOW WHITE),SAVANT,1566.09,1566.09,0.0,1252.87,0.0,Matched - price identical
FI1-0S0BKP-01,SCREWLESS FACEPLATE: SINGLE GANG (BLACK),SAVANT,172.17,172.17,0.0,137.74,0.0,Matched - price identical
FI1-0S0LAP-01,SCREWLESS FACEPLATE: SINGLE GANG (LIGHT ALMOND),SAVANT,172.17,172.17,0.0,137.74,0.0,Matched - price identical
FI1-0S0SWP-01,SCREWLESS FACEPLATE: SINGLE GANG (SNOW WHITE),SAVANT,172.17,172.17,0.0,137.74,0.0,Matched - price identical
FI2-0S0BKP-00,SCREWLESS FACEPLATE: TWO GANG (BLACK),SAVANT,255.65,255.65,0.0,204.53,0.0,Matched - price identical
FI2-0S0LAP-00,SCREWLESS FACEPLATE: TWO GANG (LIGHT ALMOND),SAVANT,214.78,214.78,0.0,171.83,0.0,Matched - price identical
FI2-0S0SWP-01,SCREWLESS FACEPLATE: TWO GANG (SNOW WHITE),SAVANT,214.78,214.78,0.0,171.83,0.0,Matched - price identical
FI3-0S0BKP-00,SCREWLESS FACEPLATE: THREE GANG (BLACK),SAVANT,322.61,322.61,0.0,258.09,0.0,Matched - price identical
FI3-0S0LAP-00,SCREWLESS FACEPLATE: THREE GANG (LIGHT ALMOND),SAVANT,322.61,322.61,0.0,258.09,0.0,Matched - price identical
FI3-0S0SWP-01,SCREWLESS FACEPLATE: THREE GANG (SNOW WHITE),SAVANT,322.61,322.61,0.0,258.09,0.0,Matched - price identical
FI4-0S0BKP-00,SCREWLESS FACEPLATE: FOUR GANG (BLACK),SAVANT,430.43,430.43,0.0,344.35,0.0,Matched - price identical
FI4-0S0LAP-00,SCREWLESS FACEPLATE: FOUR GANG (LIGHT ALMOND),SAVANT,430.43,430.43,0.0,344.35,0.0,Matched - price identical
FI4-0S0SWP-00,SCREWLESS FACEPLATE: FOUR GANG (SNOW WHITE),SAVANT,430.43,430.43,0.0,344.35,0.0,Matched - price identical
FIBRE-OPTICMAX8K10M,10m 8K Ultra High Speed Fibre-Optic Max (48G),HDANYWHERE,4781.74,4781.74,0.0,2869.04,0.0,Matched - price identical
FIBRE-OPTICMAX8K15M,15m 8K Ultra High Speed Fibre-Optic Max (48G),HDANYWHERE,5651.3,5651.3,0.0,3390.78,0.0,Matched - price identical
FIBRE-OPTICMAX8K20M,HDANYWHERE 20m 8K Ultra High Speed Fibre-Optic Max (48G),HDANYWHERE,6520.87,6520.87,0.0,3912.52,0.0,Matched - price identical
FIBREMAX100M,Fibre Optic MAX HDMI 100m,HDANYWHERE,16086.96,16086.96,0.0,9652.17,0.0,Matched - price identical
FIBREMAX50M,Fibre Optic MAX HDMI 50m,HDANYWHERE,12000.0,12000.0,0.0,7200.0,0.0,Matched - price identical
FIBREMAX75M,Fibre Optic MAX HDMI 75m,HDANYWHERE,13913.04,13913.04,0.0,8347.83,0.0,Matched - price identical
FIVE1EU1,Sonos Five Ultimate Wireless Smart Speaker - White (S24),Sonos,13042.61,13042.61,0.0,10434.09,0.0,Matched - price identical
FIVE1EU1BLK,Sonos Five Ultimate Wireless Smart Speaker - Black (S24),Sonos,13042.61,13042.61,0.0,10434.09,0.0,Matched - price identical
FNIP-12XMZT,P5 12 Zone Ethernet Thermostat,P5,13884.35,13884.35,0.0,9719.05,0.0,Matched - price identical
FNIP-12XPWM,P5 12 Channel Ethernet Low-Voltage Led Dimmer,P5,11360.0,11360.0,0.0,7952.0,0.0,Matched - price identical
FNIP-4XSH,P5 4 Channel Ethernet Window Shading Controller,P5,9466.96,9466.96,0.0,6626.87,0.0,Matched - price identical
FNIP-RGB&010,P5 4 Channel Ethernet Low Voltage LED Dimmer and 0-10v Output module,P5,9466.96,9466.96,0.0,6626.87,0.0,Matched - price identical
FSFR1FLGIW,Socket collection Frame single frame Legrand Arteor Glass Ice White,Black Nova,1604.35,1604.35,0.0,962.61,0.0,Matched - price identical
FSFR1FLGSW,Socket collection Frame single frame Legrand Arteor Glass Sand White,Black Nova,2500.0,2500.0,0.0,1500.0,0.0,Matched - price identical
FSFR1FLGVG,Socket collection Frame single frame Legrand Arteor Glass Venetian Gold,Black Nova,1604.35,1604.35,0.0,962.61,0.0,Matched - price identical
FSFR1FLGYB,Socket collection Frame single frame Legrand Arteor Glass York Black,Black Nova,1604.35,1604.35,0.0,962.61,0.0,Matched - price identical
FSFR1FLMAS,Socket collection Frame single frame Legrand Arteor Metal Aluminum Silver  Metal Brushed,Black Nova,1604.35,1604.35,0.0,962.61,0.0,Matched - price identical
FSFR1FLMBG,Socket collection Frame single frame Legrand Arteor Metal Bronze Gold  Metal Brushed,Black Nova,1604.35,1604.35,0.0,962.61,0.0,Matched - price identical
FSFR1FLMMB,Socket collection Frame single frame Legrand Arteor Metal Mars Black  Metal Brushed,Black Nova,1604.35,1604.35,0.0,962.61,0.0,Matched - price identical
FSFR2FLGIW,Socket collection Frame double frame Legrand Arteor Glass Ice White,Black Nova,3208.7,3208.7,0.0,1925.22,0.0,Matched - price identical
FSFR2FLGSW,Socket collection Frame double frame Legrand Arteor Glass Sand White,Black Nova,5000.0,5000.0,0.0,3000.0,0.0,Matched - price identical
FSFR2FLGVG,Socket collection Frame double frame Legrand Arteor Glass Venetian Gold,Black Nova,3208.7,3208.7,0.0,1925.22,0.0,Matched - price identical
FSFR2FLGYB,Socket collection Frame double frame Legrand Arteor Glass York Black,Black Nova,3208.7,3208.7,0.0,1925.22,0.0,Matched - price identical
FSFR2FLMAS,Socket collection Frame double frame Legrand Arteor Metal Aluminum Silver  Metal Brushed,Black Nova,3208.7,3208.7,0.0,1925.22,0.0,Matched - price identical
FSFR2FLMBG,Socket collection Frame double frame Legrand Arteor Metal Bronze Gold  Metal Brushed,Black Nova,3208.7,3208.7,0.0,1925.22,0.0,Matched - price identical
FSFR2FLMMB,Socket collection Frame double frame Legrand Arteor Metal Mars Black  Metal Brushed,Black Nova,3208.7,3208.7,0.0,1925.22,0.0,Matched - price identical
FSFR3FLGIW,Socket collection Frame triple frame Legrand Arteor Glass Ice White,Black Nova,4813.04,4813.04,0.0,2887.83,0.0,Matched - price identical
FSFR3FLGSW,Socket collection Frame triple frame Legrand Arteor Glass Sand White,Black Nova,7500.0,7500.0,0.0,4500.0,0.0,Matched - price identical
FSFR3FLGVG,Socket collection Frame triple frame Legrand Arteor Glass Venetian Gold,Black Nova,4813.04,4813.04,0.0,2887.83,0.0,Matched - price identical
FSFR3FLGYB,Socket collection Frame triple frame Legrand Arteor Glass York Black,Black Nova,4813.04,4813.04,0.0,2887.83,0.0,Matched - price identical
FSFR3FLMAS,Socket collection Frame triple frame Legrand Arteor Metal Aluminum Silver  Metal Brushed,Black Nova,4813.04,4813.04,0.0,2887.83,0.0,Matched - price identical
FSFR3FLMBG,Socket collection Frame triple frame Legrand Arteor Metal Bronze Gold  Metal Brushed,Black Nova,4813.04,4813.04,0.0,2887.83,0.0,Matched - price identical
FSFR3FLMMB,Socket collection Frame triple frame Legrand Arteor Metal Mars Black  Metal Brushed,Black Nova,4813.04,4813.04,0.0,2887.83,0.0,Matched - price identical
FTK-F2000-01,FIBER TERMINATION KIT,SAVANT,34197.39,34197.39,0.0,20518.44,0.0,Matched - price identical
FURYEU1,Sonos Ray white marketing stock (RAYG1EU1),Sonos,5651.3,5651.3,0.0,4521.04,0.0,Matched - price identical
Flooder,ICREALTIME 2MP WiFi Floodlight Camera. Fixed 2.8mm Lens .2000 lm Brightness 3000K Color temperature,ICRealtime,10453.04,10453.04,0.0,8362.44,0.0,Matched - price identical
GOLDG0.6R,0.6M GOLDEN GATE RCA-RCA,AudioQuest,2173.91,2173.91,0.0,1521.74,0.0,Matched - price identical
GOLDG01.5R,1.5M GOLDEN GATE RCA-RCA,AudioQuest,2521.74,2521.74,0.0,1765.22,0.0,Matched - price identical
GOLDG01R,1.0M GOLDEN GATE RCA-RCA,AudioQuest,2347.83,2347.83,0.0,1643.48,0.0,Matched - price identical
GUARDI,2MP WIFI INDOOR CAMERA. DASH CLOUD SERVICE WITH DASH APP.,ICRealtime,2720.87,2720.87,0.0,2176.7,0.0,Matched - price identical
HCX-4KHDR100-00,HDBASET EXTENDERS WITH 4K HDR UP TO 100M,SAVANT,26589.57,26589.57,0.0,15953.74,0.0,Matched - price identical
HCX-4KHDR40-00,HDBASET EXTENDERS WITH 4K HDR UP TO 40M,SAVANT,15736.52,15736.52,0.0,9441.92,0.0,Matched - price identical
HCX-SLN501-00,SMARTLINK HDBASET EXTENDER SET,SAVANT,10852.17,10852.17,0.0,6511.31,0.0,Matched - price identical
HD10TBSATA,ICREALTIME 10TB Surveillance Grade Recorder Hard Drive,ICRealtime,22804.35,22804.35,0.0,13682.61,0.0,Matched - price identical
HD1TBSATA,ICREALTIME 1TB Surveillance Grade Recorder Hard Drive,ICRealtime,3422.61,3422.61,0.0,2053.57,0.0,Matched - price identical
HD2TBSATA,ICREALTIME 2TB Surveillance Grade Recorder Hard Drive,ICRealtime,4659.13,4659.13,0.0,2795.48,0.0,Matched - price identical
HD3TBSATA,ICREALTIME 3TB Surveillance Grade Recorder Hard Drive,ICRealtime,7009.57,7009.57,0.0,4205.74,0.0,Matched - price identical
HD4TBSATA,ICREALTIME 4TB Surveillance Grade Recorder Hard Drive,ICRealtime,9278.26,9278.26,0.0,5566.96,0.0,Matched - price identical
HD6TBSATA,ICREALTIME 6TB Surveillance Grade Recorder Hard Drive,ICRealtime,13938.26,13938.26,0.0,8362.96,0.0,Matched - price identical
HD8TBSATA,ICREALTIME 8TB Surveillance Grade Recorder Hard Drive,ICRealtime,18556.52,18556.52,0.0,11133.92,0.0,Matched - price identical
HDASRX,HDA SRX Scaling Receiver,HDANYWHERE,6521.74,6521.74,0.0,3913.04,0.0,Matched - price identical
HDCP2.2CON,HDCP Converter 2.2>1.4,HDANYWHERE,1304.35,1304.35,0.0,782.61,0.0,Matched - price identical
HDCPDONGLE,HDanywhere HDCP Dongle,HDANYWHERE,1304.35,1304.35,0.0,782.61,0.0,Matched - price identical
HDM48CAR100,1.0M 48G CARBON HDMI,AudioQuest,3826.09,3826.09,0.0,2678.26,0.0,Matched - price identical
HDM48CAR200,2.0M 48G CARBON HDMI,AudioQuest,5739.13,5739.13,0.0,4017.39,0.0,Matched - price identical
HDM48CAR300BRD,3.0M 48G BRAIDED CARBON HDMI,AudioQuest,7652.17,7652.17,0.0,5356.52,0.0,Matched - price identical
HDM48CCOLA1000,10.0M 48G Cherry Cola HDMI AOC,AudioQuest,19043.48,19043.48,0.0,13330.43,0.0,Matched - price identical
HDM48CCOLA1500,15.0M 48G Cherry Cola HDMI AOC,AudioQuest,20956.52,20956.52,0.0,14669.57,0.0,Matched - price identical
HDM48CIN100,1.0M 48G CINNAMON HDMI,AudioQuest,2521.74,2521.74,0.0,1765.22,0.0,Matched - price identical
HDM48CIN200,2.0M 48G CINNAMON HDMI,AudioQuest,3652.17,3652.17,0.0,2556.52,0.0,Matched - price identical
HDM48CIN300BRD,3.0M 48G BRAIDED CINNAMON HDMI,AudioQuest,4782.61,4782.61,0.0,3347.83,0.0,Matched - price identical
HDM48CIN500,5.0M 48G CINNAMON HDMI,AudioQuest,8260.87,8260.87,0.0,5782.61,0.0,Matched - price identical
HDM48FOR100,1.0M 48G FOREST HDMI,AudioQuest,1565.22,1565.22,0.0,1095.65,0.0,Matched - price identical
HDM48FOR200,2.0M 48G FOREST HDMI,AudioQuest,1913.04,1913.04,0.0,1339.13,0.0,Matched - price identical
HDM48FOR300,3.0M 48G FOREST HDMI,AudioQuest,2521.74,2521.74,0.0,1765.22,0.0,Matched - price identical
HDM48FOR500,5.0M 48G FOREST HDMI,AudioQuest,5739.13,5739.13,0.0,4017.39,0.0,Matched - price identical
HDM48PEA100,1.0M 48G PEARL HDMI,AudioQuest,782.61,782.61,0.0,547.83,0.0,Matched - price identical
HDM48PEA200,2.0M 48G PEARL HDMI,AudioQuest,1217.39,1217.39,0.0,852.17,0.0,Matched - price identical
HDM48PEA300,3.0M 48G PEARL HDMI,AudioQuest,1565.22,1565.22,0.0,1095.65,0.0,Matched - price identical
HDM48PEA500,5.0M 48G PEARL HDMI,AudioQuest,3826.09,3826.09,0.0,2678.26,0.0,Matched - price identical
HDMFOR07.5A,7.5M FOREST HDMI ACTIVE,AudioQuest,6521.74,6521.74,0.0,4565.22,0.0,Matched - price identical
HDMFOR10A,10.0M FOREST HDMI,AudioQuest,8086.96,8086.96,0.0,5660.87,0.0,Matched - price identical
HDMPEA10A,10.0M PEARL HDMI,AudioQuest,5217.39,5217.39,0.0,3652.17,0.0,Matched - price identical
HDMPEA12.5A,12.5M PEARL HDMI,AudioQuest,6347.83,6347.83,0.0,4443.48,0.0,Matched - price identical
HDMPEA15A,15.0M PEARL HDMI,AudioQuest,8260.87,8260.87,0.0,5782.61,0.0,Matched - price identical
HRX-4KVLC100-00,4K HDR HDBASET MATRIX RECEIVER 100M,SAVANT,10852.17,10852.17,0.0,6511.31,0.0,Matched - price identical
HRX-4KVLC40-00,4K HDR HDBASET MATRIX RECEIVER 40M,SAVANT,8139.13,8139.13,0.0,4883.48,0.0,Matched - price identical
HST-DIRECTOR-00,POWER SYSTEM DIRECTOR,SAVANT,28262.61,28262.61,0.0,16957.57,0.0,Matched - price identical
HST-SAVANT7-00,SAVANT SMART HOST WITH LICENSE (DOES NOT INCLUDE ESSENTIALS),SAVANT,32643.48,32643.48,0.0,19586.09,0.0,Matched - price identical
HST-STUDIO46BG-2CH-00,IP AUDIO STUDIO 46 WITH INTEGRATED HOST AND GRILLE - BLACK,SAVANT,30523.48,30523.48,0.0,21366.44,0.0,Matched - price identical
HST-STUDIO55BG-2CH-00,IP AUDIO STUDIO 55 WITH INTEGRATED HOST AND GRILLE - BLACK,SAVANT,32558.26,32558.26,0.0,22790.79,0.0,Matched - price identical
HST-STUDIO55WS-SUR-00,SMART AUDIO WISA SOUNDBAR 55,SAVANT,37791.3,37791.3,0.0,26453.92,0.0,Matched - price identical
HST-STUDIO55WS-SUR-10,SMART AUDIO WISA SOUNDBAR 55,SAVANT,43605.22,43605.22,0.0,30523.66,0.0,Matched - price identical
HTP076BMMP,Pioneer HTP076 5.1-Channel Home Cinema Package,Pioneer,11303.48,11303.48,0.0,8477.61,0.0,Matched - price identical
IC206FG,IC 206 Flat Grill,Jamo,4078.26,4078.26,0.0,2446.96,0.0,Matched - price identical
IC206LCRFG,IC206LCR Flat Grill,Jamo,3469.57,3469.57,0.0,2081.74,0.0,Matched - price identical
IC208FG,IC 208 Flat Grill,Jamo,4339.13,4339.13,0.0,2603.48,0.0,Matched - price identical
IC404SLM,IC 404 Slim In-ceiling speaker,Jamo,7208.7,7208.7,0.0,4325.22,0.0,Matched - price identical
IC408LCRFGII,IC408LCR Flat Grill v2,Jamo,5208.7,5208.7,0.0,3125.22,0.0,Matched - price identical
IC604SLM,IC 604 Slim In-ceiling speaker,Jamo,8686.96,8686.96,0.0,5212.17,0.0,Matched - price identical
IC606FGII,IC606 v2 (Flat Grill),Jamo,7556.52,7556.52,0.0,4533.91,0.0,Matched - price identical
IC608LCRFGII,IC608LCR Flat Grill v2,Jamo,6339.13,6339.13,0.0,3803.48,0.0,Matched - price identical
IC610LCRFG,Jamo IC610LCR FG - Centre,Jamo,11295.65,11295.65,0.0,6777.39,0.0,Matched - price identical
IC610LCRFGII,IC610LCRFGII In-ceiling LCR,Jamo,11295.65,11295.65,0.0,6777.39,0.0,Matched - price identical
IC95CAN,IC95 Back can Pair,M&K Sound,4520.87,4520.87,0.0,2835.82,0.0,Matched - price identical
ICIP-2501HD-IR,ICREALTIME 2MP IP Full Size PTZ. 25X Optical Zoom. 450 Feet Smart IR. AI (Advanced Intelligence) On,ICRealtime,50829.57,50829.57,0.0,30497.74,0.0,Matched - price identical
ICIP-D2022-28-C,ICREALTIME 2MP IP Indoor Recessed Mount Starlight Dome. Fixed 2.8mm Lens (110°). Built-In MIC POE C,ICRealtime,11174.78,11174.78,0.0,6704.87,0.0,Matched - price identical
ICIP-D2048SL,ICREALTIME 2MP IP Indoor/Outdoor Full Size Vandal Dome. I-SnIPer. Varifocal 4-8mm Motorized Lens (1,ICRealtime,11540.87,11540.87,0.0,6924.53,0.0,Matched - price identical
ICIP-D8123-IR,ICREALTIME 12MP 4K IP Indoor/Outdoor Full Size Vandal Dome. Varifocal 4.1-16.4 Motorized Lens (105°,ICRealtime,27560.87,27560.87,0.0,16536.53,0.0,Matched - price identical
ICIP-MC2028,ICREALTIME 2MP IP Indoor/Outdoor Mobile Vandal Dome. Fixed 2.8mm Lens (86°). 90 Feet IR. POE Capabl,ICRealtime,13649.57,13649.57,0.0,8189.74,0.0,Matched - price identical
ICIP-P2012S,ICREALTIME 2MP IP Mid Size PTZ. 12X Optical Zoom. POE + Capable. (Gooseneck Wall Mount Included).,ICRealtime,26762.61,26762.61,0.0,16057.57,0.0,Matched - price identical
ICIP-P2012T,ICREALTIME 2MP IP Mid Size PTZ. 12X Optical Zoom. POE + Capable. (Flush Mount Included).,ICRealtime,31092.17,31092.17,0.0,18655.31,0.0,Matched - price identical
ICM-7100SE,ICREALTIME Central Management Server. 1U Rackmount. Dedicated Enterprise Video Management System Ap,ICRealtime,89279.13,89279.13,0.0,53567.48,0.0,Matched - price identical
IO-6BL,In/Outdoor 6 Black,Jamo,9208.7,9208.7,0.0,5525.22,0.0,Matched - price identical
IPEG-B20F-IRW1,ICREALTIME 2MP IP INDOOR/OUTDOOR SMALL SIZE BULLET. FIXED 2.8MM LENS (93Â°). 98 FEET IR. POE CAPABL,ICRealtime,2779.13,2779.13,0.0,1667.48,0.0,Matched - price identical
IPEG-B20F-IRW2,2MP IP INDOOR/OUTDOOR SMALL SIZE BULLET. FIXED 2.8MM LENS (110Â°). 98 FEET IR. POE CAPABLE.,ICRealtime,4280.87,4280.87,0.0,2568.53,0.0,Matched - price identical
IPEG-B20V-IRW2,ICREALTIME 2MP IP INDOOR/OUTDOOR MID SIZE BULLET. VARIFOCAL 2.8-12MM MOTORIZED LENS (106Â° - 33Â°).,ICRealtime,5813.91,5813.91,0.0,3488.35,0.0,Matched - price identical
IPEG-B40F-IRW1,ICREALTIME 4MP IP INDOOR/OUTDOOR SMALL SIZE BULLET. FIXED 2.8MM LENS (101Â°). 98 FEET SMART IR. POE,ICRealtime,5707.83,5707.83,0.0,3424.7,0.0,Matched - price identical
IPEG-B40V-IRW2,ICREALTIME 4MP IP Indoor/Outdoor Mid Size Bullet. Varifocal 2.7-12mm Motorized Lens (100° - 33°). 1,ICRealtime,8786.96,8786.96,0.0,5272.18,0.0,Matched - price identical
IPEG-D20F-IRW1,ICREALTIME 2MP IP INDOOR/OUTDOOR SMALL SIZE VANDAL DOME. FIXED 2.8MM LENS (110Â°). 98 FEET IR. POE,ICRealtime,3260.0,3260.0,0.0,1956.0,0.0,Matched - price identical
IPEG-D20F-IRW2,2MP IP INDOOR/OUTDOOR SMALL SIZE VANDAL DOME FIXED 2.8MM LENS (110. 98 FEET IR POE CAPABLE,ICRealtime,3711.3,3711.3,0.0,2226.79,0.0,Matched - price identical
IPEG-D40F-IRW1,ICREALTIME 4MP IP INDOOR/OUTDOOR SMALL SIZE VANDAL DOME. FIXED 2.8MM LENS (104Â°). 98 FEET SMART IR,ICRealtime,6307.83,6307.83,0.0,3784.7,0.0,Matched - price identical
IPEG-D40V-IRW2,ICREALTIME 4MP IP INDOOR/OUTDOOR MID SIZE VANDAL DOME. VARIFOCAL 2.8-12MM MOTORIZED LENS (98° - 31°,ICRealtime,9057.39,9057.39,0.0,5434.44,0.0,Matched - price identical
IPEG-E20F-IRW1,ICREALTIME 2MP IP INDOOR/OUTDOOR SMALL SIZE VANDAL EYEBALL DOME. FIXED 2.8MM LENS (110Â°). 98 FEET,ICRealtime,2779.13,2779.13,0.0,1667.48,0.0,Matched - price identical
IPEG-E20F-IRW2,2MP IP INDOOR/OUTDOOR SMALL VANDAL EYEBALL DOME. FIXED 2.8MM LENS (110Â°). 98 FEET IR. POE CAPABLE.,ICRealtime,3752.17,3752.17,0.0,2251.31,0.0,Matched - price identical
IPEG-E40F-IRW1,ICREALTIME 4MP IP INDOOR/OUTDOOR SMALL SIZE EYEBALL DOME. FIXED 2.8MM LENS (102Â°). 98 FEET SMART I,ICRealtime,5812.17,5812.17,0.0,3487.31,0.0,Matched - price identical
IPEL-B12V-IRW2,ICREALTIME 12MP IP INDOOR/OUTDOOR FULL SIZE BULLET. VARIFOCAL 2.7 - 12MM MOTORIZED LENS (103Â° - 44,ICRealtime,43934.78,43934.78,0.0,26360.87,0.0,Matched - price identical
IPEL-B2012X-IRW2,ICREALTIME 2MP IP INDOOR/OUTDOOR FULL SIZE BULLET. VARIFOCAL 5.3 - 64MM MOTORIZED LENS (59° - 34°).,ICRealtime,26946.96,26946.96,0.0,16168.18,0.0,Matched - price identical
IPEL-B2012X-IRW2 LPR SETUP,ICREALTIME LPR CONVERSION: 2MP IP Indoor/Outdoor Full Size Bullet. Varifocal 5.3 - 64mm Motorized L,ICRealtime,24660.0,24660.0,0.0,14796.0,0.0,Matched - price identical
IPEL-B40V-IRW1-AI,ICREALTIME 4MP IP Indoor/Outdoor Full Size Bullet. Varifocal 2.7-12mm Motorized Lens (100Â° - 33Â°),ICRealtime,26901.74,26901.74,0.0,16141.05,0.0,Matched - price identical
IPEL-B80F-IRW2,8MP IP INDOOR/OUTDOOR SMALL SIZE BULLET. FIXED 2.8MM LENS 98.4 FEET SMART IR. POE CAPABLE. AI,ICRealtime,9286.96,9286.96,0.0,5572.18,0.0,Matched - price identical
IPEL-D12V-IRW2,12MP IP IN/OUT FULL VANDAL DOME.VARIFOCAL 2.7-12MM MOTOR LENS 131 FEET SMART IR.POE+ AI.ANALYTIC,ICRealtime,31834.78,31834.78,0.0,19100.87,0.0,Matched - price identical
IPEL-D20V-IRS1,ICREALTIME 2MP IP Indoor/Outdoor Full Size Anti-Corrosion Vandal Dome. I-SnIPer. Varifocal 4.1-16.4,ICRealtime,37938.26,37938.26,0.0,22762.96,0.0,Matched - price identical
IPEL-D30V-IRW1,ICREALTIME 3MP IP Indoor/Outdoor Full Size Vandal Dome. I-SnIPer. Varifocal 2.8-12mm Motorized Lens,ICRealtime,23752.17,23752.17,0.0,14251.31,0.0,Matched - price identical
IPEL-D40V-IRW1,ICREALTIME 4MP IP Indoor/Outdoor Full Size Vandal Dome. Varifocal 2.7-12mm Motorized Lens (100° - 3,ICRealtime,23010.43,23010.43,0.0,13806.27,0.0,Matched - price identical
IPEL-D40V-IRW1-AI,ICREALTIME 4MP IP Indoor/Outdoor Full Size Vandal Dome. Varifocal 2.7-12mm Motorized Lens (114° - 4,ICRealtime,24742.61,24742.61,0.0,14845.57,0.0,Matched - price identical
IPEL-E80F-IRW2,ICREALTIME 8MP IP INDOOR/OUTDOOR MID SIZE EYEBALL DOME. FIXED 2.8MM LENS (108Â°). 98.4 FEET SMART I,ICRealtime,10746.96,10746.96,0.0,6448.18,0.0,Matched - price identical
IPEL-E80V-IRW1,ICREALTIME 8MP IP Indoor/Outdoor Small Size Varifocal Eyeball Dome. 2.7 - 13.5 mm Lens (113 - 31Â°),ICRealtime,33826.09,33826.09,0.0,20295.66,0.0,Matched - price identical
IPEL-F12F-IRW1,ICREALTIME 12MP IP Indoor/Outdoor 360Â° Spherical Dome. 1.5mm Fisheye Lens (360Â°). 30 ft IR. Built,ICRealtime,33072.17,33072.17,0.0,19843.31,0.0,Matched - price identical
IPEL-F50F-W1,ICREALTIME 5MP Indoor 360° Spherical Dome. 1.18mm Fisheye Lens (360°). Built in Microphone. POE Cap,ICRealtime,14156.52,14156.52,0.0,8493.92,0.0,Matched - price identical
IPEL-F50F-W2,ICREALTIME 5MP Indoor/outdoor 360Â° Spherical Dome. 1.4mm Fisheye Lens (360Â°). Built in Microphone,ICRealtime,24919.13,24919.13,0.0,14951.48,0.0,Matched - price identical
IPEL-M40F-IRW1,ICREALTIME 2 x 2MP Dual Lens IP Wedge Dome. I-Sniper. 2 x 2.8 Fixed Lenses (110°). 66 Feet of IR. B,ICRealtime,15669.57,15669.57,0.0,9401.74,0.0,Matched - price identical
IPEL-M80F-IRW1,ICREALTIME 4x 2MP (8MP Total) IP 180° Panoramic Dome. I-SnIPer. 4x 3.0mm Fixed Lens (180°). 98 Feet,ICRealtime,46291.3,46291.3,0.0,27774.79,0.0,Matched - price identical
IPEL-M80F-IRW2,ICREALTIME 4x 2MP (8MP Total) IP 180 Panoramic Dome 4x 2.8mm Fixed Lens (180 AOV) 98 ft Smart IR PO,ICRealtime,81156.52,81156.52,0.0,48693.92,0.0,Matched - price identical
IPEL-M80V-IRW1,ICREALTIME 4 x 2MP Multi Lens IP Dome. I-Sniper. 4 x 2.7 - 12 mm Motorized Lens (105°). 98 Feet of,ICRealtime,15620.87,15620.87,0.0,9372.53,0.0,Matched - price identical
IPEL-MB80F-IRW1,ICREALTIME 4X 2MP (8MP Total) IP 180° Panoramic Full Size Bullet. I-Sniper. 4X 2.8mm Fixed Lens (18,ICRealtime,55959.13,55959.13,0.0,33575.48,0.0,Matched - price identical
IPEL-P2030X-IRS1,ICREALTIME 2MP IP Full Size Anti-Corrosion PTZ. 30X Optical Zoom. I-SnIPer. POE +. Basic Intelligen,ICRealtime,144332.17,144332.17,0.0,86599.31,0.0,Matched - price identical
IPEL-P2045X-IRW1,ICREALTIME 2MP IP Full Size PTZ. 40X Optical Zoom. I-SnIPer. 1500 Feet Smart Laser. Hi-POE Capable.,ICRealtime,164115.65,164115.65,0.0,98469.4,0.0,Matched - price identical
IPEL-P5030X-IRW1,ICREALTIME 5MP IP Full Size PTZ. 30X Optical Zoom. 300 Feet Smart IR. Hi-POE Capable. AI (Advanced,ICRealtime,74216.52,74216.52,0.0,44529.92,0.0,Matched - price identical
IPEL-P8040-IRW1-AI,8MP IP FULL SIZE 4K STARLIGHT PTZ 40X OPTICAL ZOOM. 1640 FEET SMART IR HI-POE CAPABLE. AI (A,ICRealtime,135589.57,135589.57,0.0,81353.74,0.0,Matched - price identical
IPFX-B20V-IRW1,ICREALTIME 2MP IP Indoor/Outdoor Mid Size Bullet. Varifocal 2.8-12mm Motorized Lens (98° - 30°). 90,ICRealtime,8947.83,8947.83,0.0,5368.7,0.0,Matched - price identical
IPFX-B40V-IRW2,ICREALTIME 4MP IP Indoor/Outdoor Mid Size Bullet. Varifocal 2.7-13.5mm Motorized Lens (100Â° - 33Â°,ICRealtime,12216.52,12216.52,0.0,7329.92,0.0,Matched - price identical
IPFX-B80V-IRW1,ICREALTIME 8MP IP INDOOR/OUTDOOR MID SIZE BULLET. VARIFOCAL 2.7-13.5MM MOTORIZED LENS (113Â° - 31Â°,ICRealtime,17078.26,17078.26,0.0,10246.96,0.0,Matched - price identical
IPFX-D20V-IRW1,ICREALTIME 2MP IP Indoor/Outdoor Mid Size Vandal Dome. Varifocal 2.8-12mm Motorized Lens (98° - 30°,ICRealtime,7873.91,7873.91,0.0,4724.35,0.0,Matched - price identical
IPFX-D40V-IRW2,ICREALTIME 4MP IP Indoor/Outdoor Mid Size Vandal Dome. Varifocal 2.7-13.5mm Motorized Lens (100Â° -,ICRealtime,12436.52,12436.52,0.0,7461.92,0.0,Matched - price identical
IPFX-D80V-IRW1,8MP IP In/Outdoor Mid Size Vandal Dome Varifocal 2.7-12mm Motorized Lens (110° - 40°)164 Ft Smart IR,ICRealtime,22309.57,22309.57,0.0,13385.74,0.0,Matched - price identical
IPFX-E20V-IRW1,ICREALTIME 2MP IP Indoor/Outdoor Small Size Vandal Eyeball Dome. Vaifocal 2.7 - 13.5 mm Lens (108 -,ICRealtime,10814.78,10814.78,0.0,6488.87,0.0,Matched - price identical
IPFX-E40V-IRW1,ICREALTIME 4MP IP Indoor/Outdoor Small Size Vandal Eyeball Dome. Varifocal 2.7 - 13.5 mm Lens (104,ICRealtime,11133.91,11133.91,0.0,6680.35,0.0,Matched - price identical
IPFX-P2030X-IRW1,ICREALTIME 2MP IP Full Size PTZ. 30X Optical Zoom. 656 Feet Smart IR. AI (Advanced Intelligence) On,ICRealtime,67322.61,67322.61,0.0,40393.57,0.0,Matched - price identical
IPFX-P4030X-IRW1,ICREALTIME 4MP IP Mid Size PTZ. 30X Optical Zoom. 240 Feet Smart IR. POE + Capable. AI (Advanced In,ICRealtime,62515.65,62515.65,0.0,37509.4,0.0,Matched - price identical
IPFX-S20F-W1,ICREALTIME 2MP IP Indoor Mini Pinhole. 2.8mm Lens. POE Capable. AI On-Board Analytics.,ICRealtime,13401.74,13401.74,0.0,8041.05,0.0,Matched - price identical
IPMX-B20F-IRB2,ICREALTIME 2MP IP Indoor/Outdoor Small Size Bullet. Fixed 2.8mm Lens (106Â°). 164 Feet IR. POE Capa,ICRealtime,7795.65,7795.65,0.0,4677.4,0.0,Matched - price identical
IPMX-B20F-IRW2,"""""""""""ICREALTIME 2 Megapixel IP Camera 1/2.8"""""""" 2M CMOS H.265/H.2641080P(1~30fps) True WDR (120dB)""""""",ICRealtime,7795.65,7795.65,0.0,4677.4,0.0,Matched - price identical
IPMX-B40F-IRW1-A1,ICREALTIME 4MP IP AI series Indoor/Outdoor Mid Size Bullet. 2.8mm Fixed Lens (113° AOV). 131 Feet S,ICRealtime,12256.52,12256.52,0.0,7353.92,0.0,Matched - price identical
IPMX-B40F-IRW2,ICREALTIME 4MP IP Indoor/Outdoor Small Size Bullet. Fixed 2.8mm Lens (104Â°). 98 Feet Smart IR. POE,ICRealtime,7910.43,7910.43,0.0,4746.27,0.0,Matched - price identical
IPMX-D20F-IRW2,"""""""""""ICREALTIME 2 Megapixel IP Camera 1/2.8"""""""" 2M Exmor CMOS H.265/H.2641080P(1~60fps) True WDR""""""",ICRealtime,8380.87,8380.87,0.0,5028.53,0.0,Matched - price identical
IPMX-D40F-IRW2,ICREALTIME 4MP IP Indoor/Outdoor Small Size Vandal Dome. Fixed 2.8mm Lens (104Â°). 98 Feet Smart IR,ICRealtime,8010.43,8010.43,0.0,4806.27,0.0,Matched - price identical
IPMX-E20F-IRB2,"""""""""""ICREALTIME 2 Megapixel IP Camera 1/2.8"""""""" 2M CMOS H.265/H.2641080P(130fps) True WDR (120dB)""""""",ICRealtime,8606.09,8606.09,0.0,5163.66,0.0,Matched - price identical
IPMX-E20F-IRW2,"""""2 MP IP 1/2.8"""" 2M Exmor CMOS H.265/H.264.1080P(1~60fps) True WDR (120dB) IR 30m 3.6mm lens IP67""",ICRealtime,7875.65,7875.65,0.0,4725.4,0.0,Matched - price identical
IPMX-E40F-IRB2,ICREALTIME 4MP IP INDOOR/OUTDOOR SMALL SIZE VANDAL EYEBALL BLACK DOME. FIXED 2.8MM LENS (103Â°). 16,ICRealtime,7610.43,7610.43,0.0,4566.27,0.0,Matched - price identical
IPMX-E40F-IRW1-AI,ICREALTIME 4MP IP Indoor/Outdoor Small Size Eyeball Dome. Fixed 2.8mm Lens (113°). 131 Feet Smart I,ICRealtime,11216.52,11216.52,0.0,6729.92,0.0,Matched - price identical
IPMX-E40F-IRW2,ICREALTIME 4MP IP Indoor/Outdoor Small Size Eyeball Dome. Fixed 2.8mm Lens (103Â°). 164 Feet Smart,ICRealtime,7610.43,7610.43,0.0,4566.27,0.0,Matched - price identical
IPMX-W40F-IRW2,ICREALTIME 4MP IP INDOOR/OUTDOOR SMALL SIZE VANDAL DOME. FIXED 2.8MM LENS (106Â°). 90 FEET IR. POE,ICRealtime,7309.57,7309.57,0.0,4385.74,0.0,Matched - price identical
IRB-1006-00,INFRARED (IR) EMITTER 6 PACK,SAVANT,2153.91,2153.91,0.0,1292.35,0.0,Matched - price identical
IRDONGA4KPRO,IR Dongle Type A 4K Pro (Yellow),HDANYWHERE,765.22,765.22,0.0,459.13,0.0,Matched - price identical
IRDONGB4K,IR Dongle Type B 4K (Green),HDANYWHERE,765.22,765.22,0.0,459.13,0.0,Matched - price identical
IRED05,Audioquest Irish Red 5m Subwoofer Cable,AudioQuest,3477.39,3477.39,0.0,0.0,0.0,Matched - price identical
ITP-E5500B-30,SAVANT TOUCH 5.5 INCH CONTROL SCREEN - BLACK,SAVANT,24417.39,24417.39,0.0,14650.44,0.0,Matched - price identical
ITP-E5500V2B-00,SAVANT TOUCH 5.5 INCH CONTROL SCREEN - BLACK,SAVANT,25652.17,25652.17,0.0,17956.53,0.0,Matched - price identical
ITP-E5500V2W-00,SAVANT TOUCH 5.5 INCH CONTROL SCREEN - WHITE,SAVANT,25652.17,25652.17,0.0,17956.53,0.0,Matched - price identical
ITP-E5500W-30,SAVANT TOUCH 5.5 INCH CONTROL SCREEN - WHITE,SAVANT,24417.39,24417.39,0.0,14650.44,0.0,Matched - price identical
ITP-E8000B-30,SAVANT TOUCH 8 INCH CONTROL SCREEN - BLACK,SAVANT,31598.26,31598.26,0.0,18958.96,0.0,Matched - price identical
ITP-E8000V2W-00,SAVANT TOUCH 8 INCH CONTROL SCREEN - WHITE,SAVANT,30000.0,30000.0,0.0,21000.0,0.0,Matched - price identical
ITP-E8000W-30,SAVANT TOUCH 8 INCH CONTROL SCREEN - WHITE,SAVANT,31598.26,31598.26,0.0,18958.96,0.0,Matched - price identical
ITP-TBLTOP80-00,TABLE TOP DOCK FOR SAVANT TOUCH 8,SAVANT,8617.39,8617.39,0.0,5170.44,0.0,Matched - price identical
IW1060SW,IW1060SW 10 In-wall Subwoofer,Jamo,6339.13,6339.13,0.0,3803.48,0.0,Matched - price identical
IW150A,IW150 Miller & Kreisel,M&K Sound,23477.39,23477.39,0.0,14726.73,0.0,Matched - price identical
IW28S,IW28S Subwoofer,M&K Sound,20868.7,20868.7,0.0,13090.36,0.0,Matched - price identical
IW408FGII,IW408 V 2 Flat Grill,Jamo,9469.57,9469.57,0.0,5681.74,0.0,Matched - price identical
IW5,IW5 Miller&Kreisel,M&K Sound,10433.91,10433.91,0.0,6544.91,0.0,Matched - price identical
IW5SG,IW5 Square Grill,M&K Sound,869.57,869.57,0.0,521.74,0.0,Matched - price identical
IW95,IW95 Miller&Kreisel,M&K Sound,17390.43,17390.43,0.0,10908.55,0.0,Matched - price identical
J12SUBBL,Jamo J12 SUB Black,Jamo,9556.52,9556.52,0.0,5733.91,0.0,Matched - price identical
JC2BP,JC2 BP Pre-Amplfier with H/T Bypass,Parasound,130426.09,130426.09,0.0,126086.09,0.0,Matched - price identical
JC3+,JC3 Phono Preamplifier,Parasound,104339.13,104339.13,0.0,99999.13,0.0,Matched - price identical
JGS10,Jamo JL-4 Stake,Jamo,860.87,860.87,0.0,516.52,0.0,Matched - price identical
JITTERBUGFMJ,JITTERBUG FMJ,AudioQuest,1913.04,1913.04,0.0,1339.13,0.0,Matched - price identical
JL10SW,Jamo JL-10 Subwoofer,Jamo,20860.87,20860.87,0.0,12516.52,0.0,Matched - price identical
JL4SAT,Jamo JL-4 Satellite outdoor speaker,Jamo,3121.74,3121.74,0.0,1873.04,0.0,Matched - price identical
JR-4GR,Jamo Rock 4 Granite,Jamo,3382.61,3382.61,0.0,2029.57,0.0,Matched - price identical
JR-4SA,Jamo Rock 4 Sandstone,Jamo,3382.61,3382.61,0.0,2029.57,0.0,Matched - price identical
JR-5GR,Jamo Rock 5 Granite,Jamo,5382.61,5382.61,0.0,3229.57,0.0,Matched - price identical
JR-5SA,Jamo Rock 5 Sandstone,Jamo,5382.61,5382.61,0.0,3229.57,0.0,Matched - price identical
JR-8SWGR,Jamo Rock 8 Subwoofer Granite,Jamo,9469.57,9469.57,0.0,5681.74,0.0,Matched - price identical
JR-8SWSA,Jamo Rock 8 Subwoofer Sandstone,Jamo,9469.57,9469.57,0.0,5681.74,0.0,Matched - price identical
K-MOVIE,K-Movie,M&K Sound,34781.74,34781.74,0.0,21817.64,0.0,Matched - price identical
KLDD1FCG.,Alba 8b 1f Crestron Glass,Black Nova,13200.0,13200.0,0.0,12521.74,0.0,Matched - price identical
LBB1-4,Black Box 4 Products Aria and Alba,Black Nova,19250.43,19250.43,0.0,11550.26,0.0,Matched - price identical
LBB2,Little Black Box 10 Front Ends Aria and Alba,Black Nova,12833.91,12833.91,0.0,7700.35,0.0,Matched - price identical
LCB-010V8-01,WIRED 0-10V CONTROL 8 CHANNELS,SAVANT,16414.78,16414.78,0.0,11490.35,0.0,Matched - price identical
LCB-DMX1-01,WIRED DMX LOW VOLTAGE LIGHTING CONTROLLER,SAVANT,16414.78,16414.78,0.0,11490.35,0.0,Matched - price identical
LCB-LEINT-00,LUTRON LEAP ADVANCED INTEGRATION BRIDGE,SAVANT,16414.78,16414.78,0.0,9848.87,0.0,Matched - price identical
LCB-TIE5-00,SAVANT TRUE IMAGE CONTROLLER,SAVANT,1103.48,1103.48,0.0,662.09,0.0,Matched - price identical
LCR750B,LCR750 Black Pair,M&K Sound,23477.39,23477.39,0.0,14726.73,0.0,Matched - price identical
LCR750CB,LCR750C Black,M&K Sound,11303.48,11303.48,0.0,7090.36,0.0,Matched - price identical
LCR950B,LCR950 Black,M&K Sound,15651.3,15651.3,0.0,9817.64,0.0,Matched - price identical
LCRDM-IW-KIT,LCRDM INWALL KIT,SAVANT,16414.78,16414.78,0.0,9848.87,0.0,Matched - price identical
LCRDMIWKIT-PCB,LCRDM-IW PRE-CONSTRUCTION BRAC,SAVANT,3646.96,3646.96,0.0,2188.18,0.0,Matched - price identical
LDNGLWW1,Line-In Adapter WW (White),Sonos,520.87,520.87,0.0,416.7,0.0,Matched - price identical
LDNGLWW1BLK,Line-In Adapter WW (Black),Sonos,520.87,520.87,0.0,416.7,0.0,Matched - price identical
LIG-IBR30C4-00,SAVANT GLOBE,SAVANT,795.65,795.65,0.0,636.53,0.0,Matched - price identical
LX-NZ3,Lazer 4K UHD Projector 4K (3840 x 2160) images HDR support 3000 lumens 20000 Hours light source,JVC Projectors,69564.35,69564.35,0.0,52173.26,0.0,Matched - price identical
LX-NZ30BG,JVC LX-NZ3 DLP 4K UHD/HDR Home Theatre Projector,JVC Projectors,86955.65,86955.65,0.0,65216.73,0.0,Matched - price identical
LX-UH1B,4K (UHD) TRP DMD technology delivers 4K (3840 x 2160) images HDR support 2000 lumens,JVC Projectors,52173.04,52173.04,0.0,39129.78,0.0,Matched - price identical
M-LCRDM-MK2,MASTERPIECE LCR-DM MK2,SAVANT,47481.74,47481.74,0.0,28489.05,0.0,Matched - price identical
M21F-90S,SNGLE RIGHT ANGLE RCA ADAPTER,AudioQuest,738.26,738.26,0.0,0.0,0.0,Matched - price identical
M40TW,M40T White Pair,M&K Sound,17390.43,17390.43,0.0,10908.55,0.0,Matched - price identical
M4TW,M4T White Pair,M&K Sound,14773.91,14773.91,0.0,8864.35,0.0,Matched - price identical
M5B,M5 Black,M&K Sound,7390.43,7390.43,0.0,3907.83,0.0,Matched - price identical
M5W,M5 White,M&K Sound,7390.43,7390.43,0.0,3907.83,0.0,Matched - price identical
M70 Tweeter,M70 Tweeter,M&K Sound,10426.09,10426.09,0.0,0.0,0.0,Matched - price identical
M70W,M70 White,M&K Sound,10426.09,10426.09,0.0,6540.0,0.0,Matched - price identical
MA1000,MA1000-A1 Fixed TV Wall Mount,Vogels,191.3,191.3,0.0,0.0,0.0,Matched - price identical
MA1010,MA1010-A1 Tilting TV Wall Mount,Vogels,339.13,339.13,0.0,203.48,0.0,Matched - price identical
MA2000,MA2000-A1 Fixed TV Wall Mount,Vogels,600.0,600.0,0.0,0.0,0.0,Matched - price identical
MA2010,MA2010-A1 Tilting TV Wall Mount,Vogels,408.7,408.7,0.0,0.0,0.0,Matched - price identical
MA2030,MA2030-A1 Full-Motion TV Wall Mount,Vogels,573.91,573.91,0.0,0.0,0.0,Matched - price identical
MA2040,MA2040-A1 Full-Motion TV Wall Mount,Vogels,956.52,956.52,0.0,0.0,0.0,Matched - price identical
MA3000,MA3000-A1 Fixed TV Wall Mount,Vogels,513.04,513.04,0.0,307.83,0.0,Matched - price identical
MA3010,MA3010-A1 Tilting TV Wall Mount,Vogels,608.7,608.7,0.0,365.22,0.0,Matched - price identical
MA3030,MA3030-A1 Full-Motion TV Wall Mount,Vogels,1391.3,1391.3,0.0,829.57,0.0,Matched - price identical
MA3040,MA3040-A1 Full-Motion TV Wall Mount,Vogels,1704.35,1704.35,0.0,0.0,0.0,Matched - price identical
MA4000,MA4000-A1 Fixed TV Wall Mount,Vogels,826.09,826.09,0.0,495.65,0.0,Matched - price identical
MA4010,MA4010-A1 Tilting TV Wall Mount,Vogels,721.74,721.74,0.0,0.0,0.0,Matched - price identical
MEZZ-8-G-SQ,MEZZANINE - SQUARE GRILLE,SAVANT,1823.48,1823.48,0.0,1094.09,0.0,Matched - price identical
MEZZ-8-SURR,MEZZANINE SURROUND SATELLITES,SAVANT,13188.7,13188.7,0.0,7913.22,0.0,Matched - price identical
MEZZ-8-SURR-PCB,MEZZANINE - PRE-CONSTRUCTION B,SAVANT,82.61,82.61,0.0,49.57,0.0,Matched - price identical
MFL100,MFL 100 Fixed TV Wall Mount,Vogels,782.61,782.61,0.0,469.57,0.0,Matched - price identical
MFM80,MFM 80 Fixed TV Wall Mount,Vogels,443.48,443.48,0.0,266.09,0.0,Matched - price identical
MHUB41140,MHUB (4x1+1) (EU),HDANYWHERE,19999.13,19999.13,0.0,11999.48,0.0,Matched - price identical
MHUB431UREC,MHUB Receiver V4 (uControl),HDANYWHERE,4339.13,4339.13,0.0,3254.34,0.0,Matched - price identical
MHUB431URMK,mHub 431U Rack Mount Kit,HDANYWHERE,826.09,826.09,0.0,495.65,0.0,Matched - price identical
MHUB431V3PSU,MHUB431 PSU 24V 1A,HDANYWHERE,1295.65,1295.65,0.0,777.39,0.0,Matched - price identical
MHUB44ROOMREM,Room Remote for mHub PRO/431U New,HDANYWHERE,260.87,260.87,0.0,156.52,0.0,Matched - price identical
MHUB4K431REM,Master Remote for mHub 4K (4x3+1) Old Type V3,HDANYWHERE,434.78,434.78,0.0,260.87,0.0,Matched - price identical
MHUB4K44PRO,mHub 4K PRO 70m 4x4 Matrix,HDANYWHERE,60000.0,60000.0,0.0,36000.0,0.0,Matched - price identical
MHUB4K862REM,Master Remote for mHub 4K (8x6+2) Old Type V3,HDANYWHERE,434.78,434.78,0.0,260.87,0.0,Matched - price identical
MHUB4K88PRO,mHub 4K PRO 8x8 Matrix 70m,HDANYWHERE,120000.0,120000.0,0.0,82800.0,0.0,Matched - price identical
MHUB88ROOMREM,Room Remote for mHub 4K PRO 8x8 New,HDANYWHERE,260.87,260.87,0.0,156.52,0.0,Matched - price identical
MHUBMASTERREM4,Master Remote for mHub PRO/431U New,HDANYWHERE,434.78,434.78,0.0,260.87,0.0,Matched - price identical
MHUBMASTERREM8,Master Remote for mHub PRO/862U New,HDANYWHERE,434.78,434.78,0.0,260.87,0.0,Matched - price identical
MHUBMAX,MHUB MAX 4x4 HDMI Matrix,HDANYWHERE,22600.0,22600.0,0.0,13560.0,0.0,Matched - price identical
MHUBMAX(4x4),MHUB MAX 4x4 HDMI Matrix,HDANYWHERE,13042.61,13042.61,0.0,7825.57,0.0,Matched - price identical
MHUBPRO(4X4)40,MHUB PRO (4X4) 40,HDANYWHERE,43478.26,43478.26,0.0,30000.0,0.0,Matched - price identical
MHUBPRO2.0-4X4,MHUB PRO 2.0 (4X4),HDANYWHERE,86955.65,86955.65,0.0,52173.39,0.0,Matched - price identical
MHUBPRO2.0-8X8,MHUB PRO 2.0 (8X8),HDANYWHERE,208694.78,208694.78,0.0,125216.87,0.0,Matched - price identical
MHUBPRORACKEAR,MHUB PRO Rack Ear Pair,HDANYWHERE,304.35,304.35,0.0,182.61,0.0,Matched - price identical
MHUBPRORX,MHUB PRO Receiver,HDANYWHERE,6521.74,6521.74,0.0,3913.04,0.0,Matched - price identical
MHUBPROSERCAB,MHUB PRO Serial Cable DB9-DB9,HDANYWHERE,330.43,330.43,0.0,198.26,0.0,Matched - price identical
MHUBS(8+8x8)100,MHUBS(8+8x8)100,HDANYWHERE,130433.91,130433.91,0.0,78260.35,0.0,Matched - price identical
MHUBU431,mHub 4K (4x3+1) HDMI Matrix,HDANYWHERE,34781.74,34781.74,0.0,20869.04,0.0,Matched - price identical
MHUBU862,mHub U (8x6+2) HDMI Matrix w/ uControl,HDANYWHERE,78260.0,78260.0,0.0,46956.0,0.0,Matched - price identical
MHUBUREC,MHUBUREC,HDANYWHERE,4339.13,4339.13,0.0,3254.34,0.0,Matched - price identical
MHUBXTNDIRKIT,mHUB XTND IR Integration kit,HDANYWHERE,217.39,217.39,0.0,130.43,0.0,Matched - price identical
MHUBXTNDIRRX,mHUB XTND IR Integration RX,HDANYWHERE,217.39,217.39,0.0,130.43,0.0,Matched - price identical
MNT-STUDIO-TV-00,STUDIO SOUNDBAR TV MOUNT,SAVANT,1969.57,1969.57,0.0,1378.7,0.0,Matched - price identical
MNT-STUDIO55WS-TV-00,SMART AUDIO SOUNDBAR TV MOUNT,SAVANT,1969.57,1969.57,0.0,1378.7,0.0,Matched - price identical
MNT100,MNT 100 Fixed TV Wall Mount,Vogels,347.83,347.83,0.0,208.7,0.0,Matched - price identical
MNT102,MNT 102 Tilting TV Wall Mount,Vogels,417.39,417.39,0.0,250.43,0.0,Matched - price identical
MNT104,MNT 104 Full-Motion TV Wall Mount,Vogels,617.39,617.39,0.0,370.43,0.0,Matched - price identical
MNT108,MNT 108 Full-Motion TV Wall Mount,Vogels,1034.78,1034.78,0.0,620.87,0.0,Matched - price identical
MNT200,MNT 200 Fixed TV Wall Mount,Vogels,417.39,417.39,0.0,250.43,0.0,Matched - price identical
MNT202,MNT 202 Tilting TV Wall Mount,Vogels,443.48,443.48,0.0,266.09,0.0,Matched - price identical
MNT204,MNT 204 Full-Motion TV Wall Mount,Vogels,1243.48,1243.48,0.0,746.09,0.0,Matched - price identical
MNT208,MNT 208 Full-Motion TV Wall Mount,Vogels,1878.26,1878.26,0.0,1126.96,0.0,Matched - price identical
MNT300,MNT 300 Fixed TV Wall Mount,Vogels,617.39,617.39,0.0,370.43,0.0,Matched - price identical
MNT302,MNT 302 Tilting TV Wall Mount,Vogels,721.74,721.74,0.0,433.04,0.0,Matched - price identical
MNT50,MNT 50 Fixed TV Wall Mount,Vogels,208.7,208.7,0.0,125.22,0.0,Matched - price identical
MNT52,MNT 52 Tilting TV Wall Mount,Vogels,313.04,313.04,0.0,187.83,0.0,Matched - price identical
MOTU AVB,5 PORT AVB COMPLIANT SWITCH,SAVANT,13898.26,13898.26,0.0,11118.61,0.0,Matched - price identical
MOVE1EU1,Sonos Move Wireless Smart Portable Speaker - White (S17),Sonos,9999.13,9999.13,0.0,7999.3,0.0,Matched - price identical
MOVE1EU1BLK,Sonos Move Wireless Smart Portable Speaker - Black (S17),Sonos,9999.13,9999.13,0.0,7999.0,0.0,Matched - price identical
MOVE2EU1,Sonos Move 2 Wireless Smart Portable Speaker - White (S17),Sonos,11303.48,11303.48,0.0,9042.78,0.0,Matched - price identical
MOVE2EU1BLK,Sonos Move 2 Wireless Smart Portable Speaker - Black (S17),Sonos,11303.48,11303.48,0.0,9042.78,0.0,Matched - price identical
MP150L,MP150 Left Black,M&K Sound,31303.48,31303.48,0.0,19635.82,0.0,Matched - price identical
MP150LW,MP150 Left White,M&K Sound,30433.91,30433.91,0.0,17212.17,0.0,Matched - price identical
MP150R/CB,MP150 Richt/C Black,M&K Sound,31303.48,31303.48,0.0,19635.82,0.0,Matched - price identical
MP150R/CW,MP150 Richt/C White,M&K Sound,30433.91,30433.91,0.0,17212.17,0.0,Matched - price identical
MP300L,MP300 Left Black,M&K Sound,60868.7,60868.7,0.0,36521.22,0.0,Matched - price identical
MP300LW,MP300 Left White,M&K Sound,60868.7,60868.7,0.0,34429.57,0.0,Matched - price identical
MP300R/C,MP300 Right/C Black,M&K Sound,60868.7,60868.7,0.0,34429.57,0.0,Matched - price identical
MP300R/CW,MP300 Right/C White,M&K Sound,60868.7,60868.7,0.0,34429.57,0.0,Matched - price identical
MP950B,MP950 Black,M&K Sound,16520.87,16520.87,0.0,10363.09,0.0,Matched - price identical
MP950W,MP950 White,M&K Sound,16520.87,16520.87,0.0,10363.09,0.0,Matched - price identical
MPA-201,MPA-201 Power Amp,Jamo,9208.7,9208.7,0.0,5525.22,0.0,Matched - price identical
MVBAGWW1BLK,Sonos Move Travel Bag - Black,Sonos,1651.3,1651.3,0.0,1321.04,0.0,Matched - price identical
MVBATWW1,Move Replacement Battery Kit WW (White) 8507.60.00,Sonos,1121.73,1121.73,0.0,897.38,0.0,Matched - price identical
MVBATWW1BLK,Move Replacement Battery Kit WW (Black) 8507.60.00,Sonos,1121.73,1121.73,0.0,897.38,0.0,Matched - price identical
MVCHBEU1,Move Charging Base EU (White) 8504.40.82,Sonos,1477.39,1477.39,0.0,1181.91,0.0,Matched - price identical
MVCHBEU1BLK,Move Charging Base EU (Black) 8519.8990.90,Sonos,1477.39,1477.39,0.0,1181.91,0.0,Matched - price identical
MVWHKWW1,Sonos Move Wall Hook - White,Sonos,607.83,607.83,0.0,486.26,0.0,Matched - price identical
MVWHKWW1BLK,Sonos Move Wall Hook - Black,Sonos,520.87,520.87,0.0,416.7,0.0,Matched - price identical
MZMA,Multi Zone Matrix Amp (6x4) 55,HDANYWHERE,69564.35,69564.35,0.0,41738.61,0.0,Matched - price identical
Multi Territory PSU 24V 1A,Multi Territory PSU 24V 1A,HDANYWHERE,478.26,478.26,0.0,286.96,0.0,Matched - price identical
NANO-BP-P5,NANO BACKPACK P5,SAVANT,21765.22,21765.22,0.0,13059.14,0.0,Matched - price identical
NEXT7345,NEXT 7345 DesignMount,Vogels,9469.57,9469.57,0.0,5681.74,0.0,Matched - price identical
NEXT7346,NEXT 7346 LG OLED Mount,Vogels,9556.52,9556.52,0.0,5733.91,0.0,Matched - price identical
NEXT7355,NEXT 7355 MotionMount EU,Vogels,20513.04,20513.04,0.0,12307.83,0.0,Matched - price identical
NEXT7356,NEXT 7356 MotionMount Universal OLED EU,Vogels,21643.48,21643.48,0.0,12986.09,0.0,Matched - price identical
NEXT7825,NEXT 7825 AV Support,Vogels,2078.26,2078.26,0.0,1246.96,0.0,Matched - price identical
NEXT7840,NEXT 7840 Cable Cover,Vogels,2078.26,2078.26,0.0,1246.96,0.0,Matched - price identical
NEXT8365,NEXT 8365 SoundMount EU,Vogels,1938.26,1938.26,0.0,1162.96,0.0,Matched - price identical
NEXT8375,NEXT 8375 MotionSoundMount EU,Vogels,26408.7,26408.7,0.0,15845.22,0.0,Matched - price identical
NEXTOP1,NEXT OP1 TV Floorstand Light Oak,Vogels,26955.65,26955.65,0.0,11092.17,0.0,Matched - price identical
NEXTOP2,NEXT OP2 TV Floorstand Light Oak,Vogels,30433.91,30433.91,0.0,12480.0,0.0,Matched - price identical
NEXTOPHANG,NEXT OPHANG Console Holder,Vogels,2313.04,2313.04,0.0,1387.83,0.0,Matched - price identical
NRGX2EUC71M,1M NRG-X2 EU - C7 Power Cable,AudioQuest,1129.57,1129.57,0.0,913.04,0.0,Matched - price identical
NRGX2EUC72M,2M NRG-X2 EU - C7 Power Cable,AudioQuest,1390.43,1390.43,0.0,1095.65,0.0,Matched - price identical
NRGX3EUC131M,1M NRG-X3 EU - C13 Power Cable,AudioQuest,1390.43,1390.43,0.0,1095.65,0.0,Matched - price identical
NRGX3EUC132M,2M NRG-X3 EU - C13 Power Cable,AudioQuest,1738.26,1738.26,0.0,1339.13,0.0,Matched - price identical
NRGY2EU01,1.0M NRG-Y2 EU POWER CORD,AudioQuest,2173.04,2173.04,0.0,1460.87,0.0,Matched - price identical
NRGY2EU02,2.0M NRG-Y2 EU POWER CORD,AudioQuest,2607.83,2607.83,0.0,1765.22,0.0,Matched - price identical
NRGY3EU01,1.0M NRG-Y3 EU POWER CORD,AudioQuest,2607.83,2607.83,0.0,2008.7,0.0,Matched - price identical
NRGY3EU02,2.0M NRG-Y3 EU POWER CORD,AudioQuest,3303.48,3303.48,0.0,2556.52,0.0,Matched - price identical
NRGZ2EU01,1.0M NRG-Z2 EU POWER CORD,AudioQuest,3477.39,3477.39,0.0,2678.26,0.0,Matched - price identical
NRGZ2EU02,2.0M NRG-Z2 EU POWER CORD,AudioQuest,4520.87,4520.87,0.0,3530.43,0.0,Matched - price identical
NRGZ3EU01,1.0M NRG-Z3 EU POWER CORD,AudioQuest,4346.96,4346.96,0.0,3104.35,0.0,Matched - price identical
NRGZ3EU02,2.0M NRG-Z3 EU POWER CORD,AudioQuest,6086.09,6086.09,0.0,4443.48,0.0,Matched - price identical
NVR-208NS,ICREALTIME 8 Channel 1U Shelfmount NVR. Integrated 8 Port POE Switch. Up to 8MP IP Camera Support.,ICRealtime,8529.57,8529.57,0.0,5117.74,0.0,Matched - price identical
NVR-6016K,ICREALTIME 16 Channel 2U 4K NVR - Supports 12MP Resolution - 320Mbps throughput - H.264 - HDM,ICRealtime,65608.7,65608.7,0.0,39365.22,0.0,Matched - price identical
NVR-6032K,ICREALTIME 32 CH. EMBEDDED 4K 2U NVR 3TB ENHANCED H.264 SUPPORTS UPTO 12MP (No HDD Included).,ICRealtime,89279.13,89279.13,0.0,53567.48,0.0,Matched - price identical
NVR-6064K,ICREALTIME 64 CH. EMBEDDED 4K 2U NVR 4TB ENHANCED H.264 SUPPORTS UPTO 12MP (No HDD Included).,ICRealtime,111588.7,111588.7,0.0,66953.22,0.0,Matched - price identical
NVR-7516K,ICREALTIME 16 CH. EMBEDDED 4K 2U NVR ENHANCED H.264 16 POE PORTS SUPPORTS UPTO 8MP (No HDD Included,ICRealtime,58020.87,58020.87,0.0,34812.53,0.0,Matched - price identical
NVR-EG08POE-1U4K1-2TB,8 CHANNEL 1U SHEL NVR. 8 PORT POE SWITCH.8MP IP CAMERA SUPPORT. 80MBPSTHROUGHPUT 2TB INCLUDED,ICRealtime,17528.7,17528.7,0.0,10517.22,0.0,Matched - price identical
NVR-EL128-4U12MP1,ICREALTIME 128 CH. EMBEDDED 4K NVR NO HDD ENHANCED H.265 SUPPORTS UP TO 12MP (No HDD Included).  (M,ICRealtime,323665.22,323665.22,0.0,194199.14,0.0,Matched - price identical
NVR-EL128-4U12MP1-10TB,128 CH. EMBEDDED 4K NVR ENHANCED H.265 SUPPORTS UP TO 12MP 10TB INCLUDED (MADE IN KOREA),ICRealtime,338506.09,338506.09,0.0,203103.66,0.0,Matched - price identical
NVR-EL16-2U12MP1-4TB,16 CHANNEL 2U 4K NVR - 12MP RESOLUTION - 320MBPS - H.265 - HDMI 4TB INCLUDED (MADE IN KOREA),ICRealtime,79877.39,79877.39,0.0,47926.44,0.0,Matched - price identical
NVR-EL32-2U12MP1-8TB,32 CH. EMBEDDED 4K 2U NVR ENHANCED H.264 SUPPORTS UPTO 12MP 8TB INCLUDED (MADE IN KOREA),ICRealtime,115176.52,115176.52,0.0,69105.92,0.0,Matched - price identical
NVR-EL64-2U12MP1-10TB,64 CH. EMBEDDED 4K 2U NVR ENHANCED H.264 SUPPORTS UPTO 12MP 10TB INCLUDED (MADE IN KOREA),ICRealtime,144001.74,144001.74,0.0,86401.05,0.0,Matched - price identical
NVR-FX08POE-1U4K1,ICREALTIME 8CH IP 1U RACKMOUNT NVR - 2HDD - IP RESOLUTION UP TO 8MP/30FPS (128MBPS) - 8 PORT EMBEDD,ICRealtime,31046.96,31046.96,0.0,18628.18,0.0,Matched - price identical
NVR-FX08POE-1U4K1-2TB,8CH IP 1U RACK NVR-2HDD BAY-IP 8MP/30FPS-8 PORT POE SWITCH 2TB INCLUDED   (MADE IN KOREA),ICRealtime,35553.91,35553.91,0.0,21332.35,0.0,Matched - price identical
NVR-FX16POE-1U4K1,16CH IP 1U RACKMOUNT NVR - 2HDD - IP RESOLUTION UP TO 8MP/30FPS (128MBPS) - 16 PORT EMBEDDED POE,ICRealtime,39804.35,39804.35,0.0,23882.61,0.0,Matched - price identical
NVR-FX16POE-1U4K1-4TB,16CH IP 1U NVR-2HDD BAY-IP 8MP/30FPS (128MBPS)- 16 PORT POE SWITCH 4TB INCLUDED(MADE IN KOREA),ICRealtime,47314.78,47314.78,0.0,28388.87,0.0,Matched - price identical
NVR-FX24POE-15U4K1,24CH IP 1.5U RACK NVR-4HDD BAY-IP 12MP/30FPS-24 PORT POE SWITCH (MADE IN KOREA),ICRealtime,94297.39,94297.39,0.0,56578.44,0.0,Matched - price identical
NVR-FX24POE-15U4K1-8TB,24CH IP 1.5U NVR-4HDD BAY-IP 12MP/30FPS(320MBPS)-24 PORT POE SWITCH 8TB INCLUDED (MADE IN KOREA),ICRealtime,111122.61,111122.61,0.0,66673.57,0.0,Matched - price identical
NVR-MX08POE-1U4K1,ICREALTIME 8CH IP 1U SHELFMOUNT NVR - 2HDD - IP RESOLUTION UP TO 8MP/30FPS (128MBPS) - 8 PORT EMBED,ICRealtime,22996.52,22996.52,0.0,13797.92,0.0,Matched - price identical
NVR-MX08POE-1U4K1-2TB,8CH IP 1U SHELF NVR-2HDD BAY-IP 8MP/30FPS(128MBPS)-8 PORT POE SWITCH 2TB INCLUDED (MADE IN KOREA),ICRealtime,30506.96,30506.96,0.0,18304.18,0.0,Matched - price identical
NVR-MX16POE-1U4K1,ICREALTIME 16CH IP 1U SHELFMOUNT NVR - 2HDD - IP RESOLUTION UP TO 8MP/30FPS (128MBPS) - 16 PORT EMB,ICRealtime,34757.39,34757.39,0.0,20854.44,0.0,Matched - price identical
NVR-MX16POE-1U4K1-4TB,16CH IP 1U SHELF NVR-2HDD BAY-IP 8MP/30FPS(128MBPS)-16 PORT POE SWITCH 4TB INCLUDED (MADE IN KOREA),ICRealtime,42267.83,42267.83,0.0,25360.7,0.0,Matched - price identical
OA62,OneAcoustic 6.5inch In-ceiling Speaker Pair,OneAcoustic Home Audio,2173.04,2173.04,0.0,1303.83,0.0,Matched - price identical
OA82,OneAcoustic 8inch In-ceiling Speaker Pair,OneAcoustic Home Audio,2868.7,2868.7,0.0,1721.22,0.0,Matched - price identical
OBERON 1 B,OBERON 1 BLACK BOOKSHELF SPEAKER,Dali,7817.39,7817.39,0.0,5733.91,0.0,Matched - price identical
OBERON 1 W,OBERON 1 WHITE BOOKSHELF SPEAKER,Dali,7817.39,7817.39,0.0,5733.91,0.0,Matched - price identical
OBERON 1 WAL,DALI OBERON 1 DARK WALNUT,Dali,7817.39,7817.39,0.0,5738.61,0.0,Matched - price identical
OBERON 3 B,OBERON 3 BLACK BOOKSHELF SPEAKER,Dali,10426.09,10426.09,0.0,6255.65,0.0,Matched - price identical
OBERON 3 DWAL,OBERON 3 DARK WALNUT BOOKSHELF SPEAKER,Dali,10426.09,10426.09,0.0,6255.65,0.0,Matched - price identical
OBERON 3 W,OBERON 3 WHITE BOOKSHELF SPEAKER,Dali,10426.09,10426.09,0.0,6255.65,0.0,Matched - price identical
OBERON 5 B,OBERON 5 BLACK FLOOR STANDING SPEAKER,Dali,15643.48,15643.48,0.0,9386.09,0.0,Matched - price identical
OBERON 5 W,OBERON 5 WHITE FLOOR STANDING SPEAKER,Dali,15643.48,15643.48,0.0,9386.09,0.0,Matched - price identical
OBERON 5 WAL,OBERON 5 DARK WALNUT FLOOR STANDING SPEAKER,Dali,15643.48,15643.48,0.0,9386.09,0.0,Matched - price identical
OBERON 5 WO,OBERON 5 WHITE OAK FLOOR STANDING SPEAKER,Dali,15643.48,15643.48,0.0,9386.09,0.0,Matched - price identical
OBERON 7 B,OBERON 7 BLACK FLOOR STANDING SPEAKER,Dali,21738.26,21738.26,0.0,11994.78,0.0,Matched - price identical
OBERON 7 DWAL,OBERON 7 DARK WALNUT FLOOR STANDING SPEAKER,Dali,21738.26,21738.26,0.0,11994.78,0.0,Matched - price identical
OBERON 7 W,OBERON 7 WHITE FLOOR STANDING SPEAKER test,Dali,21738.26,21738.26,0.0,13042.96,0.0,Matched - price identical
OBERON 9 B,DALI OBERON 9 BLACK ASH,Dali,36520.87,36520.87,0.0,21912.52,0.0,Matched - price identical
OBERON 9 WAL,DALI OBERON 9 DARK WALNUT,Dali,36520.87,36520.87,0.0,21912.52,0.0,Matched - price identical
OBERON OW B,OBERON ON-WALL BLACK,Dali,11303.48,11303.48,0.0,6255.65,0.0,Matched - price identical
OBERON OW DWAL,OBERON ON-WALL DARK WALLNUT,Dali,11303.48,11303.48,0.0,0.0,0.0,Matched - price identical
OBERON OW W,OBERON ON-WALL WHITE,Dali,11303.48,11303.48,0.0,6255.65,0.0,Matched - price identical
OBERON VOK B,OBERON VOKAL BLACK,Dali,7295.65,7295.65,0.0,4377.39,0.0,Matched - price identical
OBERON VOK DWAL,OBERON VOKAL DARK WALLNUT,Dali,7295.65,7295.65,0.0,4377.39,0.0,Matched - price identical
OBERON VOK W,OBERON VOKAL WHITE,Dali,7295.65,7295.65,0.0,4377.39,0.0,Matched - price identical
ONEG1EU1,SONOS ONE WHITE,Sonos,5216.52,5216.52,0.0,4173.22,0.0,Matched - price identical
ONEG1EU1BLK,SONOS ONE BLACK,Sonos,5216.52,5216.52,0.0,4173.22,0.0,Matched - price identical
ONEG2EU1,Sonos One Gen2 Ultimate Wireless Smart Bookshelf Speaker - White (S18),Sonos,5216.52,5216.52,0.0,4173.22,0.0,Matched - price identical
ONEG2EU1BLK,Sonos One Gen2 Ultimate Wireless Smart Bookshelf Speaker - Black (S18),Sonos,5216.52,5216.52,0.0,4173.22,0.0,Matched - price identical
ONEG2UK1,Sonos ONE (Gen2)Eu White,Sonos,4520.87,4520.87,0.0,3825.39,0.0,Matched - price identical
ONEG2UK1BLK,Sonos ONE (Gen2) EU Black,Sonos,4520.87,4520.87,0.0,3825.39,0.0,Matched - price identical
ONESLEU1,Sonos One SL Ultimate Wireless Smart Bookshelf Speaker - White (S22),Sonos,4781.74,4781.74,0.0,3825.39,0.0,Matched - price identical
ONESLEU1BLK,Sonos One SL Ultimate Wireless Smart Bookshelf Speaker - Black (S22),Sonos,4781.74,4781.74,0.0,3825.39,0.0,Matched - price identical
OPADBWW1BLK,OPTICAL ADAPTER 5-PACK,Sonos,1477.39,1477.39,0.0,0.0,0.0,Matched - price identical
OPADPWW1BLK,HDMI ARC to Optical Adaptor,Sonos,1477.39,1477.39,0.0,0.0,0.0,Matched - price identical
OPTFOR0.75,Audioquest Forest Optilink 0.75m Braided Optical Fiber Cable,AudioQuest,868.7,868.7,0.0,669.57,0.0,Matched - price identical
OPTFOR01.5,Audioquest Forest Optilink 1.5m Braided Optical Fiber Cable,AudioQuest,1042.61,1042.61,0.0,852.17,0.0,Matched - price identical
OPTICON 2 B,OPTICON 2 BLACK BOOKSHELF SPEAKER,Dali,20868.7,20868.7,0.0,12521.22,0.0,Matched - price identical
OPTICON 5 W,OPTICON 5 WHITE FLOOR STANDING SPEAKER,Dali,26947.83,26947.83,0.0,16168.7,0.0,Matched - price identical
OPTICON 6 MK2 TO,DALI OPTICON 6 MK2 TOBACCO OAK,Dali,34781.74,34781.74,0.0,20869.04,0.0,Matched - price identical
OPTICON 8 B,OPTICON 8 BLACK FLOOR STANDING SPEAKER,Dali,58260.0,58260.0,0.0,31299.13,0.0,Matched - price identical
OPTICON 8 MK2 B,OPTICON 8 BLACK FLOOR STANDING SPEAKER,Dali,58260.0,58260.0,0.0,34956.0,0.0,Matched - price identical
OPTICON LCR MK2 B,DALI OPTICON LCR MK2 BLACK,Dali,14781.74,14781.74,0.0,8869.04,0.0,Matched - price identical
OPTICON LCR MK2 WH,DALI OPTICON LCR MK2 WHITE,Dali,14781.74,14781.74,0.0,8869.04,0.0,Matched - price identical
OPTICON LCR W,OPTICON WHITE LEFT CENTER RIGHT,Dali,12600.0,12600.0,0.0,7560.0,0.0,Matched - price identical
OPTICON VOK B,OPTICON VOKAL BLACK CENTER SPEAKER,Dali,10426.09,10426.09,0.0,6255.65,0.0,Matched - price identical
OPTICON VOK W,OPTICON VOKAL WHITE CENTER SPEAKER,Dali,10426.09,10426.09,0.0,6255.65,0.0,Matched - price identical
OPTPEA0.75,Audioquest Pearl Optilink 0.75m PVC Optical Fiber Cable,AudioQuest,607.83,607.83,0.0,486.96,0.0,Matched - price identical
OPTPEA01.5,Audioquest Pearl Optilink 1.5m PVC Optical Fiber Cable,AudioQuest,694.78,694.78,0.0,547.83,0.0,Matched - price identical
OPTSPL,Optical Splitter HDANYWHERE,HDANYWHERE,607.83,607.83,0.0,364.7,0.0,Matched - price identical
ORB,2MP INDOOR PT WIFI CAMERA BUILT-IN MICROPHONE & SPEAKER 33FT IR TRACKING DASH CLOUD SERVICE,ICRealtime,3401.74,3401.74,0.0,2721.4,0.0,Matched - price identical
ORB-OUTDOOR,4MP INDOOR/OUTDOOR PT WIFI CAMERA BUILT-IN MICROPHONE & SPEAKER 98FT IR IC-HOME CLOUD SERVICE,ICRealtime,5720.87,5720.87,0.0,4576.7,0.0,Matched - price identical
OSL-PRO10-00,RUNTIME LICENSE - PRO 10,SAVANT,90873.91,90873.91,0.0,54524.35,0.0,Matched - price identical
OSL-SMRT9-00,RUNTIME LICENSE - SMART 9,SAVANT,12128.7,12128.7,0.0,7277.22,0.0,Matched - price identical
OSL-SUPERPRO10-00,RUNTIME LICENSE - SUPER PRO 10,SAVANT,181747.83,181747.83,0.0,109048.7,0.0,Matched - price identical
OUTDRWW1,Sonos Outdoor by Sonance {Pair} 8518.22.00.90,Sonos,13042.6087,13042.61,-0.001299999999901047,10434.09,0.0,Matched - price identical
Orbit,ICREALTIME 2MP Indoor Pan Tilt WiFi security Camera Built-In Microphone And Speaker 33ft IR distanc,ICRealtime,3006.96,3006.96,0.0,2405.57,0.0,Matched - price identical
P-LCRDM-MK2,PORTRAIT LCR-DM MK2,SAVANT,36842.61,36842.61,0.0,22105.57,0.0,Matched - price identical
PAS-1000-00,PUBLIC ANNOUNCEMENT SYSTEM,SAVANT,12064.35,12064.35,0.0,7238.61,0.0,Matched - price identical
PAV-AIM7C-10,SAVANT PROAV 7 SOURCE AUDIO INPUT IP TRANSMITTER WITH CONTROL,SAVANT,28726.09,28726.09,0.0,17235.66,0.0,Matched - price identical
PAV-AIM7C-20,SAVANT PROAV 7 SOURCE AUDIO INPUT IP TRANSMITTER WITH CONTROL,SAVANT,29653.04,29653.04,0.0,17791.83,0.0,Matched - price identical
PAV-AIO1C-00,IP AUDIO SINGLE IN AND OUT,SAVANT,11119.13,11119.13,0.0,6671.48,0.0,Matched - price identical
PAV-AOM8C-10,SAVANT PROAV 16 CHANNEL AUDIO OUTPUT IP RECEIVER WITH CONTROL,SAVANT,44479.13,44479.13,0.0,26687.48,0.0,Matched - price identical
PAV-AOMBAL8C-10,IP AUDIO 16 CHANNEL BALANCED AUDIO OUTPUT IP RECEIVER WITH CONTROL,SAVANT,44479.13,44479.13,0.0,26687.48,0.0,Matched - price identical
PAV-AOMWS1C-00,IP AUDIO WISA BRIDGE (STEREO),SAVANT,14826.09,14826.09,0.0,8895.66,0.0,Matched - price identical
PAV-SMS2001-10,IP AUDIO MUSIC SERVER,SAVANT,21213.04,21213.04,0.0,12727.83,0.0,Matched - price identical
PAV-VIM1C-01,IP VIDEO SINGLE INPUT TRANSMITTER 4K UHD WITH CONTROL NO POE,SAVANT,24622.61,24622.61,0.0,14773.57,0.0,Matched - price identical
PAV-VIM1CP2-00,IP VIDEO SINGLE INPUT TRANSMITTER 4K UHD WITH CONTROL (COPPER W/POE),SAVANT,22974.78,22974.78,0.0,13784.87,0.0,Matched - price identical
PAV-VIM4S-00,SAVANT PROAV 4 VIDEO INPUT IP TRANSMITTER 4K UHD WITH CONTROL,SAVANT,210307.83,210307.83,0.0,126184.7,0.0,Matched - price identical
PAV-VIM4S-10,SAVANT PROAV 4 VIDEO INPUT IP TRANSMITTER 4K UHD WITH CONTROL,SAVANT,223427.83,223427.83,0.0,134056.7,0.0,Matched - price identical
PAV-VIM8S-10,SAVANT PROAV 8 VIDEO INPUT IP TRANSMITTER 4K UHD WITH CONTROL,SAVANT,383019.13,383019.13,0.0,229811.48,0.0,Matched - price identical
PAV-VIMAP4S-10,IP VIDEO 4 INPUT TRANSMITTER 4K UHD WITH AUDIO PROCESSING AND CONTROL,SAVANT,271305.22,271305.22,0.0,162783.14,0.0,Matched - price identical
PAV-VIMAP8S-10,IP VIDEO 8 INPUT TRANSMITTER 4K UHD WITH AUDIO PROCESSING AND CONTROL,SAVANT,478773.91,478773.91,0.0,287264.35,0.0,Matched - price identical
PAV-VIMVP1CP2-00,IP VIDEO SINGLE INPUT TRANSMITTER 4K WITH POE+ (COPPER),SAVANT,50693.04,50693.04,0.0,30415.83,0.0,Matched - price identical
PAV-VIMVP1F-10,SAVANT IP VIDEO SINGLE INPUT TRANSMITTER 4K UHD WITH CONTROL - FIBER,SAVANT,41895.65,41895.65,0.0,25137.4,0.0,Matched - price identical
PAV-VOM1CP2-00,IP VIDEO SINGLE OUTPUT RECEIVER 4K UHD WITH CONTROL (COPPER W/POE),SAVANT,20946.96,20946.96,0.0,12568.18,0.0,Matched - price identical
PAV-VOMVP1CP2-00,IP VIDEO SINGLE OUTPUT RECEIVER 4K WITH POE+ (COPPER),SAVANT,41895.65,41895.65,0.0,25137.4,0.0,Matched - price identical
PAV-VOMVP1F2-00,IP VIDEO SINGLE OUTPUT RECEIVER 4K WITH CONTROL (FIBER),SAVANT,46085.22,46085.22,0.0,27651.14,0.0,Matched - price identical
PB050,PB 050 DISPLAY TABLE STAND,Vogels,4346.96,4346.96,0.0,3042.87,0.0,Matched - price identical
PB150,PB 150 DISPLAY TROLLEY 150CM,Vogels,9390.43,9390.43,0.0,6573.3,0.0,Matched - price identical
PB175,PB 175 DISPLAY TROLLEY 175CM,Vogels,10173.04,10173.04,0.0,7121.13,0.0,Matched - price identical
PBAR1EU1BLK,PLAYBAR EU (Black),Sonos,12173.04,12173.04,0.0,9738.43,0.0,Matched - price identical
PBASEEU1,PLAYBASE WHITE,Sonos,12173.04,12173.04,0.0,0.0,0.0,Matched - price identical
PBASEEU1BLK,PLAYBASE BLACK,Sonos,12173.04,12173.04,0.0,0.0,0.0,Matched - price identical
PBRWMWW1,PLAYBAR WALLMOUNT,Sonos,520.87,520.87,0.0,416.69,0.0,Matched - price identical
PCS1LEU1,Sonos Long Angled Power Cable EU (White) 8544.42.2000,Sonos,4346.96,4346.96,0.0,3477.57,0.0,Matched - price identical
PCS1LEU1BLK,Sonos Long Angled Power Cable EU (Black) 8544.42.2000,Sonos,4346.96,4346.96,0.0,3477.57,0.0,Matched - price identical
PD10AEM2BMMP,Pioneer PD10AE Pure Audio CD/SACD Player,Pioneer,7390.43,7390.43,0.0,5173.3,0.0,Matched - price identical
PD30AEBMMP,Pioneer PD30AE Pure Audio CD Player,Pioneer,8260.0,8260.0,0.0,5782.0,0.0,Matched - price identical
PFA9001,PFA 9001 TURN&TILT UNIT,Vogels,2539.13,2539.13,0.0,1777.39,0.0,Matched - price identical
PFA9002,PFA 9002 DUAL TURN&TILT UNIT,Vogels,2539.13,2539.13,0.0,1777.39,0.0,Matched - price identical
PFA9003,PFA 9003 EXTENSION POLE 150CM,Vogels,1913.04,1913.04,0.0,1339.13,0.0,Matched - price identical
PFA9004,PFA 9004 EXTENSION POLE 300CM,Vogels,2773.91,2773.91,0.0,1941.74,0.0,Matched - price identical
PFA9006,PFA 9006 STABILISATION KIT,Vogels,1530.43,1530.43,0.0,1071.3,0.0,Matched - price identical
PFA9007,PFA 9007 JOIST ADAPTER,Vogels,669.57,669.57,0.0,468.7,0.0,Matched - price identical
PFA9008,PFA 9008 ANTI-THEFT LOCK SET FOR FAU 3125/3150,Vogels,278.26,278.26,0.0,194.78,0.0,Matched - price identical
PFA9010,PFA 9010 CEILING PLATE,Vogels,278.26,278.26,0.0,194.78,0.0,Matched - price identical
PFA9011,PFA 9011 DISPLAY FIXED FLOOR STAND,Vogels,11400.0,11400.0,0.0,7980.0,0.0,Matched - price identical
PFA9015,PFA 9015 EXTENSION POLE 80CM,Vogels,1295.65,1295.65,0.0,906.96,0.0,Matched - price identical
PFA9016,PFA 9016 EXTENSION POLE 30CM,Vogels,721.74,721.74,0.0,505.22,0.0,Matched - price identical
PFA9023,PFA 9023 POLE COUPLER 9000 SERIES,Vogels,1643.48,1643.48,0.0,1150.43,0.0,Matched - price identical
PFA9028,PFA 9028 FLOOR PLATE 9000 SERIES,Vogels,947.83,947.83,0.0,663.48,0.0,Matched - price identical
PFA9030,PFA 9030 TURN&TILT UNIT,Vogels,1295.65,1295.65,0.0,906.96,0.0,Matched - price identical
PFA9031,PFA9031 Column Clamp,Vogels,2947.83,2947.83,0.0,2063.48,0.0,Matched - price identical
PFA9033,PFA 9033 ACCESSORY SHELF,Vogels,3999.13,3999.13,0.0,2799.39,0.0,Matched - price identical
PFA9034,PFA 9034 LOCKING CABINET,Vogels,6694.78,6694.78,0.0,4686.35,0.0,Matched - price identical
PFA9038,PFA 9038 ACCESSORY SHELF FOR PFA POLES PFF 1550/1570 & PFA 9011,Vogels,4086.09,4086.09,0.0,2860.26,0.0,Matched - price identical
PFA9052,PFA 9052 LOCKING CABINET LARGE,Vogels,9303.48,9303.48,0.0,6512.43,0.0,Matched - price identical
PFA9100,PFA 9100 MOUNTING KIT INSERTS M5/M8,Vogels,113.04,113.04,0.0,79.13,0.0,Matched - price identical
PFA9101,PFA 9101 CONNECT-IT SMALL FLOOR PLATE,Vogels,582.61,582.61,0.0,407.83,0.0,Matched - price identical
PFA9102,PFA 9102 DUAL MONITOR ADAPTER,Vogels,4086.09,4086.09,0.0,2860.26,0.0,Matched - price identical
PFA9103,PFA 9103 CONNECT-IT LARGE FLOOR PLATE,Vogels,955.65,955.65,0.0,668.96,0.0,Matched - price identical
PFA9104,PFA 9104 CONNECT-IT LARGE  BAR COUPLER,Vogels,1303.48,1303.48,0.0,912.43,0.0,Matched - price identical
PFA9105,PFA 9105 WHITE POLE COVERS FOR PUC 23XX SERIES,Vogels,52.17,52.17,0.0,36.52,0.0,Matched - price identical
PFA9106,PFA 9106 WHITE CEILING COVERS FOR PUC 21XX AND 23XX SERIES,Vogels,42.61,42.61,0.0,29.83,0.0,Matched - price identical
PFA9107,PFA 9107 WHITE POLE COVERS FOR PUC 25XX SERIES,Vogels,120.87,120.87,0.0,84.61,0.0,Matched - price identical
PFA9108,PFA 9108 WHITE CEILING COVERS FOR PUC 25XX SERIES,Vogels,77.39,77.39,0.0,54.17,0.0,Matched - price identical
PFA9109,PFA 9109 PADLOCK FOR PFS 33XX,Vogels,207.83,207.83,0.0,145.48,0.0,Matched - price identical
PFA9112,PFA 9112 CONNECT-IT LOCKING CABINET SMALL,Vogels,9042.61,9042.61,0.0,6329.83,0.0,Matched - price identical
PFA9113,PFA 9113 CONNECT-IT LOCKING CABINET LARGE,Vogels,9390.43,9390.43,0.0,6573.3,0.0,Matched - price identical
PFA9114,PFA 9114 WHEELS HEAVY DUTY,Vogels,3477.39,3477.39,0.0,2434.17,0.0,Matched - price identical
PFA9115,PFA 9115 BACK COVERS 42-47 INCH BLACK,Vogels,7825.22,7825.22,0.0,5477.65,0.0,Matched - price identical
PFA9116,PFA 9116 BACK COVERS 50-55 INCH BLACK,Vogels,9042.61,9042.61,0.0,6329.83,0.0,Matched - price identical
PFA9117,PFA 9117 WALL MOUNT SUPPORT FOR PFWE 7150,Vogels,5825.22,5825.22,0.0,4077.65,0.0,Matched - price identical
PFA9118,PFA 9118 PC HOLDER FOR PFTE 7112,Vogels,2607.83,2607.83,0.0,1825.48,0.0,Matched - price identical
PFA9119,PFA 9119 ELECTRONIC SAFETY STRIP,Vogels,4346.96,4346.96,0.0,3042.87,0.0,Matched - price identical
PFA9120,PFA 9120 BACK COVERS 42-47 INCH PORTRAIT,Vogels,8607.83,8607.83,0.0,6025.48,0.0,Matched - price identical
PFA9121,PFA 9121 BACK COVERS 50-55 INCH PORTRAIT,Vogels,9825.22,9825.22,0.0,6877.65,0.0,Matched - price identical
PFA9122,PFA 9122 Z-BRACKET,Vogels,1477.39,1477.39,0.0,1034.17,0.0,Matched - price identical
PFA9123,PFA 9123 MOUNTING KIT PFB 34XX TO PUC 23XX,Vogels,139.13,139.13,0.0,97.39,0.0,Matched - price identical
PFA9124,PFA 9124 TROLLEY GRIP,Vogels,520.87,520.87,0.0,364.61,0.0,Matched - price identical
PFA9125,PFA 9125 DUAL DESK MOUNT ADAPTER,Vogels,3651.3,3651.3,0.0,2555.91,0.0,Matched - price identical
PFA9126,PFA 9126 PFB 34XX BRACKET KIT,Vogels,416.52,416.52,0.0,291.57,0.0,Matched - price identical
PFA9127,PFA 9127 ACCESSORY CLAMP,Vogels,1477.39,1477.39,0.0,1034.17,0.0,Matched - price identical
PFA9128,PFA 9128 CABLE CLIP PFB 34xx 20PCS/BOX,Vogels,955.65,955.65,0.0,668.96,0.0,Matched - price identical
PFA9129,PFA 9129 CONNECT-IT VIDEO WALL CROSS BAR 1150MM,Vogels,5129.57,5129.57,0.0,3590.7,0.0,Matched - price identical
PFA9130,PFA 9130 CONNECT-IT VIDEO WALL CROSS BAR 1500MM,Vogels,5912.17,5912.17,0.0,4138.52,0.0,Matched - price identical
PFA9131,PFA 9131 CONNECT-IT POLE COUPLER FOR PUC 29xx,Vogels,1721.74,1721.74,0.0,1205.22,0.0,Matched - price identical
PFA9132,PFA 9132 CONNECT-IT FLOOR / CEILING SUPPORT,Vogels,3477.39,3477.39,0.0,2434.17,0.0,Matched - price identical
PFA9133,PFA 9133 CONNECT-IT WALL SUPPORT SLIDING BRACKET,Vogels,2686.96,2686.96,0.0,1880.87,0.0,Matched - price identical
PFA9134,PFA 9134 WALL BRACKET MOTORIZED DISPLAY LIFT,Vogels,1382.61,1382.61,0.0,967.83,0.0,Matched - price identical
PFA9136,PFA 9136 UNISEE MOUNTING ADAPTER 9  PCS,Vogels,7129.57,7129.57,0.0,4990.7,0.0,Matched - price identical
PFA9137,PFA 9137 UNISEE MOUNTING BOX,Vogels,781.74,781.74,0.0,547.22,0.0,Matched - price identical
PFA9138,PFA 9138 UNISEE SPACER STRAIGHT VIDEO WALL,Vogels,1825.22,1825.22,0.0,1277.65,0.0,Matched - price identical
PFA9139,PFA 9139 ANGLED ADAPTER FOR PFW 6875,Vogels,6121.74,6121.74,0.0,4285.22,0.0,Matched - price identical
PFA9140,PFA 9140 UNISEE SPACER CURVED VIDEO WALL 0-10 DEGREE,Vogels,51303.48,51303.48,0.0,35912.43,0.0,Matched - price identical
PFA9141,WALL SUPPORT SLIDING BRACKET BASIC KIT LONG,Vogels,3651.3,3651.3,0.0,2555.91,0.0,Matched - price identical
PFA9142,WALL SUPPORT EXTENSION KIT 2 ARMS FOR PFA 9141,Vogels,2173.04,2173.04,0.0,1521.13,0.0,Matched - price identical
PFA9143,WALL SUPPORT EXTENSION KIT 3 ARMS FOR PFA 9141,Vogels,3129.57,3129.57,0.0,2190.7,0.0,Matched - price identical
PFA9144,WALL SUPPORT SLIDING BRACKET BASIC KIT SHORT,Vogels,2955.65,2955.65,0.0,2068.96,0.0,Matched - price identical
PFA9145,PFA 9145 COLUMN CLAMP CONNECT-IT,Vogels,4520.87,4520.87,0.0,3164.61,0.0,Matched - price identical
PFA9146,PFA 9146 INTERFACE EXTENDER 800x400,Vogels,1704.35,1704.35,0.0,1193.04,0.0,Matched - price identical
PFA9147,PFA 9147 COVER FOR PFI 3061/3062,Vogels,1704.35,1704.35,0.0,1193.04,0.0,Matched - price identical
PFA9150,PFA 9150 UNISEE PORTRAIT EVEN,Vogels,40868.7,40868.7,0.0,28608.09,0.0,Matched - price identical
PFA9151,PFA 9151 UNISEE SPACER PORTRAIT UNEVEN,Vogels,40868.7,40868.7,0.0,28608.09,0.0,Matched - price identical
PFB3402,PFB 3402 INTERFACE BAR 290MM SILVER,Vogels,1529.57,1529.57,0.0,1070.7,0.0,Matched - price identical
PFB3402B,PFB 3402 INTERFACE BAR 290MM BLACK,Vogels,1104.35,1104.35,0.0,851.57,0.0,Matched - price identical
PFB3405B,PFB 3405 INTERFACE BAR 515MM BLACK,Vogels,1400.0,1400.0,0.0,851.57,0.0,Matched - price identical
PFB3407,Interface Bar 715mm - Connect-It,Vogels,2346.96,2346.96,0.0,1642.87,0.0,Matched - price identical
PFB3407B,PFB 3407 INTERFACE BAR 715MM BLACK,Vogels,1686.96,1686.96,0.0,1338.52,0.0,Matched - price identical
PFB3409,Interface bar 915mm - Connect-It,Vogels,2738.26,2738.26,0.0,1916.78,0.0,Matched - price identical
PFB3409B,PFB 3409 INTERFACE BAR 915MM BLACK,Vogels,1956.52,1956.52,0.0,1521.13,0.0,Matched - price identical
PFB3411B,PFB 3411 INTERFACE BAR 1175MM BLACK,Vogels,2373.91,2373.91,0.0,1825.48,0.0,Matched - price identical
PFB3419,Interface Bar 1915mm - Connect-It,Vogels,5738.26,5738.26,0.0,4016.78,0.0,Matched - price identical
PFB3419B,PFB 3419 INTERFACE BAR 1915MM BLACK,Vogels,5738.26,5738.26,0.0,3042.87,0.0,Matched - price identical
PFB3427B,PFB 3427 INTERFACE BAR 2765MM BLACK,Vogels,5165.22,5165.22,0.0,4016.78,0.0,Matched - price identical
PFB3433B,PFB 3433 INTERFACE BAR 3315MM BLACK,Vogels,8694.78,8694.78,0.0,4868.96,0.0,Matched - price identical
PFC555,PFC 555 DISPLAY CEILING KIT,Vogels,4695.0,4695.0,0.0,3286.35,0.0,Matched - price identical
PFC585,PFC 585 DISPLAY CEILING KIT,Vogels,5390.0,5390.0,0.0,3773.3,0.0,Matched - price identical
PFD8522,PFD 8522 DESK MOUNT 2 PIVOTS,Vogels,4607.83,4607.83,0.0,3225.48,0.0,Matched - price identical
PFD8523,PFD 8523 DESK MOUNT 3 PIVOTS,Vogels,4868.7,4868.7,0.0,3408.09,0.0,Matched - price identical
PFD8541,PFD 8541 DESK MOUNT GAS SPRING LIGHT - MEDIUM,Vogels,6955.65,6955.65,0.0,4868.96,0.0,Matched - price identical
PFD8543,PFD 8543 DESK MOUNT GAS SPRING MEDIUM - HEAVY,Vogels,6955.65,6955.65,0.0,4868.96,0.0,Matched - price identical
PFF1550,PFF 1550 DISPLAY FLOOR STAND 150CM,Vogels,15765.22,15765.22,0.0,11035.65,0.0,Matched - price identical
PFF1570,PFF 1570 DISPLAY FLOOR STAND 170CM,Vogels,16904.35,16904.35,0.0,11833.04,0.0,Matched - price identical
PFF2420,PFF 2420 DISPLAY FLOOR STAND,Vogels,26520.87,26520.87,0.0,18564.61,0.0,Matched - price identical
PFF5100,PFF 5100 VIDEO CONFERENCING FURNITURE,Vogels,83216.52,83216.52,0.0,58251.57,0.0,Matched - price identical
PFF5211,PFF 5211 VIDEO CONFERENCING FURNITURE,Vogels,86955.65,86955.65,0.0,60868.96,0.0,Matched - price identical
PFF7020,PFF 7020 FLOOR PLATE LARGE Black,Vogels,7825.22,7825.22,0.0,5477.65,0.0,Matched - price identical
PFF7025,PFF 7025 FLOOR PLATE LARGE BLACK,Vogels,5286.96,5286.96,0.0,3700.87,0.0,Matched - price identical
PFF7030,PFF 7030 FLOOR PLATE EXTRA LARGE Black,Vogels,10694.78,10694.78,0.0,7486.35,0.0,Matched - price identical
PFF7040,PFF 7040 FLOOR PLATE BACK TO BACK LARGE Black,Vogels,9564.35,9564.35,0.0,6695.04,0.0,Matched - price identical
PFF7050,PFF 7050 FLOOR PLATE BACK TO BACK EXTRA LARGE Black,Vogels,9156.52,9156.52,0.0,6409.57,0.0,Matched - price identical
PFF7060,PFF 7060 FLOOR MOUNTING PLATE Black,Vogels,2173.04,2173.04,0.0,1521.13,0.0,Matched - price identical
PFF7805,PFF 7805 VIDEO WALL FLOOR STAND 2X2 FOR 46-55 INCH,Vogels,111486.96,111486.96,0.0,78040.87,0.0,Matched - price identical
PFF7810,PFF 7810 VIDEO WALL FLOOR STAND 3X3 FOR 46 INCH,Vogels,156626.09,156626.09,0.0,109638.26,0.0,Matched - price identical
PFF7920,PFF 7920 CONNECT-IT VIDEO WALL FLOOR STAND BASE,Vogels,8694.78,8694.78,0.0,6086.35,0.0,Matched - price identical
PFF7960,PFF 7960 CONNECT-IT FLOOR MOUNTING PLATE,Vogels,4617.39,4617.39,0.0,3232.17,0.0,Matched - price identical
PFF7965,PFF 7965 FLOOR PLATE ADJUSTABLE,Vogels,9564.35,9564.35,0.0,6695.04,0.0,Matched - price identical
PFFE7105,PFFE 7105 MOTORIZED DISPLAY LIFT 50CM,Vogels,11678.26,11678.26,0.0,8174.78,0.0,Matched - price identical
PFFE7106,PFFE 7106 MOTORIZED DISPLAY LIFT 60CM,Vogels,12373.91,12373.91,0.0,8661.74,0.0,Matched - price identical
PFFE7109,PFFE 7109 MOTORIZED DISPLAY LIFT 99CM,Vogels,18843.48,18843.48,0.0,13190.43,0.0,Matched - price identical
PFFE7131,PFFE 7131 MOTORIZED DISPLAY LIFT,Vogels,23365.22,23365.22,0.0,16355.65,0.0,Matched - price identical
PFI3015,PFI 3015 INTERFACE 50X50 75X75 100X100,Vogels,1216.52,1216.52,0.0,851.57,0.0,Matched - price identical
PFI3035,PFI 3035 (TO BE REPLACED WITH PFI 3045),Vogels,1643.48,1643.48,0.0,1150.43,0.0,Matched - price identical
PFI3045,PFI 3045 INTERFACE 200X100 200X200,Vogels,1564.35,1564.35,0.0,1095.04,0.0,Matched - price identical
PFI3061,PFI 3061 INTERFACE BOX FOR PFFE 7105 / 7106,Vogels,7295.65,7295.65,0.0,5106.96,0.0,Matched - price identical
PFI3062,PFI 3062  INTERFACE BOX FOR for PFFE 7109,Vogels,7295.65,7295.65,0.0,5106.96,0.0,Matched - price identical
PFIXPLANO-00063,PLANO-99-Ref White 16:9,Adeo Screens,14884.35,14884.35,0.0,12904.35,0.0,Matched - price identical
PFIXPLANO-00066,PLANO - 113 - Vision Acoustik 16:9,Adeo Screens,26752.17,26752.17,0.0,18726.52,0.0,Matched - price identical
PFIXPLANO-00180,Adeo Plano 135 Vision Acoustik,Adeo Screens,40417.39,40417.39,0.0,0.0,0.0,Matched - price identical
PFIXPLANO-00544,PLANO- 128 - Amb Grey 16:9,Adeo Screens,25473.91,25473.91,0.0,18717.39,0.0,Matched - price identical
PFS3204,PFS 3204 INTERFACE DISPLAY STRIP 160 KG,Vogels,2173.04,2173.04,0.0,1521.13,0.0,Matched - price identical
PFS3208,PFS 3208 INTERFACE DISPLAY STRIP 160 KG,Vogels,2868.7,2868.7,0.0,2008.09,0.0,Matched - price identical
PFS3302,PFS 3302 INTERFACE DISPLAY STRIPS 300MM,Vogels,1738.26,1738.26,0.0,1216.78,0.0,Matched - price identical
PFS3304,PFS 3304 INTERFACE DISPLAY STRIPS 450MM,Vogels,1912.17,1912.17,0.0,1338.52,0.0,Matched - price identical
PFS3306,PFS 3306 INTERFACE DISPLAY STRIPS 630MM,Vogels,2173.04,2173.04,0.0,1521.13,0.0,Matched - price identical
PFS3308,PFS 3308 INTERFACE DISPLAY STRIPS 830MM,Vogels,2433.91,2433.91,0.0,1703.74,0.0,Matched - price identical
PFS3311,PFS 3311 INTERFACE DISPLAY STRIP 1130MM,Vogels,3042.61,3042.61,0.0,2129.83,0.0,Matched - price identical
PFS3504,PFS 3504 INTERFACE 3-D ADJUSTABLE DISPLAY STRIP,Vogels,3477.39,3477.39,0.0,2434.17,0.0,Matched - price identical
PFS3508,PFS 3508 INTERFACE 3-D ADJUSTABLE DISPLAY STRIP,Vogels,4955.65,4955.65,0.0,3468.96,0.0,Matched - price identical
PFT2515,PFT 2515 DISPLAY TROLLEY 59-64CM,Vogels,21564.35,21564.35,0.0,15095.04,0.0,Matched - price identical
PFT2520,PFT 2520 DISPLAY TROLLEY 113-177CM,Vogels,26433.91,26433.91,0.0,18503.74,0.0,Matched - price identical
PFT8520,PFT 8520 TROLLEY FRAME LARGE Black,Vogels,8346.96,8346.96,0.0,5842.87,0.0,Matched - price identical
PFT8525,PFT 8525 TROLLEY FRAME LARGE BLACK,Vogels,5486.96,5486.96,0.0,3840.87,0.0,Matched - price identical
PFT8530,PFT 8530 TROLLEY FRAME EXTRA LARGE Black,Vogels,10955.65,10955.65,0.0,7668.96,0.0,Matched - price identical
PFT8810,PFT 8810 VIDEO WALL TROLLEY 3X3,Vogels,93043.48,93043.48,0.0,65130.43,0.0,Matched - price identical
PFT8920,PFT 8920 CONNECT-IT VIDEO WALL TROLLEY BASE,Vogels,9477.39,9477.39,0.0,6634.17,0.0,Matched - price identical
PFTE7111,PFTE 7111 MOTORIZED DISPLAY TROLLEY WITH CABINET,Vogels,73042.61,73042.61,0.0,51129.83,0.0,Matched - price identical
PFTE7112,PFTE 7112 MOTORIZED DISPLAY TROLLEY,Vogels,54781.74,54781.74,0.0,38347.22,0.0,Matched - price identical
PFTE7121,PFTE 7121 TOUCH TABLE MOTORIZED CABINET,Vogels,113042.61,113042.61,0.0,79129.83,0.0,Matched - price identical
PFW1030,PFW 1030 DISPLAY WALL MOUNT TURN &TILT,Vogels,1912.17,1912.17,0.0,1338.52,0.0,Matched - price identical
PFW1040,PFW 1040 DISPLAY WALL MOUNT TURN &TILT,Vogels,2346.96,2346.96,0.0,1642.87,0.0,Matched - price identical
PFW2020,PFW 2020 DISPLAY WALL MOUNT TURN AND TILT,Vogels,1564.35,1564.35,0.0,1095.04,0.0,Matched - price identical
PFW2030,PFW 2030 DISPLAY WALL MOUNT TURN AND TILT,Vogels,2086.09,2086.09,0.0,1460.26,0.0,Matched - price identical
PFW2040,PFW 2040 DISPLAY WALL MOUNT TURN AND TILT,Vogels,2781.74,2781.74,0.0,1947.22,0.0,Matched - price identical
PFW3030,PFW 3030 DISPLAY WALL MOUNT TURN AND TILT,Vogels,2955.65,2955.65,0.0,2068.96,0.0,Matched - price identical
PFW3040,PFW 3040 DISPLAY WALL MOUNT TURN AND TILT,Vogels,4520.87,4520.87,0.0,3164.61,0.0,Matched - price identical
PFW3240,PFW3240 LCD Wall Support,Vogels,1947.83,1947.83,0.0,1363.48,0.0,Matched - price identical
PFW4200,PFW 4200 WALL MOUNT,Vogels,860.86,860.86,0.0,395.04,0.0,Matched - price identical
PFW4210,PFW 4210 WALL MOUNT TILT,Vogels,694.78,694.78,0.0,486.35,0.0,Matched - price identical
PFW4500,PFW 4500 DISPLAY WALL MOUNT FLAT,Vogels,1216.52,1216.52,0.0,851.57,0.0,Matched - price identical
PFW4510,PFW 4510 DISPLAY WALL MOUNT TILT,Vogels,1738.26,1738.26,0.0,1216.78,0.0,Matched - price identical
PFW4601,Pro wall mount FLAT 55-65 75KG,Vogels,3869.57,3869.57,0.0,2708.7,0.0,Matched - price identical
PFW4700,PFW 4700 DISPLAY WALL MOUNT FLAT,Vogels,2086.09,2086.09,0.0,1460.26,0.0,Matched - price identical
PFW4710,PFW 4710 DISPLAY WALL MOUNT TILT,Vogels,2346.96,2346.96,0.0,1642.87,0.0,Matched - price identical
PFW5808,PFW 5808 INTERFACE WALL PLATE XL 800MM,Vogels,2373.91,2373.91,0.0,1661.74,0.0,Matched - price identical
PFW5810,PFW 5810 INTERFACE WALL PLATE XL 1050 MM,Vogels,2834.78,2834.78,0.0,1984.35,0.0,Matched - price identical
PFW5814,PFW 5814 INTERFACE WALL PLATE XL 1450MM,Vogels,3147.83,3147.83,0.0,2203.48,0.0,Matched - price identical
PFW5870,PFW 5870 VIDEO WALL MODULE FIXED,Vogels,8520.87,8520.87,0.0,5964.61,0.0,Matched - price identical
PFW5908,PFW 5908 INTERFACE DISPLAY STRIP SET XL 800MM,Vogels,3904.35,3904.35,0.0,2733.04,0.0,Matched - price identical
PFW5909,PFW 5909 INTERFACE DISPLAY STRIP SET XL 1050MM,Vogels,4460.87,4460.87,0.0,3122.61,0.0,Matched - price identical
PFW5914,PFW 5914 INTERFACE DISPLAY STRIP SET XL 1450MM,Vogels,5686.96,5686.96,0.0,3980.87,0.0,Matched - price identical
PFW6400,PFW 6400 DISPLAY WALL MOUNT FIXED,Vogels,2433.91,2433.91,0.0,1703.74,0.0,Matched - price identical
PFW6410,PFW 6410 DISPLAY WALL MOUNT TILT,Vogels,3216.52,3216.52,0.0,2251.57,0.0,Matched - price identical
PFW6800,PFW 6800 DISPLAY WALL MOUNT FIXED,Vogels,2868.7,2868.7,0.0,2008.09,0.0,Matched - price identical
PFW6810,PFW 6810 DISPLAY WALL MOUNT TILT,Vogels,3651.3,3651.3,0.0,2555.91,0.0,Matched - price identical
PFW6815,PFW 6815 DISPLAY WALL MOUNT PORTRAIT FIXED,Vogels,3216.52,3216.52,0.0,2251.57,0.0,Matched - price identical
PFW6850,PFW 6850 DISPLAY WALL MOUNT ULTRA FLAT TURN & TILT 45KG,Vogels,14346.96,14346.96,0.0,10042.87,0.0,Matched - price identical
PFW6851,PFW 6851 DISPLAY WALL MOUNT TURN & TILT 80KG,Vogels,9564.35,9564.35,0.0,6695.04,0.0,Matched - price identical
PFW6852,PFW 6852 DISPLAY WALL MOUNT TURN & TILT 136KG,Vogels,16520.87,16520.87,0.0,11564.61,0.0,Matched - price identical
PFW6854,PFW 6854 DISPLAY WALL MOUNT ROTATING,Vogels,6139.13,6139.13,0.0,4297.39,0.0,Matched - price identical
PFW6855,PFW 6855 DISPLAY WALL MOUNT TURN & TILT 227KG,Vogels,30955.65,30955.65,0.0,21668.96,0.0,Matched - price identical
PFW6858,PFW 6858 DISPLAY WALL MOUNT ROTATE 90°,Vogels,9390.43,9390.43,0.0,6573.3,0.0,Matched - price identical
PFW6870,PFW 6870 VIDEO WALL POP-OUT MODULE,Vogels,11999.13,11999.13,0.0,8399.39,0.0,Matched - price identical
PFW6875,PFW 6875 VIDEO WALL POP OUT MODULE PORTRAIT,Vogels,13738.26,13738.26,0.0,9616.78,0.0,Matched - price identical
PFW6880,PFW 6880 VIDEO WALL POP-OUT MODULE SLIM,Vogels,13042.61,13042.61,0.0,9129.83,0.0,Matched - price identical
PFW6885,PFW 6885 VIDEO WALL POP-OUT MODULE PORTRAIT SLIM,Vogels,14346.96,14346.96,0.0,10042.87,0.0,Matched - price identical
PFW6910,PFW 6910 DISPLAY WALL MOUNT TILT XXL,Vogels,8173.04,8173.04,0.0,5721.13,0.0,Matched - price identical
PFW910,Fixed Wall Bracket for FAU3125/3150,Vogels,608.7,608.7,0.0,426.09,0.0,Matched - price identical
PFW950,PFW 950 RIGHT-ANGLED DISPLAY WALL MOUNT,Vogels,6513.04,6513.04,0.0,4559.13,0.0,Matched - price identical
PFW952,PFW 952 RIGHT-ANGLED DISPLAY WALL MOUNT FOR 2 DISPLAYS BACK-TO-BACK,Vogels,7121.74,7121.74,0.0,4985.22,0.0,Matched - price identical
PFWE7150,PFWE 7150 MOTORIZED DISPLAY WALL MOUNT,Vogels,44346.96,44346.96,0.0,31042.87,0.0,Matched - price identical
PHA500,PHA 500 Cable sleeve,Physix,200.0,200.0,0.0,120.0,0.0,Matched - price identical
PHA600,PHA 600 Cable Cover,Physix,391.3,391.3,0.0,234.78,0.0,Matched - price identical
PHA700,PHA 700 AV Support,Physix,756.52,756.52,0.0,453.91,0.0,Matched - price identical
PHAN E-60,PHANTOM E-60 ROUND IN-CEILING SPEAKER,Dali,5208.7,5208.7,0.0,3125.22,0.0,Matched - price identical
PHAN E-80,PHANTOM E-80 ROUND IN-CEILING SPEAKER,Dali,7295.65,7295.65,0.0,4377.39,0.0,Matched - price identical
PHAN H-60,PHANTOM H-60 SQUARE IN-CEILING SPEAKER,Dali,10426.09,10426.09,0.0,6255.65,0.0,Matched - price identical
PHAN S-80,PHANTOM S-80 IN-WALL SPEAKER,Dali,26947.83,26947.83,0.0,16168.7,0.0,Matched - price identical
PHW100L,PHW 100 L Fixed TV Wall Mount,Physix,1469.57,1469.57,0.0,881.74,0.0,Matched - price identical
PHW100M,PHW 100 M Fixed TV Wall Mount,Physix,756.52,756.52,0.0,453.91,0.0,Matched - price identical
PHW100S,PHW 100 S Fixed TV Wall Mount,Physix,426.09,426.09,0.0,255.65,0.0,Matched - price identical
PHW200L,PHW 200 L Tilting TV Wall Mount,Physix,1730.43,1730.43,0.0,1038.26,0.0,Matched - price identical
PHW200M,PHW 200 M Tilting TV Wall Mount,Physix,1260.87,1260.87,0.0,756.52,0.0,Matched - price identical
PHW200S,PHW 200 S Tilting TV Wall Mount,Physix,756.52,756.52,0.0,453.91,0.0,Matched - price identical
PHW200XL,Physix Wall Mount Tilt Extra Large,Physix,1295.65,1295.65,0.0,777.39,0.0,Matched - price identical
PHW300L,PHW 300 L Full-Motion TV Wall Mount,Physix,3208.7,3208.7,0.0,1925.22,0.0,Matched - price identical
PHW300M,PHW 300 M Full-Motion TV Wall Mount,Physix,2513.04,2513.04,0.0,1507.83,0.0,Matched - price identical
PHW300S,PHW 300 S Full-Motion TV Wall Mount,Physix,1469.57,1469.57,0.0,881.74,0.0,Matched - price identical
PHW400L,PHW 400 L  Full-Motion TV Wall Mount,Physix,4339.13,4339.13,0.0,2603.48,0.0,Matched - price identical
PHW400M,PHW 400 M Full-Motion TV Wall Mount,Physix,3469.57,3469.57,0.0,2081.74,0.0,Matched - price identical
PHW400S,PHW 400 S Full-Motion TV Wall Mount,Physix,2252.17,2252.17,0.0,1351.3,0.0,Matched - price identical
PK-AG3G,RF 3D Glass,JVC Projectors,4652.17,4652.17,0.0,3256.52,0.0,Matched - price identical
PK-EM2G,RF 3D Emitter,JVC Projectors,2434.78,2434.78,0.0,1704.35,0.0,Matched - price identical
PK-L2417UW,replacement lamp for the JVC,JVC Projectors,14781.74,14781.74,0.0,10347.22,0.0,Matched - price identical
PKG-SASWSUB1B-00,SMART AUDIO SOUNDBAR WITH WISA SUB (BLACK),SAVANT,54136.52,54136.52,0.0,37895.57,0.0,Matched - price identical
PKG-SASWSUB1W-00,SMART AUDIO SOUNDBAR WITH WISA SUB (WHITE),SAVANT,54136.52,54136.52,0.0,37895.57,0.0,Matched - price identical
PKG-SASWSUB2B-00,SMART AUDIO SOUNDBAR WITH 2 WISA SUBS (BLACK),SAVANT,67670.43,67670.43,0.0,47369.31,0.0,Matched - price identical
PKG-SASWSUB2W-00,SMART AUDIO SOUNDBAR WITH 2 WISA SUBS (WHITE),SAVANT,67670.43,67670.43,0.0,47369.31,0.0,Matched - price identical
PL5G2EU1,PLAY:5 (gen2) EU (White),Sonos,9564.35,9564.35,0.0,7651.48,0.0,Matched - price identical
PL5G2EU1BLK,PLAY:5 (gen2) EU (Black),Sonos,9556.52,9556.52,0.0,7645.22,0.0,Matched - price identical
PLA1001,PLA 1001 ACTUATOR BASE SET,Vogels,26243.48,26243.48,0.0,18370.43,0.0,Matched - price identical
PLA1002,PLA 1002 ACTUATOR EXTENSION SET,Vogels,13104.35,13104.35,0.0,9173.04,0.0,Matched - price identical
PLA8105,PLA 8105 LED MOUNTING BOLTS M5 4 PCS,Vogels,929.57,929.57,0.0,650.7,0.0,Matched - price identical
PLA8106,PLA 8106 LED MOUNTING BOLTS M6 4 PCS,Vogels,929.57,929.57,0.0,650.7,0.0,Matched - price identical
PLA8108,PLA 8108 LED MOUNTING BOLTS M8 4 PCS,Vogels,782.61,782.61,0.0,547.83,0.0,Matched - price identical
PLA8110,PLA 8110 LED MOUNTING BOLTS M10 4 PCS,Vogels,782.61,782.61,0.0,547.83,0.0,Matched - price identical
PLA8201,PLA 8201 LED INTERFACE T/B,Vogels,1052.17,1052.17,0.0,736.52,0.0,Matched - price identical
PLA8202,PLA 8202 LED INTERFACE T/B,Vogels,1052.17,1052.17,0.0,736.52,0.0,Matched - price identical
PLA8203,PLA 8203 LED INTERFACE T/B,Vogels,1052.17,1052.17,0.0,736.52,0.0,Matched - price identical
PLA8204,PLA 8204 LED INTERFACE T/B,Vogels,1052.17,1052.17,0.0,736.52,0.0,Matched - price identical
PLA8205,PLA 8205 LED INTERFACE T/B,Vogels,1052.17,1052.17,0.0,736.52,0.0,Matched - price identical
PLA8206,PLA 8206 LED INTERFACE T/B,Vogels,1052.17,1052.17,0.0,736.52,0.0,Matched - price identical
PLA8207,PLA 8207 LED INTERFACE T/B,Vogels,1052.17,1052.17,0.0,736.52,0.0,Matched - price identical
PLA8208,PLA 8208 LED INTERFACE T/B,Vogels,1052.17,1052.17,0.0,736.52,0.0,Matched - price identical
PLA8209,PLA 8209 LED INTERFACE T/B,Vogels,1052.17,1052.17,0.0,736.52,0.0,Matched - price identical
PLA8210,PLA 8210 LED INTERFACE T/B,Vogels,1052.17,1052.17,0.0,736.52,0.0,Matched - price identical
PLA8211,PLA 8211 LED INTERFACE T/B,Vogels,1052.17,1052.17,0.0,736.52,0.0,Matched - price identical
PLA8301,PLA 8301 LED INTERFACE MIDDLE,Vogels,1052.17,1052.17,0.0,736.52,0.0,Matched - price identical
PLA8302,PLA 8302 LED INTERFACE MIDDLE,Vogels,1052.17,1052.17,0.0,736.52,0.0,Matched - price identical
PLA8303,PLA 8303 LED INTERFACE MIDDLE,Vogels,1052.17,1052.17,0.0,736.52,0.0,Matched - price identical
PLA8304,PLA 8304 LED INTERFACE MIDDLE,Vogels,1052.17,1052.17,0.0,736.52,0.0,Matched - price identical
PLA8305,PLA 8305 LED INTERFACE MIDDLE,Vogels,1052.17,1052.17,0.0,736.52,0.0,Matched - price identical
PLA8306,PLA 8306 LED INTERFACE MIDDLE,Vogels,1243.48,1243.48,0.0,870.43,0.0,Matched - price identical
PLA8307,PLA 8307 LED INTERFACE MIDDLE,Vogels,1243.48,1243.48,0.0,870.43,0.0,Matched - price identical
PLA8308,PLA 8308 LED INTERFACE MIDDLE,Vogels,1052.17,1052.17,0.0,736.52,0.0,Matched - price identical
PLA8309,PLA 8309 LED INTERFACE MIDDLE,Vogels,1052.17,1052.17,0.0,736.52,0.0,Matched - price identical
PLA8310,PLA 8310 LED INTERFACE MIDDLE,Vogels,1052.17,1052.17,0.0,736.52,0.0,Matched - price identical
PLA8311,PLA 8311 LED INTERFACE MIDDLE,Vogels,1052.17,1052.17,0.0,736.52,0.0,Matched - price identical
PLA8705,PLA 8705 LED MOUNTING BOLTS M5 EXTENDED 4PCS,Vogels,1347.83,1347.83,0.0,943.48,0.0,Matched - price identical
PLA8706,PLA 8706 LED MOUNTING BOLTS M6 EXTENDED 4PCS,Vogels,1347.83,1347.83,0.0,943.48,0.0,Matched - price identical
PLA8708,PLA 8708 LED MOUNTING BOLTS M8 EXTENDED 4PCS,Vogels,1347.83,1347.83,0.0,943.48,0.0,Matched - price identical
PLA8710,PLA 8710 LED MOUNTING BOLTS M5 EXTENDED 4PCS,Vogels,1347.83,1347.83,0.0,943.48,0.0,Matched - price identical
PLA8901,PLA 8901 LED BRACKET KIT PLA 83XX,Vogels,1139.13,1139.13,0.0,797.39,0.0,Matched - price identical
PLAY1EU1,PLAY:1 WHITE,Sonos,3477.39,3477.39,0.0,2781.91,0.0,Matched - price identical
PLM8030,PLM8030 Vertical Profile 3m,Vogels,5390.43,5390.43,0.0,3773.3,0.0,Matched - price identical
PLS8001,PLS 8001 LED VERTICAL PROFILE MOUNTING STRIP,Vogels,2433.91,2433.91,0.0,1703.74,0.0,Matched - price identical
PLW1001,PLW 1001 1X2 LED VIDEO WALL MOUNT,Vogels,1610260.87,1610260.87,0.0,1127182.61,0.0,Matched - price identical
PLW1002,PLW 1002 2X2 LED VIDEO WALL MOUNT,Vogels,2283739.13,2283739.13,0.0,1598617.39,0.0,Matched - price identical
PLW1003,PLW 1003 1X3 LED VIDEO WALL MOUNT,Vogels,172765.22,172765.22,0.0,120935.65,0.0,Matched - price identical
PLW1004,PLW 1004 2X3 LED VIDEO WALL MOUNT,Vogels,238565.22,238565.22,0.0,166995.65,0.0,Matched - price identical
PMA7901,PMA 7901 MEDICALL WALL BOX,Vogels,2478.26,2478.26,0.0,1734.78,0.0,Matched - price identical
PMW7014,PMW 7014 MEDICAL WALL MOUNT 1-4KG,Vogels,19139.13,19139.13,0.0,13397.39,0.0,Matched - price identical
PMW7038,PMW 7038 MEDICAL WALL MOUNT 3-8KG,Vogels,19139.13,19139.13,0.0,13397.39,0.0,Matched - price identical
PORT1EU1BLK,Sonos PORT EU (Black) S23,Sonos,11303.48,11303.48,0.0,9042.78,0.0,Matched - price identical
PORT1UK1BLK,Sonos PORT UK (Black) S23,Sonos,10433.91,10433.91,0.0,8151.52,0.0,Matched - price identical
PPA310,PPA 310 PROJECTOR ANTI THEFT HOUSING SMALL - MEDIUM,Vogels,11042.61,11042.61,0.0,7729.83,0.0,Matched - price identical
PPA320,PPA 320 PROJECTOR ANTI THEFT HOUSING LARGE,Vogels,12607.83,12607.83,0.0,744.35,0.0,Matched - price identical
PPA901,PPA 901 CEILING TILE HOLDER,Vogels,4781.74,4781.74,0.0,3347.22,0.0,Matched - price identical
PPA902,PPA 902 RF REMOTE CONTROL KIT,Vogels,5999.13,5999.13,0.0,4199.39,0.0,Matched - price identical
PPA903,PPA 903 CONTROL PAD FOR RD REMOTE CONTROL KIT,Vogels,2607.83,2607.83,0.0,1825.48,0.0,Matched - price identical
PPA904,PPA 904 LOW VOLTAGE CONTACT,Vogels,4086.09,4086.09,0.0,2860.26,0.0,Matched - price identical
PPA905,PPA 905 INTERFACE SWITCH 12V,Vogels,4086.09,4086.09,0.0,2860.26,0.0,Matched - price identical
PPA906,PPA 906 SMARTBOX RF FOR PPL 2500,Vogels,23617.39,23617.39,0.0,16532.17,0.0,Matched - price identical
PPC1500,PPC 1500 PROJECTOR CEILING MOUNT,Vogels,2520.87,2520.87,0.0,1764.61,0.0,Matched - price identical
PPC1540,PPC 1540 PROJECTOR CEILING MOUNT LENGTH 40-55CM,Vogels,3738.26,3738.26,0.0,2616.78,0.0,Matched - price identical
PPC1555,PPC 1555 PROJECTOR CEILING MOUNT LENGTH 55-85CM,Vogels,4260.0,4260.0,0.0,2982.0,0.0,Matched - price identical
PPC1585,PPC 1585 PROJECTOR CEILING MOUNT LENGTH 85-135CM,Vogels,5216.52,5216.52,0.0,3651.57,0.0,Matched - price identical
PPC2500,PPC 2500 PROJECTOR CEILLING MOUNT,Vogels,3738.26,3738.26,0.0,2616.78,0.0,Matched - price identical
PPC2540,PPC 2540 PROJECTOR CEILING MOUNT LENGTH 40-55CM,Vogels,6346.96,6346.96,0.0,309.57,0.0,Matched - price identical
PPC2555,PPC 2555 PROJECTOR CEILING MOUNT LENGTH 55-85CM,Vogels,6694.78,6694.78,0.0,4686.35,0.0,Matched - price identical
PPC2585,PPC 2585 PROJECTOR CEILING MOUNT LENGTH 85-135CM,Vogels,7651.3,7651.3,0.0,5355.91,0.0,Matched - price identical
PPL2035,PPL 2035 PROJECTOR LIFT SYSTEM,Vogels,31303.48,31303.48,0.0,21912.43,0.0,Matched - price identical
PPL2100,PPL 2100 PROJECTOR LIFT SYSTEM,Vogels,36173.04,36173.04,0.0,25321.13,0.0,Matched - price identical
PPL2170,PPL 2170 PROJECTOR LIFT SYSTEM,Vogels,42346.96,42346.96,0.0,29642.87,0.0,Matched - price identical
PPL2500,PPL 2500 PROJECTOR LIFT SYSTEM,Vogels,180868.7,180868.7,0.0,126608.09,0.0,Matched - price identical
PS-S83T-WH,PS-S83T WHITE PRO SURFACE MOUNT (Pair),Sonance,21737.39,21737.39,0.0,0.0,0.0,Matched - price identical
PSDNE,PLANETWAVES HDMI Port Saver Right Angle Down,Planetwaves,258.26,258.26,0.0,180.79,0.0,Matched - price identical
PSLTE,PLANETWAVES HDMI Port Saver Right Angle Left,Planetwaves,260.0,260.0,0.0,182.0,0.0,Matched - price identical
PSP17006,PSP 17006 CISCO ADAPTER,Vogels,1477.39,1477.39,0.0,1034.17,0.0,Matched - price identical
PSP18001L,PSP 18001L Shelf Mount,Vogels,2043.48,2043.48,0.0,1430.43,0.0,Matched - price identical
PSP18001S,PSP 18001S Shelf Mount,Vogels,1965.22,1965.22,0.0,1375.65,0.0,Matched - price identical
PSUPE,PLANETWAVES HDMI Port Saver Right Angle Up,Planetwaves,260.0,260.0,0.0,182.0,0.0,Matched - price identical
PTA3001B,Secure Tablet Floorstand BLK,Vogels,3869.57,3869.57,0.0,2708.7,0.0,Matched - price identical
PTA3002,PTA 3002 (TO BE REPLACED BY PTA 3102),Vogels,1947.83,1947.83,0.0,1363.48,0.0,Matched - price identical
PTA3101,PTA 3101 TABLOCK FLOOR STAND BLACK,Vogels,5477.39,5477.39,0.0,3834.17,0.0,Matched - price identical
PTA3102,PTA 3102 TABLOCK TABLE STAND,Vogels,3303.48,3303.48,0.0,2312.43,0.0,Matched - price identical
PTA3103,PTA 3103 TABLOCK WALL / TABLE MOUNT,Vogels,1390.43,1390.43,0.0,973.3,0.0,Matched - price identical
PTA3105,PTA 3105 TABLOCK TABLE STAND WITH FOOT PLATE,Vogels,3825.22,3825.22,0.0,2677.65,0.0,Matched - price identical
PTS1107,TABLOCK - Samsung Galaxy 10.1,Vogels,2695.65,2695.65,0.0,1886.96,0.0,Matched - price identical
PTS1205,PTS 1205 IPAD 2 3 4 HOME BUTTON ACCESSIBLE (L&K),Vogels,2695.65,2695.65,0.0,1886.96,0.0,Matched - price identical
PTS1206,PTS 1206 IPAD 2 3 4 HOME BUTTON HIDDEN (L&K),Vogels,2695.65,2695.65,0.0,1886.96,0.0,Matched - price identical
PTS1211,PTS 1211 TABLOCK SAMSUNG GALAXY TAB 3 AND 4 10.1 HOME BUTTON ACCESSIBLE (L&K),Vogels,2695.65,2695.65,0.0,1886.96,0.0,Matched - price identical
PTS1212,PTS 1212 TABLOCK SAMSUNG GALAXY TAB 3 AND 4 10.1 HOME BUTTON HIDDEN (L&K),Vogels,2695.65,2695.65,0.0,1886.96,0.0,Matched - price identical
PTS1213,PTS 1213 IPAD AIR 1 & 2 IPAD PRO 9.7 IPAD HOME BUTTON ACCESSIBLE (L&K),Vogels,3825.22,3825.22,0.0,2677.65,0.0,Matched - price identical
PTS1214,PTS 1214 IPAD AIR 1 & 2 IPAD PRO 9.7 IPAD HOME BUTTON HIDDEN (L&K),Vogels,3825.22,3825.22,0.0,2677.65,0.0,Matched - price identical
PTS1217,PTS 1217 TABLOCK SAMSUNG GALAXY TAB S 10.5 HOME BUTTON ACCESSIBLE (L&K),Vogels,2695.65,2695.65,0.0,1886.96,0.0,Matched - price identical
PTS1218,PTS 1218 TABLOCK SAMSUNG GALAXY TAB S 10.5 HOME BUTTON HIDDEN (L&K),Vogels,2695.65,2695.65,0.0,1886.96,0.0,Matched - price identical
PTS1219,PTS 1219 TABLOCK FOR SAMSUNG GALAXY TAB S2 & S3 HOME BUTTON ACCESSIBLE (L&K),Vogels,2695.65,2695.65,0.0,1886.96,0.0,Matched - price identical
PTS1220,PTS 1220 TABLOCK FOR SAMSUNG GALAXY TAB S2 & S3 HOME BUTTON HIDDEN (L&K),Vogels,2695.65,2695.65,0.0,1886.96,0.0,Matched - price identical
PTS1223,PTS 1223 TABLOCK FOR IPAD PRO HOME BUTTON ACCESSIBLE(L&K),Vogels,3269.57,3269.57,0.0,2288.7,0.0,Matched - price identical
PTS1224,PTS 1224 TABLOCK FOR IPAD PRO HOME BUTTON HIDDEN (L&K),Vogels,3269.57,3269.57,0.0,2288.7,0.0,Matched - price identical
PTS1225,PTS 1225 TABLOCK FOR IPAD MINI 4 HOME BUTTON ACCESSIBLE (L&K),Vogels,2582.61,2582.61,0.0,1807.83,0.0,Matched - price identical
PTS1226,PTS 1226 TABLOCK FOR IPAD MINI 4 HOME BUTTON HIDDEN (L&K),Vogels,2582.61,2582.61,0.0,1807.83,0.0,Matched - price identical
PTS1227,PTS 1227 TABLOCK IPAD PRO 10.5 HBA,Vogels,3825.22,3825.22,0.0,2677.65,0.0,Matched - price identical
PTS1228,PTS 1228 TABLOCK IPAD PRO 10.5 HBH,Vogels,3825.22,3825.22,0.0,2677.65,0.0,Matched - price identical
PTS1229,PTS 1229 TABLOCK FOR TAB A 10.1 HBA,Vogels,3825.22,3825.22,0.0,2677.65,0.0,Matched - price identical
PTS1230,PTS 1230 TABLOCK FOR TAB A 10.1 HBH,Vogels,3825.22,3825.22,0.0,2677.65,0.0,Matched - price identical
PTS1231,PTS 1231 TABLOCK FOR TAB A 10.5,Vogels,2695.65,2695.65,0.0,1886.96,0.0,Matched - price identical
PTS1232,PTS 1232 TABLOCK FOR TAB S4,Vogels,2695.65,2695.65,0.0,1886.96,0.0,Matched - price identical
PTS1233,PTS 1233 TABLOCK FOR IPAD PRO 11,Vogels,2695.65,2695.65,0.0,1886.96,0.0,Matched - price identical
PTS1234,PTS 1234 TABLOCK FOR IPAD PRO 12.9,Vogels,3269.57,3269.57,0.0,2288.7,0.0,Matched - price identical
PTS1235,PTS 1235 SAMSUNG GALAXY TAB S5E,Vogels,3825.22,3825.22,0.0,2677.65,0.0,Matched - price identical
PTS2010,PTS 2010 UNIVERSAL TABLOCK,Vogels,3129.57,3129.57,0.0,2190.7,0.0,Matched - price identical
PUA9501,PUA 9501 CONNECT-IT SMALL POLE COUPLER,Vogels,1060.87,1060.87,0.0,742.61,0.0,Matched - price identical
PUA9502,PUA 9502 CONNECT-IT SMALL STABILISATION KIT,Vogels,3999.13,3999.13,0.0,2799.39,0.0,Matched - price identical
PUA9503,PUA 9503 CONNECT-IT LARGE POLE COUPLER,Vogels,520.87,520.87,0.0,364.61,0.0,Matched - price identical
PUA9504,PUA 9504 CONNECT-IT LARGE STABILISATION KIT,Vogels,4346.96,4346.96,0.0,3042.87,0.0,Matched - price identical
PUA9505,PUA 9505 CONNECT-IT GIRDER H-BEAM MOUNT 70-180MM,Vogels,2200.0,2200.0,0.0,1540.0,0.0,Matched - price identical
PUA9506,PUA 9506 CONNECT-IT GIRDER H-BEAM MOUNT 150-300MM,Vogels,2417.39,2417.39,0.0,1692.17,0.0,Matched - price identical
PUA9507,PUA 9507 ACCESSORY TRAY FOR PUC 25XX SERIES,Vogels,3477.39,3477.39,0.0,2434.17,0.0,Matched - price identical
PUA9507B,PUA 9507 ACCESSORY TRAY FOR PUC25XX AND PUC27XX BLACK,Vogels,2486.96,2486.96,0.0,1740.87,0.0,Matched - price identical
PUC1011,PUC 1011 CONNECT-IT SMALL CEILING PLATE FIXED,Vogels,825.0,825.0,0.0,577.65,0.0,Matched - price identical
PUC1030,PUC 1030 CONNECT-IT SMALL CEILING PLATE TILT,Vogels,1165.22,1165.22,0.0,815.65,0.0,Matched - price identical
PUC1035,PUC 1035 CONNECT-IT BASIC CEILING PLATE TILT,Vogels,843.48,843.48,0.0,590.43,0.0,Matched - price identical
PUC1040,PUC 1040 CONNECT-IT SMALL CEILING PLATE BALL JOINT,Vogels,1513.04,1513.04,0.0,1059.13,0.0,Matched - price identical
PUC1045,PUC1045,Vogels,1825.0,1825.0,0.0,1277.65,0.0,Matched - price identical
PUC1050,PUC 1050 CONNECT-IT SMALL TRUSS ADAPTER,Vogels,1365.22,1365.22,0.0,955.65,0.0,Matched - price identical
PUC1060,PUC 1060 CONNECT-IT LARGE CEILING PLATE FIXED,Vogels,1217.0,1217.0,0.0,851.57,0.0,Matched - price identical
PUC1065,PUC 1065 CONNECT-IT LARGE CEILING PLATE TURN,Vogels,1738.0,1738.0,0.0,1216.78,0.0,Matched - price identical
PUC1070,PUC 1070 CONNECT-IT LARGE CEILING PLATE TILT,Vogels,1738.0,1738.0,0.0,1216.78,0.0,Matched - price identical
PUC1080,PUC 1080 CONNECT-IT LARGE CEILING PLATE TILT AND TURN,Vogels,1738.0,1738.0,0.0,1216.78,0.0,Matched - price identical
PUC1090,PUC 1090 CONNECT-IT LARGE TRUSS ADAPTER,Vogels,2086.0,2086.0,0.0,1460.26,0.0,Matched - price identical
PUC1910,PUC 1910 CONNECT-IT CEILING PLATE FIXED,Vogels,4617.39,4617.39,0.0,3232.17,0.0,Matched - price identical
PUC2108,PUC 2108 BASIC SMALL POLE 80CM,Vogels,1130.0,1130.0,0.0,790.7,0.0,Matched - price identical
PUC2115,PUC 2115 BASIC SMALL POLE 150CM,Vogels,1912.0,1912.0,0.0,1338.52,0.0,Matched - price identical
PUC2130,PUC 2130 BASIC SMALL POLE 300CM,Vogels,3477.0,3477.0,0.0,2434.17,0.0,Matched - price identical
PUC2308,PUC 2308 CONNECT-IT SMALL POLE 80CM,Vogels,1017.39,1017.39,0.0,712.17,0.0,Matched - price identical
PUC2315,PUC 2315 CONNECT-IT SMALL POLE 150CM,Vogels,1617.39,1617.39,0.0,1132.17,0.0,Matched - price identical
PUC2330,PUC 2330 CONNECT-IT SMALL POLE 300CM,Vogels,2869.57,2869.57,0.0,2008.7,0.0,Matched - price identical
PUC2408,PUC 2408,Vogels,1651.0,1651.0,0.0,1155.91,0.0,Matched - price identical
PUC2415,PUC 2415,Vogels,2608.0,2608.0,0.0,1825.48,0.0,Matched - price identical
PUC2508,PUC 2508 CONNECT-IT LARGE POLE 80CM,Vogels,1999.0,1999.0,0.0,1399.39,0.0,Matched - price identical
PUC2515,PUC 2515 CONNECT-IT LARGE POLE 150CM,Vogels,3129.57,3129.57,0.0,2190.7,0.0,Matched - price identical
PUC2530,PUC 2530 CONNECT-IT LARGE POLE 300CM,Vogels,5564.35,5564.35,0.0,3895.04,0.0,Matched - price identical
PUC2715,PUC 2715 CONNECT-IT XL POLE 150CM Black,Vogels,7129.57,7129.57,0.0,4990.7,0.0,Matched - price identical
PUC2718,PUC 2718 CONNECT-IT XL POLE 180CM Black,Vogels,7825.22,7825.22,0.0,5477.65,0.0,Matched - price identical
PUC2720,PUC 2720 CONNECT-IT XL POLE 200CM Black,Vogels,8607.83,8607.83,0.0,6025.48,0.0,Matched - price identical
PUC2920,PUC 2920 CONNECT-IT POLE 200CM,Vogels,9129.57,9129.57,0.0,6390.7,0.0,Matched - price identical
PUC2927,PUC 2927 CONNECT-IT POLE 270CM,Vogels,10607.83,10607.83,0.0,7425.48,0.0,Matched - price identical
PUC2933,PUC 2933 CONNECT-IT POLE 330CM,Vogels,12694.78,12694.78,0.0,8886.35,0.0,Matched - price identical
PUC2963,PUC 2963 POLE 630CM,Vogels,16460.87,16460.87,0.0,11522.61,0.0,Matched - price identical
PVA4307,PVA 4307 VIDEO CONFERENCE SPEAKER,Vogels,31303.48,31303.48,0.0,21912.43,0.0,Matched - price identical
PVA4310,PVA 4310 VIDEO CONFERENCE SPEAKER,Vogels,43477.39,43477.39,0.0,30434.17,0.0,Matched - price identical
PVA4316,PVA 4316 VIDEO CONFERENCE SPEAKER,Vogels,39600.0,39600.0,0.0,27720.0,0.0,Matched - price identical
PVA5050,PVA 5050 CAMERA AND LOUDSPEAKER HOLDER,Vogels,3042.61,3042.61,0.0,2129.83,0.0,Matched - price identical
PVA5070,PVA 5070 CAMERA AND LOUDSPEAKER HOLDER,Vogels,3564.35,3564.35,0.0,2495.04,0.0,Matched - price identical
PVF4112S,PVF 4112 VIDEO CONFERENCING FURNITURE,Vogels,81617.39,81617.39,0.0,57132.17,0.0,Matched - price identical
PVF4112W,PVF 4112 VIDEO CONFERENCING FURNITURE WHITE,Vogels,81617.39,81617.39,0.0,57132.17,0.0,Matched - price identical
PW-MP-06,"""""""""""PLANETWAVES 1/8"""""""" Stereo Male to Dual Unterminated -6'""""""",Planetwaves,377.39,377.39,0.0,264.18,0.0,Matched - price identical
PW-OPT-05,PLANETWAVES Optical Cable-5',Planetwaves,324.35,324.35,0.0,227.05,0.0,Matched - price identical
PWM-PENC3-00,LOW VOLTAGE POWER MODULE ENCLOSURE,SAVANT,11490.43,11490.43,0.0,6894.27,0.0,Matched - price identical
RAYG1EU1,Sonos Ray Optical/WiFi Smart Soundbar - White (S36),Sonos,6086.09,6086.09,0.0,4521.04,0.0,Matched - price identical
RAYWMWW1BLK,Sonos Ray Wall Mount WW Black,Sonos,1477.39,1477.39,0.0,0.0,0.0,Matched - price identical
RC-911R,RC-911R REMOTE,Onkyo,1382.61,1382.61,0.0,1036.96,0.0,Matched - price identical
RCAP50,PLANETWAVES RCA Connectors-Male,Planetwaves,3405.22,3405.22,0.0,2383.66,0.0,Matched - price identical
RCC1000-SA,RCC 1000 SUBWOOFER AMPLIFIER,SAVANT,27206.96,27206.96,0.0,16324.18,0.0,Matched - price identical
RCC160-MK2-PC,SUB 160V2 (PRE CONSTRUCTION),SAVANT,21254.78,21254.78,0.0,12752.87,0.0,Matched - price identical
RCC320-MK2-PC,IN-WALL SUB 320V2 (PRE CONSTRUCTION),SAVANT,21254.78,21254.78,0.0,12752.87,0.0,Matched - price identical
RCC320-MK2-R,IN-WALL SUB 320V2 (RETROFIT),SAVANT,22672.17,22672.17,0.0,13603.31,0.0,Matched - price identical
RCC640-MK2-PCG-00,GRILLE FOR DUAL 320 SUBS (PRE CONSTRUCTION),SAVANT,5143.48,5143.48,0.0,3086.09,0.0,Matched - price identical
RCK-3000-03,SAVANT PRO 1U RACK SHELF,SAVANT,8128.7,8128.7,0.0,4877.22,0.0,Matched - price identical
RCK-5000-00,2U RACK SHELF,SAVANT,8128.7,8128.7,0.0,4877.22,0.0,Matched - price identical
RCK-PAVVM8-00,5U RACK MOUNT SHELF FOR UP TO 8 SINGLE VIDEO INPUT UNITS,SAVANT,11490.43,11490.43,0.0,6894.27,0.0,Matched - price identical
REM-1100I-00,SINGLE ROOM REMOTE TOUCH SCREEN END OF LIFE,SAVANT,14362.61,14362.61,0.0,8617.57,0.0,Matched - price identical
REM-2000I-00,MULTI ROOM REMOTE TOUCH SCREEN END OF LIFE,SAVANT,20891.3,20891.3,0.0,12534.79,0.0,Matched - price identical
REM-4000JBI-00,SAVANT PRO REMOTE X2 - JET BLACK (INTERNATIONAL),SAVANT,21366.09,21366.09,0.0,12819.66,0.0,Matched - price identical
REM-4000RGI-00,SAVANT PRO REMOTE X2 - ROSE GOLD (INTERNATIONAL),SAVANT,21366.09,21366.09,0.0,12819.66,0.0,Matched - price identical
RMB-0025-00,RACK MOUNT BRACKET FOR SMARTCONTROL 25,SAVANT,1493.04,1493.04,0.0,895.83,0.0,Matched - price identical
RMB-PAVAM2-00,MOUNT FOR IP AUDIO MODULES AND SMART HOSTS (REAR),SAVANT,2297.39,2297.39,0.0,1378.44,0.0,Matched - price identical
RMB-PAVAM2F-00,IP AUDIO MODULES AND SMART HOSTS (FRONT),SAVANT,1604.35,1604.35,0.0,962.61,0.0,Matched - price identical
RMSL1R21,Sonos Roam SL Portable Smart Speaker - White (S27),Sonos,3477.39,3477.39,0.0,2781.91,0.0,Matched - price identical
RMSL1R21BLK,Sonos Roam SL Portable Smart Speaker - Black (S27),Sonos,3477.39,3477.39,0.0,2781.91,0.0,Matched - price identical
RMWCHEU1,Sonos Roam Wireless Charger - White,Sonos,955.65,955.65,0.0,764.52,0.0,Matched - price identical
RMWCHEU1BLK,Sonos Roam Wireless Charger - Black,Sonos,955.65,955.65,0.0,764.52,0.0,Matched - price identical
ROAM1R21,Sonos Roam Portable Smart Speaker - White (S27),Sonos,3912.17,3912.17,0.0,3129.74,0.0,Matched - price identical
ROAM1R21BLK,Sonos Roam Portable Smart Speaker - Black (S27),Sonos,3912.17,3912.17,0.0,3129.74,0.0,Matched - price identical
ROCK11B2.5FRBS,2.5M PR ROCKET 11 BK BAN/S,AudioQuest,7304.35,7304.35,0.0,5113.04,0.0,Matched - price identical
ROCK22B2.5FRBS,2.5M PR ROCKET 22 BK BAN/S,AudioQuest,10434.78,10434.78,0.0,7304.35,0.0,Matched - price identical
ROCK332.5PR,2.5M PR ROCKET 33 BAN/S,AudioQuest,13999.13,13999.13,0.0,9069.57,0.0,Matched - price identical
RUBICON 2 W,RUBICON 2 WHITE BOOKSHELF SPEAKER,Dali,36513.04,36513.04,0.0,21907.83,0.0,Matched - price identical
RUBICON 8 B,RUBICON 8 BLACK HIGH GLOSS FLOOR STANDING SPEAKER,Dali,92165.22,92165.22,0.0,55299.13,0.0,Matched - price identical
RUBICON LCR R,RUBICON ROSSO LEFT CENTER RIGHT,Dali,20860.87,20860.87,0.0,12516.52,0.0,Matched - price identical
RUBICON VOK B,RUBICON VOKAL BLACK CENTER SPEAKER,Dali,31295.65,31295.65,0.0,18777.39,0.0,Matched - price identical
RUBICON VOK R,RUBICON VOKAL ROSSO CENTER SPEAKER,Dali,31295.65,31295.65,0.0,18777.39,0.0,Matched - price identical
S-LCRDM-MK2,SKETCH LCR-DM MK2,SAVANT,21254.78,21254.78,0.0,12752.87,0.0,Matched - price identical
S150L,S150 Left Black,M&K Sound,33042.61,33042.61,0.0,20726.73,0.0,Matched - price identical
S150TW,S150T White Pair,M&K Sound,42607.83,42607.83,0.0,23994.78,0.0,Matched - price identical
S300 TWEETER,S300 TWEETER SPARE PART,M&K Sound,70260.87,70260.87,0.0,0.0,0.0,Matched - price identical
S300L,S300 Left Black,M&K Sound,62607.83,62607.83,0.0,37564.7,0.0,Matched - price identical
S300TW,S300T White Pair,M&K Sound,82607.83,82607.83,0.0,46951.3,0.0,Matched - price identical
S801BL,S801 Black,Jamo,2260.0,2260.0,0.0,2185.22,0.0,Matched - price identical
S801WA,S801 WALNUT,Jamo,3121.74,3121.74,0.0,2185.22,0.0,Matched - price identical
S801WH,S801 WHITE,Jamo,3121.74,3121.74,0.0,2185.22,0.0,Matched - price identical
S803HCSBL,S803 HCS Black,Jamo,11303.48,11303.48,0.0,8477.61,0.0,Matched - price identical
S803HCSWA,S803 HCS Walnut,Jamo,11303.48,11303.48,0.0,8477.61,0.0,Matched - price identical
S803HCSWH,S803 HCS White,Jamo,11303.48,11303.48,0.0,8477.61,0.0,Matched - price identical
S803WA,S803 WALNUT,Jamo,4339.13,4339.13,0.0,3037.39,0.0,Matched - price identical
S803WH,S803 WHITE,Jamo,4339.13,4339.13,0.0,3037.39,0.0,Matched - price identical
S805HCSBL,S805 HCS Black,Jamo,13042.61,13042.61,0.0,9781.96,0.0,Matched - price identical
S805HCSWA,S805 HCS Walnut,Jamo,13042.61,13042.61,0.0,9781.96,0.0,Matched - price identical
S805HCSWH,S805 HCS White,Jamo,13042.61,13042.61,0.0,9781.96,0.0,Matched - price identical
S805WA,S805 Walnut,Jamo,6947.83,6947.83,0.0,4863.48,0.0,Matched - price identical
S805WH,S805 White,Jamo,6947.83,6947.83,0.0,4863.48,0.0,Matched - price identical
S807HCSBL,S807 HCS Black,Jamo,14781.74,14781.74,0.0,11086.3,0.0,Matched - price identical
S807HCSWA,S807 HCS Walnut,Jamo,14781.74,14781.74,0.0,11086.3,0.0,Matched - price identical
S807HCSWH,S807 HCS WHITE,Jamo,14781.74,14781.74,0.0,11086.3,0.0,Matched - price identical
S807WA,S807 WALNUT,Jamo,9208.7,9208.7,0.0,6446.09,0.0,Matched - price identical
S807WH,S807 White,Jamo,9208.7,9208.7,0.0,6446.09,0.0,Matched - price identical
S808SUBBL,S808 Sub Black,Jamo,4086.09,4086.09,0.0,3521.09,0.0,Matched - price identical
S808SUBWA,S808 Sub Walnut,Jamo,4086.09,4086.09,0.0,3521.09,0.0,Matched - price identical
S808SUBWH,S808 Sub White,Jamo,4086.09,4086.09,0.0,3521.09,0.0,Matched - price identical
S809HCSBL,S809 HCS Black,Jamo,17390.43,17390.43,0.0,13042.83,0.0,Matched - price identical
S809HCSWA,S809 HCS Walnut,Jamo,17390.43,17390.43,0.0,13042.83,0.0,Matched - price identical
S809HCSWH,S809 HCS White,Jamo,17390.43,17390.43,0.0,13042.83,0.0,Matched - price identical
S809WA,S809 WALNUT,Jamo,11739.13,11739.13,0.0,8217.39,0.0,Matched - price identical
S809WH,S809 WHITE,Jamo,11739.13,11739.13,0.0,8217.39,0.0,Matched - price identical
S810SUBBL,S810 Sub Black,Jamo,5216.52,5216.52,0.0,3651.57,0.0,Matched - price identical
S810SUBWA,S810 Sub Walnut,Jamo,5216.52,5216.52,0.0,3651.57,0.0,Matched - price identical
S810SUBWH,S810 SUB WHITE,Jamo,5216.52,5216.52,0.0,3651.57,0.0,Matched - price identical
S81CENBL,S81 CEN BLACK,Jamo,3121.74,3121.74,0.0,2185.22,0.0,Matched - price identical
S81CENWA,S81 CEN WALNUT,Jamo,3121.74,3121.74,0.0,2185.22,0.0,Matched - price identical
S81CENWH,S81 CEN WHITE,Jamo,3121.74,3121.74,0.0,2185.22,0.0,Matched - price identical
S83CENBL,S83 CEN BLACK,Jamo,3469.57,3469.57,0.0,2428.7,0.0,Matched - price identical
S83CENWA,S83 CEN WALNUT,Jamo,3469.57,3469.57,0.0,2428.7,0.0,Matched - price identical
S83CENWH,S83 CEN WHITE,Jamo,3469.57,3469.57,0.0,2428.7,0.0,Matched - price identical
S8ATMBL,S8 ATM BLACK,Jamo,3208.7,3208.7,0.0,2586.22,0.0,Matched - price identical
S8ATMWA,S8 ATM WALNUT,Jamo,4346.96,4346.96,0.0,2246.09,0.0,Matched - price identical
S8ATMWH,S8 ATM WHITE,Jamo,4346.96,4346.96,0.0,2246.09,0.0,Matched - price identical
SAK-1000-00,SERIAL CONTROL TERMINATION ADAPTER KIT,SAVANT,1493.04,1493.04,0.0,895.83,0.0,Matched - price identical
SAV-Cinema,S2 HOST WITH PRO REMOTE X2,SAVANT,84178.26,84178.26,0.0,0.0,0.0,Matched - price identical
SAV-S12,"S12 HOST, PLUS RUNTIME",SAVANT,40176.52,40176.52,0.0,24105.92,0.0,Matched - price identical
SAV-S12VIDEO,"S12 HOST, PLUS RUNTIME, 3RD PART VIDEO PACKAGE",SAVANT,46330.43,46330.43,0.0,27798.27,0.0,Matched - price identical
SAV-S2,"S2 HOST, PLUS RUNTIME",SAVANT,19790.43,19790.43,0.0,11874.27,0.0,Matched - price identical
SAV-S2REM,"S2 HOST, PLUS RUNTIME, PLUS REM-4000",SAVANT,37849.57,37849.57,0.0,22709.74,0.0,Matched - price identical
SAVA1001,SAVA 1001 SMART AV BLUETOOTH,Vogels,1852.17,1852.17,0.0,1296.52,0.0,Matched - price identical
SAVA1014,SAVA 1014 SMART AV REMOTE EXTENDER,Vogels,1852.17,1852.17,0.0,1296.52,0.0,Matched - price identical
SAVA1021,SAVA 1021 SMART AV CONVERTER AV  TO  HDMI,Vogels,1617.39,1617.39,0.0,1132.17,0.0,Matched - price identical
SAVA1022,SAVA 1022 SMART AV WIRELESS HDMI,Vogels,5773.91,5773.91,0.0,4041.74,0.0,Matched - price identical
SAVA1026,SAVA 1026 SMART AV 4K HDMI SWITCH,Vogels,1852.17,1852.17,0.0,1296.52,0.0,Matched - price identical
SAVA1031,SAVA 1031 SMART AV CONVERTER COAX TOS,Vogels,1043.48,1043.48,0.0,730.43,0.0,Matched - price identical
SAVA1041,SAVA 1041 SMART AV CONVERTER DIG  TO  STEREO,Vogels,1382.61,1382.61,0.0,967.83,0.0,Matched - price identical
SCM,Screen miscellaneous,Adeo Screens,8822.61,8822.61,0.0,7058.09,0.0,Matched - price identical
SEM-020A5-00,SMARTENERGY SENSOR 20A (5 PACK),SAVANT,5375.65,5375.65,0.0,4300.53,0.0,Matched - price identical
SEM-050A5-00,SMARTENERGY SENSOR 50A (5 PACK),SAVANT,8617.39,8617.39,0.0,6893.92,0.0,Matched - price identical
SEM-150A1-00,SMARTENERGY SENSOR 150A (1 PACK),SAVANT,3446.96,3446.96,0.0,2757.57,0.0,Matched - price identical
SEM-150A5-00,SMARTENERGY SENSOR 150A (5 PACK),SAVANT,17235.65,17235.65,0.0,13788.53,0.0,Matched - price identical
SEM-2015-00,POWER SYSTEM MONITOR,SAVANT,14837.39,14837.39,0.0,11869.92,0.0,Matched - price identical
SEM-250A1-00,SMARTENERGY SENSOR 250A (1 PACK),SAVANT,3446.96,3446.96,0.0,2757.57,0.0,Matched - price identical
SEM-400A1-00,SMARTENERGY SENSOR 400A (1 PACK),SAVANT,3446.96,3446.96,0.0,2757.57,0.0,Matched - price identical
SEM-600A1-00,SMARTENERGY SENSOR 600A (1 PACK),SAVANT,3446.96,3446.96,0.0,2757.57,0.0,Matched - price identical
SEM-VT01-00,SMARTENERGY VOLTAGE SENSOR,SAVANT,4308.7,4308.7,0.0,3446.96,0.0,Matched - price identical
SEN-OCC24V-00,OCCUPANCY SENSOR 24V CONTACT,SAVANT,4924.35,4924.35,0.0,3447.05,0.0,Matched - price identical
SFL-RING1-00,SAVANT RING LICENCE,SAVANT,1245.22,1245.22,0.0,747.14,0.0,Matched - price identical
SFP-GLC-LH-SM,ENGENIUS SFP Module - gigabit - Single Mode Fiber 10k Multimode Fiber 550m,EnGenius,731.3,731.3,0.0,511.92,0.0,Matched - price identical
SFP-GLC-SX-MM,EnGenius SFP Module - gigabit - Single Mode Fiber,EnGenius,731.3,731.3,0.0,511.92,0.0,Matched - price identical
SGBAN100120S,Audioquest SG100 SureGrip Silver Banana Plugs 120,AudioQuest,19913.04,19913.04,0.0,13939.13,0.0,Matched - price identical
SHA-B1BA-00,INSIDE/JAMB MOUNT: IDLER SIDE (BLACK ALUMINUM),SAVANT,3471.3,3471.3,0.0,2777.05,0.0,Matched - price identical
SHA-B1MINBA-00,INSIDE/JAMB MOUNT(MINI): IDLER SIDE (BLACK ALUMINUM),SAVANT,3916.52,3916.52,0.0,3133.22,0.0,Matched - price identical
SHA-B1MINBK-00,INSIDE/JAMB MOUNT(MINI): IDLER SIDE (BLACK),SAVANT,1798.26,1798.26,0.0,1438.61,0.0,Matched - price identical
SHA-B1MINSA-00,INSIDE/JAMB MOUNT(MINI): IDLER SIDE (SILVER ALUMINUM),SAVANT,3916.52,3916.52,0.0,3133.22,0.0,Matched - price identical
SHA-B1MINWH-00,INSIDE/JAMB MOUNT(MINI): IDLER SIDE (WHITE),SAVANT,1798.26,1798.26,0.0,1438.61,0.0,Matched - price identical
SHA-B1SA-00,INSIDE/JAMB MOUNT: IDLER SIDE (SILVER ALUMINUM),SAVANT,3471.3,3471.3,0.0,2777.05,0.0,Matched - price identical
SHA-B1WH-00,INSIDE/JAMB MOUNT: IDLER SIDE (WHITE),SAVANT,1798.26,1798.26,0.0,1438.61,0.0,Matched - price identical
SHA-B2BA-00,INSIDE/JAMB MOUNT: DRIVE SIDE (BLACK ALUMINUM),SAVANT,3015.65,3015.65,0.0,2412.53,0.0,Matched - price identical
SHA-B2BK-00,INSIDE/JAMB MOUNT: DRIVE SIDE (BLACK),SAVANT,1566.09,1566.09,0.0,1252.87,0.0,Matched - price identical
SHA-B2MANUALBA-00,INSIDE/JAMB MOUNT(MANUAL): DRIVE SIDE (BLACK ALUMINUM),SAVANT,7887.83,7887.83,0.0,6310.27,0.0,Matched - price identical
SHA-B2MANUALSA-00,INSIDE/JAMB MOUNT(MANUAL): DRIVE SIDE (SILVER ALUMINUM),SAVANT,7887.83,7887.83,0.0,6310.27,0.0,Matched - price identical
SHA-B2MANUALWH-00,INSIDE/JAMB MOUNT(MANUAL): DRIVE SIDE (WHITE),SAVANT,3151.3,3151.3,0.0,2521.05,0.0,Matched - price identical
SHA-B2MINBA-00,INSIDE/JAMB MOUNT(MINI): DRIVE SIDE (BLACK ALUMINUM),SAVANT,3916.52,3916.52,0.0,3133.22,0.0,Matched - price identical
SHA-B2MINBK-00,INSIDE/JAMB MOUNT(MINI): DRIVE SIDE (BLACK),SAVANT,1798.26,1798.26,0.0,1438.61,0.0,Matched - price identical
SHA-B2MINSA-00,INSIDE/JAMB MOUNT(MINI): DRIVE SIDE (SILVER ALUMINUM),SAVANT,3916.52,3916.52,0.0,3133.22,0.0,Matched - price identical
SHA-B2MINWH-00,INSIDE/JAMB MOUNT(MINI): DRIVE SIDE (WHITE),SAVANT,1798.26,1798.26,0.0,1438.61,0.0,Matched - price identical
SHA-B2SA-00,INSIDE/JAMB MOUNT: DRIVE SIDE (SILVER ALUMINUM),SAVANT,3015.65,3015.65,0.0,2412.53,0.0,Matched - price identical
SHA-B2WH-00,INSIDE/JAMB MOUNT: DRIVE SIDE (WHITE),SAVANT,1798.26,1798.26,0.0,1438.61,0.0,Matched - price identical
SHA-B3BA-00,FLOATING/OUTSIDE MOUNT: IDLER SIDE (BLACK ALUMINUM),SAVANT,5073.91,5073.91,0.0,4059.14,0.0,Matched - price identical
SHA-B3BK-00,FLOATING/OUTSIDE MOUNT: IDLER SIDE (BLACK),SAVANT,3382.61,3382.61,0.0,2706.09,0.0,Matched - price identical
SHA-B3SA-00,FLOATING/OUTSIDE MOUNT: IDLER SIDE (SILVER ALUMINUM),SAVANT,5073.91,5073.91,0.0,4059.14,0.0,Matched - price identical
SHA-B3WH-00,FLOATING/OUTSIDE MOUNT: IDLER SIDE (WHITE),SAVANT,2937.39,2937.39,0.0,2349.92,0.0,Matched - price identical
SHA-B4BA-00,FLOATING/OUTSIDE MOUNT: DRIVE SIDE (BLACK ALUMINUM),SAVANT,5073.91,5073.91,0.0,4059.14,0.0,Matched - price identical
SHA-B4BK-00,FLOATING/OUTSIDE MOUNT: DRIVE SIDE (BLACK),SAVANT,3382.61,3382.61,0.0,2706.09,0.0,Matched - price identical
SHA-B4MANUALBA-00,FLOATING/OUTSIDE MOUNT(MANUAL): DRIVE SIDE (BLACK ALUMINUM),SAVANT,10700.87,10700.87,0.0,8560.7,0.0,Matched - price identical
SHA-B4MANUALSA-00,FLOATING/OUTSIDE MOUNT(MANUAL): DRIVE SIDE (SILVER ALUMINUM),SAVANT,10700.87,10700.87,0.0,8560.7,0.0,Matched - price identical
SHA-B4SA-00,FLOATING/OUTSIDE MOUNT: DRIVE SIDE (SILVER ALUMINUM),SAVANT,4406.09,4406.09,0.0,3524.87,0.0,Matched - price identical
SHA-B4WH-00,FLOATING/OUTSIDE MOUNT: DRIVE SIDE (WHITE),SAVANT,2937.39,2937.39,0.0,2349.92,0.0,Matched - price identical
SHA-B5BA-00,SHADE COUPLER (BLACK ALUMINUM),SAVANT,6766.09,6766.09,0.0,5412.87,0.0,Matched - price identical
SHA-B5BK-00,SHADE COUPLER (BLACK),SAVANT,3596.52,3596.52,0.0,2877.22,0.0,Matched - price identical
SHA-B5SA-00,SHADE COUPLER (SILVER ALUMINUM),SAVANT,6766.09,6766.09,0.0,5412.87,0.0,Matched - price identical
SHA-B5WBA-00,WIDE COUPLER FOR DUAL MOTOR (BLACK ALUMINUM),SAVANT,9009.57,9009.57,0.0,7207.66,0.0,Matched - price identical
SHA-B5WH-00,SHADE COUPLER (WHITE),SAVANT,3596.52,3596.52,0.0,2877.22,0.0,Matched - price identical
SHA-B5WSA-00,WIDE COUPLER FOR DUAL MOTOR (SILVER ALUMINUM),SAVANT,9009.57,9009.57,0.0,7207.66,0.0,Matched - price identical
SHA-B6BA-00,DUAL MOTOR MOUNT (BLACK ALUMINUM),SAVANT,10772.17,10772.17,0.0,8617.74,0.0,Matched - price identical
SHA-B6SA-00,DUAL MOTOR MOUNT (SILVER ALUMINUM),SAVANT,10772.17,10772.17,0.0,8617.74,0.0,Matched - price identical
SHA-B7CLBA-00,CORNER MOUNT: LEFT IDLER (BLACK ALUMINUM),SAVANT,6302.61,6302.61,0.0,5042.09,0.0,Matched - price identical
SHA-B7CLSA-00,CORNER MOUNT: LEFT IDLER (SILVER ALUMINUM),SAVANT,6302.61,6302.61,0.0,5042.09,0.0,Matched - price identical
SHA-B7CRBA-00,CORNER MOUNT: RIGHT IDLER (BLACK ALUMINUM),SAVANT,6302.61,6302.61,0.0,5042.09,0.0,Matched - price identical
SHA-B7CRSA-00,CORNER MOUNT: RIGHT IDLER (SILVER ALUMINUM),SAVANT,6302.61,6302.61,0.0,5042.09,0.0,Matched - price identical
SHA-B8CLBA-00,CORNER MOUNT: LEFT DRIVE (BLACK ALUMINUM),SAVANT,6302.61,6302.61,0.0,5042.09,0.0,Matched - price identical
SHA-B8CLSA-00,CORNER MOUNT: LEFT DRIVE (SILVER ALUMINUM),SAVANT,6302.61,6302.61,0.0,5042.09,0.0,Matched - price identical
SHA-B8CRBA-00,CORNER MOUNT: RIGHT DRIVE (BLACK ALUMINUM),SAVANT,6302.61,6302.61,0.0,5042.09,0.0,Matched - price identical
SHA-B8CRSA-00,CORNER MOUNT: RIGHT DRIVE (SILVER ALUMINUM),SAVANT,6302.61,6302.61,0.0,5042.09,0.0,Matched - price identical
SHA-C4IN-10,"4"" NEGATIVE REVEAL POCKET",SAVANT,7887.83,7887.83,0.0,6310.27,0.0,Matched - price identical
SHA-C6IN-10,"6"" NEGATIVE REVEAL POCKET",SAVANT,8332.17,8332.17,0.0,6665.74,0.0,Matched - price identical
SHA-CB34-10,POCKET BRACKET KIT,SAVANT,1353.04,1353.04,0.0,1082.44,0.0,Matched - price identical
SHA-CB5-10,POCKET SHADE COUPLER,SAVANT,1798.26,1798.26,0.0,1438.61,0.0,Matched - price identical
SHA-EHBAL10-00,ALUMINUM SHADE BRACKET HANGER BOLT 10 PACK,SAVANT,1263.48,1263.48,0.0,1010.79,0.0,Matched - price identical
SHA-EHBPL10-00,STANDARD SHADE BRACKET HANGER BOLT 10 PACK,SAVANT,1263.48,1263.48,0.0,1010.79,0.0,Matched - price identical
SHA-FBINDCHOICE-01,SAVANT CHOICE FABRIC AND BRACKET BINDER,SAVANT,18780.0,18780.0,0.0,15024.0,0.0,Matched - price identical
SHA-FBINDMERMET-01,MERMET BINDERS FOR SAMPLES OF ALL MERMET FABRIC SAVANT IS OFFERING,SAVANT,8054.78,8054.78,0.0,6443.83,0.0,Matched - price identical
SHA-FBINDVERTILUX-01,VERTILUX BINDERS FOR SAMPLES OF ALL VERTILUX FABRIC SAVANT IS OFFERING,SAVANT,8054.78,8054.78,0.0,6443.83,0.0,Matched - price identical
SHA-MGEIG200-00,GEIGER WIRED MOTOR WITH WIRED CONTROLS,SAVANT,14410.43,14410.43,0.0,8646.27,0.0,Matched - price identical
SHA-MGEIGCTRL-00,WIRED CONTROLLER FOR GEIGER WIRED MOTORS,SAVANT,18019.13,18019.13,0.0,10811.48,0.0,Matched - price identical
SHA-MGEIGSACONV-00,J-GEIGER MOTOR FINISH 10 PACK (SILVER ALUMINUM),SAVANT,5222.61,5222.61,0.0,3133.57,0.0,Matched - price identical
SHA-MGEIGWHCONV-00,J-GEIGER MOTOR FINISH 10 PACK (WHITE),SAVANT,1305.22,1305.22,0.0,783.14,0.0,Matched - price identical
SHA-PMOD5G-00,SHADE POWER MODULE FOR GEIGER WIRED MOTORS,SAVANT,18672.17,18672.17,0.0,11203.31,0.0,Matched - price identical
SHA-POWSINGLE-00,SINGLE SHADE POWER SUPPLY,SAVANT,4020.87,4020.87,0.0,2412.53,0.0,Matched - price identical
SHA-T8FT10PK-00,STANDARD SHADE TUBE -8 FOOT (PACK OF 10),SAVANT,12108.7,12108.7,0.0,9686.96,0.0,Matched - price identical
SHA-T8FT7PK-00,SHADE TUBE 8FT 7 PACK,SAVANT,9686.96,9686.96,0.0,7749.57,0.0,Matched - price identical
SHA-W1000-00,SHADE OR LOW VOLTAGE KEYPAD WIRE 1000FT SPOOL,SAVANT,26160.87,26160.87,0.0,20928.7,0.0,Matched - price identical
SHR-2000-00,SMART HOST RACK MOUNTABLE,SAVANT,11869.57,11869.57,0.0,7121.74,0.0,Matched - price identical
SHR-S2-01,S2 HOST RACK MOUNTABLE,SAVANT,20518.26,20518.26,0.0,12310.96,0.0,Matched - price identical
SIGNALMANAGER,HDMI Signal and Audio Manager,HDANYWHERE,6955.65,6955.65,0.0,4173.39,0.0,Matched - price identical
SKIN-GUARDIAN-BUCK,ORANGE SILICON SKIN FOR THE GUARDIAN CAMERA,ICRealtime,648.7,648.7,0.0,518.96,0.0,Matched - price identical
SKIN-GUARDIAN-PETALS,YELLOW SILICON SKIN FOR THE GUARDIAN CAMERA,ICRealtime,648.7,648.7,0.0,518.96,0.0,Matched - price identical
SKIN-ORBIT-GREY,GREY SILICON SKIN FOR THE ORBIT CAMERA,ICRealtime,741.74,741.74,0.0,593.4,0.0,Matched - price identical
SKIN-ORBIT-ORANGE,ORANGE SILICON SKIN FOR THE ORBIT CAMERA,ICRealtime,741.74,741.74,0.0,593.4,0.0,Matched - price identical
SLIMMAX0.5M,Slimwire MAX 0.5m,HDANYWHERE,346.96,346.96,0.0,208.17,0.0,Matched - price identical
SLIMMAX1M,Slimwire MAX 1.0m,HDANYWHERE,390.43,390.43,0.0,234.26,0.0,Matched - price identical
SLIMMAX2M,Slimwire MAX 2.0m,HDANYWHERE,433.91,433.91,0.0,260.35,0.0,Matched - price identical
SLIMMAX3M,Slimwire MAX HDMI 3m,HDANYWHERE,520.87,520.87,0.0,312.52,0.0,Matched - price identical
SLIMMAX5M,Slimwire MAX HDMI 5m,HDANYWHERE,564.35,564.35,0.0,338.61,0.0,Matched - price identical
SLIMMAX8K0.5M,0.5m 8K Ultra High Speed Slimwire Max (48G),HDANYWHERE,520.87,520.87,0.0,312.52,0.0,Matched - price identical
SLIMMAX8K1M,1m 8K Ultra High Speed Slimwire Max (48G),HDANYWHERE,607.83,607.83,0.0,364.7,0.0,Matched - price identical
SLIMMAX8K2M,2m 8K Ultra High Speed Slimwire Max (48G),HDANYWHERE,868.7,868.7,0.0,521.22,0.0,Matched - price identical
SLIMMAX8K3M,3m 8K Ultra High Speed Slimwire Max (48G),HDANYWHERE,955.65,955.65,0.0,573.39,0.0,Matched - price identical
SLN-44VLC4K-00,4K HDR HDBASET MATRIX SWITCHER 4 X 4,SAVANT,94963.48,94963.48,0.0,56978.09,0.0,Matched - price identical
SLN-88VLC4K-00,4K HDR HDBASET MATRIX SWITCHER 8 X 8,SAVANT,203493.04,203493.04,0.0,122095.83,0.0,Matched - price identical
SOUND1250,SOUND 1250 - Sound Bar Mount,Vogels,817.39,817.39,0.0,0.0,0.0,Matched - price identical
SOUND3200,SOUND 3200 Loudspeaker Wall Mount Black,Vogels,660.87,660.87,0.0,0.0,0.0,Matched - price identical
SOUND3200W,SOUND 3200 Loudspeaker Wall Mount White,Vogels,660.87,660.87,0.0,0.0,0.0,Matched - price identical
SOUND3205B,SOUND 3205 Universal L speaker wall mount Black,Vogels,2781.74,2781.74,0.0,1116.52,0.0,Matched - price identical
SOUND3205W,SOUND 3205 Universal L speaker wall mount White,Vogels,2781.74,2781.74,0.0,0.0,0.0,Matched - price identical
SOUND3305B,SOUND 3305 Universal L speaker floor stand Black,Vogels,4346.96,4346.96,0.0,1669.57,0.0,Matched - price identical
SOUND3305W,SOUND 3305 Universal L speaker floor stand White,Vogels,4346.96,4346.96,0.0,1669.57,0.0,Matched - price identical
SOUND3400,SOUND 3400 Cable Column Mount,Vogels,1243.48,1243.48,0.0,870.43,0.0,Matched - price identical
SOUND3450,SOUND 3450 Soundbar Wall Mount,Vogels,1782.61,1782.61,0.0,1247.83,0.0,Matched - price identical
SOUND3550,SOUND 3550 UNIVERSAL SOUNDBARMOUNT,Vogels,1738.26,1738.26,0.0,777.39,0.0,Matched - price identical
SOUND4113B,SOUND 4113 SONOS PLAY:1/3 table-top stand Black,Vogels,530.43,530.43,0.0,318.26,0.0,Matched - price identical
SOUND4113W,SOUND 4113 SONOS PLAY:1/3 table-top stand White,Vogels,530.43,530.43,0.0,318.26,0.0,Matched - price identical
SOUND4201B,SOUND 4201 Loudspeaker Wall Mount for SONOS ONE/PLAY:1 Black,Vogels,1129.57,1129.57,0.0,677.74,0.0,Matched - price identical
SOUND4201W,SOUND 4201 Loudspeaker Wall Mount for SONOS ONE/PLAY:1 White,Vogels,1129.57,1129.57,0.0,677.74,0.0,Matched - price identical
SOUND4203B,Sound 4203 Sonos Play 3 Wall Mount Black,Vogels,878.26,878.26,0.0,614.78,0.0,Matched - price identical
SOUND4203W,Sound 4203 Sonos Play 3 Wall Mount White,Vogels,878.26,878.26,0.0,526.96,0.0,Matched - price identical
SOUND4301B,SOUND 4301 Loudspeaker Stand for SONOS ONE/PLAY:1 Black,Vogels,2433.91,2433.91,0.0,913.04,0.0,Matched - price identical
SOUND4301W,SOUND 4301 Loudspeaker Stand for SONOS ONE/PLAY:1 White,Vogels,2433.91,2433.91,0.0,913.04,0.0,Matched - price identical
SOUND4303B,SOUND 4303 Sonos Play 3 Floorstand Black,Vogels,1643.48,1643.48,0.0,986.09,0.0,Matched - price identical
SOUND4303W,SOUND 4303 Sonos Play 3 Floorstand White,Vogels,1643.48,1643.48,0.0,986.09,0.0,Matched - price identical
SOUND5201B,SOUND 5201 Denon HEOS 1 wall mount Black,Vogels,773.91,773.91,0.0,464.35,0.0,Matched - price identical
SOUND5201W,SOUND 5201 Denon HEOS 1 wall mount White,Vogels,773.91,773.91,0.0,309.57,0.0,Matched - price identical
SOUND5203B,SOUND 5203 Denon HEOS 3 wall mount Black,Vogels,1017.39,1017.39,0.0,610.43,0.0,Matched - price identical
SOUND5203W,SOUND 5203 Denon HEOS 3 wall mount White,Vogels,101839.0,101839.0,0.0,61103.4,0.0,Matched - price identical
SOUND5313B,SOUND 5313 Denon HEOS 1 / 3 floor stand Black,Vogels,1860.87,1860.87,0.0,1116.52,0.0,Matched - price identical
SOUND5313W,SOUND 5313 Denon HEOS 1 / 3 floor stand White,Vogels,186187.0,186187.0,0.0,744.35,0.0,Matched - price identical
SPEKTOR 1 B,SPEKTOR 1 BLACK BOOKSHELF SPEAKER,Dali,4086.09,4086.09,0.0,2451.65,0.0,Matched - price identical
SPEKTOR 1 WAL,SPEKTOR 1 WALNUT BOOKSHELF SPEAKER,Dali,4086.09,4086.09,0.0,2451.65,0.0,Matched - price identical
SPEKTOR 2 B,SPEKTOR 2 BLACK BOOKSHELF SPEAKER,Dali,6086.09,6086.09,0.0,3651.65,0.0,Matched - price identical
SPEKTOR 2 WAL,SPEKTOR 2 WALNUT BOOKSHELF SPEAKER,Dali,6086.09,6086.09,0.0,3651.65,0.0,Matched - price identical
SPEKTOR 6 B,SPEKTOR 6 BLACK FLOOR STANDING SPEAKER,Dali,13042.61,13042.61,0.0,7825.57,0.0,Matched - price identical
SPEKTOR 6 WAL,SPEKTOR 6 WALNUT FLOOR STANDING SPEAKER,Dali,13042.61,13042.61,0.0,7825.57,0.0,Matched - price identical
SPEKTOR VOK B,SPEKTOR VOKAL BLACK CENTER SPEAKER,Dali,3912.17,3912.17,0.0,2347.3,0.0,Matched - price identical
SPEKTOR VOK WAL,SPEKTOR VOKAL WALNUT CENTER SPEAKER,Dali,3912.17,3912.17,0.0,2347.3,0.0,Matched - price identical
SPK-S1WSB-00,SMART AUDIO WISA SUB 1 (BLACK),SAVANT,21862.61,21862.61,0.0,15303.83,0.0,Matched - price identical
SPK-S1WSW-00,SMART AUDIO WISA SUB 1 (WHITE),SAVANT,21862.61,21862.61,0.0,15303.83,0.0,Matched - price identical
SPK-SUR3STAND-00,STAND FOR SMART AUDIO SURROUND SPEAKERS,SAVANT,7935.65,7935.65,0.0,5554.96,0.0,Matched - price identical
SPK-SUR3WSB-00,SMART AUDIO WISA SURROUND SPEAKERS (BLACK),SAVANT,21862.61,21862.61,0.0,15303.83,0.0,Matched - price identical
SPK-SUR3WSW-00,SMART AUDIO WISA SURROUND SPEAKERS (WHITE),SAVANT,21862.61,21862.61,0.0,15303.83,0.0,Matched - price identical
SPMAX12,Splitter MAX 1x2,HDANYWHERE,2607.83,2607.83,0.0,1564.7,0.0,Matched - price identical
SPMAX14,Splitter MAX 1x4,HDANYWHERE,3999.13,3999.13,0.0,2399.48,0.0,Matched - price identical
SS1WMWW1,Sonos One Wall Mount - White,Sonos,1129.57,1129.57,0.0,903.66,0.0,Matched - price identical
SS1WMWW1BLK,Sonos One Wall Mount - Black,Sonos,1129.57,1129.57,0.0,903.66,0.0,Matched - price identical
SSC-0014-00,SAVANT SMARTCONTROL 14 - SMART CONTROLLER WITH 7 GPIO AND 7 RELAY,SAVANT,16713.04,16713.04,0.0,10027.83,0.0,Matched - price identical
SSC-002485-00,SAVANT SMARTCONTROL RS485 - ETHERNET,SAVANT,16713.04,16713.04,0.0,10027.83,0.0,Matched - price identical
SSC-P025-11,SMARTCONTROL 25 WITH POE,SAVANT,62675.65,62675.65,0.0,37605.4,0.0,Matched - price identical
SSC-W002G-01,SAVANT SMARTCONTROL 2 - WI-FI SMART CONTROLLER WITH 1 GPIO AND 1 RELAY,SAVANT,8206.96,8206.96,0.0,4924.18,0.0,Matched - price identical
SSC-W003I-01,SAVANT SMARTCONTROL 3 - WI-FI SMART CONTROLLER WITH 3 IR,SAVANT,8206.96,8206.96,0.0,4924.18,0.0,Matched - price identical
SSC-W02R-00,SAVANT SMARTCONTROL RS232 - WI-FI SMART CONTROLLER WITH 2 RS232,SAVANT,8206.96,8206.96,0.0,4924.18,0.0,Matched - price identical
SSC-W103I-00,WI-FI IR LEARNING CONTROLLER WITH 3 IR OUTPUTS,SAVANT,9848.7,9848.7,0.0,5909.22,0.0,Matched - price identical
SSC-W485-00,SAVANT SMARTCONTROL RS485 - WI-FI SHADE CONTROLLER WITH 1 RS485,SAVANT,8206.96,8206.96,0.0,4924.18,0.0,Matched - price identical
SSL-S2EMBE-1YR,SAVANT ESSENTIALS 1 YEAR SUBSCRIPTION (S2 OR EMBEDDED),SAVANT,2433.91,2433.91,0.0,1460.35,0.0,Matched - price identical
SSL-SMRTE-1YR,SAVANT ESSENTIALS 1 YEAR SUBSCRIPTION (SMART),SAVANT,8925.22,8925.22,0.0,5355.14,0.0,Matched - price identical
SSL-SUPERPROE-1YR,SAVANT ESSENTIALS 1 YEAR SUBSCRIPTION (SUPER PRO),SAVANT,35703.48,35703.48,0.0,21422.09,0.0,Matched - price identical
SST-OTEMP1-00,OUTDOOR REMOTE TEMPERATURE SENSOR,SAVANT,2412.17,2412.17,0.0,1447.31,0.0,Matched - price identical
SST-TEMP1-00,REMOTE TEMPERATURE SENSOR (FLUSH MOUNT),SAVANT,2297.39,2297.39,0.0,1378.44,0.0,Matched - price identical
STEREO3.5MM,STEREO CABLE 3.5mm To 3.5mm 1m,HDANYWHERE,147.83,147.83,0.0,88.7,0.0,Matched - price identical
STP-MOUNTID-00,STRIP MOUNTING RAIL - INDOOR (5 PACK),SAVANT,2800.0,2800.0,0.0,2240.0,0.0,Matched - price identical
STP-MOUNTOD-00,STRIP MOUNTING RAIL - OUTDOOR (5 PACK),SAVANT,2800.0,2800.0,0.0,2240.0,0.0,Matched - price identical
STP-NEON10MOD-00,NEON LIGHT STRIP - OUTDOOR (10M),SAVANT,19389.57,19389.57,0.0,15511.66,0.0,Matched - price identical
STP-NEONACC-00,NEON ACCESSORY PACK,SAVANT,861.74,861.74,0.0,689.4,0.0,Matched - price identical
STP-TW10MID-00,TUNABLE WHITE LIGHT STRIP - INDOOR (10M),SAVANT,6462.61,6462.61,0.0,5170.09,0.0,Matched - price identical
STP-TWCOUPLER-00,TUNABLE WHITE STRAIGHT COUPLER (10 PACK),SAVANT,322.61,322.61,0.0,258.09,0.0,Matched - price identical
STP-TWJUMPER-00,TUNABLE WHITE JUMPER (10 PACK),SAVANT,430.43,430.43,0.0,344.35,0.0,Matched - price identical
STP-TWT-00,TUNABLE WHITE 3-WAY T COUPLER (10 PACK),SAVANT,1292.17,1292.17,0.0,1033.74,0.0,Matched - price identical
STP-WRGB10MID-00,WRGB LIGHT STRIP - INDOOR (10M),SAVANT,6462.61,6462.61,0.0,5170.09,0.0,Matched - price identical
STP-WRGB10MOD-00,WRGB LIGHT STRIP - OUTDOOR (10M),SAVANT,9694.78,9694.78,0.0,7755.83,0.0,Matched - price identical
STP-WRGBCOUPLER-00,WRGB STRAIGHT COUPLER (10 PACK),SAVANT,322.61,322.61,0.0,258.09,0.0,Matched - price identical
STP-WRGBJUMPER-00,WRGB JUMPER (10 PACK),SAVANT,538.26,538.26,0.0,430.61,0.0,Matched - price identical
STP-WRGBT-00,WRGB T 3 WAY T COUPLER (10 PACK),SAVANT,1400.0,1400.0,0.0,1120.0,0.0,Matched - price identical
STRCAP10,PLANETWAVES RCA Connectors-Male,Planetwaves,654.78,654.78,0.0,458.35,0.0,Matched - price identical
STRCAP50,PLANETWAVES ST Series Gold Plated RCA 50 Pack,Planetwaves,6664.35,6664.35,0.0,4665.05,0.0,Matched - price identical
STUDIO39-BG,STUDIO 39 SOUNDBAR WITH GRILLE - BLACK,SAVANT,14574.78,14574.78,0.0,10202.35,0.0,Matched - price identical
STUDIO46-BG,STUDIO 46 SOUNDBAR WITH GRILLE - BLACK,SAVANT,18218.26,18218.26,0.0,12752.79,0.0,Matched - price identical
STUDIO55-BG,STUDIO 55 SOUNDBAR WITH GRILLE - BLACK,SAVANT,21862.61,21862.61,0.0,15303.83,0.0,Matched - price identical
STUDIO65-BG,STUDIO 65 SOUNDBAR WITH GRILLE - BLACK,SAVANT,25506.09,25506.09,0.0,17854.27,0.0,Matched - price identical
SUB E-12F,SUB E-12F SUBWOOFER Black,Dali,13469.57,13469.57,0.0,8081.74,0.0,Matched - price identical
SUB E-12F W,SUB E-12F WHITE SUBWOOFER,Dali,13469.57,13469.57,0.0,8081.74,0.0,Matched - price identical
SUB E-9 F BS,DALI SUB E-9 F BLACK SATIN 220-240 V,Dali,9991.3,9991.3,0.0,5994.78,0.0,Matched - price identical
SUB E-9F B,SUB E-9F BLACK SUBWOOFER,Dali,9991.3,9991.3,0.0,5994.78,0.0,Matched - price identical
SUB E-9F W,SUB E-9F WHITE SUBWOOFER,Dali,9991.3,9991.3,0.0,5994.78,0.0,Matched - price identical
SUB K-14F B,SUB K-14F BLACK SUBWOOFER,Dali,26078.26,26078.26,0.0,15646.96,0.0,Matched - price identical
SUB P-10DSS B,SUB P-10DSS BLACK HIGH GLOSS SUBWOOFER,Dali,46947.83,46947.83,0.0,28168.7,0.0,Matched - price identical
SUB210BL,SUB210 Black,Jamo,4781.74,4781.74,0.0,3347.22,0.0,Matched - price identical
SUBG1EU1BLK,SUB EU (Gloss Black G1),Sonos,12173.04,12173.04,0.0,9738.43,0.0,Matched - price identical
SUBG3EU1,Sonos Sub Gen3 Wireless Smart Subwoofer - White (S26),Sonos,17390.43,17390.43,0.0,13912.35,0.0,Matched - price identical
SUBG3EU1BLK,Sonos Sub Gen3 Wireless Smart Subwoofer - Black (S26),Sonos,17390.43,17390.43,0.0,13912.35,0.0,Matched - price identical
SUBG3UK1,Sonos Sub (Gen3) White,Sonos,16520.87,16520.87,0.0,13216.7,0.0,Matched - price identical
SUBM1EU1,Sonos Sub Mini Smart Subwoofer - White (S37),Sonos,10433.91,10433.91,0.0,8347.13,0.0,Matched - price identical
SUBM1EU1BLK,Sonos Sub Mini Smart Subwoofer - Black (S37),Sonos,10433.91,10433.91,0.0,8347.13,0.0,Matched - price identical
SVR-5200S-01,SAVANT PRO HOST,SAVANT,46633.04,46633.04,0.0,37306.44,0.0,Matched - price identical
SVR-7100S-00,SAVANT SUPER PRO HOST,SAVANT,312446.96,312446.96,0.0,249957.57,0.0,Matched - price identical
SWITCHERMAX41,Switcher MAX (4x1),HDANYWHERE,3912.17,3912.17,0.0,2347.3,0.0,Matched - price identical
SX10AEBMMP,Pioneer 2X100W  Stereo Receiver with Bluetooth Connectivity,Pioneer,8694.78,8694.78,0.0,4850.0,0.0,Matched - price identical
SXN30AEBMPP,Pioneer SXN30AE Network Stereo Receiver,Pioneer,14781.74,14781.74,0.0,10347.22,0.0,Matched - price identical
Singer,ICREALTIME Wireless Door Chime For DINGER With Multiple Ringtones Options WiFi Connection,ICRealtime,1731.3,1731.3,0.0,1385.05,0.0,Matched - price identical
Sky Key 1,ENGENIUS Management Platform with 1G LAN (PoE 802.3af/at) + 1G LAN DC 12V Input,EnGenius,3335.65,3335.65,0.0,2334.96,0.0,Matched - price identical
THIN215,THIN215 LED wall support,Vogels,2052.17,2052.17,0.0,1231.3,0.0,Matched - price identical
THIN325,THIN325 Tilt/turn Single Arm,Vogels,4469.57,4469.57,0.0,2681.74,0.0,Matched - price identical
THIN405,THIN 405 Fixed TV Wall Mount,Vogels,1408.7,1408.7,0.0,845.22,0.0,Matched - price identical
THIN415,THIN 415 Tilting TV Wall Mount,Vogels,2104.35,2104.35,0.0,1262.61,0.0,Matched - price identical
THIN425,THIN 425 Full-Motion TV Wall Mount,Vogels,3504.35,3504.35,0.0,2102.61,0.0,Matched - price identical
THIN445,THIN 445 Full-Motion TV Wall Mount,Vogels,4669.57,4669.57,0.0,2801.74,0.0,Matched - price identical
THIN445WH,THIN 445 Full-Motion TV Wall Mount White,Vogels,466957.0,466957.0,0.0,2801.74,0.0,Matched - price identical
THIN505,THIN 505 Fixed TV Wall Mount,Vogels,1869.57,1869.57,0.0,1121.74,0.0,Matched - price identical
THIN515,THIN 515 Tilting TV Wall Mount,Vogels,2565.22,2565.22,0.0,1539.13,0.0,Matched - price identical
THIN525,THIN 525 Full-Motion TV Wall Mount,Vogels,4669.57,4669.57,0.0,2801.74,0.0,Matched - price identical
THIN545,THIN 545 Full-Motion TV Wall Mount,Vogels,6417.39,6417.39,0.0,3850.43,0.0,Matched - price identical
THIN545W,THIN 545 Full-Motion TV Wall Mount White,Vogels,641739.0,641739.0,0.0,3850.43,0.0,Matched - price identical
THIN546,THIN 546 Full-Motion TV Wall Mount Universal OLED,Vogels,6260.87,6260.87,0.0,3756.52,0.0,Matched - price identical
THIN550,THIN 550 Full-Motion TV Wall Mount,Vogels,7452.17,7452.17,0.0,4471.3,0.0,Matched - price identical
THIN595,THIN 595 Double Stud Adapter (525/545/550),Vogels,1808.7,1808.7,0.0,0.0,0.0,Matched - price identical
THIP-B2078FL-IR,ICREALTIME 256 X 192 THERMAL IP INDOOR/OUTDOOR FULL SIZE HYBRID BULLET. 7MM / 8MM FIXED LENS (24Â°,ICRealtime,44293.91,44293.91,0.0,26576.35,0.0,Matched - price identical
THIP-P2078FM-IR,ICREALTIME 256 X 192 THERMAL IP INDOOR/OUTDOOR HYBRID PTZ. 7MM / 8MM FIXED LENS (24Â° / 40Â° ). FIR,ICRealtime,65448.7,65448.7,0.0,39269.22,0.0,Matched - price identical
THIP-P4078FM-IR,256X192THERMAL4MPVISIBLE HYBRID PT7MM8MMFIXED(33°/25°)TEMP/FIRE DETECT.AUTOTRACK AI ANALYTICS NOPSU,ICRealtime,83712.17,83712.17,0.0,50227.31,0.0,Matched - price identical
TMS1010,TMS 1010  Tablet Wall Pack,Vogels,686.96,686.96,0.0,0.0,0.0,Matched - price identical
TMS1020,TMS 1020 Tablet Car Pack,Vogels,1208.7,1208.7,0.0,0.0,0.0,Matched - price identical
TMS1030,TMS 1030 Tablet Flex Pack,Vogels,1582.61,1582.61,0.0,0.0,0.0,Matched - price identical
TMS1050,TMS 1050  Tablet Dashboard Pack,Vogels,791.3,791.3,0.0,0.0,0.0,Matched - price identical
TOWER0.6R,0.6M TOWER RCA-RCA,AudioQuest,956.52,956.52,0.0,669.57,0.0,Matched - price identical
TOWER01.5MR,1.5M TOWER 3.5M-RCA,AudioQuest,1130.43,1130.43,0.0,791.3,0.0,Matched - price identical
TOWER01.5R,1.5M TOWER RCA-RCA,AudioQuest,1130.43,1130.43,0.0,791.3,0.0,Matched - price identical
TOWER01R,1.0M TOWER RCA-RCA,AudioQuest,956.52,956.52,0.0,669.57,0.0,Matched - price identical
TOWER02R,2.0M TOWER RCA-RCA,AudioQuest,1217.39,1217.39,0.0,852.17,0.0,Matched - price identical
TPE115GI,GIGABIT POE+ INJECTOR,EnGenius,5278.26,5278.26,0.0,650.07,0.0,Matched - price identical
TVM 3205,FIXED MOUNT SMALL,Vogels,868.7,868.7,0.0,416.87,0.0,Matched - price identical
TVM 3215,TVM 3215 Tilting TV Wall Mount,Vogels,1129.57,1129.57,0.0,552.52,0.0,Matched - price identical
TVM 3225,FULL MOTION MOUNT SMALL,Vogels,2520.87,2520.87,0.0,1251.65,0.0,Matched - price identical
TVM 3245,FULL MOTION+ MOUNT SMALL,Vogels,3042.61,3042.61,0.0,1512.52,0.0,Matched - price identical
TVM 3405,TVM 3405 Fixed TV Wall Mount,Vogels,1216.52,1216.52,0.0,625.57,0.0,Matched - price identical
TVM 3415,TILT MOUNT MEDIUM,Vogels,1564.35,1564.35,0.0,834.26,0.0,Matched - price identical
TVM 3425,FULL MOTION MOUNT MEDIUM,Vogels,3651.3,3651.3,0.0,1773.39,0.0,Matched - price identical
TVM 3445,FULL MOTION+ MOUNT MED.,Vogels,4694.78,4694.78,0.0,2295.13,0.0,Matched - price identical
TVM 3605,TVM 3605 Fixed TV Wall Mount,Vogels,1651.3,1651.3,0.0,834.26,0.0,Matched - price identical
TVM 3615,TVM 3615 Tilting TV Wall Mount,Vogels,2086.09,2086.09,0.0,1095.13,0.0,Matched - price identical
TVM 3625,FULL-MOTION MOUNT LARGE,Vogels,4781.74,4781.74,0.0,2451.65,0.0,Matched - price identical
TVM 3645,TVM 3645 Full-Motion TV Wall Mount,Vogels,6086.09,6086.09,0.0,2973.39,0.0,Matched - price identical
TVM 5405,TVM 5405 Fixed TV Wall Mount,Vogels,1912.17,1912.17,0.0,845.22,0.0,Matched - price identical
TVM 5445,TVM 5445 Full-Motion TV Wall Mount,Vogels,6520.8696,6520.87,-0.0003999999998995918,2801.74,0.0,Matched - price identical
TVM 5845,TVM 5845 Full-Motion TV Wall Mount,Vogels,9216.52,9216.52,0.0,4471.3,0.0,Matched - price identical
TVM 5855,TVM 5855 Full-Motion TV Wall Mount,Vogels,9216.52,9216.52,0.0,4471.3,0.0,Matched - price identical
TVM 7655,TVM 7655 Full-Motion TV Wall Mount,Vogels,13912.17,13912.17,0.0,2113.04,0.0,Matched - price identical
TVM 7675,TVM 7675 Full-Motion TV Wall Mount,Vogels,27825.22,27825.22,0.0,2113.04,0.0,Matched - price identical
TX-8270(B),TX-8270 BLACK NETWORK STEREO RECEIVER,Onkyo,15651.3,15651.3,0.0,10955.91,0.0,Matched - price identical
TX-NR7100,Onkyo TX-NR7100 9.2-Channel THX Certified 8K AV Receiver,Onkyo,28694.78,28694.78,0.0,20086.35,0.0,Matched - price identical
TX-RZ50,Onkyo TX-RZ50 9.2-Channel THX Certified AV Receiver,Onkyo,39129.57,39129.57,0.0,23477.74,0.0,Matched - price identical
TX-SR393(B),TX-SR393 BLACK 5.1 A/V BLUETOOTH RECEIVER,Onkyo,6520.87,6520.87,0.0,5216.69,0.0,Matched - price identical
TXNR5100M2BMMP,Onkyo TX-NR5100 7.2-Channel Network 8K AV Receiver,Onkyo,16086.09,16086.09,0.0,12782.0,0.0,Matched - price identical
TXNR6100BMMP,Onkyo TXNR6100 7.2-Channel THX Certified AV Reciever,Onkyo,20868.7,20868.7,0.0,14608.09,0.0,Matched - price identical
TXNR6100M2BMMP,Onkyo TX-NR6100 7.2-Channel THX Certified Network 8K AV Receiver,Onkyo,19999.13,19999.13,0.0,13999.39,0.0,Matched - price identical
TXNR696M3BMMP,Onkyo TXNR696 7.2-Cannel Network AV Receiver,Onkyo,19129.57,19129.57,0.0,13390.7,0.0,Matched - price identical
TXSR494DABBMMP,Onkyo TXSR494 Bluetooth Reciever Dolby Atmoas and DTS:X,Onkyo,13912.17,13912.17,0.0,9738.52,0.0,Matched - price identical
Tweeter LCR 750,M&K Tweeter LCR 750,M&K Sound,22607.83,22607.83,0.0,12516.52,0.0,Matched - price identical
V600020-00,CROSSOVER W/TERMINAL ZENSOR 7,Dali,1121.74,1121.74,0.0,673.04,0.0,Matched - price identical
V600218-00,CROSSOVER W/TERMINAL OPTICON 8 spare part,Dali,3730.43,3730.43,0.0,2238.26,0.0,Matched - price identical
V600219-00,CROSSOVER W/TERMINAL OPTICON VOKAL,Dali,1730.43,1730.43,0.0,1038.26,0.0,Matched - price identical
V600239-00,CROSSOVER W/TERMINAL OBERON VOKAL,Dali,1730.43,1730.43,0.0,1568.42,0.0,Matched - price identical
V650906-00,CROSSOVER EPICON 6,Dali,773.91,773.91,0.0,464.35,0.0,Matched - price identical
V650915-00,CROSSOVER W/TERMINAL RUBICON VOKAL,Dali,1730.43,1730.43,0.0,1038.26,0.0,Matched - price identical
V760149-00,FRONT GRILLE SUB E-9 F BLACK,Dali,773.91,773.91,0.0,464.35,0.0,Matched - price identical
V8 AMP,M&K V8 AMP MODULE,M&K Sound,16947.83,16947.83,0.0,0.0,0.0,Matched - price identical
V8B,V8 Black,M&K Sound,16947.83,16947.83,0.0,10168.7,0.0,Matched - price identical
VLB200,VLB 200 Loudspeaker Wall Mount,Vogels,1564.35,1564.35,0.0,620.87,0.0,Matched - price identical
VLB500B,VLB 500 Loudspeaker Wall Mount,Vogels,607.83,607.83,0.0,224.35,0.0,Matched - price identical
VLB500S,VLB 500 Loudspeaker Wall Mount,Vogels,607.83,607.83,0.0,224.34,0.0,Matched - price identical
VSX534BMMP,Pioneer VSX-534 5X150W 4K AV Receiver,Pioneer,11303.48,11303.48,0.0,7912.43,0.0,Matched - price identical
VSX534DBMMP,Pioneer VSX-534D 5X150W 4K AV Receiver DAB,Pioneer,13042.61,13042.61,0.0,9129.83,0.0,Matched - price identical
VSX934BMMP,Pioneer VSX-934 - 7X160W 4K Network Av Receiver,Pioneer,14781.74,14781.74,0.0,10347.22,0.0,Matched - price identical
VSX935BMMP,Pioneer VSX-935 7X165W 8K Network AV Receiver,Pioneer,18260.0,18260.0,0.0,12782.0,0.0,Matched - price identical
VSX935SMMP,Pioneer VSX-935 7X165W 8K Network AV Receiver (Silver),Pioneer,19999.13,19999.13,0.0,13999.39,0.0,Matched - price identical
VSXLX305BMMP,Pioneer VSX-LX305 Elite 9X225W 8k Network AV Receiver with Dirac Live,Pioneer,37390.43,37390.43,0.0,22434.26,0.0,Matched - price identical
VSXLX305SMMP,Pioneer VSX-LX305 Elite 9X225W 8k Network AV Receiver with Dirac Live,Pioneer,37390.43,37390.43,0.0,22434.26,0.0,Matched - price identical
VSXLX505BMMP,Pioneer VSX-LX505 Elite 9X230W 8k Network AV Receiver with Dirac Live,Pioneer,42607.83,42607.83,0.0,25564.7,0.0,Matched - price identical
VSXLX505SMMP,Pioneer VSX-LX505 Elite 9X230W 8k Network AV Receiver with Dirac Live,Pioneer,42607.83,42607.83,0.0,25564.7,0.0,Matched - price identical
VTMS1010,TMS 1010  Tablet Wall Pack,Vogels,686.96,686.96,0.0,412.17,0.0,Matched - price identical
WALL1120,WALL 1120 BLACK TURN 60 WALL MOUNT 19-37,Vogels,7452.17,7452.17,0.0,4471.3,0.0,Matched - price identical
WALL2025,Black Turn 120 wall mount 17-26,Vogels,1408.7,1408.7,0.0,845.22,0.0,Matched - price identical
WALL3105,WALL 3105,Vogels,513.04,513.04,0.0,365.22,0.0,Matched - price identical
WALL3115,WALL 3115 Tilting TV Wall Mount,Vogels,565.22,565.22,0.0,0.0,0.0,Matched - price identical
WALL3125,WALL 3125 Full-Motion TV Wall Mount,Vogels,1643.48,1643.48,0.0,986.09,0.0,Matched - price identical
WALL3145,WALL 3145 Full-Motion TV Wall Mount,Vogels,2356.52,2356.52,0.0,1413.91,0.0,Matched - price identical
WALL3145W,WALL 3145 Full-Motion TV Wall Mount White,Vogels,2356.52,2356.52,0.0,1413.91,0.0,Matched - price identical
WALL3205,WALL 3205 Fixed TV Wall Mount,Vogels,756.52,756.52,0.0,336.93,0.0,Matched - price identical
WALL3215,WALL 3215 Tilting TV Wall Mount,Vogels,1643.48,1643.48,0.0,986.09,0.0,Matched - price identical
WALL3225,WALL 3225 Full-Motion TV Wall Mount,Vogels,2704.35,2704.35,0.0,1622.61,0.0,Matched - price identical
WALL3245,WALL 3245 Full-Motion TV Wall Mount,Vogels,3686.96,3686.96,0.0,2212.17,0.0,Matched - price identical
WALL3245W,WALL 3245 Full-Motion TV Wall Mount White,Vogels,4000.0,4000.0,0.0,2400.0,0.0,Matched - price identical
WALL3250,WALL 3250 Full-Motion TV Wall Mount,Vogels,5217.39,5217.39,0.0,3130.43,0.0,Matched - price identical
WALL3305,WALL 3305 Fixed TV Wall Mount,Vogels,1043.48,1043.48,0.0,550.84,0.0,Matched - price identical
WALL3315,WALL 3315 Tilting TV Wall Mount,Vogels,1643.48,1643.48,0.0,986.09,0.0,Matched - price identical
WALL3325,WALL 3325 Full-Motion TV Wall Mount,Vogels,3521.74,3521.74,0.0,2113.04,0.0,Matched - price identical
WALL3345,WALL 3345 Full-Motion TV Wall Mount,Vogels,4704.35,4704.35,0.0,2822.61,0.0,Matched - price identical
WALL3345W,WALL 3345 Full-Motion TV Wall Mount White,Vogels,4217.39,4217.39,0.0,2530.43,0.0,Matched - price identical
WALL3350,WALL 3350 Full-Motion TV Wall Mount,Vogels,6808.7,6808.7,0.0,4085.22,0.0,Matched - price identical
WALL3450,WALL 3450 Full-Motion TV Wall Mount,Vogels,8626.09,8626.09,0.0,5175.65,0.0,Matched - price identical
WFB-BAENGV-00,ASCEND ENGRAVING (BRUSHED ALUMINUM),SAVANT,1167.83,1167.83,0.0,817.48,0.0,Matched - price identical
WFB-BALV02-00,ASCEND LOW VOLTAGE KEYPAD - 2 BUTTON (BRUSHED ALUMINUM),SAVANT,11191.3,11191.3,0.0,6714.79,0.0,Matched - price identical
WFB-BALV04-00,ASCEND LOW VOLTAGE KEYPAD - 4 BUTTON (BRUSHED ALUMINUM),SAVANT,11191.3,11191.3,0.0,6714.79,0.0,Matched - price identical
WFB-BALV05-00,ASCEND LOW VOLTAGE KEYPAD - 5 BUTTON (BRUSHED ALUMINUM),SAVANT,11191.3,11191.3,0.0,6714.79,0.0,Matched - price identical
WFB-BALVC-00,ASCEND BUTTON KIT (BRUSHED ALUMINUM),SAVANT,3958.26,3958.26,0.0,2374.96,0.0,Matched - price identical
WFB-BBENGV-00,ASCEND ENGRAVING (BRUSHED BLACK),SAVANT,1167.83,1167.83,0.0,817.48,0.0,Matched - price identical
WFB-BBLV02-00,ASCEND LOW VOLTAGE KEYPAD - 2 BUTTON (BRUSHED BLACK),SAVANT,11191.3,11191.3,0.0,6714.79,0.0,Matched - price identical
WFB-BBLV04-00,ASCEND LOW VOLTAGE KEYPAD - 4 BUTTON (BRUSHED BLACK),SAVANT,11191.3,11191.3,0.0,6714.79,0.0,Matched - price identical
WFB-BBLV05-00,ASCEND LOW VOLTAGE KEYPAD - 5 BUTTON (BRUSHED BLACK),SAVANT,11191.3,11191.3,0.0,6714.79,0.0,Matched - price identical
WFB-BBLVC-00,ASCEND BUTTON KIT (BRUSHED BLACK),SAVANT,3958.26,3958.26,0.0,2374.96,0.0,Matched - price identical
WFB-BRENGV-00,ASCEND ENGRAVING (BRUSHED BRASS),SAVANT,1167.83,1167.83,0.0,817.48,0.0,Matched - price identical
WFB-BRLV02-00,ASCEND LOW VOLTAGE KEYPAD - 2 BUTTON (BRUSHED BRASS),SAVANT,11191.3,11191.3,0.0,6714.79,0.0,Matched - price identical
WFB-BRLV04-00,ASCEND LOW VOLTAGE KEYPAD - 4 BUTTON (BRUSHED BRASS),SAVANT,11191.3,11191.3,0.0,6714.79,0.0,Matched - price identical
WFB-BRLV05-00,ASCEND LOW VOLTAGE KEYPAD - 5 BUTTON (BRUSHED BRASS),SAVANT,11191.3,11191.3,0.0,6714.79,0.0,Matched - price identical
WFB-BRLVC-00,ASCEND BUTTON KIT (BRUSHED BRASS),SAVANT,3958.26,3958.26,0.0,2374.96,0.0,Matched - price identical
WFB-BZENGV-00,ASCEND ENGRAVING (BRUSHED BRONZE),SAVANT,1167.83,1167.83,0.0,817.48,0.0,Matched - price identical
WFB-BZLV02-00,ASCEND LOW VOLTAGE KEYPAD - 2 BUTTON (BRUSHED BRONZE),SAVANT,11191.3,11191.3,0.0,6714.79,0.0,Matched - price identical
WFB-BZLV05-00,ASCEND LOW VOLTAGE KEYPAD - 5 BUTTON (BRUSHED BRONZE),SAVANT,11191.3,11191.3,0.0,6714.79,0.0,Matched - price identical
WFB-BZLVC-00,ASCEND BUTTON KIT (BRUSHED BRONZE),SAVANT,3958.26,3958.26,0.0,2374.96,0.0,Matched - price identical
WFB-LAENGV-00,ASCEND ENGRAVING (LIGHT ALMOND),SAVANT,1167.83,1167.83,0.0,817.48,0.0,Matched - price identical
WFB-LALV02-00,ASCEND LOW VOLTAGE KEYPAD - 2 BUTTON (LIGHT ALMOND),SAVANT,11191.3,11191.3,0.0,6714.79,0.0,Matched - price identical
WFB-LALV04-00,ASCEND LOW VOLTAGE KEYPAD - 4 BUTTON (LIGHT ALMOND),SAVANT,11191.3,11191.3,0.0,6714.79,0.0,Matched - price identical
WFB-LALV05-00,ASCEND LOW VOLTAGE KEYPAD - 5 BUTTON (LIGHT ALMOND),SAVANT,11191.3,11191.3,0.0,6714.79,0.0,Matched - price identical
WFB-LALVC-00,ASCEND BUTTON KIT (LIGHT ALMOND),SAVANT,3958.26,3958.26,0.0,2374.96,0.0,Matched - price identical
WFB-MBENGV-00,ASCEND ENGRAVING (BLACK),SAVANT,1167.83,1167.83,0.0,817.48,0.0,Matched - price identical
WFB-MBLV02-00,ASCEND LOW VOLTAGE KEYPAD - 2 BUTTON (BLACK),SAVANT,11191.3,11191.3,0.0,6714.79,0.0,Matched - price identical
WFB-MBLV04-00,ASCEND LOW VOLTAGE KEYPAD - 4 BUTTON (BLACK),SAVANT,11191.3,11191.3,0.0,6714.79,0.0,Matched - price identical
WFB-MBLV05-00,ASCEND LOW VOLTAGE KEYPAD - 5 BUTTON (BLACK),SAVANT,11191.3,11191.3,0.0,6714.79,0.0,Matched - price identical
WFB-MBLVC-00,ASCEND BUTTON KIT (BLACK),SAVANT,3958.26,3958.26,0.0,2374.96,0.0,Matched - price identical
WFB-MGENGV-00,ASCEND ENGRAVING (SPACE GRAY),SAVANT,1167.83,1167.83,0.0,817.48,0.0,Matched - price identical
WFB-MGLV02-00,ASCEND LOW VOLTAGE KEYPAD - 2 BUTTON (SPACE GRAY),SAVANT,11191.3,11191.3,0.0,6714.79,0.0,Matched - price identical
WFB-MGLV04-00,ASCEND LOW VOLTAGE KEYPAD - 4 BUTTON (SPACE GRAY),SAVANT,11191.3,11191.3,0.0,6714.79,0.0,Matched - price identical
WFB-MGLV05-00,ASCEND LOW VOLTAGE KEYPAD - 5 BUTTON (SPACE GRAY),SAVANT,11191.3,11191.3,0.0,6714.79,0.0,Matched - price identical
WFB-MGLVC-00,ASCEND BUTTON KIT (SPACE GRAY),SAVANT,3958.26,3958.26,0.0,2374.96,0.0,Matched - price identical
WFB-MNENGV-00,ASCEND ENGRAVING (NICKEL),SAVANT,1167.83,1167.83,0.0,817.48,0.0,Matched - price identical
WFB-MNLV02-00,ASCEND LOW VOLTAGE KEYPAD - 2 BUTTON (NICKEL),SAVANT,11191.3,11191.3,0.0,6714.79,0.0,Matched - price identical
WFB-MNLV04-00,ASCEND LOW VOLTAGE KEYPAD - 4 BUTTON (NICKEL),SAVANT,11191.3,11191.3,0.0,6714.79,0.0,Matched - price identical
WFB-MNLV05-00,ASCEND LOW VOLTAGE KEYPAD - 5 BUTTON (NICKEL),SAVANT,11191.3,11191.3,0.0,6714.79,0.0,Matched - price identical
WFB-MNLVC-00,ASCEND BUTTON KIT (NICKEL),SAVANT,3958.26,3958.26,0.0,2374.96,0.0,Matched - price identical
WFB-SWLV02-00,ASCEND LOW VOLTAGE KEYPAD - 2 BUTTON (SNOW WHITE),SAVANT,11191.3,11191.3,0.0,6714.79,0.0,Matched - price identical
WFB-SWLV04-00,ASCEND LOW VOLTAGE KEYPAD - 4 BUTTON (SNOW WHITE),SAVANT,11191.3,11191.3,0.0,6714.79,0.0,Matched - price identical
WFB-SWLV05-00,ASCEND LOW VOLTAGE KEYPAD - 5 BUTTON (SNOW WHITE),SAVANT,11191.3,11191.3,0.0,6714.79,0.0,Matched - price identical
WFB-SWLVC-00,ASCEND BUTTON KIT (SNOW WHITE),SAVANT,3958.26,3958.26,0.0,2374.96,0.0,Matched - price identical
WP3-BK0002-00,ECHO AUXILIARY CONTROL BLACK,SAVANT,984.35,984.35,0.0,689.05,0.0,Matched - price identical
WP3-LA0002-00,ECHO AUXILIARY CONTROL LIGHT ALMOND,SAVANT,984.35,984.35,0.0,689.05,0.0,Matched - price identical
WP3-SW0002-00,ECHO AUXILIARY CONTROL SNOW WHITE,SAVANT,984.35,984.35,0.0,689.05,0.0,Matched - price identical
WPB-BKENGV-00,ECHO CONFIGURABLE KEYPAD ENGRAVING (BLACK),SAVANT,685.22,685.22,0.0,479.66,0.0,Matched - price identical
WPB-BKLV02-00,ECHO LOW VOLTAGE PADDLE KEYPAD (BLACK),SAVANT,4308.7,4308.7,0.0,3016.09,0.0,Matched - price identical
WPB-BKLV06-00,ECHO LOW VOLTAGE CONFIGURABLE KEYPAD (BLACK),SAVANT,6155.65,6155.65,0.0,4308.96,0.0,Matched - price identical
WPB-LAENGV-00,ECHO CONFIGURABLE KEYPAD ENGRAVING (LIGHT ALMOND),SAVANT,685.22,685.22,0.0,479.66,0.0,Matched - price identical
WPB-LALV02-00,ECHO LOW VOLTAGE PADDLE KEYPAD (LIGHT ALMOND),SAVANT,4308.7,4308.7,0.0,3016.09,0.0,Matched - price identical
WPB-LALV06-00,ECHO LOW VOLTAGE CONFIGURABLE KEYPAD (LIGHT ALMOND),SAVANT,6155.65,6155.65,0.0,4308.96,0.0,Matched - price identical
WPB-SWENGV-00,ECHO CONFIGURABLE KEYPAD ENGRAVING (SNOW WHITE),SAVANT,685.22,685.22,0.0,479.66,0.0,Matched - price identical
WPB-SWLV02-00,ECHO LOW VOLTAGE PADDLE KEYPAD (SNOW WHITE),SAVANT,4308.7,4308.7,0.0,3016.09,0.0,Matched - price identical
WPK-BKLV05-00,ECHO LOW VOLTAGE DIAL KEYPAD (BLACK),SAVANT,6155.65,6155.65,0.0,4308.96,0.0,Matched - price identical
WPK-LAENGV-00,ECHO DIAL KEYPAD ENGRAVING (LIGHT ALMOND),SAVANT,685.22,685.22,0.0,479.66,0.0,Matched - price identical
WPK-LALV05-00,ECHO LOW VOLTAGE DIAL KEYPAD (LIGHT ALMOND),SAVANT,6155.65,6155.65,0.0,4308.96,0.0,Matched - price identical
WPK-SWENGV-00,ECHO DIAL KEYPAD ENGRAVING (SNOW WHITE),SAVANT,685.22,685.22,0.0,479.66,0.0,Matched - price identical
WPK-SWLV05-00,ECHO LOW VOLTAGE DIAL KEYPAD (SNOW WHITE),SAVANT,6155.65,6155.65,0.0,4308.96,0.0,Matched - price identical
WPX-BKLV06-00,ECHO WIRELESS CONFIGURABLE KEYPAD WITH DMX CONTROL (BLACK),SAVANT,13430.43,13430.43,0.0,9401.31,0.0,Matched - price identical
WPX-LALV06-00,ECHO WIRELESS CONFIGURABLE KEYPAD WITH DMX CONTROL (LIGHT ALMOND),SAVANT,13430.43,13430.43,0.0,9401.31,0.0,Matched - price identical
WPX-SWLV06-00,ECHO WIRELESS CONFIGURABLE KEYPAD WITH DMX CONTROL (SNOW WHITE),SAVANT,13430.43,13430.43,0.0,9401.31,0.0,Matched - price identical
X10B,X10 Black,M&K Sound,43477.39,43477.39,0.0,34429.57,0.0,Matched - price identical
X12B,X12 Black,M&K Sound,56520.87,56520.87,0.0,41733.91,0.0,Matched - price identical
X12B+,X12+ Black,M&K Sound,99999.13,99999.13,0.0,62726.73,0.0,Matched - price identical
XTND 4K100 TPC + ARC,XTND 4K100 TPC + ARC,HDANYWHERE,10433.91,10433.91,0.0,6777.39,0.0,Matched - price identical
XTND 4K100TPC,XTND 4K (100) WITH TPC,HDANYWHERE,8694.78,8694.78,0.0,5216.87,0.0,Matched - price identical
XTND 4K40 TPC,XTND 4K (40) WITH TPC,HDANYWHERE,6086.09,6086.09,0.0,3651.65,0.0,Matched - price identical
XTND 4K40 TPC + ARC,XTND 4K40 TPC + ARC,HDANYWHERE,10433.91,10433.91,0.0,6260.35,0.0,Matched - price identical
XTND2K150,XTND 2K 150m,HDANYWHERE,5216.52,5216.52,0.0,3129.91,0.0,Matched - price identical
XTND2K30PSU,XTND 2K30 PSU 5V 1A,HDANYWHERE,478.26,478.26,0.0,392.39,0.0,Matched - price identical
XTND2K40PSU,XTND 2K40 PSU 5V 1A,HDANYWHERE,478.26,478.26,0.0,286.96,0.0,Matched - price identical
XTND2K60,XTND 2K 60m,HDANYWHERE,2607.83,2607.83,0.0,1564.7,0.0,Matched - price identical
XTND2KP30,XTND 2K 30m POE,HDANYWHERE,2607.83,2607.83,0.0,1564.7,0.0,Matched - price identical
XTND4K100PSU,XTND 4K100 Multi PSU 24V 1A,HDANYWHERE,478.26,478.26,0.0,286.96,0.0,Matched - price identical
XTND4K100TPC,XTND 4K 100m HDBaseT 2.0 incl LAN out,HDANYWHERE,8339.13,8339.13,0.0,7794.0,0.0,Matched - price identical
XTND4K14140TPC,XTND 4K40 TPC Splitter (1x4+1) 2020,HDANYWHERE,17390.43,17390.43,0.0,10434.26,0.0,Matched - price identical
XTND4K141TPC,XTND 4K (1x4+1) Splitter,HDANYWHERE,17382.61,17382.61,0.0,9907.83,0.0,Matched - price identical
XTND4K40ARC,XTND 4K 40m (70m 1080P) ARC,HDANYWHERE,6521.74,6521.74,0.0,3913.04,0.0,Matched - price identical
Y79311,JAMO SUB 210 AMP MODULE,Jamo,1645.55,1645.55,0.0,0.0,0.0,Matched - price identical
ZENSOR 3 W,ZENSOR 3 WHITE BOOKSHELF SPEAKER,Dali,8086.09,8086.09,0.0,0.0,0.0,Matched - price identical
ZM1250,Parasound Zonemaster 1250,Parasound,66078.26,66078.26,0.0,39646.96,0.0,Matched - price identical
Zacv2,zDAC v2 Black,Parasound,19121.74,19121.74,0.0,11473.04,0.0,Matched - price identical
1063967A,KLIPSCH - 1063967A -  REFERENCE PREMIERE PRO-180-RPC WHITE IN-CEILING SPEAKER,,,9730.43,,5076.75,,Only in Odoo (missing from WeQuote)
1063968A,Klipsch Reference Premiere PRO-180-RPC-LCR White In-Ceiling Speaker,,,10971.428571428572,,7680.0,,Only in Odoo (missing from WeQuote)
1066277,Klipsch Passive Soundbar Heritage Theater Bar 6580 Passive Soundbar,,,88852.17,,53311.59,,Only in Odoo (missing from WeQuote)
1070015,Klipsch Reference Premiere RP-5000F II Ebony Floorstanding Speaker,,,22358.757142857143,,15651.13,,Only in Odoo (missing from WeQuote)
1070020,Klipsch Reference Premiere RP-502S II Ebony Surround Speaker,,,18632.8,,13042.96,,Only in Odoo (missing from WeQuote)
1070022,Klipsch Reference Premiere RP-404C II Ebony Center Speaker,,,11179.385714285714,,7825.57,,Only in Odoo (missing from WeQuote)
1070643,Klipsch Subwoofer RP-1000SW EUA Black Subwoofer,,,19095.657142857144,,13366.96,,Only in Odoo (missing from WeQuote)
1070647,KLIPSCH SUBWOOFER RP-1200SW EUA BLACK SUBWOOFER,,,21721.74,,11333.08,,Only in Odoo (missing from WeQuote)
8200-231,"JABRA - PANACAST 50, EMEA, BLACK; 180° FIELD OF VIEW, REAL-TIME WHITEBOARD STREAMING, PLUG-AND-PLAY, OPTIMIZED FOR ALL LEADING UC PLATFORMS, INCLUDING",,,33644.81428571429,,23551.37,,Only in Odoo (missing from WeQuote)
93542,SONAMP DSP 2-150 MKIII,,,44800.0,,26880.0,,Only in Odoo (missing from WeQuote)
93608,MARINER MX62 BLACK,,,18037.27142857143,,12626.09,,Only in Odoo (missing from WeQuote)
93612,MARINER MX86 BLACK | SONANCE MX 86 OUTDOOR SPEAKER BLACK (1PAIR),,,24515.257142857143,,17160.68,,Only in Odoo (missing from WeQuote)
93616,SONANCE MARINER MX62 SST (STEREO SPEAKER),,,9812.585714285717,,6868.81,,Only in Odoo (missing from WeQuote)
93617,Mariner MX62 SST White,,,15421.114285714288,,10794.78,,Only in Odoo (missing from WeQuote)
96006,VX82,,,24717.0,,12895.83,,Only in Odoo (missing from WeQuote)
96089,VX80R,,,11906.544444444444,,8334.58111111111,,Only in Odoo (missing from WeQuote)
ARCG2EU1 BLK,Sonos Arc Ultra,,,25773.94285714286,,18041.76,,Only in Odoo (missing from WeQuote)
ARCG2EU1BLK,SONOS ARC ULTRA PREMIUM SMART SOUNDBAR - BLACK (S45),,,1.0,,0.0,,Only in Odoo (missing from WeQuote)
Bond Bridge Pro,Bond Bridge Pro,,,10797.8571,,7558.5,,Only in Odoo (missing from WeQuote)
C50-Pack,Packaged Surface-Mount Subwoofer-Satellite Loudspeaker System,,,23543.4,,14126.04,,Only in Odoo (missing from WeQuote)
CONTROL 28-1,"JBL - CONTROL 28-1 - CONTROL 28-1 - 8"" TWO-WAY VENTED LOUDSPEAKER, INVISIBALLÂ® INSTALLATION SYSTEM (PLUS U-BRACKET ATTACHMENT POINTS). 45 HZ - 20 KHZ",,,11461.53,,6876.92,,Only in Odoo (missing from WeQuote)
CS-18C,Custom CS-18C Skyhook Cinch White In-Ceiling Speaker 8 Inch,,,2433.91,,1460.35,,Only in Odoo (missing from WeQuote)
CSP+FB85BL,CANVAS 85 inch – Fabric – Black,,,103348.9142857143,,72344.24,,Only in Odoo (missing from WeQuote)
DIN1,DIN rail mount 12V-5A PSU,,,1478.557142857143,,1034.99,,Only in Odoo (missing from WeQuote)
DOR-VERSO2SMN-00,SAVANT - DOR-VERSO2SMN-00 - SAVANT 2N IP VERSO 2.0 DOOR STATION SURFACE MOUNT NICKEL,,,48226.09,,28935.65,,Only in Odoo (missing from WeQuote)
EZI-PSU-12V-5A,EZI-PSU-12V-5A meanwell,,,1724.98,,1034.99,,Only in Odoo (missing from WeQuote)
FURYEU1BLK,Sonos Ray Black Marketing Stock (RAYG1EU1BLK),,,5651.3,,4521.04,,Only in Odoo (missing from WeQuote)
LAB-HAUT,HD Anyware IR Remittance,,,248.45714285714288,,173.92000000000002,,Only in Odoo (missing from WeQuote)
MHUBS161616100A,MHUB S (16+16x16) 100A,,,235699.38571428572,,164989.57,,Only in Odoo (missing from WeQuote)
MODELM1/N1B,Marantz MODEL M1 Network Amp (Black),,,20974.34,,14682.04,,Only in Odoo (missing from WeQuote)
MODELM4/EX1B,Marantz Model M4 Streaming Amp (Black),,,68804.79,,48163.35,,Only in Odoo (missing from WeQuote)
PAV-SIPA1SM-00,SAVANT IP AUDIO 1 WITH SAVANT MUSIC 2.0,,,22145.6,,15501.92,,Only in Odoo (missing from WeQuote)
RZ-50,The Onkyo TX-RZ50 AV receiver delivers ultra-wide bandwidth and is packed with the latest technology for the home theater of your dreams,,,29813.67142857143,,20869.57,,Only in Odoo (missing from WeQuote)
SUBG4EU1 BLK,Sonos Sub Gen 4 Black,,,19874.78571428572,,13912.35,,Only in Odoo (missing from WeQuote)
SUBG4EU1BLK,SONOS SUB GEN4 WIRELESS SMART SUBWOOFER - BLACK,,,17390.43,,13912.0,,Only in Odoo (missing from WeQuote)
WFB-1GMGLV-00,SAVANT - WFB-1GMGLV-00 - ASCEND ASSEMBLED - 1 GANG (SPACE GRAY),,,9831.057142857144,,6881.74,,Only in Odoo (missing from WeQuote)
ZP5,ZP5 - uControl Zone Processor ZP5,,,13391.3,,8034.78,,Only in Odoo (missing from WeQuote)
eZi-PSU-12V-5A,{HDR-60-15} SAVANT POWER SUPPLY. (MEANWELL). 12V 60W. DIN RAIL MOUNT. ADJUSTABLE OUTPUT,,,781.74,,547.22,,Only in Odoo (missing from WeQuote)
uControl Remote,uControl Remote - Carbonite (Aluminium fascia),,,11858.89,,8034.78,,Only in Odoo (missing from WeQuote)
200PREB,200PRE Preamplifier,Parasound,34773.91,,,,0.0,Only in WeQuote (missing from Odoo)
2125.v2,2125 v2 Power Amplifier,Parasound,31295.65,,,,0.0,Only in WeQuote (missing from Odoo)
275.v2,275 Power Amplifier Black,Parasound,26078.26,,,,0.0,Only in WeQuote (missing from Odoo)
350335-0-0,WOOFER OBERON 5 AND VOKAL. 5.25 INCH,Dali,1730.43,,,,0.0,Only in WeQuote (missing from Odoo)
350803-0-0,WOOFER RUBICON VOKAL @DD 6.5 INCH,Dali,1730.43,,,,0.0,Only in WeQuote (missing from Odoo)
350822-0-0,WOOFER RUBICON VOKAL @DD 6.5 INCH,Dali,1730.43,,,,0.0,Only in WeQuote (missing from Odoo)
9134173,2N MIFARE RFID CARD 13.56MHZ,SAVANT,0.0,,,,0.0,Only in WeQuote (missing from Odoo)
A21+B,Parasound A21+ Amplifier,Parasound,93904.35,,,,0.0,Only in WeQuote (missing from Odoo)
A23+B,Halo A23+ Power Amplifier BLACK,Parasound,51295.65,,,,0.0,Only in WeQuote (missing from Odoo)
A31B,Parasound A31 Amplifier,Parasound,121730.43,,,,0.0,Only in WeQuote (missing from Odoo)
A51B,Parasound A51 Amplifier,Parasound,165216.52,,,,0.0,Only in WeQuote (missing from Odoo)
A52+,Parasound A52+ Amplifier,Parasound,106947.83,,,,0.0,Only in WeQuote (missing from Odoo)
BOOSTUK1,BOOST,Sonos,1738.26,,,,0.0,Only in WeQuote (missing from Odoo)
C10500,DacMagic 100  Silver Digital to Analogue Converter,Cambridge Audio,5215.65,,,,0.0,Only in WeQuote (missing from Odoo)
CL200INT,NC200 Integrated110W Amp&Burr Brown DAC,Parasound,43469.57,,,,0.0,Only in WeQuote (missing from Odoo)
ESN-AVB12POE-01,EXTREME NETWORKS 12 PORT AVB SWITCH WITH POE,SAVANT,71222.61,,,,0.0,Only in WeQuote (missing from Odoo)
G ST GRILLE,SAVANT SOUNDBAR CUSTOM WIDTH GRILLE BLACK,SAVANT,4306.96,,,,0.0,Only in WeQuote (missing from Odoo)
HINT6,Parasound HALO Integrated Amplifier,Parasound,95643.48,,,,0.0,Only in WeQuote (missing from Odoo)
HRA2,2U Rack kit--fits A23 JC3+ P7 P5,Parasound,2607.83,,,,0.0,Only in WeQuote (missing from Odoo)
HRA3,3U Rack kit--fits JC2 BP Halo Integrated,Parasound,2607.83,,,,0.0,Only in WeQuote (missing from Odoo)
HRA4U,Parasound Rack Mounts for 4U models JC1+ JC5 A21+ A31 A51,Parasound,2607.83,,,,0.0,Only in WeQuote (missing from Odoo)
JC1+,JC1 Power Amplifier,Parasound,260860.87,,,,0.0,Only in WeQuote (missing from Odoo)
JC3JRBL,JC3 Junior Halo Phono Preamplifier,Parasound,52165.22,,,,0.0,Only in WeQuote (missing from Odoo)
JC5,JC5 Stereo Power Amplifier,Parasound,208694.78,,,,0.0,Only in WeQuote (missing from Odoo)
P6,P6 Preamplifier,Parasound,54781.74,,,,0.0,Only in WeQuote (missing from Odoo)
PFFIXPLANO-00545,PLANO-135-VISION ACOUSTIC 16:9,Adeo Screens,38713.04,,,,0.0,Only in WeQuote (missing from Odoo)
PFIXPLANO-00022,PLANO-113-Ref White 16:9,Adeo Screens,23304.35,,,,0.0,Only in WeQuote (missing from Odoo)
PFIXPLANO-0003,PLANO- 99 Ref Grey 16:9,Adeo Screens,14882.61,,,,0.0,Only in WeQuote (missing from Odoo)
PFIXPLANO-00231,PLANO- 128 Vision Acoustik 2.35,Adeo Screens,25473.91,,,,0.0,Only in WeQuote (missing from Odoo)
PFIXPLANO-00543,PLANO- 128 Vision Acoustik 16:9,Adeo Screens,38713.04,,,,0.0,Only in WeQuote (missing from Odoo)
PFIXPLANO-00550,PLANO- 99 - Amb Grey 16:9,Adeo Screens,14882.61,,,,0.0,Only in WeQuote (missing from Odoo)
PFIXPLANO-00602,PLANO- 128 Amb Grey 2.35,Adeo Screens,25473.91,,,,0.0,Only in WeQuote (missing from Odoo)
PFIXPREST-00331,PRESTIGE-128 Helios White 16:9,Adeo Screens,38986.96,,,,0.0,Only in WeQuote (missing from Odoo)
PFIXPREST-00396,PRESTIGE - 113 AmbGrey 16:9,Adeo Screens,30860.87,,,,0.0,Only in WeQuote (missing from Odoo)
PFIXPRESTIGE-00359,PRESTIGE-158-Ambient Grey 16:9,Adeo Screens,39930.43,,,,0.0,Only in WeQuote (missing from Odoo)
RMK11,Rack Mount Kit (1u) for 275,Parasound,2600.0,,,,0.0,Only in WeQuote (missing from Odoo)
RMK22,Rack Mount Kit (2u) for 2100 2125,Parasound,2600.0,,,,0.0,Only in WeQuote (missing from Odoo)
RMK33,Rack Mount Kit (3u) for 2250,Parasound,2600.0,,,,0.0,Only in WeQuote (missing from Odoo)
ROCK882.5PR,Audioquest Rocket 88 25m Banana Plug Speaker Cable,AudioQuest,3477.39,,,,0.0,Only in WeQuote (missing from Odoo)
S803BL,S803 BLACK,Jamo,2773.91,,,,0.0,Only in WeQuote (missing from Odoo)
S805BL,S805 BLACK,Jamo,3477.39,,,,0.0,Only in WeQuote (missing from Odoo)
S807BL,S807 BLACK,Jamo,3999.13,,,,0.0,Only in WeQuote (missing from Odoo)
S809BL,S809 Black,Jamo,6086.09,,,,0.0,Only in WeQuote (missing from Odoo)
ZM12,Parasound ZM12 12Ch- 24 Speaker 2x120w/ch + 10x60w/ch Amplifier,Parasound,66078.26,,,,0.0,Only in WeQuote (missing from Odoo)
ZM2,ZM 2Universal 2Ch- 4 Speaker 120w/ch & Sub Amplifier (1/2RU),Parasound,26086.08,,,,0.0,Only in WeQuote (missing from Odoo)
ZM2350,Parasound Zonemaster 2350,Parasound,39121.74,,,,0.0,Only in WeQuote (missing from Odoo)
ZM4,Parasound Zonemaster 4Ch@120W - 8 Spkr Amp 1RU,Parasound,43477.39,,,,0.0,Only in WeQuote (missing from Odoo)
ZRK,Zonemaster Rack Mount Kit,Parasound,2339.13,,,,0.0,Only in WeQuote (missing from Odoo)
Zampv3,Z Series Amplifier v 3,Parasound,14773.91,,,,0.0,Only in WeQuote (missing from Odoo)
Zphono XRM,Parasound Phono Preamplifier ZRM (XLR RUMBLE MM+MC) Black,Parasound,7817.39,,,,0.0,Only in WeQuote (missing from Odoo)
Zpre3,Z Pre3 Preamplifier,Parasound,17382.61,,,,0.0,Only in WeQuote (missing from Odoo)
