sku,manufacturer_sku,manufacturer_name,short_description,sell_price,srp_price,currency_id,wequote_id
IPMX-E20F-IRB2,,ICRealtime,"""""""""""ICREALTIME 2 Megapixel IP Camera 1/2.8"""""""" 2M CMOS H.265/H.2641080P(130fps) True WDR (120dB)""""""",8606.09,0,ZAR,1208627
IPMX-B20F-IRW2,,ICRealtime,"""""""""""ICREALTIME 2 Megapixel IP Camera 1/2.8"""""""" 2M CMOS H.265/H.2641080P(1~30fps) True WDR (120dB)""""""",7795.65,0,ZAR,1208622
IPMX-D20F-IRW2,,ICRealtime,"""""""""""ICREALTIME 2 Megapixel IP Camera 1/2.8"""""""" 2M Exmor CMOS H.265/H.2641080P(1~60fps) True WDR""""""",8380.87,0,ZAR,1208625
PW-MP-06,,Planetwaves,"""""""""""PLANETWAVES 1/8"""""""" Stereo Male to Dual Unterminated -6'""""""",377.39,0,ZAR,1209283
IPMX-E20F-IRW2,,ICRealtime,"""""2 MP IP 1/2.8"""" 2M Exmor CMOS H.265/H.264.1080P(1~60fps) True WDR (120dB) IR 30m 3.6mm lens IP67""",7875.65,0,ZAR,1208628
72326,,Sonance,"""""CONNECT PRO Case 12.9"""" Black (5th Gen)""",8778.26,0,ZAR,1207635
72327,,Sonance,"""""CONNECT PRO Case 12.9"""" White (5th Gen)""",8778.26,0,ZAR,1207636
72324,,Sonance,"""""CONNECT PRO Case iPAD Air Black 10.9"""" or Pro 11""""(5th Gen / 3rd Gen)""",8778.26,0,ZAR,1207633
72325,,Sonance,"""""CONNECT PRO Case iPAD Air White 10.9"""" or Pro 11""""(5th Gen / 3rd Gen)""",8778.26,0,ZAR,1207634
70704,,Sonance,"""""IPORT SURFACE MOUNT BEZEL SILVER works with iPad Pro 9.7""""""""  Air 2 and iPad Air""",13685.22,0,ZAR,1207592
46KB6B,,Kicker Home Audio,"""""KICKER KB6 6.5"""" 2-WAY FULL RA""",3477.39,0,ZAR,1207568
46KB6G,,Kicker Home Audio,"""""KICKER KB6 6.5"""" 2-WAY FULL RA""",3477.39,0,ZAR,1207569
70301,,Sonance,"""""LAUNCH AP.5 SLEEVE WHITE works with iPad Pro 9.7""""""",6290.43,0,ZAR,1207578
DLA-Z1E,,JVC Projectors,"""""New 0.7""""4K/3000lm/Laser Phosphor for Custom Install""",868695.7,0,ZAR,1208161
SLIMMAX8K0.5M,,HDANYWHERE,0.5m 8K Ultra High Speed Slimwire Max (48G),520.87,0,ZAR,1209486
EVERG0.6R,,AudioQuest,0.6M EVERGREEN RCA-RCA,1478.26,0,ZAR,1208383
GOLDG0.6R,,AudioQuest,0.6M GOLDEN GATE RCA-RCA,2173.91,0,ZAR,1208499
TOWER0.6R,,AudioQuest,0.6M TOWER RCA-RCA,956.52,0,ZAR,1209612
COAXCIN0.75,,AudioQuest,0.75M DIGITAL COAX CINNAMON,1565.22,0,ZAR,1208098
COAXFOR0.75,,AudioQuest,0.75M DIGITAL COAX FOREST,782.61,0,ZAR,1208100
HDM48CAR100,,AudioQuest,1.0M 48G CARBON HDMI,3826.09,0,ZAR,1208516
HDM48CIN100,,AudioQuest,1.0M 48G CINNAMON HDMI,2521.74,0,ZAR,1208521
HDM48FOR100,,AudioQuest,1.0M 48G FOREST HDMI,1565.22,0,ZAR,1208525
HDM48PEA100,,AudioQuest,1.0M 48G PEARL HDMI,782.61,0,ZAR,1208529
EVERG01R,,AudioQuest,1.0M EVERGREEN RCA-RCA,1565.22,0,ZAR,1208385
GOLDG01R,,AudioQuest,1.0M GOLDEN GATE RCA-RCA,2347.83,0,ZAR,1208501
NRGY2EU01,,AudioQuest,1.0M NRG-Y2 EU POWER CORD,2173.04,0,ZAR,1208801
NRGY3EU01,,AudioQuest,1.0M NRG-Y3 EU POWER CORD,2607.83,0,ZAR,1208803
NRGZ2EU01,,AudioQuest,1.0M NRG-Z2 EU POWER CORD,3477.39,0,ZAR,1208805
NRGZ3EU01,,AudioQuest,1.0M NRG-Z3 EU POWER CORD,4346.96,0,ZAR,1208807
TOWER01R,,AudioQuest,1.0M TOWER RCA-RCA,956.52,0,ZAR,1209615
COAXCIN01.5,,AudioQuest,1.5M DIGITAL COAX CINNAMON,1913.04,0,ZAR,1208099
COAXFOR01.5,,AudioQuest,1.5M DIGITAL COAX FOREST,956.52,0,ZAR,1208101
EVERG01.5R,,AudioQuest,1.5M EVERGREEN RCA-RCA,1739.13,0,ZAR,1208384
GOLDG01.5R,,AudioQuest,1.5M GOLDEN GATE RCA-RCA,2521.74,0,ZAR,1208500
TOWER01.5MR,,AudioQuest,1.5M TOWER 3.5M-RCA,1130.43,0,ZAR,1209613
TOWER01.5R,,AudioQuest,1.5M TOWER RCA-RCA,1130.43,0,ZAR,1209614
SKL-1010-00,,SAVANT,10 KEYPAD POWER AND CONTROLLER,7426.09,0,ZAR,1209479
HDM48CCOLA1000,,AudioQuest,10.0M 48G Cherry Cola HDMI AOC,19043.48,0,ZAR,1208519
HDMFOR10A,,AudioQuest,10.0M FOREST HDMI,8086.96,0,ZAR,1208534
HDMPEA10A,,AudioQuest,10.0M PEARL HDMI,5217.39,0,ZAR,1208535
FIBRE-OPTICMAX8K10M,,HDANYWHERE,10m 8K Ultra High Speed Fibre-Optic Max (48G),4781.74,0,ZAR,1208459
HDMPEA12.5A,,AudioQuest,12.5M PEARL HDMI,6347.83,0,ZAR,1208536
NVR-EL128-4U12MP1-10TB,,ICRealtime,128 CH. EMBEDDED 4K NVR ENHANCED H.265 SUPPORTS UP TO 12MP 10TB INCLUDED (MADE IN KOREA),338506.09,0,ZAR,1208816
IPEL-D12V-IRW2,,ICRealtime,12MP IP IN/OUT FULL VANDAL DOME.VARIFOCAL 2.7-12MM MOTOR LENS 131 FEET SMART IR.POE+ AI.ANALYTIC,31834.78,0,ZAR,1208591
HDM48CCOLA1500,,AudioQuest,15.0M 48G Cherry Cola HDMI AOC,20956.52,0,ZAR,1208520
HDMPEA15A,,AudioQuest,15.0M PEARL HDMI,8260.87,0,ZAR,1208537
FIBRE-OPTICMAX8K15M,,HDANYWHERE,15m 8K Ultra High Speed Fibre-Optic Max (48G),5651.3,0,ZAR,1208460
NVR-EL16-2U12MP1-4TB,,ICRealtime,16 CHANNEL 2U 4K NVR - 12MP RESOLUTION - 320MBPS - H.265 - HDMI 4TB INCLUDED (MADE IN KOREA),79877.39,0,ZAR,1208817
NVR-FX16POE-1U4K1-4TB,,ICRealtime,16CH IP 1U NVR-2HDD BAY-IP 8MP/30FPS (128MBPS)- 16 PORT POE SWITCH 4TB INCLUDED(MADE IN KOREA),47314.78,0,ZAR,1208823
NVR-FX16POE-1U4K1,,ICRealtime,16CH IP 1U RACKMOUNT NVR - 2HDD - IP RESOLUTION UP TO 8MP/30FPS (128MBPS) - 16 PORT EMBEDDED POE,39804.35,0,ZAR,1208822
NVR-MX16POE-1U4K1-4TB,,ICRealtime,16CH IP 1U SHELF NVR-2HDD BAY-IP 8MP/30FPS(128MBPS)-16 PORT POE SWITCH 4TB INCLUDED (MADE IN KOREA),42267.83,0,ZAR,1208829
SLIMMAX8K1M,,HDANYWHERE,1m 8K Ultra High Speed Slimwire Max (48G),607.83,0,ZAR,1209487
NRGX2EUC71M,,AudioQuest,1M NRG-X2 EU - C7 Power Cable,1129.57,0,ZAR,1208797
NRGX3EUC131M,,AudioQuest,1M NRG-X3 EU - C13 Power Cable,1390.43,0,ZAR,1208799
RMB-SIPA12F-00,,SAVANT,1U FRONT RACK MOUNT BRACKET FOR SINGLE ZONE AMP,1817.3913,0,ZAR,1209307
CON-SDC2-00,,SAVANT,2-PIN SCREW-DOWN CONNECTOR 25-PACK,1663.48,0,ZAR,1208116
CON-STC2-00,,SAVANT,2-PIN SPRING-LOADED CONNECTOR 25-PACK,3327.83,0,ZAR,1208117
HDM48CAR200,,AudioQuest,2.0M 48G CARBON HDMI,5739.13,0,ZAR,1208517
HDM48CIN200,,AudioQuest,2.0M 48G CINNAMON HDMI,3652.17,0,ZAR,1208522
HDM48FOR200,,AudioQuest,2.0M 48G FOREST HDMI,1913.04,0,ZAR,1208526
HDM48PEA200,,AudioQuest,2.0M 48G PEARL HDMI,1217.39,0,ZAR,1208530
BLAB02,,AudioQuest,2.0M BLACK LAB SUBWOOFER,1043.48,0,ZAR,1207999
EVERG02R,,AudioQuest,2.0M EVERGREEN RCA-RCA,1913.04,0,ZAR,1208386
NRGY2EU02,,AudioQuest,2.0M NRG-Y2 EU POWER CORD,2607.83,0,ZAR,1208802
NRGY3EU02,,AudioQuest,2.0M NRG-Y3 EU POWER CORD,3303.48,0,ZAR,1208804
NRGZ2EU02,,AudioQuest,2.0M NRG-Z2 EU POWER CORD,4520.87,0,ZAR,1208806
NRGZ3EU02,,AudioQuest,2.0M NRG-Z3 EU POWER CORD,6086.09,0,ZAR,1208808
TOWER02R,,AudioQuest,2.0M TOWER RCA-RCA,1217.39,0,ZAR,1209616
ENS620EXT,,EnGenius,2.4GHz/5GHz. Antenna External 2 x5 dBi. Speed 2 x 2 11ac Operating Mode: AP/WDS/Client Bridge. IP55,5403.48,0,ZAR,1208363
ROCK11B2.5FRBS,,AudioQuest,2.5M PR ROCKET 11 BK BAN/S,7304.35,0,ZAR,1209317
ROCK22B2.5FRBS,,AudioQuest,2.5M PR ROCKET 22 BK BAN/S,10434.78,0,ZAR,1209318
ROCK332.5PR,,AudioQuest,2.5M PR ROCKET 33 BAN/S,13999.13,0,ZAR,1209319
200PREB,,Parasound,200PRE Preamplifier,34773.91,0,ZAR,1207549
2125.v2,,Parasound,2125 v2 Power Amplifier,31295.65,0,ZAR,1207550
NVR-FX24POE-15U4K1-8TB,,ICRealtime,24CH IP 1.5U NVR-4HDD BAY-IP 12MP/30FPS(320MBPS)-24 PORT POE SWITCH 8TB INCLUDED (MADE IN KOREA),111122.61,0,ZAR,1208825
NVR-FX24POE-15U4K1,,ICRealtime,24CH IP 1.5U RACK NVR-4HDD BAY-IP 12MP/30FPS-24 PORT POE SWITCH (MADE IN KOREA),94297.39,0,ZAR,1208824
THIP-P4078FM-IR,,ICRealtime,256X192THERMAL4MPVISIBLE HYBRID PT7MM8MMFIXED(33°/25°)TEMP/FIRE DETECT.AUTOTRACK AI ANALYTICS NOPSU,83712.17,0,ZAR,1209607
275.v2,,Parasound,275 Power Amplifier Black,26078.26,0,ZAR,1207551
SLIMMAX8K2M,,HDANYWHERE,2m 8K Ultra High Speed Slimwire Max (48G),868.7,0,ZAR,1209488
NRGX2EUC72M,,AudioQuest,2M NRG-X2 EU - C7 Power Cable,1390.43,0,ZAR,1208798
NRGX3EUC132M,,AudioQuest,2M NRG-X3 EU - C13 Power Cable,1738.26,0,ZAR,1208800
ORB,,ICRealtime,2MP INDOOR PT WIFI CAMERA BUILT-IN MICROPHONE & SPEAKER 33FT IR TRACKING DASH CLOUD SERVICE,3401.74,0,ZAR,1208878
IPEG-B20F-IRW2,,ICRealtime,2MP IP INDOOR/OUTDOOR SMALL SIZE BULLET. FIXED 2.8MM LENS (110Â°). 98 FEET IR. POE CAPABLE.,4280.87,0,ZAR,1208575
IPEG-D20F-IRW2,,ICRealtime,2MP IP INDOOR/OUTDOOR SMALL SIZE VANDAL DOME FIXED 2.8MM LENS (110. 98 FEET IR POE CAPABLE,3711.3,0,ZAR,1208580
IPEG-E20F-IRW2,,ICRealtime,2MP IP INDOOR/OUTDOOR SMALL VANDAL EYEBALL DOME. FIXED 2.8MM LENS (110Â°). 98 FEET IR. POE CAPABLE.,3752.17,0,ZAR,1208584
GUARDI,,ICRealtime,2MP WIFI INDOOR CAMERA. DASH CLOUD SERVICE WITH DASH APP.,2720.87,0,ZAR,1208502
9160335-S-SAV,,SAVANT,"2N ACCESS UNIT 2.0 BLUETOOTH & RFID 125KHZ, SECURED 13.56MHZ, NFC",37306.96,0,ZAR,1207677
9160344-S-SAV,,SAVANT,2N ACCESS UNIT 2.0 RFID MULTIFREQUENCY READER,28827.83,0,ZAR,1207683
9160336-S-SAV,,SAVANT,"2N ACCESS UNIT 2.0 TOUCH KEYPAD & RFID 125KHZ, SECURED 13.56MHZ, NFC",30523.48,0,ZAR,1207682
9160335-S-SAVFB,,SAVANT,2N FLUSH MOUNT ACCESS UNIT BUNDLE BLACK,42393.91,0,ZAR,1207678
9160335-S-SAVFN,,SAVANT,2N FLUSH MOUNT ACCESS UNIT BUNDLE SILVER,42393.91,0,ZAR,1207679
9151101CHRPW-SAV,,SAVANT,2N IP FORCE - PICTOGRAMS + 1 BUTTON + HD CAMERA + RFID READER,50873.04,0,ZAR,1207652
9159014US,,SAVANT,2N IP INTERCOM 2WIRE,13129.57,0,ZAR,1207676
9155034,,SAVANT,2N IP VERSO - 2 INPUT 2 OUTPUT RELAYS,0,0,ZAR,1207663
9155014,,SAVANT,"2N IP VERSO - BOX FOR FLUSH INSTALLATION, 1 MODULE (MUST BE TOGETHER WITH 9155011 OR 9155011B)",0,0,ZAR,1207656
9155045,,SAVANT,2N IP VERSO - FINGERPRINT READER,28315.1,0,ZAR,1207667
9155011,,SAVANT,"2N IP VERSO - FRAME FOR FLUSH INSTALLATION, 1 MODULE (MUST BE TOGETHER WITH 9155014)",0,0,ZAR,1207654
9155011B,,SAVANT,"2N IP VERSO - FRAME FOR FLUSH INSTALLATION, 1 MODULE - BLACK (MUST BE TOGETHER WITH 9155014)",3487.83,0,ZAR,1207655
9155021,,SAVANT,"2N IP VERSO - FRAME FOR SURFACE INSTALLATION, 1 MODULE",0,0,ZAR,1207659
9155021B,,SAVANT,"2N IP VERSO - FRAME FOR SURFACE INSTALLATION, 1 MODULE - BLACK",2325.22,0,ZAR,1207660
9155037,,SAVANT,2N IP VERSO - WIEGAND MODULE,0,0,ZAR,1207665
9155084,,SAVANT,"2N IP VERSO BLUETOOTH & RFID READER (125KHZ, SECURED 13.56MHZ UID+PACS ID, NFC)",0,0,ZAR,1207673
9155083,,SAVANT,"2N IP VERSO TOUCH KEYPAD & RFID READER (125KHZ, SECURED 13.56MHZ UID+PACS ID, NFC)",0,0,ZAR,1207672
9134173,,SAVANT,2N MIFARE RFID CARD 13.56MHZ,0,0,ZAR,1207645
9134174,,SAVANT,2N MIFARE RFID KEY FOB 13.56MHZ,0,0,ZAR,1207646
11202101,,SAVANT,2N MINI ELECTRONIC DOORSTRIKE SERIES 5,0,0,ZAR,1207540
11202106,,SAVANT,2N MINI ELECTRONIC DOORSTRIKE SERIES 5,0,0,ZAR,1207545
11202104,,SAVANT,2N MINI ELECTRONIC DOORSTRIKE SERIES 5 DOOR SIGNALING,0,0,ZAR,1207543
11202105,,SAVANT,2N MINI ELECTRONIC DOORSTRIKE SERIES 5 FAIL SAFE,0,0,ZAR,1207544
11202103,,SAVANT,2N MINI ELECTRONIC DOORSTRIKE SERIES 5 WITH MECHANICAL BLOCKING,0,0,ZAR,1207542
11202102,,SAVANT,2N MINI ELECTRONIC DOORSTRIKE SERIES 5 WITH MOMENTUM PIN,0,0,ZAR,1207541
9155086,,SAVANT,2N RFID MODULE,0,0,ZAR,1207674
9151031S,,SAVANT,2N SECURED CARD READER NFC READY 13.56MHZ FOR IP FORCE,12790.43,0,ZAR,1207651
9159010,,SAVANT,2N SECURITY RELAY,0,0,ZAR,1207675
9160335-S-SAVSB,,SAVANT,2N SURFACE MOUNT ACCESS UNIT BUNDLE BLACK,39002.61,0,ZAR,1207680
9160335-S-SAVSN,,SAVANT,2N SURFACE MOUNT ACCESS UNIT BUNDLE SILVER,39002.61,0,ZAR,1207681
9155072,,SAVANT,2N WEDGE BACKPLATE 2M VERSO,0,0,ZAR,1207671
9155071,,SAVANT,2N WEDGE BACKPLATE SOLO,0,0,ZAR,1207670
HRA2,,Parasound,2U Rack kit--fits A23 JC3+ P7 P5,2607.83,0,ZAR,1208539
RCK-5000-00,,SAVANT,2U RACK SHELF,8128.7,0,ZAR,1209297
CON-STC3-00,,SAVANT,3-PIN SCREW-DOWN CONNECTOR 25-PACK,1663.48,0,ZAR,1208118
HDM48CAR300BRD,,AudioQuest,3.0M 48G BRAIDED CARBON HDMI,7652.17,0,ZAR,1208518
HDM48CIN300BRD,,AudioQuest,3.0M 48G BRAIDED CINNAMON HDMI,4782.61,0,ZAR,1208523
HDM48FOR300,,AudioQuest,3.0M 48G FOREST HDMI,2521.74,0,ZAR,1208527
HDM48PEA300,,AudioQuest,3.0M 48G PEARL HDMI,1565.22,0,ZAR,1208531
BLAB03,,AudioQuest,3.0M BLACK LAB SUBWOOFER,1217.39,0,ZAR,1208000
NVR-EL32-2U12MP1-8TB,,ICRealtime,32 CH. EMBEDDED 4K 2U NVR ENHANCED H.264 SUPPORTS UPTO 12MP 8TB INCLUDED (MADE IN KOREA),115176.52,0,ZAR,1208818
SLIMMAX8K3M,,HDANYWHERE,3m 8K Ultra High Speed Slimwire Max (48G),955.65,0,ZAR,1209489
HRA3,,Parasound,3U Rack kit--fits JC2 BP Halo Integrated,2607.83,0,ZAR,1208540
SHA-C4IN-10,,SAVANT,"4"" NEGATIVE REVEAL POCKET",7887.83,0,ZAR,1209453
LX-UH1B,,JVC Projectors,4K (UHD) TRP DMD technology delivers 4K (3840 x 2160) images HDR support 2000 lumens,52173.04,0,ZAR,1208691
HRX-4KVLC100-00,,SAVANT,4K HDR HDBASET MATRIX RECEIVER 100M,10852.17,0,ZAR,1208542
HRX-4KVLC40-00,,SAVANT,4K HDR HDBASET MATRIX RECEIVER 40M,8139.13,0,ZAR,1208543
SLN-44VLC4K-00,,SAVANT,4K HDR HDBASET MATRIX SWITCHER 4 X 4,94963.48,0,ZAR,1209490
SLN-88VLC4K-00,,SAVANT,4K HDR HDBASET MATRIX SWITCHER 8 X 8,203493.04,0,ZAR,1209491
ORB-OUTDOOR,,ICRealtime,4MP INDOOR/OUTDOOR PT WIFI CAMERA BUILT-IN MICROPHONE & SPEAKER 98FT IR IC-HOME CLOUD SERVICE,5720.87,0,ZAR,1208879
MOTU AVB,,SAVANT,5 PORT AVB COMPLIANT SWITCH,13898.26,0,ZAR,1208760
HDM48CIN500,,AudioQuest,5.0M 48G CINNAMON HDMI,8260.87,0,ZAR,1208524
HDM48FOR500,,AudioQuest,5.0M 48G FOREST HDMI,5739.13,0,ZAR,1208528
HDM48PEA500,,AudioQuest,5.0M 48G PEARL HDMI,3826.09,0,ZAR,1208532
BLAB05,,AudioQuest,5.0M BLACK LAB SUBWOOFER,1478.26,0,ZAR,1208001
5250 Part,,Parasound,5250 Power Button Assembly,31295.65,0,ZAR,1207571
RCK-PAVVM8-00,,SAVANT,5U RACK MOUNT SHELF FOR UP TO 8 SINGLE VIDEO INPUT UNITS,11490.43,0,ZAR,1209298
SHA-C6IN-10,,SAVANT,"6"" NEGATIVE REVEAL POCKET",8332.17,0,ZAR,1209454
CON-STC6-00,,SAVANT,6-PIN SCREW-DOWN CONNECTOR 25-PACK,3327.83,0,ZAR,1208119
NVR-EL64-2U12MP1-10TB,,ICRealtime,64 CH. EMBEDDED 4K 2U NVR ENHANCED H.264 SUPPORTS UPTO 12MP 10TB INCLUDED (MADE IN KOREA),144001.74,0,ZAR,1208819
HDMFOR07.5A,,AudioQuest,7.5M FOREST HDMI ACTIVE,6521.74,0,ZAR,1208533
NVR-EG08POE-1U4K1-2TB,,ICRealtime,8 CHANNEL 1U SHEL NVR. 8 PORT POE SWITCH.8MP IP CAMERA SUPPORT. 80MBPSTHROUGHPUT 2TB INCLUDED,17528.7,0,ZAR,1208814
AMP-8125-00,,SAVANT,8-CHANNEL DIGITAL AUDIO AMPLIFIER,66640.87,0,ZAR,1207960
NVR-FX08POE-1U4K1-2TB,,ICRealtime,8CH IP 1U RACK NVR-2HDD BAY-IP 8MP/30FPS-8 PORT POE SWITCH 2TB INCLUDED   (MADE IN KOREA),35553.91,0,ZAR,1208821
NVR-MX08POE-1U4K1-2TB,,ICRealtime,8CH IP 1U SHELF NVR-2HDD BAY-IP 8MP/30FPS(128MBPS)-8 PORT POE SWITCH 2TB INCLUDED (MADE IN KOREA),30506.96,0,ZAR,1208827
IPEL-P8040-IRW1-AI,,ICRealtime,8MP IP FULL SIZE 4K STARLIGHT PTZ 40X OPTICAL ZOOM. 1640 FEET SMART IR HI-POE CAPABLE. AI (A,135589.57,0,ZAR,1208609
IPFX-D80V-IRW1,,ICRealtime,8MP IP In/Outdoor Mid Size Vandal Dome Varifocal 2.7-12mm Motorized Lens (110° - 40°)164 Ft Smart IR,22309.57,0,ZAR,1208615
IPEL-B80F-IRW2,,ICRealtime,8MP IP INDOOR/OUTDOOR SMALL SIZE BULLET. FIXED 2.8MM LENS 98.4 FEET SMART IR. POE CAPABLE. AI,9286.96,0,ZAR,1208590
CON-STC9-00,,SAVANT,9-PIN SCREW-DOWN CONNECTOR 25-PACK,4992.17,0,ZAR,1208120
A320WH,,Jamo,A 320 White,1469.57,0,ZAR,1207946
A345WH,,Jamo,A 345 In/Outdoor White,2339.13,0,ZAR,1207947
A500WH,,Jamo,A 500 White,2607.83,0,ZAR,1207949
OSL-SMRTPREM-00,,SAVANT,ACTIVATION LICENSE FOR PREMIUM FEATURES IN SMART HOST,9669.2667,0,ZAR,1208884
ACTIVEWIRE10M,,HDANYWHERE,Active HDMI 10m,3043.48,0,ZAR,1207955
ACTIVEMAX10M,,HDANYWHERE,Active MAX HDMI 10m,4173.91,0,ZAR,1207952
ACTIVEMAX15M,,HDANYWHERE,Active MAX HDMI 15m,4304.35,0,ZAR,1207953
ACTIVEMAX8M,,HDANYWHERE,Active MAX HDMI 8m,3608.7,0,ZAR,1207954
PFIXPLANO-00180,,Adeo Screens,Adeo Plano 135 Vision Acoustik,40417.39,0,ZAR,1209036
KLDD1FCG.,,Black Nova,Alba 8b 1f Crestron Glass,13200,0,ZAR,1208674
DLBE12C,,Black Nova,Alba collection Back End 12 buttons Crestron,10266.96,0,ZAR,1208162
DLBE12K,,Black Nova,Alba collection Back End 12 buttons KNX,10266.96,0,ZAR,1208163
DLBE12R,,Black Nova,Alba collection Back End 12 buttons RS485,10266.96,0,ZAR,1208164
DLBEM1C,,Black Nova,Alba collection Back End Multipurpose/Temperature control interface Crestron,12406.09,0,ZAR,1208165
DLBEM1K,,Black Nova,Alba collection Back End Multipurpose/Temperature control interface KNX,12406.09,0,ZAR,1208166
DLBEM1R,,Black Nova,Alba collection Back End Multipurpose/Temperature control interface RS485,12406.09,0,ZAR,1208167
DLFR2FXGIWKPKP,,Black Nova,Alba collection Frame double frame Glass Ice White  Combination: Keypad  Keypad,4278.26,0,ZAR,1208214
DLFR2FXGIWKPM1,,Black Nova,Alba collection Frame double frame Glass Ice White  Combination: Keypad  Multipurpose/Temperature,4278.26,0,ZAR,1208215
DLFR2FXGIWM1KP,,Black Nova,Alba collection Frame double frame Glass Ice White  Combination: Multipurpose/Temperature control i,4278.26,0,ZAR,1208216
DLFR2FXGIWM1M1,,Black Nova,Alba collection Frame double frame Glass Ice White  Combination: Multipurpose/Temperature control i,4278.26,0,ZAR,1208217
DLFR2FXGSWKPKP,,Black Nova,Alba collection Frame double frame Glass Sand White  Combination: Keypad  Keypad,4000,0,ZAR,1208218
DLFR2FXGSWKPM1,,Black Nova,Alba collection Frame double frame Glass Sand White  Combination: Keypad  Multipurpose/Temperature,5250.43,0,ZAR,1208219
DLFR2FXGSWM1KP,,Black Nova,Alba collection Frame double frame Glass Sand White  Combination: Multipurpose/Temperature control,5250.43,0,ZAR,1208220
DLFR2FXGSWM1M1,,Black Nova,Alba collection Frame double frame Glass Sand White  Combination: Multipurpose/Temperature control,6500,0,ZAR,1208221
DLFR2FXGVGKPKP,,Black Nova,Alba collection Frame double frame Glass Venetian Gold  Combination: Keypad  Keypad,4278.26,0,ZAR,1208222
DLFR2FXGVGKPM1,,Black Nova,Alba collection Frame double frame Glass Venetian Gold  Combination: Keypad  Multipurpose/Temperat,4278.26,0,ZAR,1208223
DLFR2FXGVGM1KP,,Black Nova,Alba collection Frame double frame Glass Venetian Gold  Combination: Multipurpose/Temperature contr,4278.26,0,ZAR,1208224
DLFR2FXGVGM1M1,,Black Nova,Alba collection Frame double frame Glass Venetian Gold  Combination: Multipurpose/Temperature contr,4278.26,0,ZAR,1208225
DLFR2FXGYBKPKP,,Black Nova,Alba collection Frame double frame Glass York Black  Combination: Keypad  Keypad,4278.26,0,ZAR,1208226
DLFR2FXGYBKPM1,,Black Nova,Alba collection Frame double frame Glass York Black  Combination: Keypad  Multipurpose/Temperature,4278.26,0,ZAR,1208227
DLFR2FXGYBM1KP,,Black Nova,Alba collection Frame double frame Glass York Black  Combination: Multipurpose/Temperature control,4278.26,0,ZAR,1208228
DLFR2FXGYBM1M1,,Black Nova,Alba collection Frame double frame Glass York Black  Combination: Multipurpose/Temperature control,4278.26,0,ZAR,1208229
DLFR2FLGIWKPSK,,Black Nova,Alba collection Frame double frame Legrand Arteor Glass Ice White  Combination: Keypad  Socket,4278.26,0,ZAR,1208193
DLFR2FLGIWM1SK,,Black Nova,Alba collection Frame double frame Legrand Arteor Glass Ice White  Combination: Multipurpose/Temper,4278.26,0,ZAR,1208194
DLFR2FLGIWSKM1,,Black Nova,Alba collection Frame double frame Legrand Arteor Glass Ice White  Combination: Socket  Multipurpo,4278.26,0,ZAR,1208195
DLFR2FLGSWKPSK,,Black Nova,Alba collection Frame double frame Legrand Arteor Glass Sand White  Combination: Keypad  Socket,3250.43,0,ZAR,1208196
DLFR2FLGSWM1SK,,Black Nova,Alba collection Frame double frame Legrand Arteor Glass Sand White  Combination: Multipurpose/Tempe,4500,0,ZAR,1208197
DLFR2FLGSWSKM1,,Black Nova,Alba collection Frame double frame Legrand Arteor Glass Sand White  Combination: Socket  Multipurp,4500,0,ZAR,1208198
DLFR2FLGVGKPSK,,Black Nova,Alba collection Frame double frame Legrand Arteor Glass Venetian Gold  Combination: Keypad  Socket,4278.26,0,ZAR,1208199
DLFR2FLGVGM1SK,,Black Nova,Alba collection Frame double frame Legrand Arteor Glass Venetian Gold  Combination: Multipurpose/Te,4278.26,0,ZAR,1208200
DLFR2FLGVGSKM1,,Black Nova,Alba collection Frame double frame Legrand Arteor Glass Venetian Gold  Combination: Socket  Multip,4278.26,0,ZAR,1208201
DLFR2FLGYBKPSK,,Black Nova,Alba collection Frame double frame Legrand Arteor Glass York Black  Combination: Keypad  Socket,4278.26,0,ZAR,1208202
DLFR2FLGYBM1SK,,Black Nova,Alba collection Frame double frame Legrand Arteor Glass York Black  Combination: Multipurpose/Tempe,4278.26,0,ZAR,1208203
DLFR2FLGYBSKM1,,Black Nova,Alba collection Frame double frame Legrand Arteor Glass York Black  Combination: Socket  Multipurp,4278.26,0,ZAR,1208204
DLFR2FLMASKPSK,,Black Nova,Alba collection Frame double frame Legrand Arteor Metal Aluminum Silver  Metal Brushed  Combinatio,4278.26,0,ZAR,1208205
DLFR2FLMASM1SK,,Black Nova,Alba collection Frame double frame Legrand Arteor Metal Aluminum Silver  Metal Brushed  Combinatio,4278.26,0,ZAR,1208206
DLFR2FLMASSKM1,,Black Nova,Alba collection Frame double frame Legrand Arteor Metal Aluminum Silver  Metal Brushed  Combinatio,4278.26,0,ZAR,1208207
DLFR2FLMBGKPSK,,Black Nova,Alba collection Frame double frame Legrand Arteor Metal Bronze Gold  Metal Brushed  Combination: K,4278.26,0,ZAR,1208208
DLFR2FLMBGM1SK,,Black Nova,Alba collection Frame double frame Legrand Arteor Metal Bronze Gold  Metal Brushed  Combination: M,4278.26,0,ZAR,1208209
DLFR2FLMBGSKM1,,Black Nova,Alba collection Frame double frame Legrand Arteor Metal Bronze Gold  Metal Brushed  Combination: S,4278.26,0,ZAR,1208210
DLFR2FLMMBKPSK,,Black Nova,Alba collection Frame double frame Legrand Arteor Metal Mars Black  Metal Brushed  Combination: Ke,4278.26,0,ZAR,1208211
DLFR2FLMMBM1SK,,Black Nova,Alba collection Frame double frame Legrand Arteor Metal Mars Black  Metal Brushed  Combination: Mu,4278.26,0,ZAR,1208212
DLFR2FLMMBSKM1,,Black Nova,Alba collection Frame double frame Legrand Arteor Metal Mars Black  Metal Brushed  Combination: So,4278.26,0,ZAR,1208213
DLFR2FXMASKPKP,,Black Nova,Alba collection Frame double frame Metal Aluminum Silver  Metal Brushed  Combination: Keypad  Key,4278.26,0,ZAR,1208230
DLFR2FXMASKPM1,,Black Nova,Alba collection Frame double frame Metal Aluminum Silver  Metal Brushed  Combination: Keypad  Mul,4278.26,0,ZAR,1208231
DLFR2FXMASM1KP,,Black Nova,Alba collection Frame double frame Metal Aluminum Silver  Metal Brushed  Combination: Multipurpose,4278.26,0,ZAR,1208232
DLFR2FXMASM1M1,,Black Nova,Alba collection Frame double frame Metal Aluminum Silver  Metal Brushed  Combination: Multipurpose,4278.26,0,ZAR,1208233
DLFR2FXMBGKPKP,,Black Nova,Alba collection Frame double frame Metal Bronze Gold  Metal Brushed  Combination: Keypad  Keypad,4278.26,0,ZAR,1208234
DLFR2FXMBGKPM1,,Black Nova,Alba collection Frame double frame Metal Bronze Gold  Metal Brushed  Combination: Keypad  Multipu,4278.26,0,ZAR,1208235
DLFR2FXMBGM1KP,,Black Nova,Alba collection Frame double frame Metal Bronze Gold  Metal Brushed  Combination: Multipurpose/Tem,4278.26,0,ZAR,1208236
DLFR2FXMBGM1M1,,Black Nova,Alba collection Frame double frame Metal Bronze Gold  Metal Brushed  Combination: Multipurpose/Tem,4278.26,0,ZAR,1208237
DLFR2FXMMBKPKP,,Black Nova,Alba collection Frame double frame Metal Mars Black  Metal Brushed  Combination: Keypad  Keypad,4278.26,0,ZAR,1208238
DLFR2FXMMBKPM1,,Black Nova,Alba collection Frame double frame Metal Mars Black  Metal Brushed  Combination: Keypad  Multipur,4278.26,0,ZAR,1208239
DLFR2FXMMBM1KP,,Black Nova,Alba collection Frame double frame Metal Mars Black  Metal Brushed  Combination: Multipurpose/Temp,4278.26,0,ZAR,1208240
DLFR2FXMMBM1M1,,Black Nova,Alba collection Frame double frame Metal Mars Black  Metal Brushed  Combination: Multipurpose/Temp,4278.26,0,ZAR,1208241
DLFRM1XGIW,,Black Nova,Alba collection Frame Multipurpose/Temperature control interface Glass Ice White,2139.13,0,ZAR,1208242
DLFRM1XGSW,,Black Nova,Alba collection Frame Multipurpose/Temperature control interface Glass Sand White,3250.43,0,ZAR,1208243
DLFRM1XGVG,,Black Nova,Alba collection Frame Multipurpose/Temperature control interface Glass Venetian Gold,2139.13,0,ZAR,1208244
DLFRM1XGYB,,Black Nova,Alba collection Frame Multipurpose/Temperature control interface Glass York Black,2139.13,0,ZAR,1208245
DLFRM1XMAS,,Black Nova,Alba collection Frame Multipurpose/Temperature control interface Metal Aluminum Silver  Metal Brush,2139.13,0,ZAR,1208246
DLFRM1XMBG,,Black Nova,Alba collection Frame Multipurpose/Temperature control interface Metal Bronze Gold  Metal Brushed,2139.13,0,ZAR,1208247
DLFRM1XMMB,,Black Nova,Alba collection Frame Multipurpose/Temperature control interface Metal Mars Black  Metal Brushed,2139.13,0,ZAR,1208248
DLFR1FXGIW,,Black Nova,Alba collection Frame single frame Glass Ice White,2139.13,0,ZAR,1208186
DLFR1FXGSW,,Black Nova,Alba collection Frame single frame Glass Sand White,2000,0,ZAR,1208187
DLFR1FXGVG,,Black Nova,Alba collection Frame single frame Glass Venetian Gold,2139.13,0,ZAR,1208188
DLFR1FXGYB,,Black Nova,Alba collection Frame single frame Glass York Black,2139.13,0,ZAR,1208189
DLFR1FXMAS,,Black Nova,Alba collection Frame single frame Metal Aluminum Silver  Metal Brushed,2139.13,0,ZAR,1208190
DLFR1FXMBG,,Black Nova,Alba collection Frame single frame Metal Bronze Gold  Metal Brushed,2139.13,0,ZAR,1208191
DLFR1FXMMB,,Black Nova,Alba collection Frame single frame Metal Mars Black  Metal Brushed,2139.13,0,ZAR,1208192
DLFE2KXGIW,,Black Nova,Alba collection Front End 2 buttons Glass Ice White,2139.13,0,ZAR,1208170
DLFE2KXGSW,,Black Nova,Alba collection Front End 2 buttons Glass Sand White,1375.65,0,ZAR,1208171
DLFE2KXGVG,,Black Nova,Alba collection Front End 2 buttons Glass Venetian Gold,2139.13,0,ZAR,1208172
DLFE2KXGYB,,Black Nova,Alba collection Front End 2 buttons Glass York Black,2139.13,0,ZAR,1208173
DLFE4KXGIW,,Black Nova,Alba collection Front End 4 buttons Glass Ice White,2139.13,0,ZAR,1208174
DLFE4KXGSW,,Black Nova,Alba collection Front End 4 buttons Glass Sand White,1500,0,ZAR,1208175
DLFE4KXGVG,,Black Nova,Alba collection Front End 4 buttons Glass Venetian Gold,2139.13,0,ZAR,1208176
DLFE4KXGYB,,Black Nova,Alba collection Front End 4 buttons Glass York Black,2139.13,0,ZAR,1208177
DLFE8KXGIW,,Black Nova,Alba collection Front End 8 buttons Glass Ice White,2139.13,0,ZAR,1208178
DLFE8KXGSW,,Black Nova,Alba collection Front End 8 buttons Glass Sand White,1625.22,0,ZAR,1208179
DLFE8KXGVG,,Black Nova,Alba collection Front End 8 buttons Glass Venetian Gold,2139.13,0,ZAR,1208180
DLFE8KXGYB,,Black Nova,Alba collection Front End 8 buttons Glass York Black,2139.13,0,ZAR,1208181
DLFEM1XGIW,,Black Nova,Alba collection Front End Multipurpose/Temperature control interface Glass Ice White,2139.13,0,ZAR,1208182
DLFEM1XGSW,,Black Nova,Alba collection Front End Multipurpose/Temperature control interface Glass Sand White,1500,0,ZAR,1208183
DLFEM1XGVG,,Black Nova,Alba collection Front End Multipurpose/Temperature control interface Glass Venetian Gold,2139.13,0,ZAR,1208184
DLFEM1XGYB,,Black Nova,Alba collection Front End Multipurpose/Temperature control interface Glass York Black,2139.13,0,ZAR,1208185
DLDSV2,,Black Nova,Alba collection Spare DST Back End V2,5133.91,0,ZAR,1208168
DLDSV4,,Black Nova,Alba collection Spare DST Back End V4,6203.48,0,ZAR,1208169
ALTECO C-1 B,,Dali,ALTECO C-1 BLACK ATMOS SPEAKER,6860.87,0,ZAR,1207957
ALTECO C-1 WAL,,Dali,ALTECO C-1 WALNUT ATMOS SPEAKER,6860.87,0,ZAR,1207959
ALTECO C-1 W,,Dali,ALTECO C-1 WHITE ATMOS SPEAKER,6860.87,0,ZAR,1207958
SHA-EHBAL10-00,,SAVANT,ALUMINUM SHADE BRACKET HANGER BOLT 10 PACK,1263.48,0,ZAR,1209457
ADC,,HDANYWHERE,Analogue to Digital Converter,1469.57,0,ZAR,1207956
ARCHT-6,,SAVANT,ARCHITECTURAL 6.5 INCH 2-WAY STEREO IN-CEILING / PAIR,15958.26,0,ZAR,1207967
ARCHT-6-PCB,,SAVANT,ARCHITECTURAL 6.5 INCH PRE-CONSTRUCTION BRACKETS / PAIR,82.61,0,ZAR,1207968
ARCHT-6-RG,,SAVANT,ARCHITECTURAL 6.5 INCH REPLACEMENT ROUND GRILLE / EACH,1020.87,0,ZAR,1207969
ARCHT-6-SSTT,,SAVANT,ARCHITECTURAL 6.5 INCH SINGLE STEREO TWIN TWEETER STEREO IN-CEILING / EACH,8777.39,0,ZAR,1207971
ARCHT-6-SG,,SAVANT,ARCHITECTURAL 6.5 INCH SQUARE GRILLE / EACH,1020.87,0,ZAR,1207970
ARCHT-8,,SAVANT,ARCHITECTURAL 8 INCH 2-WAY STEREO IN-CEILING / PAIR,19150.43,0,ZAR,1207972
ARCHT-8-PCB,,SAVANT,ARCHITECTURAL 8 INCH PRE-CONSTRUCTION BRACKETS / PAIR,82.61,0,ZAR,1207973
ARCHT-8-RG,,SAVANT,ARCHITECTURAL 8 INCH REPLACEMENT ROUND GRILLE / EACH,1020.87,0,ZAR,1207974
ARCHT-8-SSTT,,SAVANT,ARCHITECTURAL 8 INCH SINGLE STEREO TWIN TWEETER STEREO IN-CEILING / EACH,11490.43,0,ZAR,1207976
ARCHT-8-SG,,SAVANT,ARCHITECTURAL 8 INCH SQUARE GRILLE / EACH,1020.87,0,ZAR,1207975
DRBE12C,,Black Nova,Aria collection Back End 12 buttons Crestron,8127.83,0,ZAR,1208275
DRBE12K,,Black Nova,Aria collection Back End 12 buttons KNX,8127.83,0,ZAR,1208276
DRBE12R,,Black Nova,Aria collection Back End 12 buttons RS485,8127.83,0,ZAR,1208277
DRBE09C,,Black Nova,Aria collection Back End 9 buttons Crestron,8127.83,0,ZAR,1208272
DRBE09K,,Black Nova,Aria collection Back End 9 buttons KNX,8127.83,0,ZAR,1208273
DRBE09R,,Black Nova,Aria collection Back End 9 buttons RS485,8127.83,0,ZAR,1208274
DRBETTC,,Black Nova,Aria collection Back End Temperature control interface Crestron,10625.22,0,ZAR,1208278
DRBETTK,,Black Nova,Aria collection Back End Temperature control interface KNX,9125.22,0,ZAR,1208279
DRBETTR,,Black Nova,Aria collection Back End Temperature control interface RS485,7875.65,0,ZAR,1208280
DRFE2FXGIWKPKP,,Black Nova,Aria collection Front End double frame Glass Ice White  Combination: Keypad  Keypad,4278.26,0,ZAR,1208299
DRFE2FXGIWKPTT,,Black Nova,Aria collection Front End double frame Glass Ice White  Combination: Keypad  Temperature control i,3125.22,0,ZAR,1208300
DRFE2FXGIWTTKP,,Black Nova,Aria collection Front End double frame Glass Ice White  Combination: Temperature control interface,3125.22,0,ZAR,1208301
DRFE2FXGSWKPKP,,Black Nova,Aria collection Front End double frame Glass Sand White  Combination: Keypad  Keypad,3000,0,ZAR,1208302
DRFE2FXGSWKPTT,,Black Nova,Aria collection Front End double frame Glass Sand White  Combination: Keypad  Temperature control,3125.22,0,ZAR,1208303
DRFE2FXGSWTTKP,,Black Nova,Aria collection Front End double frame Glass Sand White  Combination: Temperature control interface,3125.22,0,ZAR,1208304
DRFE2FXGVGKPKP,,Black Nova,Aria collection Front End double frame Glass Venetian Gold  Combination: Keypad  Keypad,4278.26,0,ZAR,1208305
DRFE2FXGVGKPTT,,Black Nova,Aria collection Front End double frame Glass Venetian Gold  Combination: Keypad  Temperature contr,3125.22,0,ZAR,1208306
DRFE2FXGVGTTKP,,Black Nova,Aria collection Front End double frame Glass Venetian Gold  Combination: Temperature control interf,3125.22,0,ZAR,1208307
DRFE2FXGYBKPKP,,Black Nova,Aria collection Front End double frame Glass York Black  Combination: Keypad  Keypad,4278.26,0,ZAR,1208308
DRFE2FXGYBKPTT,,Black Nova,Aria collection Front End double frame Glass York Black  Combination: Keypad  Temperature control,3125.22,0,ZAR,1208309
DRFE2FXGYBTTKP,,Black Nova,Aria collection Front End double frame Glass York Black  Combination: Temperature control interface,3125.22,0,ZAR,1208310
DRFE2FLGIWKPSK,,Black Nova,Aria collection Front End double frame Legrand Arteor Glass Ice White  Combination: Keypad  Socket,4278.26,0,ZAR,1208287
DRFE2FLGIWSKTT,,Black Nova,Aria collection Front End double frame Legrand Arteor Glass Ice White  Combination: Socket  Temper,2875.65,0,ZAR,1208288
DRFE2FLGIWTTSK,,Black Nova,Aria collection Front End double frame Legrand Arteor Glass Ice White  Combination: Temperature con,2875.65,0,ZAR,1208289
DRFE2FLGSWKPSK,,Black Nova,Aria collection Front End double frame Legrand Arteor Glass Sand White  Combination: Keypad  Socke,2750.43,0,ZAR,1208290
DRFE2FLGSWSKTT,,Black Nova,Aria collection Front End double frame Legrand Arteor Glass Sand White  Combination: Socket  Tempe,2875.65,0,ZAR,1208291
DRFE2FLGSWTTSK,,Black Nova,Aria collection Front End double frame Legrand Arteor Glass Sand White  Combination: Temperature co,2875.65,0,ZAR,1208292
DRFE2FLGVGKPSK,,Black Nova,Aria collection Front End double frame Legrand Arteor Glass Venetian Gold  Combination: Keypad  So,4278.26,0,ZAR,1208293
DRFE2FLGVGSKTT,,Black Nova,Aria collection Front End double frame Legrand Arteor Glass Venetian Gold  Combination: Socket  Te,2875.65,0,ZAR,1208294
DRFE2FLGVGTTSK,,Black Nova,Aria collection Front End double frame Legrand Arteor Glass Venetian Gold  Combination: Temperature,2875.65,0,ZAR,1208295
DRFE2FLGYBKPSK,,Black Nova,Aria collection Front End double frame Legrand Arteor Glass York Black  Combination: Keypad  Socke,4278.26,0,ZAR,1208296
DRFE2FLGYBSKTT,,Black Nova,Aria collection Front End double frame Legrand Arteor Glass York Black  Combination: Socket  Tempe,2875.65,0,ZAR,1208297
DRFE2FLGYBTTSK,,Black Nova,Aria collection Front End double frame Legrand Arteor Glass York Black  Combination: Temperature co,2875.65,0,ZAR,1208298
DRFE1FXGIW,,Black Nova,Aria collection Front End single frame Glass Ice White,2139.13,0,ZAR,1208283
DRFE1FXGSW,,Black Nova,Aria collection Front End single frame Glass Sand White,1500,0,ZAR,1208284
DRFE1FXGVG,,Black Nova,Aria collection Front End single frame Glass Venetian Gold,2139.13,0,ZAR,1208285
DRFE1FXGYB,,Black Nova,Aria collection Front End single frame Glass York Black,2139.13,0,ZAR,1208286
DRFETTXGIW,,Black Nova,Aria collection Front End Temperature control interface Glass Ice White,1625.22,0,ZAR,1208311
DRFETTXGSW,,Black Nova,Aria collection Front End Temperature control interface Glass Sand White,1625.22,0,ZAR,1208312
DRFETTXGVG,,Black Nova,Aria collection Front End Temperature control interface Glass Venetian Gold,1625.22,0,ZAR,1208313
DRFETTXGYB,,Black Nova,Aria collection Front End Temperature control interface Glass York Black,1625.22,0,ZAR,1208314
DRDSV2,,Black Nova,Aria collection Spare DST Back End V2,1604.35,0,ZAR,1208281
DRDSV4,,Black Nova,Aria collection Spare DST Back End V4,2566.96,0,ZAR,1208282
WFB-MBLVC-00,,SAVANT,ASCEND BUTTON KIT (BLACK),3958.26,0,ZAR,1209724
WFB-BALVC-00,,SAVANT,ASCEND BUTTON KIT (BRUSHED ALUMINUM),3958.26,0,ZAR,1209699
WFB-BBLVC-00,,SAVANT,ASCEND BUTTON KIT (BRUSHED BLACK),3958.26,0,ZAR,1209704
WFB-BRLVC-00,,SAVANT,ASCEND BUTTON KIT (BRUSHED BRASS),3958.26,0,ZAR,1209709
WFB-BZLVC-00,,SAVANT,ASCEND BUTTON KIT (BRUSHED BRONZE),3958.26,0,ZAR,1209714
WFB-LALVC-00,,SAVANT,ASCEND BUTTON KIT (LIGHT ALMOND),3958.26,0,ZAR,1209719
WFB-MNLVC-00,,SAVANT,ASCEND BUTTON KIT (NICKEL),3958.26,0,ZAR,1209734
WFB-SWLVC-00,,SAVANT,ASCEND BUTTON KIT (SNOW WHITE),3958.26,0,ZAR,1209739
WFB-MGLVC-00,,SAVANT,ASCEND BUTTON KIT (SPACE GRAY),3958.26,0,ZAR,1209729
WFB-MBENGV-00,,SAVANT,ASCEND ENGRAVING (BLACK),1167.83,0,ZAR,1209720
WFB-BAENGV-00,,SAVANT,ASCEND ENGRAVING (BRUSHED ALUMINUM),1167.83,0,ZAR,1209695
WFB-BBENGV-00,,SAVANT,ASCEND ENGRAVING (BRUSHED BLACK),1167.83,0,ZAR,1209700
WFB-BRENGV-00,,SAVANT,ASCEND ENGRAVING (BRUSHED BRASS),1167.83,0,ZAR,1209705
WFB-BZENGV-00,,SAVANT,ASCEND ENGRAVING (BRUSHED BRONZE),1167.83,0,ZAR,1209710
WFB-LAENGV-00,,SAVANT,ASCEND ENGRAVING (LIGHT ALMOND),1167.83,0,ZAR,1209715
WFB-MNENGV-00,,SAVANT,ASCEND ENGRAVING (NICKEL),1167.83,0,ZAR,1209730
WFB-SWENGV-00,,SAVANT,ASCEND ENGRAVING (SNOW WHITE),2173.913,0,ZAR,1209735
WFB-MGENGV-00,,SAVANT,ASCEND ENGRAVING (SPACE GRAY),1167.83,0,ZAR,1209725
FF1-0S0MBM-00,,SAVANT,ASCEND FACEPLATE - 1 GANG (BLACK),782.61,0,ZAR,1208416
FF1-0S0BAM-00,,SAVANT,ASCEND FACEPLATE - 1 GANG (BRUSHED ALUMINUM),782.61,0,ZAR,1208411
FF1-0S0BBM-00,,SAVANT,ASCEND FACEPLATE - 1 GANG (BRUSHED BLACK),782.61,0,ZAR,1208412
FF1-0S0BRM-00,,SAVANT,ASCEND FACEPLATE - 1 GANG (BRUSHED BRASS),782.61,0,ZAR,1208413
FF1-0S0BZM-00,,SAVANT,ASCEND FACEPLATE - 1 GANG (BRUSHED BRONZE),782.61,0,ZAR,1208414
FF1-0S0LAM-00,,SAVANT,ASCEND FACEPLATE - 1 GANG (LIGHT ALMOND),782.61,0,ZAR,1208415
FF1-0S0MNM-00,,SAVANT,ASCEND FACEPLATE - 1 GANG (NICKEL),782.61,0,ZAR,1208418
FF1-0S0SWM-00,,SAVANT,ASCEND FACEPLATE - 1 GANG (SNOW WHITE),782.61,0,ZAR,1208419
FF1-0S0MGM-00,,SAVANT,ASCEND FACEPLATE - 1 GANG (SPACE GRAY),782.61,0,ZAR,1208417
FF2-0S0MBM-00,,SAVANT,ASCEND FACEPLATE - 2 GANG (BLACK),979.13,0,ZAR,1208425
FF2-0S0BAM-00,,SAVANT,ASCEND FACEPLATE - 2 GANG (BRUSHED ALUMINUM),979.13,0,ZAR,1208420
FF2-0S0BBM-00,,SAVANT,ASCEND FACEPLATE - 2 GANG (BRUSHED BLACK),979.13,0,ZAR,1208421
FF2-0S0BRM-00,,SAVANT,ASCEND FACEPLATE - 2 GANG (BRUSHED BRASS),979.13,0,ZAR,1208422
FF2-0S0BZM-00,,SAVANT,ASCEND FACEPLATE - 2 GANG (BRUSHED BRONZE),979.13,0,ZAR,1208423
FF2-0S0LAM-00,,SAVANT,ASCEND FACEPLATE - 2 GANG (LIGHT ALMOND),979.13,0,ZAR,1208424
FF2-0S0MNM-00,,SAVANT,ASCEND FACEPLATE - 2 GANG (NICKEL),979.13,0,ZAR,1208427
FF2-0S0SWM-00,,SAVANT,ASCEND FACEPLATE - 2 GANG (SNOW WHITE),979.13,0,ZAR,1208428
FF2-0S0MGM-00,,SAVANT,ASCEND FACEPLATE - 2 GANG (SPACE GRAY),979.13,0,ZAR,1208426
FF3-0S0MBM-00,,SAVANT,ASCEND FACEPLATE - 3 GANG (BLACK),1174.78,0,ZAR,1208434
FF3-0S0BAM-00,,SAVANT,ASCEND FACEPLATE - 3 GANG (BRUSHED ALUMINUM),1174.78,0,ZAR,1208429
FF3-0S0BBM-00,,SAVANT,ASCEND FACEPLATE - 3 GANG (BRUSHED BLACK),1174.78,0,ZAR,1208430
FF3-0S0BRM-00,,SAVANT,ASCEND FACEPLATE - 3 GANG (BRUSHED BRASS),1174.78,0,ZAR,1208431
FF3-0S0BZM-00,,SAVANT,ASCEND FACEPLATE - 3 GANG (BRUSHED BRONZE),1174.78,0,ZAR,1208432
FF3-0S0LAM-00,,SAVANT,ASCEND FACEPLATE - 3 GANG (LIGHT ALMOND),1174.78,0,ZAR,1208433
FF3-0S0MNM-00,,SAVANT,ASCEND FACEPLATE - 3 GANG (NICKEL),1174.78,0,ZAR,1208436
FF3-0S0SWM-00,,SAVANT,ASCEND FACEPLATE - 3 GANG (SNOW WHITE),1174.78,0,ZAR,1208437
FF3-0S0MGM-00,,SAVANT,ASCEND FACEPLATE - 3 GANG (SPACE GRAY),1174.78,0,ZAR,1208435
FF4-0S0MBM-00,,SAVANT,ASCEND FACEPLATE - 4 GANG (BLACK),1566.09,0,ZAR,1208443
FF4-0S0BAM-00,,SAVANT,ASCEND FACEPLATE - 4 GANG (BRUSHED ALUMINUM),1566.09,0,ZAR,1208438
FF4-0S0BBM-00,,SAVANT,ASCEND FACEPLATE - 4 GANG (BRUSHED BLACK),1566.09,0,ZAR,1208439
FF4-0S0BRM-00,,SAVANT,ASCEND FACEPLATE - 4 GANG (BRUSHED BRASS),1566.09,0,ZAR,1208440
FF4-0S0BZM-00,,SAVANT,ASCEND FACEPLATE - 4 GANG (BRUSHED BRONZE),1566.09,0,ZAR,1208441
FF4-0S0LAM-00,,SAVANT,ASCEND FACEPLATE - 4 GANG (LIGHT ALMOND),1566.09,0,ZAR,1208442
FF4-0S0MNM-00,,SAVANT,ASCEND FACEPLATE - 4 GANG (NICKEL),1566.09,0,ZAR,1208445
FF4-0S0SWM-00,,SAVANT,ASCEND FACEPLATE - 4 GANG (SNOW WHITE),1566.09,0,ZAR,1208446
FF4-0S0MGM-00,,SAVANT,ASCEND FACEPLATE - 4 GANG (SPACE GRAY),1566.09,0,ZAR,1208444
WFB-MBLV02-00,,SAVANT,ASCEND LOW VOLTAGE KEYPAD - 2 BUTTON (BLACK),11191.3,0,ZAR,1209721
WFB-BALV02-00,,SAVANT,ASCEND LOW VOLTAGE KEYPAD - 2 BUTTON (BRUSHED ALUMINUM),11191.3,0,ZAR,1209696
WFB-BBLV02-00,,SAVANT,ASCEND LOW VOLTAGE KEYPAD - 2 BUTTON (BRUSHED BLACK),11191.3,0,ZAR,1209701
WFB-BRLV02-00,,SAVANT,ASCEND LOW VOLTAGE KEYPAD - 2 BUTTON (BRUSHED BRASS),11191.3,0,ZAR,1209706
WFB-BZLV02-00,,SAVANT,ASCEND LOW VOLTAGE KEYPAD - 2 BUTTON (BRUSHED BRONZE),11191.3,0,ZAR,1209711
WFB-LALV02-00,,SAVANT,ASCEND LOW VOLTAGE KEYPAD - 2 BUTTON (LIGHT ALMOND),11191.3,0,ZAR,1209716
WFB-MNLV02-00,,SAVANT,ASCEND LOW VOLTAGE KEYPAD - 2 BUTTON (NICKEL),11191.3,0,ZAR,1209731
WFB-SWLV02-00,,SAVANT,ASCEND LOW VOLTAGE KEYPAD - 2 BUTTON (SNOW WHITE),11191.3,0,ZAR,1209736
WFB-MGLV02-00,,SAVANT,ASCEND LOW VOLTAGE KEYPAD - 2 BUTTON (SPACE GRAY),11191.3,0,ZAR,1209726
WFB-MBLV04-00,,SAVANT,ASCEND LOW VOLTAGE KEYPAD - 4 BUTTON (BLACK),11191.3,0,ZAR,1209722
WFB-BALV04-00,,SAVANT,ASCEND LOW VOLTAGE KEYPAD - 4 BUTTON (BRUSHED ALUMINUM),11191.3,0,ZAR,1209697
WFB-BBLV04-00,,SAVANT,ASCEND LOW VOLTAGE KEYPAD - 4 BUTTON (BRUSHED BLACK),11191.3,0,ZAR,1209702
WFB-BRLV04-00,,SAVANT,ASCEND LOW VOLTAGE KEYPAD - 4 BUTTON (BRUSHED BRASS),11191.3,0,ZAR,1209707
WFB-BZLV04-00,,SAVANT,ASCEND LOW VOLTAGE KEYPAD - 4 BUTTON (BRUSHED BRONZE),10982.6087,0,ZAR,1209712
WFB-LALV04-00,,SAVANT,ASCEND LOW VOLTAGE KEYPAD - 4 BUTTON (LIGHT ALMOND),11191.3,0,ZAR,1209717
WFB-MNLV04-00,,SAVANT,ASCEND LOW VOLTAGE KEYPAD - 4 BUTTON (NICKEL),11191.3,0,ZAR,1209732
WFB-SWLV04-00,,SAVANT,ASCEND LOW VOLTAGE KEYPAD - 4 BUTTON (SNOW WHITE),11191.3,0,ZAR,1209737
WFB-MGLV04-00,,SAVANT,ASCEND LOW VOLTAGE KEYPAD - 4 BUTTON (SPACE GRAY),11191.3,0,ZAR,1209727
WFB-MBLV05-00,,SAVANT,ASCEND LOW VOLTAGE KEYPAD - 5 BUTTON (BLACK),11191.3,0,ZAR,1209723
WFB-BALV05-00,,SAVANT,ASCEND LOW VOLTAGE KEYPAD - 5 BUTTON (BRUSHED ALUMINUM),11191.3,0,ZAR,1209698
WFB-BBLV05-00,,SAVANT,ASCEND LOW VOLTAGE KEYPAD - 5 BUTTON (BRUSHED BLACK),11191.3,0,ZAR,1209703
WFB-BRLV05-00,,SAVANT,ASCEND LOW VOLTAGE KEYPAD - 5 BUTTON (BRUSHED BRASS),11191.3,0,ZAR,1209708
WFB-BZLV05-00,,SAVANT,ASCEND LOW VOLTAGE KEYPAD - 5 BUTTON (BRUSHED BRONZE),11191.3,0,ZAR,1209713
WFB-LALV05-00,,SAVANT,ASCEND LOW VOLTAGE KEYPAD - 5 BUTTON (LIGHT ALMOND),11191.3,0,ZAR,1209718
WFB-MNLV05-00,,SAVANT,ASCEND LOW VOLTAGE KEYPAD - 5 BUTTON (NICKEL),11191.3,0,ZAR,1209733
WFB-SWLV05-00,,SAVANT,ASCEND LOW VOLTAGE KEYPAD - 5 BUTTON (SNOW WHITE),11191.3,0,ZAR,1209738
WFB-MGLV05-00,,SAVANT,ASCEND LOW VOLTAGE KEYPAD - 5 BUTTON (SPACE GRAY),11191.3,0,ZAR,1209728
C10084,,Cambridge Audio,AUD100 2RCA-2RCA 1m interconnect,260,0,ZAR,1208009
C10085,,Cambridge Audio,AUD100 2RCA-2RCA 2m interconnect,329.57,0,ZAR,1208010
BLAB12,,AudioQuest,Audioquest Black Lab 12m Subwoofer Cable,2173.04,0,ZAR,1208003
BLAB08,,AudioQuest,Audioquest Black Lab 8m Subwoofer Cable,1651.3,0,ZAR,1208002
OPTFOR0.75,,AudioQuest,Audioquest Forest Optilink 0.75m Braided Optical Fiber Cable,868.7,0,ZAR,1208863
OPTFOR01.5,,AudioQuest,Audioquest Forest Optilink 1.5m Braided Optical Fiber Cable,1042.61,0,ZAR,1208864
IRED05,,AudioQuest,Audioquest Irish Red 5m Subwoofer Cable,3477.39,0,ZAR,1208636
OPTPEA0.75,,AudioQuest,Audioquest Pearl Optilink 0.75m PVC Optical Fiber Cable,607.83,0,ZAR,1208875
OPTPEA01.5,,AudioQuest,Audioquest Pearl Optilink 1.5m PVC Optical Fiber Cable,694.78,0,ZAR,1208876
ROCK882.5PR,,AudioQuest,Audioquest Rocket 88 25m Banana Plug Speaker Cable,3477.39,0,ZAR,1209320
SGBAN100120S,,AudioQuest,Audioquest SG100 SureGrip Silver Banana Plugs 120,19913.04,0,ZAR,1209408
AUTOMATE-REM15,,SAVANT,AUTOMATE 15 CHANNEL REMOTE,3229.57,0,ZAR,1207984
AV10,,Vogels,AV 10 AV Support,1564.35,0,ZAR,1207987
C11084,,Cambridge Audio,AX C25 CD Player,8694.78,0,ZAR,1208029
C11087,,Cambridge Audio,AX C35CD Player,11303.48,0,ZAR,1208030
C11079,,Cambridge Audio,AXA25 Integrated Amplifier Grey,8694.78,0,ZAR,1208027
C11082,,Cambridge Audio,AXA35 Integrated Amplifier w/ Built-in Phono-stage Grey,11303.48,0,ZAR,1208028
DHBXDP,,Black Nova,Axes Collection Back Box and parts for Third Party RFID Reader Integration,2139.13,0,ZAR,1208151
DHBECHC,,Black Nova,Axes Collection Back End Card Holder Crestron,5989.57,0,ZAR,1208136
DHBECHK,,Black Nova,Axes Collection Back End Card Holder KNX,5989.57,0,ZAR,1208137
DHBECRC,,Black Nova,Axes Collection Back End Card Holder RFID Reader Crestron,5989.57,0,ZAR,1208139
DHBECRK,,Black Nova,Axes Collection Back End Card Holder RFID Reader KNX,5989.57,0,ZAR,1208140
DHBECRR,,Black Nova,Axes Collection Back End Card Holder RFID Reader RS485,5989.57,0,ZAR,1208141
DHBECHR,,Black Nova,Axes Collection Back End Card Holder RS485,5989.57,0,ZAR,1208138
DHBEKNC,,Black Nova,Axes Collection Back End Door Panel Numbers Keypad Crestron,5989.57,0,ZAR,1208145
DHBEKNK,,Black Nova,Axes Collection Back End Door Panel Numbers Keypad KNX,5989.57,0,ZAR,1208146
DHBEKNR,,Black Nova,Axes Collection Back End Door Panel Numbers Keypad RS485,5989.57,0,ZAR,1208147
DHBEDRC,,Black Nova,Axes Collection Back End Door Panel RFID Reader Crestron,5989.57,0,ZAR,1208142
DHBEDRK,,Black Nova,Axes Collection Back End Door Panel RFID Reader KNX,5989.57,0,ZAR,1208143
DHBEDRR,,Black Nova,Axes Collection Back End Door Panel RFID Reader RS485,5989.57,0,ZAR,1208144
DHBEN3C,,Black Nova,Axes Collection Back End Door Panel Room Number XL Crestron,5989.57,0,ZAR,1208148
DHBEN3K,,Black Nova,Axes Collection Back End Door Panel Room Number XL KNX,5989.57,0,ZAR,1208149
DHBEN3R,,Black Nova,Axes Collection Back End Door Panel Room Number XL RS485,5989.57,0,ZAR,1208150
DHFECHXGIW,,Black Nova,Axes Collection Front End Card Holder Glass Ice White,2139.13,0,ZAR,1208152
DHFECHXGSW,,Black Nova,Axes Collection Front End Card Holder Glass Sand White,1875.65,0,ZAR,1208153
DHFECHXGVG,,Black Nova,Axes Collection Front End Card Holder Glass Venetian Gold,2139.13,0,ZAR,1208154
DHFECHXGYB,,Black Nova,Axes Collection Front End Card Holder Glass York Black,2139.13,0,ZAR,1208155
C11091,,Cambridge Audio,AXR100 FM/AM Stereo Receiver Grey,16520.87,0,ZAR,1208032
C11089,,Cambridge Audio,AXR85 FM/AM Stereo Receiver Grey,14781.74,0,ZAR,1208031
C10546,,Cambridge Audio,Azur 851N Black Flagship ATF2™ Upsampling Network Player,43477.39,0,ZAR,1208014
C10548,,Cambridge Audio,Azur 851N Silver Flagship ATF2™ Upsampling Network Player,43477.39,0,ZAR,1208015
BANANAS/WOODEN BOX 4PC,,Dali,BANANAS/WOODEN BOX  (4 pcs.),1295.65,0,ZAR,1207988
BEAM1EU1BLK,,Sonos,BEAM BLACK,8260,0,ZAR,1207995
BEAM1EU1,,Sonos,BEAM WHITE,8260,0,ZAR,1207994
BEAM2UK1,,Sonos,BEAM WHITE GEN2,9216.52,0,ZAR,1207998
LBB1-4,,Black Nova,Black Box 4 Products Aria and Alba,19250.43,0,ZAR,1208675
WALL2025,,Vogels,Black Turn 120 wall mount 17-26,1408.7,0,ZAR,1209676
BMC-1,,M&K Sound,BMC-1 Controller,30426.09,0,ZAR,1208006
BOOSTUK1,,Sonos,BOOST,1738.26,0,ZAR,1208008
C10746,,Cambridge Audio,C155 In-Ceiling Speaker Pair White,4346.96,0,ZAR,1208017
C15S,,M&K Sound,C15S,59409.5652,0,ZAR,1208042
C10755,,Cambridge Audio,C165 In-Ceiling Speaker Single White,1738.26,0,ZAR,1208018
C91IIBL,,Jamo,C91 II Black,8694.78,0,ZAR,1208049
C91IIWH,,Jamo,C91 II Matt White,8694.78,0,ZAR,1208050
C91IIWO,,Jamo,C91 II White Oak,8694.78,0,ZAR,1208051
1068258,,Jamo,C910 AMP MODULE,6956.52,0,ZAR,1207528
C910B,,Jamo,C910 BLACK SUBWOOFER,10433.91,0,ZAR,1208045
C910W,,Jamo,C910 SUBWOOFER,10433.91,0,ZAR,1208046
C912B,,Jamo,C912 BLACK SUBWOOFER,13042.6,0,ZAR,1208047
C912W,,Jamo,C912 SUBWOOFER W,13042.61,0,ZAR,1208048
C93IIBL,,Jamo,C93 II Black,10433.91,0,ZAR,1208052
C93IIWH,,Jamo,C93 II Matt White,10433.91,0,ZAR,1208053
C95IIBL,,Jamo,C95 II Black,15651.3,0,ZAR,1208054
C95IIBL Single,,Jamo,C95 II Black Single unit,17382.61,0,ZAR,1208055
C95IIWH,,Jamo,C95 II Matt White,15651.3,0,ZAR,1208056
C95IIWO,,Jamo,C95 II White Oak,15651.3,0,ZAR,1208057
C97IIBL,,Jamo,C97 II Black,20868.7,0,ZAR,1208058
C97IIBL Single,,Jamo,C97 II Black Single unit,17390.43,0,ZAR,1208059
C97IIWH,,Jamo,C97 II Matt White,20868.7,0,ZAR,1208060
C97IIWH Single,,Jamo,C97 II Matt White Single,17390.43,0,ZAR,1208061
C9CENIIBL,,Jamo,C9CEN II Black,6955.65,0,ZAR,1208062
C9CENIIWH,,Jamo,C9CEN II Matt White,6955.65,0,ZAR,1208063
C9SURIIBL,,Jamo,C9SUR II Black,12173.04,0,ZAR,1208064
C9SURIIWH,,Jamo,C9SUR II White,12173.04,0,ZAR,1208065
CABLE10L,,Vogels,CABLE 10 L Cable Cover,2173.04,0,ZAR,1208066
CABLE10M,,Vogels,CABLE 10 M Cable Cover,1017.39,0,ZAR,1208067
CABLE4BL,,Vogels,CABLE 4 Cable Cover Black,955.65,0,ZAR,1208068
CABLE4WH,,Vogels,CABLE 4 Cable Cover White,955.65,0,ZAR,1208069
CABLE8BL,,Vogels,CABLE 8 Cable Cover Black,1129.57,0,ZAR,1208070
CABLE8WH,,Vogels,CABLE 8 Cable Cover White,1129.57,0,ZAR,1208071
COCALIB,,Storm Audio,Calibration Kit (DIRAC),43478.26,0,ZAR,1208102
C10464K,,Cambridge Audio,Cambridge aptX® Bluetooth Dongle (each),3042.61,0,ZAR,1208011
C11225,,Cambridge Audio,Cambridge Audio Evo 150 Black,73912.17,0,ZAR,1208040
DRAGONTAILUSBC,,AudioQuest,CARBON DRAGONTAIL USB TYPE-C,695.65,0,ZAR,1208271
ECS2512,,EnGenius,Cloud Managed Switch with 8 x 2.5G + 4 x SFP+. internal power supply. 13inch 1U rack-mountable.,13184.35,0,ZAR,1208341
ECS2512FP,,EnGenius,Cloud Managed Switch with 8 x 2.5G PoE + 4 x SFP+. IEEE802.3bt/at/af. 240w PoE power budget.,18804.35,0,ZAR,1208342
ECW230S,,EnGenius,CLOUD MANAGEMENT AP 11 AX/AC/B/G/N DUAL BAND CONCURRENT,15561.74,0,ZAR,1208351
ECW220S,,EnGenius,CLOUD MANAGEMENT AP 11AX/AC /A/B/G/N DUAL BAND CONCURRENT,11239.13,0,ZAR,1208349
ECW220,,EnGenius,Cloud Management AP 11ax/ac wave2/a/b/g/n Dual Band Concurrent Ceiling Mount AP 1 x 10/100/1000 M,7132.17,0,ZAR,1208348
ECS1528P,,EnGenius,CLOUD MANAGEMENT SWITCH WITH 24 GE 4 GE SFP IEEE802.3AT/AF 240W POE POWER BUDGET  19INCH 1U RACK,18587.83,0,ZAR,1208337
ECS1552,,EnGenius,Cloud Management Switch with 48 GE + 4 10GE SFP+. internal power supply. 19inch 1U rack-mountable,19885.22,0,ZAR,1208338
CDNGLWW1BLK,,Sonos,Combo Adapter WW (Black),1042.61,0,ZAR,1208080
CDNGLWW1,,Sonos,Combo Adapter WW (White),1042.61,0,ZAR,1208079
CTNZPEU1,,Sonos,CONNECT,14781.74,0,ZAR,1208121
72329,,Sonance,CONNECT PRO Case Mini Black (6th Gen),8778.26,0,ZAR,1207637
72330,,Sonance,CONNECT PRO Case Mini White (6th Gen),8778.26,0,ZAR,1207638
CNLGKXX,,Black Nova,Controller Nova Hub Logic Gateway  Ethernet KNX,11250.43,0,ZAR,1208097
CNLG4XX,,Black Nova,Controller Nova Hub Logic Gateway  Ethernet RS485 for Control 4,7486.96,0,ZAR,1208096
SHA-B8CLBA-00,,SAVANT,CORNER MOUNT: LEFT DRIVE (BLACK ALUMINUM),6302.61,0,ZAR,1209449
SHA-B8CLSA-00,,SAVANT,CORNER MOUNT: LEFT DRIVE (SILVER ALUMINUM),6302.61,0,ZAR,1209450
SHA-B7CLBA-00,,SAVANT,CORNER MOUNT: LEFT IDLER (BLACK ALUMINUM),6302.61,0,ZAR,1209445
SHA-B7CLSA-00,,SAVANT,CORNER MOUNT: LEFT IDLER (SILVER ALUMINUM),6302.61,0,ZAR,1209446
SHA-B8CRBA-00,,SAVANT,CORNER MOUNT: RIGHT DRIVE (BLACK ALUMINUM),6302.61,0,ZAR,1209451
SHA-B8CRSA-00,,SAVANT,CORNER MOUNT: RIGHT DRIVE (SILVER ALUMINUM),6302.61,0,ZAR,1209452
SHA-B7CRBA-00,,SAVANT,CORNER MOUNT: RIGHT IDLER (BLACK ALUMINUM),6302.61,0,ZAR,1209447
SHA-B7CRSA-00,,SAVANT,CORNER MOUNT: RIGHT IDLER (SILVER ALUMINUM),6302.61,0,ZAR,1209448
ECS1552P,,EnGenius,COUD MANAGEMENT SWITCH 48 GE 4 GE SFP IEEE802.3AT/AF 410W POE POWER BUDGET 19INCH 1U RACK,30260,0,ZAR,1208340
V650906-00,,Dali,CROSSOVER EPICON 6,773.91,0,ZAR,1209656
V600239-00,,Dali,CROSSOVER W/TERMINAL OBERON VOKAL,1730.43,0,ZAR,1209655
V600218-00,,Dali,CROSSOVER W/TERMINAL OPTICON 8 spare part,3730.43,0,ZAR,1209653
V600219-00,,Dali,CROSSOVER W/TERMINAL OPTICON VOKAL,1730.43,0,ZAR,1209654
V650915-00,,Dali,CROSSOVER W/TERMINAL RUBICON VOKAL,1730.43,0,ZAR,1209657
V600020-00,,Dali,CROSSOVER W/TERMINAL ZENSOR 7,1121.74,0,ZAR,1209652
C11125K,,Cambridge Audio,CXA61 Integrated Stereo Amplifier Luna Grey,24346.96,0,ZAR,1208033
C11129K,,Cambridge Audio,CXA81 Integrated Stereo Amplifier Luna Grey,33042.61,0,ZAR,1208034
C11133K,,Cambridge Audio,CXC v2  Dedicated CD Transport Luna Grey,16520.87,0,ZAR,1208035
C11137K,,Cambridge Audio,CXN v2 ATF2™ Upsampling Network Player Luna Grey,31303.48,0,ZAR,1208036
D500LCRBL,,Jamo,D 500 LCR High Gloss Black,7825.22,0,ZAR,1208129
D500SURBL,,Jamo,D 500 Surround High Gloss Black,13912.17,0,ZAR,1208131
D600SURL,,Jamo,D 600 Surround LEFT,8252.17,0,ZAR,1208133
D600SURR,,Jamo,D 600 Surround RIGHT,8252.17,0,ZAR,1208134
D500LCRWH,,Jamo,D500 LCR High Gloss White,7825.22,0,ZAR,1208130
D500SURWH,,Jamo,D500 SUR White,13912.17,0,ZAR,1208132
C11217,,Cambridge Audio,DAC MAGIC 200M Luna Grey UK/EU/CU,17390.43,0,ZAR,1208038
C10501,,Cambridge Audio,DacMagic 100  Black Digital to Analogue Converter,5216.52,0,ZAR,1208013
C10500,,Cambridge Audio,DacMagic 100  Silver Digital to Analogue Converter,5215.65,0,ZAR,1208012
383610,,Dali,DALI CONNECT STAND E-600 BLACK Pair,4346.96,0,ZAR,1207560
383611,,Dali,DALI CONNECT STAND E-600 WHITE,4346.96,0,ZAR,1207561
OBERON 1 WAL,,Dali,DALI OBERON 1 DARK WALNUT,7817.39,0,ZAR,1208834
OBERON 9 B,,Dali,DALI OBERON 9 BLACK ASH,36520.87,0,ZAR,1208845
OBERON 9 WAL,,Dali,DALI OBERON 9 DARK WALNUT,36520.87,0,ZAR,1208846
OPTICON 6 MK2 TO,,Dali,DALI OPTICON 6 MK2 TOBACCO OAK,34781.74,0,ZAR,1208867
OPTICON LCR MK2 B,,Dali,DALI OPTICON LCR MK2 BLACK,14781.74,0,ZAR,1208870
OPTICON LCR MK2 WH,,Dali,DALI OPTICON LCR MK2 WHITE,14781.74,0,ZAR,1208871
SUB E-9 F BS,,Dali,DALI SUB E-9 F BLACK SATIN 220-240 V,9991.3,0,ZAR,1209572
CON-10GEN-00,,SAVANT,DB-9 MINI GENDER CHANGER (10-PACK),2060,0,ZAR,1208105
CON-1GEN-00,,SAVANT,DB-9 MINI GENDER CHANGER SINGLE,205.22,0,ZAR,1208110
DAC,,HDANYWHERE,Digital to Analogue Converter,1295.65,0,ZAR,1208135
C11228K,,Cambridge Audio,Direct Drive Turntable with Bluetooth Aptx HD,52173.04,0,ZAR,1208041
DMX-DRIVER1-00,,SAVANT,DMX DRIVER WITH INTEGRATED POWER SUPPLY,4308.7,0,ZAR,1208249
952020-0-0,,Dali,DOGLEG PHANTOM SERIE ORANGE,1730.43,0,ZAR,1207939
9155036,,SAVANT,DOOR STATION DISPLAY,0,0,ZAR,1207664
9155031B,,SAVANT,DOOR STATION KEYPAD MODULE BLACK,9156.52,0,ZAR,1207662
9155031,,SAVANT,DOOR STATION KEYPAD MODULE SILVER,0,0,ZAR,1207661
DRAGONTAILAND,,AudioQuest,DRAGON TAIL ANDROID,695.65,0,ZAR,1208270
DRAGONTAIL,,AudioQuest,DRAGON TAIL USB EXTENDER,695.65,0,ZAR,1208269
DRAGONFLYCOBG,,AudioQuest,DragonFly Cobalt  Global,8695.65,0,ZAR,1208267
DRAGONFLYBLKG,,AudioQuest,DRAGONFLY DAC BLACK 1.5 Global,3304.35,0,ZAR,1208266
DRAGONFLYREDG,,AudioQuest,DRAGONFLY DAC RED GLOBAL,6260.87,0,ZAR,1208268
SHA-B6BA-00,,SAVANT,DUAL MOTOR MOUNT (BLACK ALUMINUM),10772.17,0,ZAR,1209443
SHA-B6SA-00,,SAVANT,DUAL MOTOR MOUNT (SILVER ALUMINUM),10772.17,0,ZAR,1209444
C10935,,Cambridge Audio,Duo MC Phono Amplifier,11303.48,0,ZAR,1208023
E-80 SG,,Dali,E-80 Square Grill,1129.57,0,ZAR,1208320
DLA-N9BE,,JVC Projectors,e-shift 5 8K/2200lm/100000:1/Dynamic 1M:1 HDR/High Quality Image with Low latency mode,433913,0,ZAR,1208157
WP3-BK0002-00,,SAVANT,ECHO AUXILIARY CONTROL BLACK,984.35,0,ZAR,1209740
WP3-LA0002-00,,SAVANT,ECHO AUXILIARY CONTROL LIGHT ALMOND,984.35,0,ZAR,1209741
WP3-SW0002-00,,SAVANT,ECHO AUXILIARY CONTROL SNOW WHITE,984.35,0,ZAR,1209742
WPB-BKENGV-00,,SAVANT,ECHO CONFIGURABLE KEYPAD ENGRAVING (BLACK),685.22,0,ZAR,1209743
WPB-LAENGV-00,,SAVANT,ECHO CONFIGURABLE KEYPAD ENGRAVING (LIGHT ALMOND),685.22,0,ZAR,1209746
WPB-SWENGV-00,,SAVANT,ECHO CONFIGURABLE KEYPAD ENGRAVING (SNOW WHITE),685.22,0,ZAR,1209749
WPK-LAENGV-00,,SAVANT,ECHO DIAL KEYPAD ENGRAVING (LIGHT ALMOND),685.22,0,ZAR,1209753
WPK-SWENGV-00,,SAVANT,ECHO DIAL KEYPAD ENGRAVING (SNOW WHITE),685.22,0,ZAR,1209755
WPB-BKLV06-00,,SAVANT,ECHO LOW VOLTAGE CONFIGURABLE KEYPAD (BLACK),6155.65,0,ZAR,1209745
WPB-LALV06-00,,SAVANT,ECHO LOW VOLTAGE CONFIGURABLE KEYPAD (LIGHT ALMOND),6155.65,0,ZAR,1209748
WPB-SWLV06-00,,SAVANT,ECHO LOW VOLTAGE CONFIGURABLE KEYPAD (SNOW WHITE),7965.2174,0,ZAR,1209751
WPK-BKLV05-00,,SAVANT,ECHO LOW VOLTAGE DIAL KEYPAD (BLACK),6155.65,0,ZAR,1209752
WPK-LALV05-00,,SAVANT,ECHO LOW VOLTAGE DIAL KEYPAD (LIGHT ALMOND),6155.65,0,ZAR,1209754
WPK-SWLV05-00,,SAVANT,ECHO LOW VOLTAGE DIAL KEYPAD (SNOW WHITE),6155.65,0,ZAR,1209756
WPB-BKLV02-00,,SAVANT,ECHO LOW VOLTAGE PADDLE KEYPAD (BLACK),4308.7,0,ZAR,1209744
WPB-LALV02-00,,SAVANT,ECHO LOW VOLTAGE PADDLE KEYPAD (LIGHT ALMOND),4308.7,0,ZAR,1209747
WPB-SWLV02-00,,SAVANT,ECHO LOW VOLTAGE PADDLE KEYPAD (SNOW WHITE),4308.7,0,ZAR,1209750
WPX-BKLV06-00,,SAVANT,ECHO WIRELESS CONFIGURABLE KEYPAD WITH DMX CONTROL (BLACK),13430.43,0,ZAR,1209757
WPX-LALV06-00,,SAVANT,ECHO WIRELESS CONFIGURABLE KEYPAD WITH DMX CONTROL (LIGHT ALMOND),13430.43,0,ZAR,1209758
WPX-SWLV06-00,,SAVANT,ECHO WIRELESS CONFIGURABLE KEYPAD WITH DMX CONTROL (SNOW WHITE),13430.43,0,ZAR,1209759
C10925,,Cambridge Audio,Edge A Integrated Amplifier Dark Grey,147825.22,0,ZAR,1208019
C11214,,Cambridge Audio,Edge M Power Amplifier Luna Grey,104346.96,0,ZAR,1208037
C10927,,Cambridge Audio,Edge NQ Network Player Dark Grey,130433.91,0,ZAR,1208021
C10926,,Cambridge Audio,Edge W Power Amplifier Dark Grey,104346.96,0,ZAR,1208020
EFC6215,,Vogels,EFC 6215 CEILING MOUNT KIT,3078.26,0,ZAR,1208357
EFF8230,,Vogels,EFF 8230 TV Floor Stand,5216.52,0,ZAR,1208358
EFF8330,,Vogels,EFF 8330 TV Floor Stand,5216.52,0,ZAR,1208359
EFW8105,,Vogels,EFW 8105 Fixed TV Wall Mount,391.3,0,ZAR,1208360
EFW8206,,Vogels,EFW 8206 Fixed TV Wall Mount,1182.61,0,ZAR,1208361
EFW8305,,Vogels,EFW 8305 Fixed TV Wall Mount,1643.48,0,ZAR,1208362
EWS850AP,,EnGenius,ENGENIUS 11 a/b/g/n/ac/ax Dual Band Concurrent Outdoor Managed AP 2Tx+2Rx: 574+1200Mbps 1 x 10/100/,11239.13,0,ZAR,1208402
EWS330AP,,EnGenius,ENGENIUS 11ac Wave 2  5Ghz aand 24Ghs. EWS330AP is a compact Indoor AP that is also incredibly powe,3025.22,0,ZAR,1208390
EWS355AP,,EnGenius,ENGENIUS 11ac Wave 2  5Ghz aand 24Ghs. EWS355AP is a compact Indoor AP that is also incredibly powe,4427.83,0,ZAR,1208392
EWS511AP,,EnGenius,ENGENIUS 11ac/b/g/n Dual Band Concurrent Indoor Managed AP 2Tx+2Rx: 300+433Mbps 1 x 10/100/1000/250,2593.04,0,ZAR,1208396
EWS860AP,,EnGenius,ENGENIUS 2.4GHz/5GHz Dual Band Antenna External 3 x 5 dBi (2.4 GHz) 3 x 7 dBi (5GHz) Speed: 3 x 3 1,27921.74,0,ZAR,1208403
EWS1200-28TFP,,EnGenius,Engenius 24 Port Gigabit POE Managed switch,15778.26,0,ZAR,1208388
EWS7926EFP,,EnGenius,ENGENIUS 24 Port. 2 xSFP.10G POE + 410w. 50 x Managed AP.,17727.83,0,ZAR,1208399
EWS330AP-KIT,,EnGenius,EnGenius 2x2 AV Wave 2 kit with 3 AP,7997.39,0,ZAR,1208391
EWS7952FP,,EnGenius,ENGENIUS 48 Port. 4 SFP. 1000Mbps PoE+ 740w. 104Gps Switching. L2 Managed PoE+ Switch features simp,30260,0,ZAR,1208401
EWS5912FP,,EnGenius,ENGENIUS 8 Port. 2 SFP. 1000Mbps PoE+ 130w. 24Gps Switching. L2 Managed PoE+ Switch features simpli,7564.35,0,ZAR,1208398
EWS2910P,,EnGenius,ENGENIUS 8 Port. 2 SFP. 1000Mbps PoE+ 61.6w. 802.3af. 20Gps Switching. L2 Managed features simplifi,4754.78,0,ZAR,1208389
EWS385AP,,EnGenius,ENGENIUS Band 2.4 GHz/5GHz TRI BAND Antenna Type: Internal 2 x 4 dBi  (2.4Ghz): Internal 4 x 5 dBi,6513.91,0,ZAR,1208395
EWS357AP,,EnGenius,ENGENIUS Band 2.4GHz/5GHz Dual Band Antenna 2 x3 dBi Speed 2 x 2 11ax,5403.48,0,ZAR,1208393
EWS377AP,,EnGenius,EnGenius Band 2.4GHz/5GHz Dual Band Antenna 4 x3 dBi Speed 4 X 4 11ax,7780.87,0,ZAR,1208394
ECW260,,EnGenius,ENGENIUS Cloud Managed AP 11 a/b/g/n/ac/ax Dual Band Concurrent Outdoor AP 2Tx+2Rx: 574+1200Mbps 1,12535.65,0,ZAR,1208352
ECS5512,,EnGenius,ENGENIUS Cloud Managed Switch with 8 x 10G + 4 x SFP+ internal power supply 13inch 1U rack-mountabl,25937.39,0,ZAR,1208343
ECS5512FP,,EnGenius,ENGENIUS Cloud Managed Switch with 8 x 10G PoE + 4 x SFP+ IEEE802.3bt/at/af 240w PoE power budget i,32853.91,0,ZAR,1208344
ECW115,,EnGenius,ENGENIUS Cloud Managed Wall-Plate AP 11ac wave2 a/b/g/n 2Tx+2Rx: 400+867Mbps 2 x 10/100/1000Mbps LA,3414.78,0,ZAR,1208345
ECW230,,EnGenius,ENGENIUS Cloud Management AP 11 ax/ac/b/g/n Dual Band Concurrent Ceiling Mount AP 4Tx+4Rx: 1148+240,10158.26,0,ZAR,1208350
ECW120,,EnGenius,ENGENIUS Cloud Management AP 11ac wave2/a/b/g/n Dual Band Concurrent Ceiling Mount AP 1 x 10/100/10,3890.43,0,ZAR,1208346
ECW160,,EnGenius,ENGENIUS Cloud Management AP 11ac wave2/a/b/g/n Dual Band Concurrent Outdoor AP 1 x 10/100/1000 Mbp,6916.52,0,ZAR,1208347
ECS1112FP,,EnGenius,ENGENIUS Cloud Management Switch with 8 GE PoE + 2 GE + 2 GE SFP IEEE802.3at/af 130w PoE power budg,7564.35,0,ZAR,1208334
EWS1025CAM,,EnGenius,ENGENIUS Combines ultra-fast mesh Wi-Fi and clear surveillance in a simple space saving design. Eli,8446.09,0,ZAR,1208387
ECS1528FP,,EnGenius,ENGENIUS Coud Management Switch with 24 GE + 4 10GE SFP+ IEEE802.3at/af 410w PoE power budget inter,20317.39,0,ZAR,1208336
ECS1528,,EnGenius,ENGENIUS Coud Management Switch with 24 GE + 4 10GE SFP+ internal power supply 19inch 1U rack-mount,13184.35,0,ZAR,1208335
ECS1552FP,,EnGenius,ENGENIUS Coud Management Switch with 48 GE + 4 10GE SFP+ IEEE802.3at/af 740w PoE power budget inter,32421.74,0,ZAR,1208339
Sky Key 1,,EnGenius,ENGENIUS Management Platform with 1G LAN (PoE 802.3af/at) + 1G LAN DC 12V Input,3335.65,0,ZAR,1209480
EWS7928P,,EnGenius,ENGENIUS Ports: 24 Gigabit SFP Slots: 4 x 100/1000Mbps PoE Budget: 185w  Managed APs: 50,13833.04,0,ZAR,1208400
SFP-GLC-SX-MM,,EnGenius,EnGenius SFP Module - gigabit - Single Mode Fiber,731.3,0,ZAR,1209407
SFP-GLC-LH-SM,,EnGenius,ENGENIUS SFP Module - gigabit - Single Mode Fiber 10k Multimode Fiber 550m,731.3,0,ZAR,1209406
EWS550AP,,EnGenius,ENGENIUS Wall Mounted Advanced 11ac Wave 2 In room wofo operating on both 5 Ghz and 24 Ghz with 3 o,3890.43,0,ZAR,1208397
ECS1008P,,EnGenius,ENGENIUS Wireless Management Switch with 8 GE PoE IEEE802.3af PoE Budget 55w External Power Adapter,5403.48,0,ZAR,1208333
EPC6545,,Vogels,EPC 6545 Projector Ceiling Mount,3477.39,0,ZAR,1208364
EPICON 2 RM,,Dali,EPICON 2 RUBY MACAS BOOKSHELF SPEAKER,83469.57,0,ZAR,1208365
EPICON 2 WAL,,Dali,EPICON 2 WALNUT BOOKSHELF SPEAKER,83469.57,0,ZAR,1208366
EPICON 6 RM,,Dali,EPICON 6 RUBY MACAS FLOOR STANDING SPEAKER,156513.04,0,ZAR,1208367
EPICON 6 W,,Dali,EPICON 6 WHITE FLOOR STANDING SPEAKER,156513.04,0,ZAR,1208368
EPICON 8 RM,,Dali,EPICON 8 RUBY MACAS FLOOR STANDING SPEAKER,260860.87,0,ZAR,1208370
EPICON 8 WAL,,Dali,EPICON 8 WALNUT FLOOR STANDING SPEAKER,260860.87,0,ZAR,1208372
EPICON 8 W,,Dali,EPICON 8 WHITE FLOOR STANDING SPEAKER,260860.87,0,ZAR,1208371
EPICON STAND,,Dali,EPICON STAND SPEAKER STAND,16513.04,0,ZAR,1208373
EPICON VOK RM,,Dali,EPICON VOKAL RUBY MACAS CENTER SPEAKER,74781.74,0,ZAR,1208374
EPICON VOK WAL,,Dali,EPICON VOKAL WALNUT CENTER SPEAKER,74773.91,0,ZAR,1208376
EPICON VOK W,,Dali,EPICON VOKAL WHITE CENTER SPEAKER,74773.91,0,ZAR,1208375
EPW6565,,Vogels,EPW 6565 Projector Wall Mount,4346.96,0,ZAR,1208378
E10MTWW1BLK,,Sonos,Era 100 Mount WW (Black),1477.39,0,ZAR,1208326
E10MTWW1,,Sonos,Era 100 Mount WW (White),1477.39,0,ZAR,1208325
E10FSWW1BLK,,Sonos,Era 100 Stand WW (Black),3042.61,0,ZAR,1208322
E10FSWW1,,Sonos,Era 100 Stand WW (White),3042.61,0,ZAR,1208321
E30MTWW1BLK,,Sonos,Era 300 Mount WW (Black),1738.26,0,ZAR,1208332
E30MTWW1,,Sonos,Era 300 Mount WW (White),1738.26,0,ZAR,1208331
E30FSWW1BLK,,Sonos,Era 300 Stand WW (Black),3303.48,0,ZAR,1208328
E30FSWW1,,Sonos,Era 300 Stand WW (White),3303.48,0,ZAR,1208327
C5181,,Cambridge Audio,ES20 Incognito 5.25' Outdoor Speaker White,7825.22,0,ZAR,1208043
C6181,,Cambridge Audio,ES30 Incognito 6' Outdoor Speaker White,10433.91,0,ZAR,1208044
C11222,,Cambridge Audio,Evo 75 75 Watt All-In-One Player Black,60868.7,0,ZAR,1208039
ESN-AVB12E-01,,SAVANT,EXTREME NETWORKS 12 PORT AVB SWITCH,53421.7391,0,ZAR,1208379
ESN-AVB12POE-01,,SAVANT,EXTREME NETWORKS 12 PORT AVB SWITCH WITH POE,71222.61,0,ZAR,1208380
ESN-AVB24E-01,,SAVANT,EXTREME NETWORKS 24 PORT AVB SWITCH,71222.61,0,ZAR,1208381
ESN-AVB24POE-01,,SAVANT,EXTREME NETWORKS 24 PORT AVB SWITCH WITH POE,97930.43,0,ZAR,1208382
FAU3125,,Vogels,FAU 3125 AUTOLOCK DISPLAY INTERFACE VESA MIS D-E + 20X20CM,1513.04,0,ZAR,1208406
FAU3150,,Vogels,FAU 3150 AUTOLOCK DISPLAY INTERFACE VESA MIS-F,2904.35,0,ZAR,1208407
FAU-D,,Vogels,FAU-D INTERFACE VESA MIS-D FOR PFC 915-918 PFA 9030,495.65,0,ZAR,1208404
FAU-E,,Vogels,FAU-E Interface,513.04,0,ZAR,1208405
FAZON LCR ST,,Dali,FAZON LCR STAND DESKTOP SPEAKER STAND,3643.48,0,ZAR,1208408
FAZON M/W,,Dali,FAZON MIKRO WHITE PR SATELLITE SPEAKER,6773.91,0,ZAR,1208410
FAZON LCR W,,Dali,FAZON WHITE LEFT CENTER RIGHT,8686.96,0,ZAR,1208409
FTK-F2000-01,,SAVANT,FIBER TERMINATION KIT,34197.39,0,ZAR,1208495
CON-FSFP10-00,,SAVANT,FIBER TRANSCEIVER MODULE (10 PACK),22188.7,0,ZAR,1208115
CON-FSFP1-00,,SAVANT,FIBER TRANSCEIVER MODULE (SINGLE),2376.52,0,ZAR,1208114
FIBREMAX100M,,HDANYWHERE,Fibre Optic MAX HDMI 100m,16086.96,0,ZAR,1208462
FIBREMAX50M,,HDANYWHERE,Fibre Optic MAX HDMI 50m,12000,0,ZAR,1208463
FIBREMAX75M,,HDANYWHERE,Fibre Optic MAX HDMI 75m,13913.04,0,ZAR,1208464
TVM 3205,,Vogels,FIXED MOUNT SMALL,868.7,0,ZAR,1209618
PFW910,,Vogels,Fixed Wall Bracket for FAU3125/3150,608.7,0,ZAR,1209102
SHA-B4MANUALBA-00,,SAVANT,FLOATING/OUTSIDE MOUNT(MANUAL): DRIVE SIDE (BLACK ALUMINUM),10700.87,0,ZAR,1209433
SHA-B4MANUALSA-00,,SAVANT,FLOATING/OUTSIDE MOUNT(MANUAL): DRIVE SIDE (SILVER ALUMINUM),10700.87,0,ZAR,1209434
SHA-B4BA-00,,SAVANT,FLOATING/OUTSIDE MOUNT: DRIVE SIDE (BLACK ALUMINUM),5073.91,0,ZAR,1209431
SHA-B4BK-00,,SAVANT,FLOATING/OUTSIDE MOUNT: DRIVE SIDE (BLACK),3382.61,0,ZAR,1209432
SHA-B4SA-00,,SAVANT,FLOATING/OUTSIDE MOUNT: DRIVE SIDE (SILVER ALUMINUM),4406.09,0,ZAR,1209435
SHA-B4WH-00,,SAVANT,FLOATING/OUTSIDE MOUNT: DRIVE SIDE (WHITE),2937.39,0,ZAR,1209436
SHA-B3BA-00,,SAVANT,FLOATING/OUTSIDE MOUNT: IDLER SIDE (BLACK ALUMINUM),5073.91,0,ZAR,1209427
SHA-B3BK-00,,SAVANT,FLOATING/OUTSIDE MOUNT: IDLER SIDE (BLACK),3382.61,0,ZAR,1209428
SHA-B3SA-00,,SAVANT,FLOATING/OUTSIDE MOUNT: IDLER SIDE (SILVER ALUMINUM),5073.91,0,ZAR,1209429
SHA-B3WH-00,,SAVANT,FLOATING/OUTSIDE MOUNT: IDLER SIDE (WHITE),2937.39,0,ZAR,1209430
EPICON 6 WAL,,Dali,FLOOR STANDING SPEAKER,156513.04,0,ZAR,1208369
EPICON WAL,,Dali,FLOOR STANDING SPEAKER,74773.91,0,ZAR,1208377
9155015,,SAVANT,FLUSH MOUNT BACKBOX FOR KEYPAD DOOR STATION,2304.9429,0,ZAR,1207657
9155017,,SAVANT,FLUSH MOUNT BOX FOR SINGLE HEIGHT DOOR STATION,1162.61,0,ZAR,1207658
DOR-FM0B-00,,SAVANT,FLUSH MOUNT DOOR STATION BLACK,36628.7,0,ZAR,1208255
DOR-FM0S-00,,SAVANT,FLUSH MOUNT DOOR STATION SILVER,36628.7,0,ZAR,1208256
DOR-FMB-00,,SAVANT,FLUSH MOUNT SINGLE HEIGHT DOOR STATION BLACK,35611.3,0,ZAR,1208257
DOR-FMS-00,,SAVANT,FLUSH MOUNT SINGLE HEIGHT DOOR STATION SILVER,37002.6087,0,ZAR,1208258
V760149-00,,Dali,FRONT GRILLE SUB E-9 F BLACK,773.91,0,ZAR,1209658
TVM 3425,,Vogels,FULL MOTION MOUNT MEDIUM,3651.3,0,ZAR,1209624
TVM 3225,,Vogels,FULL MOTION MOUNT SMALL,2520.87,0,ZAR,1209620
TVM 3445,,Vogels,FULL MOTION+ MOUNT MED.,4694.78,0,ZAR,1209625
TVM 3245,,Vogels,FULL MOTION+ MOUNT SMALL,3042.61,0,ZAR,1209621
TVM 3625,,Vogels,FULL-MOTION MOUNT LARGE,4781.74,0,ZAR,1209628
SHA-MGEIG200-00,,SAVANT,GEIGER WIRED MOTOR WITH WIRED CONTROLS,14410.43,0,ZAR,1209462
TPE115GI,,EnGenius,GIGABIT POE+ INJECTOR,5278.26,0,ZAR,1209617
SKIN-ORBIT-GREY,,ICRealtime,GREY SILICON SKIN FOR THE ORBIT CAMERA,741.74,0,ZAR,1209477
RCC640-MK2-PCG-00,,SAVANT,GRILLE FOR DUAL 320 SUBS (PRE CONSTRUCTION),5143.48,0,ZAR,1209295
A23+B,,Parasound,Halo A23+ Power Amplifier BLACK,51295.65,0,ZAR,1207943
A23+S,,Parasound,Halo A23+ Power Amplifier Silver,51295.65,0,ZAR,1207944
HDASRX,,HDANYWHERE,HDA SRX Scaling Receiver,6521.74,0,ZAR,1208513
XTNDA300,,HDANYWHERE,HDANYWHERE  XTND 300m Audio Extender,3478.2609,0,ZAR,1209779
FIBRE-OPTICMAX8K20M,,HDANYWHERE,HDANYWHERE 20m 8K Ultra High Speed Fibre-Optic Max (48G),6520.87,0,ZAR,1208461
HDCPDONGLE,,HDANYWHERE,HDanywhere HDCP Dongle,1304.35,0,ZAR,1208515
HCX-4KHDR100-00,,SAVANT,HDBASET EXTENDERS WITH 4K HDR UP TO 100M,26589.57,0,ZAR,1208503
HCX-4KHDR40-00,,SAVANT,HDBASET EXTENDERS WITH 4K HDR UP TO 40M,15736.52,0,ZAR,1208504
HDCP2.2CON,,HDANYWHERE,HDCP Converter 2.2>1.4,1304.35,0,ZAR,1208514
OPADPWW1BLK,,Sonos,HDMI ARC to Optical Adaptor,1477.39,0,ZAR,1208862
SIGNALMANAGER,,HDANYWHERE,HDMI Signal and Audio Manager,6955.65,0,ZAR,1209473
DOR-HDFLBRICK-00,,SAVANT,HEAVY DUTY GATE STATION FLUSH MOUNT KIT FOR BRICK INSTALLATION,4312.17,0,ZAR,1208259
DOR-HDFLPLAST-00,,SAVANT,HEAVY DUTY GATE STATION FLUSH MOUNT KIT FOR PLASTER INSTALLATION,3487.83,0,ZAR,1208260
DOR-HDSMKB-00,,SAVANT,HEAVY DUTY SURFACE MOUNT GATE STATION WITH KEYPAD - BLACK,44767.83,0,ZAR,1208261
CBL-HDMI2M1-00,,SAVANT,HIGH SPEED CATEGORY HDMI 2.0 CABLE (1 METER),229.57,0,ZAR,1208074
CBL-HDMI2M2-00,,SAVANT,HIGH SPEED CATEGORY HDMI 2.0 CABLE (2 METER),306.09,0,ZAR,1208075
CBL-HDMI2M3-00,,SAVANT,HIGH SPEED CATEGORY HDMI 2.0 CABLE (3 METER),382.61,0,ZAR,1208076
CBL-HDMI2IN12F-00,,SAVANT,HIGH SPEED HDMI 2.0 FLAT CABLE (12 INCHES),957.39,0,ZAR,1208072
CBL-HDMI2IN6F-00,,SAVANT,HIGH SPEED HDMI 2.0 FLAT CABLE (6 INCHES),765.22,0,ZAR,1208073
IC206FG,,Jamo,IC 206 Flat Grill,4078.26,0,ZAR,1208552
IC208FG,,Jamo,IC 208 Flat Grill,4339.13,0,ZAR,1208554
IC404SLM,,Jamo,IC 404 Slim In-ceiling speaker,7208.7,0,ZAR,1208555
IC604SLM,,Jamo,IC 604 Slim In-ceiling speaker,8686.96,0,ZAR,1208557
IC206LCRFG,,Jamo,IC206LCR Flat Grill,3469.57,0,ZAR,1208553
IC408LCRFGII,,Jamo,IC408LCR Flat Grill v2,5208.7,0,ZAR,1208556
IC606FGII,,Jamo,IC606 v2 (Flat Grill),7556.52,0,ZAR,1208558
IC608LCRFGII,,Jamo,IC608LCR Flat Grill v2,6339.13,0,ZAR,1208559
IC610LCRFGII,,Jamo,IC610LCRFGII In-ceiling LCR,11295.65,0,ZAR,1208561
IC95CAN,,M&K Sound,IC95 Back can Pair,4520.87,0,ZAR,1208563
IC95,,M&K Sound,IC95 Pair Miller&Kreisel,18269.5652,0,ZAR,1208562
HD10TBSATA,,ICRealtime,ICREALTIME 10TB Surveillance Grade Recorder Hard Drive,22804.35,0,ZAR,1208506
NVR-EL128-4U12MP1,,ICRealtime,ICREALTIME 128 CH. EMBEDDED 4K NVR NO HDD ENHANCED H.265 SUPPORTS UP TO 12MP (No HDD Included).  (M,323665.22,0,ZAR,1208815
ICIP-D8123-IR,,ICRealtime,ICREALTIME 12MP 4K IP Indoor/Outdoor Full Size Vandal Dome. Varifocal 4.1-16.4 Motorized Lens (105°,27560.87,0,ZAR,1208567
IPEL-F12F-IRW1,,ICRealtime,ICREALTIME 12MP IP Indoor/Outdoor 360Â° Spherical Dome. 1.5mm Fisheye Lens (360Â°). 30 ft IR. Built,33072.17,0,ZAR,1208598
IPEL-B12V-IRW2,,ICRealtime,ICREALTIME 12MP IP INDOOR/OUTDOOR FULL SIZE BULLET. VARIFOCAL 2.7 - 12MM MOTORIZED LENS (103Â° - 44,43934.78,0,ZAR,1208586
NVR-7516K,,ICRealtime,ICREALTIME 16 CH. EMBEDDED 4K 2U NVR ENHANCED H.264 16 POE PORTS SUPPORTS UPTO 8MP (No HDD Included,58020.87,0,ZAR,1208813
NVR-6016K,,ICRealtime,ICREALTIME 16 Channel 2U 4K NVR - Supports 12MP Resolution - 320Mbps throughput - H.264 - HDM,65608.7,0,ZAR,1208810
NVR-MX16POE-1U4K1,,ICRealtime,ICREALTIME 16CH IP 1U SHELFMOUNT NVR - 2HDD - IP RESOLUTION UP TO 8MP/30FPS (128MBPS) - 16 PORT EMB,34757.39,0,ZAR,1208828
HD1TBSATA,,ICRealtime,ICREALTIME 1TB Surveillance Grade Recorder Hard Drive,3422.61,0,ZAR,1208507
IPEL-M40F-IRW1,,ICRealtime,ICREALTIME 2 x 2MP Dual Lens IP Wedge Dome. I-Sniper. 2 x 2.8 Fixed Lenses (110°). 66 Feet of IR. B,15669.57,0,ZAR,1208601
THIP-B2078FL-IR,,ICRealtime,ICREALTIME 256 X 192 THERMAL IP INDOOR/OUTDOOR FULL SIZE HYBRID BULLET. 7MM / 8MM FIXED LENS (24Â°,44293.91,0,ZAR,1209605
THIP-P2078FM-IR,,ICRealtime,ICREALTIME 256 X 192 THERMAL IP INDOOR/OUTDOOR HYBRID PTZ. 7MM / 8MM FIXED LENS (24Â° / 40Â° ). FIR,65448.7,0,ZAR,1209606
Orbit,,ICRealtime,ICREALTIME 2MP Indoor Pan Tilt WiFi security Camera Built-In Microphone And Speaker 33ft IR distanc,3006.96,0,ZAR,1208880
IPEL-P2030X-IRS1,,ICRealtime,ICREALTIME 2MP IP Full Size Anti-Corrosion PTZ. 30X Optical Zoom. I-SnIPer. POE +. Basic Intelligen,144332.17,0,ZAR,1208606
ICIP-2501HD-IR,,ICRealtime,ICREALTIME 2MP IP Full Size PTZ. 25X Optical Zoom. 450 Feet Smart IR. AI (Advanced Intelligence) On,50829.57,0,ZAR,1208564
IPFX-P2030X-IRW1,,ICRealtime,ICREALTIME 2MP IP Full Size PTZ. 30X Optical Zoom. 656 Feet Smart IR. AI (Advanced Intelligence) On,67322.61,0,ZAR,1208618
IPEL-P2045X-IRW1,,ICRealtime,ICREALTIME 2MP IP Full Size PTZ. 40X Optical Zoom. I-SnIPer. 1500 Feet Smart Laser. Hi-POE Capable.,164115.65,0,ZAR,1208607
IPFX-S20F-W1,,ICRealtime,ICREALTIME 2MP IP Indoor Mini Pinhole. 2.8mm Lens. POE Capable. AI On-Board Analytics.,13401.74,0,ZAR,1208620
ICIP-D2022-28-C,,ICRealtime,ICREALTIME 2MP IP Indoor Recessed Mount Starlight Dome. Fixed 2.8mm Lens (110°). Built-In MIC POE C,11174.78,0,ZAR,1208565
IPEL-D20V-IRS1,,ICRealtime,ICREALTIME 2MP IP Indoor/Outdoor Full Size Anti-Corrosion Vandal Dome. I-SnIPer. Varifocal 4.1-16.4,37938.26,0,ZAR,1208592
IPEL-B2012X-IRW2,,ICRealtime,ICREALTIME 2MP IP INDOOR/OUTDOOR FULL SIZE BULLET. VARIFOCAL 5.3 - 64MM MOTORIZED LENS (59° - 34°).,26946.96,0,ZAR,1208587
ICIP-D2048SL,,ICRealtime,ICREALTIME 2MP IP Indoor/Outdoor Full Size Vandal Dome. I-SnIPer. Varifocal 4-8mm Motorized Lens (1,11540.87,0,ZAR,1208566
IPEG-B20V-IRW2,,ICRealtime,ICREALTIME 2MP IP INDOOR/OUTDOOR MID SIZE BULLET. VARIFOCAL 2.8-12MM MOTORIZED LENS (106Â° - 33Â°).,5813.91,0,ZAR,1208576
IPFX-B20V-IRW1,,ICRealtime,ICREALTIME 2MP IP Indoor/Outdoor Mid Size Bullet. Varifocal 2.8-12mm Motorized Lens (98° - 30°). 90,8947.83,0,ZAR,1208610
IPFX-D20V-IRW1,,ICRealtime,ICREALTIME 2MP IP Indoor/Outdoor Mid Size Vandal Dome. Varifocal 2.8-12mm Motorized Lens (98° - 30°,7873.91,0,ZAR,1208613
ICIP-MC2028,,ICRealtime,ICREALTIME 2MP IP Indoor/Outdoor Mobile Vandal Dome. Fixed 2.8mm Lens (86°). 90 Feet IR. POE Capabl,13649.57,0,ZAR,1208568
IPMX-B20F-IRB2,,ICRealtime,ICREALTIME 2MP IP Indoor/Outdoor Small Size Bullet. Fixed 2.8mm Lens (106Â°). 164 Feet IR. POE Capa,7795.65,0,ZAR,1208621
IPEG-B20F-IRW1,,ICRealtime,ICREALTIME 2MP IP INDOOR/OUTDOOR SMALL SIZE BULLET. FIXED 2.8MM LENS (93Â°). 98 FEET IR. POE CAPABL,2779.13,0,ZAR,1208574
IPEG-D20F-IRW1,,ICRealtime,ICREALTIME 2MP IP INDOOR/OUTDOOR SMALL SIZE VANDAL DOME. FIXED 2.8MM LENS (110Â°). 98 FEET IR. POE,3260,0,ZAR,1208579
IPEG-E20F-IRW1,,ICRealtime,ICREALTIME 2MP IP INDOOR/OUTDOOR SMALL SIZE VANDAL EYEBALL DOME. FIXED 2.8MM LENS (110Â°). 98 FEET,2779.13,0,ZAR,1208583
IPFX-E20V-IRW1,,ICRealtime,ICREALTIME 2MP IP Indoor/Outdoor Small Size Vandal Eyeball Dome. Vaifocal 2.7 - 13.5 mm Lens (108 -,10814.78,0,ZAR,1208616
ICIP-P2012T,,ICRealtime,ICREALTIME 2MP IP Mid Size PTZ. 12X Optical Zoom. POE + Capable. (Flush Mount Included).,31092.17,0,ZAR,1208570
ICIP-P2012S,,ICRealtime,ICREALTIME 2MP IP Mid Size PTZ. 12X Optical Zoom. POE + Capable. (Gooseneck Wall Mount Included).,26762.61,0,ZAR,1208569
Flooder,,ICRealtime,ICREALTIME 2MP WiFi Floodlight Camera. Fixed 2.8mm Lens .2000 lm Brightness 3000K Color temperature,10453.04,0,ZAR,1208467
Dinger,,ICRealtime,ICREALTIME 2MP WiFi Video Doorbell. Fixed 1.9mm Lens (79Â°). Maximum IR LED Length 5 m (16.50 ft).,6773.04,0,ZAR,1208156
HD2TBSATA,,ICRealtime,ICREALTIME 2TB Surveillance Grade Recorder Hard Drive,4659.13,0,ZAR,1208508
NVR-6032K,,ICRealtime,ICREALTIME 32 CH. EMBEDDED 4K 2U NVR 3TB ENHANCED H.264 SUPPORTS UPTO 12MP (No HDD Included).,89279.13,0,ZAR,1208811
IPEL-D30V-IRW1,,ICRealtime,ICREALTIME 3MP IP Indoor/Outdoor Full Size Vandal Dome. I-SnIPer. Varifocal 2.8-12mm Motorized Lens,23752.17,0,ZAR,1208593
HD3TBSATA,,ICRealtime,ICREALTIME 3TB Surveillance Grade Recorder Hard Drive,7009.57,0,ZAR,1208509
IPEL-M80V-IRW1,,ICRealtime,ICREALTIME 4 x 2MP Multi Lens IP Dome. I-Sniper. 4 x 2.7 - 12 mm Motorized Lens (105°). 98 Feet of,15620.87,0,ZAR,1208604
IPMX-B40F-IRW1-A1,,ICRealtime,ICREALTIME 4MP IP AI series Indoor/Outdoor Mid Size Bullet. 2.8mm Fixed Lens (113° AOV). 131 Feet S,12256.52,0,ZAR,1208623
IPEL-B40V-IRW1-AI,,ICRealtime,ICREALTIME 4MP IP Indoor/Outdoor Full Size Bullet. Varifocal 2.7-12mm Motorized Lens (100Â° - 33Â°),26901.74,0,ZAR,1208589
IPEL-D40V-IRW1,,ICRealtime,ICREALTIME 4MP IP Indoor/Outdoor Full Size Vandal Dome. Varifocal 2.7-12mm Motorized Lens (100° - 3,23010.43,0,ZAR,1208594
IPEL-D40V-IRW1-AI,,ICRealtime,ICREALTIME 4MP IP Indoor/Outdoor Full Size Vandal Dome. Varifocal 2.7-12mm Motorized Lens (114° - 4,24742.61,0,ZAR,1208595
IPEG-B40V-IRW2,,ICRealtime,ICREALTIME 4MP IP Indoor/Outdoor Mid Size Bullet. Varifocal 2.7-12mm Motorized Lens (100° - 33°). 1,8786.96,0,ZAR,1208578
IPFX-B40V-IRW2,,ICRealtime,ICREALTIME 4MP IP Indoor/Outdoor Mid Size Bullet. Varifocal 2.7-13.5mm Motorized Lens (100Â° - 33Â°,12216.52,0,ZAR,1208611
IPFX-D40V-IRW2,,ICRealtime,ICREALTIME 4MP IP Indoor/Outdoor Mid Size Vandal Dome. Varifocal 2.7-13.5mm Motorized Lens (100Â° -,12436.52,0,ZAR,1208614
IPEG-D40V-IRW2,,ICRealtime,ICREALTIME 4MP IP INDOOR/OUTDOOR MID SIZE VANDAL DOME. VARIFOCAL 2.8-12MM MOTORIZED LENS (98° - 31°,9057.39,0,ZAR,1208582
IPEG-B40F-IRW1,,ICRealtime,ICREALTIME 4MP IP INDOOR/OUTDOOR SMALL SIZE BULLET. FIXED 2.8MM LENS (101Â°). 98 FEET SMART IR. POE,5707.83,0,ZAR,1208577
IPMX-B40F-IRW2,,ICRealtime,ICREALTIME 4MP IP Indoor/Outdoor Small Size Bullet. Fixed 2.8mm Lens (104Â°). 98 Feet Smart IR. POE,7910.43,0,ZAR,1208624
IPEG-E40F-IRW1,,ICRealtime,ICREALTIME 4MP IP INDOOR/OUTDOOR SMALL SIZE EYEBALL DOME. FIXED 2.8MM LENS (102Â°). 98 FEET SMART I,5812.17,0,ZAR,1208585
IPMX-E40F-IRW2,,ICRealtime,ICREALTIME 4MP IP Indoor/Outdoor Small Size Eyeball Dome. Fixed 2.8mm Lens (103Â°). 164 Feet Smart,7610.43,0,ZAR,1208631
IPMX-E40F-IRW1-AI,,ICRealtime,ICREALTIME 4MP IP Indoor/Outdoor Small Size Eyeball Dome. Fixed 2.8mm Lens (113°). 131 Feet Smart I,11216.52,0,ZAR,1208630
IPEG-D40F-IRW1,,ICRealtime,ICREALTIME 4MP IP INDOOR/OUTDOOR SMALL SIZE VANDAL DOME. FIXED 2.8MM LENS (104Â°). 98 FEET SMART IR,6307.83,0,ZAR,1208581
IPMX-D40F-IRW2,,ICRealtime,ICREALTIME 4MP IP Indoor/Outdoor Small Size Vandal Dome. Fixed 2.8mm Lens (104Â°). 98 Feet Smart IR,8010.43,0,ZAR,1208626
IPMX-W40F-IRW2,,ICRealtime,ICREALTIME 4MP IP INDOOR/OUTDOOR SMALL SIZE VANDAL DOME. FIXED 2.8MM LENS (106Â°). 90 FEET IR. POE,7309.57,0,ZAR,1208632
IPMX-E40F-IRB2,,ICRealtime,ICREALTIME 4MP IP INDOOR/OUTDOOR SMALL SIZE VANDAL EYEBALL BLACK DOME. FIXED 2.8MM LENS (103Â°). 16,7610.43,0,ZAR,1208629
IPFX-E40V-IRW1,,ICRealtime,ICREALTIME 4MP IP Indoor/Outdoor Small Size Vandal Eyeball Dome. Varifocal 2.7 - 13.5 mm Lens (104,11133.91,0,ZAR,1208617
IPFX-P4030X-IRW1,,ICRealtime,ICREALTIME 4MP IP Mid Size PTZ. 30X Optical Zoom. 240 Feet Smart IR. POE + Capable. AI (Advanced In,62515.65,0,ZAR,1208619
HD4TBSATA,,ICRealtime,ICREALTIME 4TB Surveillance Grade Recorder Hard Drive,9278.26,0,ZAR,1208510
IPEL-M80F-IRW2,,ICRealtime,ICREALTIME 4x 2MP (8MP Total) IP 180 Panoramic Dome 4x 2.8mm Fixed Lens (180 AOV) 98 ft Smart IR PO,81156.52,0,ZAR,1208603
IPEL-M80F-IRW1,,ICRealtime,ICREALTIME 4x 2MP (8MP Total) IP 180° Panoramic Dome. I-SnIPer. 4x 3.0mm Fixed Lens (180°). 98 Feet,46291.3,0,ZAR,1208602
IPEL-MB80F-IRW1,,ICRealtime,ICREALTIME 4X 2MP (8MP Total) IP 180° Panoramic Full Size Bullet. I-Sniper. 4X 2.8mm Fixed Lens (18,55959.13,0,ZAR,1208605
IPEL-F50F-W1,,ICRealtime,ICREALTIME 5MP Indoor 360° Spherical Dome. 1.18mm Fisheye Lens (360°). Built in Microphone. POE Cap,14156.52,0,ZAR,1208599
IPEL-F50F-W2,,ICRealtime,ICREALTIME 5MP Indoor/outdoor 360Â° Spherical Dome. 1.4mm Fisheye Lens (360Â°). Built in Microphone,24919.13,0,ZAR,1208600
IPEL-P5030X-IRW1,,ICRealtime,ICREALTIME 5MP IP Full Size PTZ. 30X Optical Zoom. 300 Feet Smart IR. Hi-POE Capable. AI (Advanced,74216.52,0,ZAR,1208608
NVR-6064K,,ICRealtime,ICREALTIME 64 CH. EMBEDDED 4K 2U NVR 4TB ENHANCED H.264 SUPPORTS UPTO 12MP (No HDD Included).,111588.7,0,ZAR,1208812
HD6TBSATA,,ICRealtime,ICREALTIME 6TB Surveillance Grade Recorder Hard Drive,13938.26,0,ZAR,1208511
NVR-208NS,,ICRealtime,ICREALTIME 8 Channel 1U Shelfmount NVR. Integrated 8 Port POE Switch. Up to 8MP IP Camera Support.,8529.57,0,ZAR,1208809
NVR-FX08POE-1U4K1,,ICRealtime,ICREALTIME 8CH IP 1U RACKMOUNT NVR - 2HDD - IP RESOLUTION UP TO 8MP/30FPS (128MBPS) - 8 PORT EMBEDD,31046.96,0,ZAR,1208820
NVR-MX08POE-1U4K1,,ICRealtime,ICREALTIME 8CH IP 1U SHELFMOUNT NVR - 2HDD - IP RESOLUTION UP TO 8MP/30FPS (128MBPS) - 8 PORT EMBED,22996.52,0,ZAR,1208826
IPFX-B80V-IRW1,,ICRealtime,ICREALTIME 8MP IP INDOOR/OUTDOOR MID SIZE BULLET. VARIFOCAL 2.7-13.5MM MOTORIZED LENS (113Â° - 31Â°,17078.26,0,ZAR,1208612
IPEL-E80F-IRW2,,ICRealtime,ICREALTIME 8MP IP INDOOR/OUTDOOR MID SIZE EYEBALL DOME. FIXED 2.8MM LENS (108Â°). 98.4 FEET SMART I,10746.96,0,ZAR,1208596
IPEL-E80V-IRW1,,ICRealtime,ICREALTIME 8MP IP Indoor/Outdoor Small Size Varifocal Eyeball Dome. 2.7 - 13.5 mm Lens (113 - 31Â°),33826.09,0,ZAR,1208597
HD8TBSATA,,ICRealtime,ICREALTIME 8TB Surveillance Grade Recorder Hard Drive,18556.52,0,ZAR,1208512
ICM-7100SE,,ICRealtime,ICREALTIME Central Management Server. 1U Rackmount. Dedicated Enterprise Video Management System Ap,89279.13,0,ZAR,1208571
IPEL-B2012X-IRW2 LPR SETUP,,ICRealtime,ICREALTIME LPR CONVERSION: 2MP IP Indoor/Outdoor Full Size Bullet. Varifocal 5.3 - 64mm Motorized L,24660,0,ZAR,1208588
Singer,,ICRealtime,ICREALTIME Wireless Door Chime For DINGER With Multiple Ringtones Options WiFi Connection,1731.3,0,ZAR,1209474
RCC320-MK2-PC,,SAVANT,IN-WALL SUB 320V2 (PRE CONSTRUCTION),21254.78,0,ZAR,1209293
RCC320-MK2-R,,SAVANT,IN-WALL SUB 320V2 (RETROFIT),22672.17,0,ZAR,1209294
3SBL,,Jamo,In/Outdoor 3 Stereo,5643.48,0,ZAR,1207562
3SWH,,Jamo,In/Outdoor 3 Stereo,5643.48,0,ZAR,1207563
IO-6BL,,Jamo,In/Outdoor 6 Black,9208.7,0,ZAR,1208573
IRB-1006-00,,SAVANT,INFRARED (IR) EMITTER 6 PACK,2153.91,0,ZAR,1208633
SHA-B2MANUALBA-00,,SAVANT,INSIDE/JAMB MOUNT(MANUAL): DRIVE SIDE (BLACK ALUMINUM),7887.83,0,ZAR,1209418
SHA-B2MANUALSA-00,,SAVANT,INSIDE/JAMB MOUNT(MANUAL): DRIVE SIDE (SILVER ALUMINUM),7887.83,0,ZAR,1209419
SHA-B2MANUALWH-00,,SAVANT,INSIDE/JAMB MOUNT(MANUAL): DRIVE SIDE (WHITE),3151.3,0,ZAR,1209420
SHA-B2MINBA-00,,SAVANT,INSIDE/JAMB MOUNT(MINI): DRIVE SIDE (BLACK ALUMINUM),3916.52,0,ZAR,1209421
SHA-B2MINBK-00,,SAVANT,INSIDE/JAMB MOUNT(MINI): DRIVE SIDE (BLACK),1798.26,0,ZAR,1209422
SHA-B2MINSA-00,,SAVANT,INSIDE/JAMB MOUNT(MINI): DRIVE SIDE (SILVER ALUMINUM),3916.52,0,ZAR,1209423
SHA-B2MINWH-00,,SAVANT,INSIDE/JAMB MOUNT(MINI): DRIVE SIDE (WHITE),1798.26,0,ZAR,1209424
SHA-B1MINBA-00,,SAVANT,INSIDE/JAMB MOUNT(MINI): IDLER SIDE (BLACK ALUMINUM),3916.52,0,ZAR,1209410
SHA-B1MINBK-00,,SAVANT,INSIDE/JAMB MOUNT(MINI): IDLER SIDE (BLACK),1798.26,0,ZAR,1209411
SHA-B1MINSA-00,,SAVANT,INSIDE/JAMB MOUNT(MINI): IDLER SIDE (SILVER ALUMINUM),3916.52,0,ZAR,1209412
SHA-B1MINWH-00,,SAVANT,INSIDE/JAMB MOUNT(MINI): IDLER SIDE (WHITE),1798.26,0,ZAR,1209413
SHA-B2BA-00,,SAVANT,INSIDE/JAMB MOUNT: DRIVE SIDE (BLACK ALUMINUM),3015.65,0,ZAR,1209416
SHA-B2BK-00,,SAVANT,INSIDE/JAMB MOUNT: DRIVE SIDE (BLACK),1566.09,0,ZAR,1209417
SHA-B2SA-00,,SAVANT,INSIDE/JAMB MOUNT: DRIVE SIDE (SILVER ALUMINUM),3015.65,0,ZAR,1209425
SHA-B2WH-00,,SAVANT,INSIDE/JAMB MOUNT: DRIVE SIDE (WHITE),1798.26,0,ZAR,1209426
SHA-B1BA-00,,SAVANT,INSIDE/JAMB MOUNT: IDLER SIDE (BLACK ALUMINUM),3471.3,0,ZAR,1209409
SHA-B1SA-00,,SAVANT,INSIDE/JAMB MOUNT: IDLER SIDE (SILVER ALUMINUM),3471.3,0,ZAR,1209414
SHA-B1WH-00,,SAVANT,INSIDE/JAMB MOUNT: IDLER SIDE (WHITE),1798.26,0,ZAR,1209415
DRX2.4M2BMMA,,Integra,Integra DRX-2.4 7.2-Channel Network AV Receiver,32173.04,0,ZAR,1208315
DRX3.4M2BMMA,,Integra,Integra DRX-3.4 9.2-Channel Network AV Receiver,48704.3478,0,ZAR,1208316
DRX5.4M2BMMA,,Integra,Integra DRX-5.4 9.2-Channel Network AV Receiver,62208.6957,0,ZAR,1208317
DRX8.4BMMM,,Integra,Integra DRX-8.4 11.4-Channel Network AV Receiver,108226.087,0,ZAR,1208318
PFB3419,,Vogels,Interface Bar 1915mm - Connect-It,5738.26,0,ZAR,1208996
PFB3407,,Vogels,Interface Bar 715mm - Connect-It,2346.96,0,ZAR,1208991
PFB3409,,Vogels,Interface bar 915mm - Connect-It,2738.26,0,ZAR,1208993
HST-SIPA1SM-00,,SAVANT,IP AUDIO 1 WITH INTEGRATED HOST AND SAVANT MUSIC 2.0,23477.3913,0,ZAR,1208546
PAV-SIPA125SM-10,,SAVANT,IP AUDIO 125 WITH SAVANT MUSIC SERVER,113042.6087,0,ZAR,1208896
PAV-AOMBAL8C-10,,SAVANT,IP AUDIO 16 CHANNEL BALANCED AUDIO OUTPUT IP RECEIVER WITH CONTROL,44479.13,0,ZAR,1208894
PAV-SIPA50SMV2-05,,SAVANT,IP AUDIO 50 V2 WITH SAVANT MUSIC SERVER,73904.35,0,ZAR,1208897
EDG-4-SAT-R-00,,SAVANT,IP AUDIO MICRO APERTURE 4: ADD-ON PAIR (ROUND),5086.96,0,ZAR,1208355
EDG-4-SAT-S-00,,SAVANT,IP AUDIO MICRO APERTURE 4: ADD-ON PAIR (SQUARE),5086.96,0,ZAR,1208356
EDG-4-AVB-R-00,,SAVANT,IP AUDIO MICRO APERTURE 4: SPEAKER SET (ROUND),10173.91,0,ZAR,1208353
EDG-4-AVB-S-00,,SAVANT,IP AUDIO MICRO APERTURE 4: SPEAKER SET (SQUARE),10173.91,0,ZAR,1208354
RMB-PAVAM2F-00,,SAVANT,IP AUDIO MODULES AND SMART HOSTS (FRONT),1604.35,0,ZAR,1209306
PAV-SMS2001-10,,SAVANT,IP AUDIO MUSIC SERVER,21213.04,0,ZAR,1208898
PAV-AIO1C-00,,SAVANT,IP AUDIO SINGLE IN AND OUT,11119.13,0,ZAR,1208892
HST-STUDIO46BG-2CH-00,,SAVANT,IP AUDIO STUDIO 46 WITH INTEGRATED HOST AND GRILLE - BLACK,30523.48,0,ZAR,1208547
HST-STUDIO55BG-2CH-00,,SAVANT,IP AUDIO STUDIO 55 WITH INTEGRATED HOST AND GRILLE - BLACK,32558.26,0,ZAR,1208548
PAV-AOMWS1C-00,,SAVANT,IP AUDIO WISA BRIDGE (STEREO),14826.09,0,ZAR,1208895
PAV-VIMAP4S-10,,SAVANT,IP VIDEO 4 INPUT TRANSMITTER 4K UHD WITH AUDIO PROCESSING AND CONTROL,271305.22,0,ZAR,1208904
PAV-VIMAP8S-10,,SAVANT,IP VIDEO 8 INPUT TRANSMITTER 4K UHD WITH AUDIO PROCESSING AND CONTROL,478773.91,0,ZAR,1208905
PAV-VIM1CP2-00,,SAVANT,IP VIDEO SINGLE INPUT TRANSMITTER 4K UHD WITH CONTROL (COPPER W/POE),22974.78,0,ZAR,1208900
PAV-VIM1C-01,,SAVANT,IP VIDEO SINGLE INPUT TRANSMITTER 4K UHD WITH CONTROL NO POE,24622.61,0,ZAR,1208899
PAV-VIMVP1CP2-00,,SAVANT,IP VIDEO SINGLE INPUT TRANSMITTER 4K WITH POE+ (COPPER),50693.04,0,ZAR,1208906
PAV-VOM1CP2-00,,SAVANT,IP VIDEO SINGLE OUTPUT RECEIVER 4K UHD WITH CONTROL (COPPER W/POE),20946.96,0,ZAR,1208908
PAV-VOMVP1F2-00,,SAVANT,IP VIDEO SINGLE OUTPUT RECEIVER 4K WITH CONTROL (FIBER),46085.22,0,ZAR,1208910
PAV-VOMVP1CP2-00,,SAVANT,IP VIDEO SINGLE OUTPUT RECEIVER 4K WITH POE+ (COPPER),41895.65,0,ZAR,1208909
72106,,Sonance,IPORT CONNECT PoE+ Injector,2759.13,0,ZAR,1207627
72109,,Sonance,IPORT CONNECT PoE+ Upgrade,2759.13,0,ZAR,1207628
72353,,Sonance,IPORT CONNECT PRO BaseStation White,8778.26,0,ZAR,1207642
72301,,Sonance,IPORT CONNECT PRO Case 10.2 White for iPad 10.2-inch 9th gen|8th gen |7th gen,8778.26,0,ZAR,1207630
72310,,Sonance,IPORT CONNECT PRO Case Mini Black for iPad mini 4th-5th Gen,17557.39,0,ZAR,1207631
72311,,Sonance,IPORT CONNECT PRO Case Mini White for iPad mini 4-5,17557.39,0,ZAR,1207632
72351,,Sonance,IPORT CONNECT PRO WallStation White,8778.26,0,ZAR,1207640
70720,,Sonance,IPORT GLASS MOUNTING KIT works with iPad Mini iPad Air iPad Pro 10.5 and iPad Pro 12.9,752.17,0,ZAR,1207596
70310,,Sonance,IPORT IPORT POWER SUPPLY 15V 2A - BLACK,1404.35,0,ZAR,1207581
70311,,Sonance,IPORT IPORT POWER SUPPLY 15V 2A - WHITE,1404.35,0,ZAR,1207582
70314,,Sonance,IPORT IPORT POWER WALL PLATE,500.87,0,ZAR,1207583
70304,,Sonance,IPORT LAUNCH AM.2 SLEEVE BLACK works with iPad Mini iPad Mini 2 iPad Mini 3 iPad Mini 4 and iPad Mi,6320.87,0,ZAR,1207579
70390,,Sonance,IPORT LAUNCH CASE 10.2 10.5 BLACK,6320.87,0,ZAR,1207586
70316,,Sonance,IPORT LAUNCH WALLSTATION FASCIA BLACK,500.87,0,ZAR,1207585
70315,,Sonance,IPORT LAUNCH WALLSTATION FASCIA WHITE,500.87,0,ZAR,1207584
71000,,Sonance,IPORT LUXE BASESTATION BLACK,15801.74,0,ZAR,1207605
71002,,Sonance,IPORT LUXE BASESTATION WHITE,15801.74,0,ZAR,1207607
71014,,Sonance,IPORT LUXE CASE AIR 1 I 2 I 9.7 WHITE,12415.65,0,ZAR,1207619
71009,,Sonance,IPORT LUXE CASE MINI4 I MINI 5th GEN BLACK,12290.43,0,ZAR,1207614
71010,,Sonance,IPORT LUXE CASE MINI4 I MINI 5th GEN SILVER,12290.43,0,ZAR,1207615
71011,,Sonance,IPORT LUXE CASE MINI4 I MINI 5th GEN WHITE,12290.43,0,ZAR,1207616
71019,,Sonance,IPORT LUXE USB CHARGE MODULE SILVER  - While Supplies Last,4263.48,0,ZAR,1207623
71020,,Sonance,IPORT LUXE USB CHARGE MODULE WHITE - While Supplies Last,4263.48,0,ZAR,1207624
71021,,Sonance,IPORT LUXE USB POWER SUPPLY 5V 2.4A BLACK,1404.35,0,ZAR,1207625
71023,,Sonance,IPORT LUXE USB POWER SUPPLY 5V 2.4A WHITE,1404.35,0,ZAR,1207626
71006,,Sonance,IPORT LUXE WALL ADAPTER KIT BLACK,2106.96,0,ZAR,1207611
71007,,Sonance,IPORT LUXE WALL ADAPTER KIT SILVER,2106.96,0,ZAR,1207612
71008,,Sonance,IPORT LUXE WALL ADAPTER KIT WHITE,2106.96,0,ZAR,1207613
71005,,Sonance,IPORT LUXE WALLSTATION WHITE,14046.09,0,ZAR,1207610
71017,,Sonance,IPORT LX CASE WHITE works with iPad Air 3rd gen 10.5-inch | iPad 7th gen. 10.2-inch,12290.43,0,ZAR,1207622
70719,,Sonance,IPORT POE INJECTOR works with all Bezels,2006.09,0,ZAR,1207595
70718,,Sonance,IPORT POE SPLITTER works with all Bezels,5266.96,0,ZAR,1207594
70791,,Sonance,IPORT POE SURFACE MOUNT DATA CABLE,752.17,0,ZAR,1207601
70796,,Sonance,IPORT SURFACE MOUNT BEZEL BLACK works with iPad Air 3rd gen 10.5-inch | iPad 7th gen. 10.2,12290.43,0,ZAR,1207602
70722,,Sonance,IPORT SURFACE MOUNT BEZEL BLACK works with iPad Mini 4 and iPad Mini 5th Gen,10534.78,0,ZAR,1207597
70703,,Sonance,IPORT SURFACE MOUNT BEZEL BLACK works with iPad Pro 9.7 Air 2 and iPad Air,13685.22,0,ZAR,1207591
70797,,Sonance,IPORT SURFACE MOUNT BEZEL SILVER works with iPad Air 3rd gen 10.5-inch | iPad 7th gen. 10.2,12290.43,0,ZAR,1207603
70701,,Sonance,IPORT SURFACE MOUNT BEZEL SILVER works with iPad Mini 3 Mini 2 and Mini - While Supplies Last,11587.83,0,ZAR,1207589
70723,,Sonance,IPORT SURFACE MOUNT BEZEL SILVER works with iPad Mini 4 and iPad Mini 5th Gen,10534.78,0,ZAR,1207598
70744,,Sonance,IPORT SURFACE MOUNT BEZEL SILVER works with iPad Pro 12.9  - While Supplies Last,19975.65,0,ZAR,1207600
70798,,Sonance,IPORT SURFACE MOUNT BEZEL WHITE works with iPad Air 3rd gen 10.5-inch | iPad 7th gen. 10.2,12290.43,0,ZAR,1207604
70702,,Sonance,IPORT SURFACE MOUNT BEZEL WHITE works with iPad Mini 3 Mini 2 and Mini - While Supplies Last,11587.83,0,ZAR,1207590
70724,,Sonance,IPORT SURFACE MOUNT BEZEL WHITE works with iPad Mini 4 and iPad Mini 5th Gen,10534.78,0,ZAR,1207599
70705,,Sonance,IPORT SURFACE MOUNT BEZEL WHITE works with iPad Pro 9.7  Air 2 and iPad Air,13685.22,0,ZAR,1207593
IRDONGA4KPRO,,HDANYWHERE,IR Dongle Type A 4K Pro (Yellow),765.22,0,ZAR,1208634
IRDONGB4K,,HDANYWHERE,IR Dongle Type B 4K (Green),765.22,0,ZAR,1208635
CEISP32AHRSAE,,Storm Audio,ISP 3D.32 Elite Analog AV Processor,391303.48,0,ZAR,1208081
IW1060SW,,Jamo,IW1060SW 10 In-wall Subwoofer,6339.13,0,ZAR,1208646
IW150,,M&K Sound,IW150 Miller & Kreisel,44573.913,0,ZAR,1208647
IW150A,,M&K Sound,IW150A Miller & Kreisel,23477.39,0,ZAR,1208648
IW150T,,M&K Sound,IW150T Pair Black Miller & Kreisel,63843.4783,0,ZAR,1208649
IW28S,,M&K Sound,IW28S Subwoofer,20868.7,0,ZAR,1208650
IW300,,M&K Sound,IW300 Miller&Kreisel,74060.8696,0,ZAR,1208651
IW408FGII,,Jamo,IW408 V 2 Flat Grill,9469.57,0,ZAR,1208652
IW5,,M&K Sound,IW5 Miller&Kreisel,10433.91,0,ZAR,1208653
IW5SG,,M&K Sound,IW5 Square Grill,869.57,0,ZAR,1208654
IW95,,M&K Sound,IW95 Miller&Kreisel,17390.43,0,ZAR,1208655
IW950,,M&K Sound,IW950 Miller&Kreisel,28400,0,ZAR,1208656
SHA-MGEIGSACONV-00,,SAVANT,J-GEIGER MOTOR FINISH 10 PACK (SILVER ALUMINUM),5222.61,0,ZAR,1209464
SHA-MGEIGWHCONV-00,,SAVANT,J-GEIGER MOTOR FINISH 10 PACK (WHITE),1305.22,0,ZAR,1209465
IC610LCRFG,,Jamo,Jamo IC610LCR FG - Centre,11295.65,0,ZAR,1208560
J12SUBBL,,Jamo,Jamo J12 SUB Black,9556.52,0,ZAR,1208657
JL10SW,,Jamo,Jamo JL-10 Subwoofer,20860.87,0,ZAR,1208665
JL4SAT,,Jamo,Jamo JL-4 Satellite outdoor speaker,3121.74,0,ZAR,1208666
JGS10,,Jamo,Jamo JL-4 Stake,860.87,0,ZAR,1208663
JR-4GR,,Jamo,Jamo Rock 4 Granite,3382.61,0,ZAR,1208667
JR-4SA,,Jamo,Jamo Rock 4 Sandstone,3382.61,0,ZAR,1208668
JR-5GR,,Jamo,Jamo Rock 5 Granite,5382.61,0,ZAR,1208669
JR-5SA,,Jamo,Jamo Rock 5 Sandstone,5382.61,0,ZAR,1208670
JR-8SWGR,,Jamo,Jamo Rock 8 Subwoofer Granite,9469.57,0,ZAR,1208671
JR-8SWSA,,Jamo,Jamo Rock 8 Subwoofer Sandstone,9469.57,0,ZAR,1208672
1071179,,Jamo,Jamo Studio 7 S15B Bookshelf Surround Speaker Blue Fjord,6955.65,0,ZAR,1207529
1071180,,Jamo,Jamo Studio 7 S15B Bookshelf Surround Speaker Grey Cloud,6955.65,0,ZAR,1207530
1071181,,Jamo,Jamo Studio 7 S17B Bookshelf Speaker Blue Fjord,8694.78,0,ZAR,1207531
1071182,,Jamo,Jamo Studio 7 S17B Bookshelf Speaker Grey Cloud,8694.78,0,ZAR,1207532
1071183,,Jamo,Jamo Studio 7 S25C Centre Channel Speaker Blue Fjord,5216.52,0,ZAR,1207533
1071184,,Jamo,Jamo Studio 7 S25C Centre Channel Speaker Grey Cloud,5216.52,0,ZAR,1207534
1071185,,Jamo,Jamo Studio 7 S25F Floorstanding Speaker Blue Fjord,12607.83,0,ZAR,1207535
1071187,,Jamo,Jamo Studio 7 S27F Floorstanding Speaker Blue Fjord,15216.52,0,ZAR,1207536
1071188,,Jamo,Jamo Studio 7 S27F Floorstanding Speaker Grey Cloud,15216.52,0,ZAR,1207537
1071189,,Jamo,Jamo Studio 7 S43C Center Channel Speaker Blue Fjord,5216.52,0,ZAR,1207538
1071190,,Jamo,Jamo Studio 7 S43C Center Channel Speaker Grey Cloud,5216.52,0,ZAR,1207539
Y79311,,Jamo,JAMO SUB 210 AMP MODULE,1645.55,0,ZAR,1209780
JC1+,,Parasound,JC1 Power Amplifier,260860.87,0,ZAR,1208658
JC2BP,,Parasound,JC2 BP Pre-Amplfier with H/T Bypass,130426.09,0,ZAR,1208659
JC3JRBL,,Parasound,JC3 Junior Halo Phono Preamplifier,52165.22,0,ZAR,1208661
JC3+,,Parasound,JC3 Phono Preamplifier,104339.13,0,ZAR,1208660
JC5,,Parasound,JC5 Stereo Power Amplifier,208694.78,0,ZAR,1208662
JITTERBUGFMJ,,AudioQuest,JITTERBUG FMJ,1913.04,0,ZAR,1208664
DLA-NZ8BE,,JVC Projectors,JVC DLA NZ-8  8K E-SHIFT LASER,434781.74,0,ZAR,1208160
DLA-NP5BE,,JVC Projectors,JVC DLA-NP5 NATIVE 4K,217390.43,0,ZAR,1208158
LX-NZ30BG,,JVC Projectors,JVC LX-NZ30 DLP 4K UHD/HDR Home Theatre Projector,86955.65,0,ZAR,1208690
K-MOVIE,,M&K Sound,K-Movie,34781.74,0,ZAR,1208673
46KB6W,,Kicker Home Audio,Kicker 46KB6W Full Range White Speakers,3477.39,0,ZAR,1207570
70141,,Sonance,LAUNCH BASESTATION - SILVER,8427.83,0,ZAR,1207572
LX-NZ3,,JVC Projectors,Lazer 4K UHD Projector 4K (3840 x 2160) images HDR support 3000 lumens 20000 Hours light source,69564.35,0,ZAR,1208689
CON-F2010-00,,SAVANT,LC MULTIMODE OM3 FIBER CONNECTORS (10 PACK),8716.52,0,ZAR,1208113
LCR750B,,M&K Sound,LCR750 Black Pair,23477.39,0,ZAR,1208681
LCR750CB,,M&K Sound,LCR750C Black,11303.48,0,ZAR,1208682
LCR950B,,M&K Sound,LCR950 Black,15651.3,0,ZAR,1208683
LCRDM-IW-KIT,,SAVANT,LCRDM INWALL KIT,16414.78,0,ZAR,1208684
LCRDMIWKIT-PCB,,SAVANT,LCRDM-IW PRE-CONSTRUCTION BRAC,3646.96,0,ZAR,1208685
LDNGLWW1BLK,,Sonos,Line-In Adapter WW (Black),520.87,0,ZAR,1208687
LDNGLWW1,,Sonos,Line-In Adapter WW (White),520.87,0,ZAR,1208686
LBB2,,Black Nova,Little Black Box 10 Front Ends Aria and Alba,12833.91,0,ZAR,1208676
DMX-DRIVER3-00,,SAVANT,LOW VOLTAGE DMX DRIVER WITH 10A EXTERNAL POWER SUPPLY,10772.17,0,ZAR,1208250
PWM-PENC3-00,,SAVANT,LOW VOLTAGE POWER MODULE ENCLOSURE,11490.43,0,ZAR,1209285
LCB-LEINT-00,,SAVANT,LUTRON LEAP ADVANCED INTEGRATION BRIDGE,16414.78,0,ZAR,1208679
Tweeter LCR 750,,M&K Sound,M&K Tweeter LCR 750,22607.83,0,ZAR,1209638
V8 AMP,,M&K Sound,M&K V8 AMP MODULE,16947.83,0,ZAR,1209659
M40TB,,M&K Sound,M40T Black Pair,25078.2609,0,ZAR,1208694
M40TW,,M&K Sound,M40T White Pair,17390.43,0,ZAR,1208695
M4TW,,M&K Sound,M4T White Pair,14773.91,0,ZAR,1208696
M5B,,M&K Sound,M5 Black,7390.43,0,ZAR,1208697
M5W,,M&K Sound,M5 White,7390.43,0,ZAR,1208698
M70B,,M&K Sound,M70 Black,13704.3478,0,ZAR,1208700
M70 Tweeter,,M&K Sound,M70 Tweeter,10426.09,0,ZAR,1208699
M70W,,M&K Sound,M70 White,10426.09,0,ZAR,1208701
M90B,,M&K Sound,M90 Black,24382.6087,0,ZAR,1208702
MA1000,,Vogels,MA1000-A1 Fixed TV Wall Mount,191.3,0,ZAR,1208703
MA1010,,Vogels,MA1010-A1 Tilting TV Wall Mount,339.13,0,ZAR,1208704
MA2000,,Vogels,MA2000-A1 Fixed TV Wall Mount,600,0,ZAR,1208705
MA2010,,Vogels,MA2010-A1 Tilting TV Wall Mount,408.7,0,ZAR,1208706
MA2030,,Vogels,MA2030-A1 Full-Motion TV Wall Mount,573.91,0,ZAR,1208707
MA2040,,Vogels,MA2040-A1 Full-Motion TV Wall Mount,956.52,0,ZAR,1208708
MA3000,,Vogels,MA3000-A1 Fixed TV Wall Mount,513.04,0,ZAR,1208709
MA3010,,Vogels,MA3010-A1 Tilting TV Wall Mount,608.7,0,ZAR,1208710
MA3030,,Vogels,MA3030-A1 Full-Motion TV Wall Mount,1391.3,0,ZAR,1208711
MA3040,,Vogels,MA3040-A1 Full-Motion TV Wall Mount,1704.35,0,ZAR,1208712
MA4000,,Vogels,MA4000-A1 Fixed TV Wall Mount,826.09,0,ZAR,1208713
MA4010,,Vogels,MA4010-A1 Tilting TV Wall Mount,721.74,0,ZAR,1208714
360163-2-0,,Dali,MAIN 2 AMP,513.04,0,ZAR,1207557
370039-0-0,,Dali,MAINS ADAPTER KATCH IN BOX,513.04,0,ZAR,1207558
MHUB4K431REM,,HDANYWHERE,Master Remote for mHub 4K (4x3+1) Old Type V3,434.78,0,ZAR,1208725
MHUB4K862REM,,HDANYWHERE,Master Remote for mHub 4K (8x6+2) Old Type V3,434.78,0,ZAR,1208727
MHUBMASTERREM4,,HDANYWHERE,Master Remote for mHub PRO/431U New,434.78,0,ZAR,1208730
MHUBMASTERREM8,,HDANYWHERE,Master Remote for mHub PRO/862U New,434.78,0,ZAR,1208731
M-LCRDM-MK2,,SAVANT,MASTERPIECE LCR-DM MK2,47481.74,0,ZAR,1208692
SHA-FBINDMERMET-01,,SAVANT,MERMET BINDERS FOR SAMPLES OF ALL MERMET FABRIC SAVANT IS OFFERING,8054.78,0,ZAR,1209460
MEZZ-8-SURR-PCB,,SAVANT,MEZZANINE - PRE-CONSTRUCTION B,82.61,0,ZAR,1208717
MEZZ-8-G-SQ,,SAVANT,MEZZANINE - SQUARE GRILLE,1823.48,0,ZAR,1208715
MEZZ-8-SURR,,SAVANT,MEZZANINE SURROUND SATELLITES,13188.7,0,ZAR,1208716
MFL100,,Vogels,MFL 100 Fixed TV Wall Mount,782.61,0,ZAR,1208718
MFM80,,Vogels,MFM 80 Fixed TV Wall Mount,443.48,0,ZAR,1208719
MHUB41140,,HDANYWHERE,MHUB (4x1+1) (EU),19999.13,0,ZAR,1208720
MHUB431URMK,,HDANYWHERE,mHub 431U Rack Mount Kit,826.09,0,ZAR,1208722
MHUBU431,,HDANYWHERE,mHub 4K (4x3+1) HDMI Matrix,34781.74,0,ZAR,1208741
MHUB4K44PRO,,HDANYWHERE,mHub 4K PRO 70m 4x4 Matrix,60000,0,ZAR,1208726
MHUB4K88PRO,,HDANYWHERE,mHub 4K PRO 8x8 Matrix 70m,120000,0,ZAR,1208728
MHUBMAX,,HDANYWHERE,MHUB MAX 4x4 HDMI Matrix,22600,0,ZAR,1208732
MHUBMAX(4x4),,HDANYWHERE,MHUB MAX 4x4 HDMI Matrix,13042.61,0,ZAR,1208733
MHUBPRO(4X4)40,,HDANYWHERE,MHUB PRO (4X4) 40,43478.26,0,ZAR,1208734
MHUBPRO2.0-4X4,,HDANYWHERE,MHUB PRO 2.0 (4X4),86955.65,0,ZAR,1208735
MHUBPRO2.0-8X8,,HDANYWHERE,MHUB PRO 2.0 (8X8),208694.78,0,ZAR,1208736
MHUBPRORACKEAR,,HDANYWHERE,MHUB PRO Rack Ear Pair,304.35,0,ZAR,1208737
MHUBPRORX,,HDANYWHERE,MHUB PRO Receiver,6521.74,0,ZAR,1208738
MHUBPROSERCAB,,HDANYWHERE,MHUB PRO Serial Cable DB9-DB9,330.43,0,ZAR,1208739
MHUB431UREC,,HDANYWHERE,MHUB Receiver V4 (uControl),4339.13,0,ZAR,1208721
MHUBU862,,HDANYWHERE,mHub U (8x6+2) HDMI Matrix w/ uControl,78260,0,ZAR,1208742
MHUBXTNDIRKIT,,HDANYWHERE,mHUB XTND IR Integration kit,217.39,0,ZAR,1208744
MHUBXTNDIRRX,,HDANYWHERE,mHUB XTND IR Integration RX,217.39,0,ZAR,1208745
MHUB431V3PSU,,HDANYWHERE,MHUB431 PSU 24V 1A,1295.65,0,ZAR,1208723
MHUBS(8+8x8)100,,HDANYWHERE,MHUBS(8+8x8)100,130433.91,0,ZAR,1208740
MHUBUREC,,HDANYWHERE,MHUBUREC,4339.13,0,ZAR,1208743
C10934,,Cambridge Audio,MM Phono Preamplifier with Auto Power Down,6520.87,0,ZAR,1208022
MNT100,,Vogels,MNT 100 Fixed TV Wall Mount,347.83,0,ZAR,1208748
MNT102,,Vogels,MNT 102 Tilting TV Wall Mount,417.39,0,ZAR,1208749
MNT104,,Vogels,MNT 104 Full-Motion TV Wall Mount,617.39,0,ZAR,1208750
MNT108,,Vogels,MNT 108 Full-Motion TV Wall Mount,1034.78,0,ZAR,1208751
MNT200,,Vogels,MNT 200 Fixed TV Wall Mount,417.39,0,ZAR,1208752
MNT202,,Vogels,MNT 202 Tilting TV Wall Mount,443.48,0,ZAR,1208753
MNT204,,Vogels,MNT 204 Full-Motion TV Wall Mount,1243.48,0,ZAR,1208754
MNT208,,Vogels,MNT 208 Full-Motion TV Wall Mount,1878.26,0,ZAR,1208755
MNT300,,Vogels,MNT 300 Fixed TV Wall Mount,617.39,0,ZAR,1208756
MNT302,,Vogels,MNT 302 Tilting TV Wall Mount,721.74,0,ZAR,1208757
MNT50,,Vogels,MNT 50 Fixed TV Wall Mount,208.7,0,ZAR,1208758
MNT52,,Vogels,MNT 52 Tilting TV Wall Mount,313.04,0,ZAR,1208759
RMB-PAVAM2-00,,SAVANT,MOUNT FOR IP AUDIO MODULES AND SMART HOSTS (REAR),2297.39,0,ZAR,1209305
MVCHBEU1BLK,,Sonos,Move Charging Base EU (Black) 8519.8990.90,1477.39,0,ZAR,1208781
MVCHBEU1,,Sonos,Move Charging Base EU (White) 8504.40.82,1477.39,0,ZAR,1208780
MVBATWW1BLK,,Sonos,Move Replacement Battery Kit WW (Black) 8507.60.00,1121.73,0,ZAR,1208779
MVBATWW1,,Sonos,Move Replacement Battery Kit WW (White) 8507.60.00,1121.73,0,ZAR,1208778
MP150L,,M&K Sound,MP150 Left Black,31303.48,0,ZAR,1208765
MP150LW,,M&K Sound,MP150 Left White,30433.91,0,ZAR,1208766
MP150R/CB,,M&K Sound,MP150 Richt/C Black,31303.48,0,ZAR,1208767
MP150R/CW,,M&K Sound,MP150 Richt/C White,30433.91,0,ZAR,1208768
MP300L,,M&K Sound,MP300 Left Black,60868.7,0,ZAR,1208769
MP300LW,,M&K Sound,MP300 Left White,60868.7,0,ZAR,1208770
MP300R/C,,M&K Sound,MP300 Right/C Black,60868.7,0,ZAR,1208771
MP300R/CW,,M&K Sound,MP300 Right/C White,60868.7,0,ZAR,1208772
MP950B,,M&K Sound,MP950 Black,16520.87,0,ZAR,1208773
MP950W,,M&K Sound,MP950 White,16520.87,0,ZAR,1208774
MPA-201,,Jamo,MPA-201 Power Amp,9208.7,0,ZAR,1208775
REM-2000I-00,,SAVANT,MULTI ROOM REMOTE TOUCH SCREEN END OF LIFE,20891.3,0,ZAR,1209300
Multi Territory PSU 24V 1A,,HDANYWHERE,Multi Territory PSU 24V 1A,478.26,0,ZAR,1208776
MZMA,,HDANYWHERE,Multi Zone Matrix Amp (6x4) 55,69564.35,0,ZAR,1208784
CLI-W210B-01,,SAVANT,MULTISTAT SMART THERMOSTAT - BLACK,18056.52,0,ZAR,1208094
CLI-W210W-01,,SAVANT,MULTISTAT SMART THERMOSTAT - WHITE,18056.52,0,ZAR,1208095
NANO-BP-P5,,SAVANT,NANO BACKPACK P5,21765.22,0,ZAR,1208785
DLA-NZ7,,JVC Projectors,NATIVE 4K (4096 x 2160)/ 1900lm/ Native Contrast Ratio of 80000:1 (Dynamic Contrast Ratio 800000,347825.22,0,ZAR,1208159
CL200INT,,Parasound,NC200 Integrated110W Amp&Burr Brown DAC,43469.57,0,ZAR,1208083
STP-NEONACC-00,,SAVANT,NEON ACCESSORY PACK,861.74,0,ZAR,1209554
STP-NEON10MOD-00,,SAVANT,NEON LIGHT STRIP - OUTDOOR (10M),19389.57,0,ZAR,1209553
CL2250BV2,,Parasound,New Classic 2250 v2 Black,54773.91,0,ZAR,1208084
NEXT7345,,Vogels,NEXT 7345 DesignMount,9469.57,0,ZAR,1208786
NEXT7346,,Vogels,NEXT 7346 LG OLED Mount,9556.52,0,ZAR,1208787
NEXT7355,,Vogels,NEXT 7355 MotionMount EU,20513.04,0,ZAR,1208788
NEXT7356,,Vogels,NEXT 7356 MotionMount Universal OLED EU,21643.48,0,ZAR,1208789
NEXT7825,,Vogels,NEXT 7825 AV Support,2078.26,0,ZAR,1208790
NEXT7840,,Vogels,NEXT 7840 Cable Cover,2078.26,0,ZAR,1208791
NEXT8365,,Vogels,NEXT 8365 SoundMount EU,1938.26,0,ZAR,1208792
NEXT8375,,Vogels,NEXT 8375 MotionSoundMount EU,26408.7,0,ZAR,1208793
NEXTOP1,,Vogels,NEXT OP1 TV Floorstand Light Oak,26955.65,0,ZAR,1208794
NEXTOP2,,Vogels,NEXT OP2 TV Floorstand Light Oak,30433.91,0,ZAR,1208795
NEXTOPHANG,,Vogels,NEXT OPHANG Console Holder,2313.04,0,ZAR,1208796
OBERON 1 B,,Dali,OBERON 1 BLACK BOOKSHELF SPEAKER,7817.39,0,ZAR,1208832
OBERON 1 W,,Dali,OBERON 1 WHITE BOOKSHELF SPEAKER,7817.39,0,ZAR,1208833
OBERON 3 B,,Dali,OBERON 3 BLACK BOOKSHELF SPEAKER,10426.09,0,ZAR,1208835
OBERON 3 DWAL,,Dali,OBERON 3 DARK WALNUT BOOKSHELF SPEAKER,10426.09,0,ZAR,1208836
OBERON 3 W,,Dali,OBERON 3 WHITE BOOKSHELF SPEAKER,10426.09,0,ZAR,1208837
OBERON 5 B,,Dali,OBERON 5 BLACK FLOOR STANDING SPEAKER,15643.48,0,ZAR,1208838
OBERON 5 WAL,,Dali,OBERON 5 DARK WALNUT FLOOR STANDING SPEAKER,15643.48,0,ZAR,1208840
OBERON 5 W,,Dali,OBERON 5 WHITE FLOOR STANDING SPEAKER,15643.48,0,ZAR,1208839
OBERON 5 WO,,Dali,OBERON 5 WHITE OAK FLOOR STANDING SPEAKER,15643.48,0,ZAR,1208841
OBERON 7 B,,Dali,OBERON 7 BLACK FLOOR STANDING SPEAKER,21738.26,0,ZAR,1208842
OBERON 7 DWAL,,Dali,OBERON 7 DARK WALNUT FLOOR STANDING SPEAKER,21738.26,0,ZAR,1208843
OBERON 7 W,,Dali,OBERON 7 WHITE FLOOR STANDING SPEAKER test,21738.26,0,ZAR,1208844
OBERON OW B,,Dali,OBERON ON-WALL BLACK,11303.48,0,ZAR,1208847
OBERON OW DWAL,,Dali,OBERON ON-WALL DARK WALLNUT,11303.48,0,ZAR,1208848
OBERON OW W,,Dali,OBERON ON-WALL WHITE,11303.48,0,ZAR,1208849
OBERON VOK B,,Dali,OBERON VOKAL BLACK,7295.65,0,ZAR,1208850
OBERON VOK DWAL,,Dali,OBERON VOKAL DARK WALLNUT,7295.65,0,ZAR,1208851
OBERON VOK W,,Dali,OBERON VOKAL WHITE,7295.65,0,ZAR,1208852
SEN-OCC24V-00,,SAVANT,OCCUPANCY SENSOR 24V CONTACT,4924.35,0,ZAR,1209404
OA62,,OneAcoustic Home Audio,OneAcoustic 6.5inch In-ceiling Speaker Pair,2173.04,0,ZAR,1208830
OA82,,OneAcoustic Home Audio,OneAcoustic 8inch In-ceiling Speaker Pair,2868.7,0,ZAR,1208831
TXNR5100M2BMMP,,Onkyo,Onkyo TX-NR5100 7.2-Channel Network 8K AV Receiver,16086.09,0,ZAR,1209643
TXNR6100M2BMMP,,Onkyo,Onkyo TX-NR6100 7.2-Channel THX Certified Network 8K AV Receiver,19999.13,0,ZAR,1209645
TX-NR7100,,Onkyo,Onkyo TX-NR7100 9.2-Channel THX Certified 8K AV Receiver,28694.78,0,ZAR,1209640
TX-RZ50,,Onkyo,Onkyo TX-RZ50 9.2-Channel THX Certified AV Receiver,39129.57,0,ZAR,1209641
TXNR6100BMMP,,Onkyo,Onkyo TXNR6100 7.2-Channel THX Certified AV Reciever,20868.7,0,ZAR,1209644
TXNR696M3BMMP,,Onkyo,Onkyo TXNR696 7.2-Cannel Network AV Receiver,19129.57,0,ZAR,1209646
TXSR494DABBMMP,,Onkyo,Onkyo TXSR494 Bluetooth Reciever Dolby Atmoas and DTS:X,13912.17,0,ZAR,1209647
OPADBWW1BLK,,Sonos,OPTICAL ADAPTER 5-PACK,1477.39,0,ZAR,1208861
OPTSPL,,HDANYWHERE,Optical Splitter HDANYWHERE,607.83,0,ZAR,1208877
OPTICON 2 B,,Dali,OPTICON 2 BLACK BOOKSHELF SPEAKER,20868.7,0,ZAR,1208865
OPTICON 5 W,,Dali,OPTICON 5 WHITE FLOOR STANDING SPEAKER,26947.83,0,ZAR,1208866
OPTICON 8 B,,Dali,OPTICON 8 BLACK FLOOR STANDING SPEAKER,58260,0,ZAR,1208868
OPTICON 8 MK2 B,,Dali,OPTICON 8 BLACK FLOOR STANDING SPEAKER,58260,0,ZAR,1208869
OPTICON VOK B,,Dali,OPTICON VOKAL BLACK CENTER SPEAKER,10426.09,0,ZAR,1208873
OPTICON VOK W,,Dali,OPTICON VOKAL WHITE CENTER SPEAKER,10426.09,0,ZAR,1208874
OPTICON LCR W,,Dali,OPTICON WHITE LEFT CENTER RIGHT,12600,0,ZAR,1208872
SKIN-GUARDIAN-BUCK,,ICRealtime,ORANGE SILICON SKIN FOR THE GUARDIAN CAMERA,648.7,0,ZAR,1209475
SKIN-ORBIT-ORANGE,,ICRealtime,ORANGE SILICON SKIN FOR THE ORBIT CAMERA,741.74,0,ZAR,1209478
SST-OTEMP1-00,,SAVANT,OUTDOOR REMOTE TEMPERATURE SENSOR,2412.17,0,ZAR,1209548
FNIP-6x2AD,,P5,P5  6 channel smart dimmer,17730.4348,0,ZAR,1208471
FNIP-12XPWM,,P5,P5 12 Channel Ethernet Low-Voltage Led Dimmer,11360,0,ZAR,1208469
FNIP-12XMZT,,P5,P5 12 Zone Ethernet Thermostat,13884.35,0,ZAR,1208468
FNIP-RGB&010,,P5,P5 4 Channel Ethernet Low Voltage LED Dimmer and 0-10v Output module,9466.96,0,ZAR,1208473
FNIP-4XSH,,P5,P5 4 Channel Ethernet Window Shading Controller,9466.96,0,ZAR,1208470
FNIP-8x16A.v4,,P5,P5 8 channel relay unit,7600,0,ZAR,1208472
P6,,Parasound,P6 Preamplifier,54781.74,0,ZAR,1208888
A21+B,,Parasound,Parasound A21+ Amplifier,93904.35,0,ZAR,1207942
A31B,,Parasound,Parasound A31 Amplifier,121730.43,0,ZAR,1207945
A51B,,Parasound,Parasound A51 Amplifier,165216.52,0,ZAR,1207950
A52+,,Parasound,Parasound A52+ Amplifier,106947.83,0,ZAR,1207951
HINT6,,Parasound,Parasound HALO Integrated Amplifier,95643.48,0,ZAR,1208538
Zphono XRM,,Parasound,Parasound Phono Preamplifier ZRM (XLR RUMBLE MM+MC) Black,7817.39,0,ZAR,1209789
HRA4U,,Parasound,Parasound Rack Mounts for 4U models JC1+ JC5 A21+ A31 A51,2607.83,0,ZAR,1208541
ZM12,,Parasound,Parasound ZM12 12Ch- 24 Speaker 2x120w/ch + 10x60w/ch Amplifier,66078.26,0,ZAR,1209784
ZM1250,,Parasound,Parasound Zonemaster 1250,66078.26,0,ZAR,1209785
ZM2350,,Parasound,Parasound Zonemaster 2350,39121.74,0,ZAR,1209787
ZM4,,Parasound,Parasound Zonemaster 4Ch@120W - 8 Spkr Amp 1RU,43477.39,0,ZAR,1209788
PB050,,Vogels,PB 050 DISPLAY TABLE STAND,4346.96,0,ZAR,1208911
PB150,,Vogels,PB 150 DISPLAY TROLLEY 150CM,9390.43,0,ZAR,1208912
PB175,,Vogels,PB 175 DISPLAY TROLLEY 175CM,10173.04,0,ZAR,1208913
PFA9001,,Vogels,PFA 9001 TURN&TILT UNIT,2539.13,0,ZAR,1208922
PFA9002,,Vogels,PFA 9002 DUAL TURN&TILT UNIT,2539.13,0,ZAR,1208923
PFA9003,,Vogels,PFA 9003 EXTENSION POLE 150CM,1913.04,0,ZAR,1208924
PFA9004,,Vogels,PFA 9004 EXTENSION POLE 300CM,2773.91,0,ZAR,1208925
PFA9006,,Vogels,PFA 9006 STABILISATION KIT,1530.43,0,ZAR,1208926
PFA9007,,Vogels,PFA 9007 JOIST ADAPTER,669.57,0,ZAR,1208927
PFA9008,,Vogels,PFA 9008 ANTI-THEFT LOCK SET FOR FAU 3125/3150,278.26,0,ZAR,1208928
PFA9010,,Vogels,PFA 9010 CEILING PLATE,278.26,0,ZAR,1208929
PFA9011,,Vogels,PFA 9011 DISPLAY FIXED FLOOR STAND,11400,0,ZAR,1208930
PFA9015,,Vogels,PFA 9015 EXTENSION POLE 80CM,1295.65,0,ZAR,1208931
PFA9016,,Vogels,PFA 9016 EXTENSION POLE 30CM,721.74,0,ZAR,1208932
PFA9023,,Vogels,PFA 9023 POLE COUPLER 9000 SERIES,1643.48,0,ZAR,1208933
PFA9028,,Vogels,PFA 9028 FLOOR PLATE 9000 SERIES,947.83,0,ZAR,1208934
PFA9030,,Vogels,PFA 9030 TURN&TILT UNIT,1295.65,0,ZAR,1208935
PFA9033,,Vogels,PFA 9033 ACCESSORY SHELF,3999.13,0,ZAR,1208937
PFA9034,,Vogels,PFA 9034 LOCKING CABINET,6694.78,0,ZAR,1208938
PFA9038,,Vogels,PFA 9038 ACCESSORY SHELF FOR PFA POLES PFF 1550/1570 & PFA 9011,4086.09,0,ZAR,1208939
PFA9052,,Vogels,PFA 9052 LOCKING CABINET LARGE,9303.48,0,ZAR,1208940
PFA9100,,Vogels,PFA 9100 MOUNTING KIT INSERTS M5/M8,113.04,0,ZAR,1208941
PFA9101,,Vogels,PFA 9101 CONNECT-IT SMALL FLOOR PLATE,582.61,0,ZAR,1208942
PFA9102,,Vogels,PFA 9102 DUAL MONITOR ADAPTER,4086.09,0,ZAR,1208943
PFA9103,,Vogels,PFA 9103 CONNECT-IT LARGE FLOOR PLATE,955.65,0,ZAR,1208944
PFA9104,,Vogels,PFA 9104 CONNECT-IT LARGE  BAR COUPLER,1303.48,0,ZAR,1208945
PFA9105,,Vogels,PFA 9105 WHITE POLE COVERS FOR PUC 23XX SERIES,52.17,0,ZAR,1208946
PFA9106,,Vogels,PFA 9106 WHITE CEILING COVERS FOR PUC 21XX AND 23XX SERIES,42.61,0,ZAR,1208947
PFA9107,,Vogels,PFA 9107 WHITE POLE COVERS FOR PUC 25XX SERIES,120.87,0,ZAR,1208948
PFA9108,,Vogels,PFA 9108 WHITE CEILING COVERS FOR PUC 25XX SERIES,77.39,0,ZAR,1208949
PFA9109,,Vogels,PFA 9109 PADLOCK FOR PFS 33XX,207.83,0,ZAR,1208950
PFA9112,,Vogels,PFA 9112 CONNECT-IT LOCKING CABINET SMALL,9042.61,0,ZAR,1208951
PFA9113,,Vogels,PFA 9113 CONNECT-IT LOCKING CABINET LARGE,9390.43,0,ZAR,1208952
PFA9114,,Vogels,PFA 9114 WHEELS HEAVY DUTY,3477.39,0,ZAR,1208953
PFA9115,,Vogels,PFA 9115 BACK COVERS 42-47 INCH BLACK,7825.22,0,ZAR,1208954
PFA9116,,Vogels,PFA 9116 BACK COVERS 50-55 INCH BLACK,9042.61,0,ZAR,1208955
PFA9117,,Vogels,PFA 9117 WALL MOUNT SUPPORT FOR PFWE 7150,5825.22,0,ZAR,1208956
PFA9118,,Vogels,PFA 9118 PC HOLDER FOR PFTE 7112,2607.83,0,ZAR,1208957
PFA9119,,Vogels,PFA 9119 ELECTRONIC SAFETY STRIP,4346.96,0,ZAR,1208958
PFA9120,,Vogels,PFA 9120 BACK COVERS 42-47 INCH PORTRAIT,8607.83,0,ZAR,1208959
PFA9121,,Vogels,PFA 9121 BACK COVERS 50-55 INCH PORTRAIT,9825.22,0,ZAR,1208960
PFA9122,,Vogels,PFA 9122 Z-BRACKET,1477.39,0,ZAR,1208961
PFA9123,,Vogels,PFA 9123 MOUNTING KIT PFB 34XX TO PUC 23XX,139.13,0,ZAR,1208962
PFA9124,,Vogels,PFA 9124 TROLLEY GRIP,520.87,0,ZAR,1208963
PFA9125,,Vogels,PFA 9125 DUAL DESK MOUNT ADAPTER,3651.3,0,ZAR,1208964
PFA9126,,Vogels,PFA 9126 PFB 34XX BRACKET KIT,416.52,0,ZAR,1208965
PFA9127,,Vogels,PFA 9127 ACCESSORY CLAMP,1477.39,0,ZAR,1208966
PFA9128,,Vogels,PFA 9128 CABLE CLIP PFB 34xx 20PCS/BOX,955.65,0,ZAR,1208967
PFA9129,,Vogels,PFA 9129 CONNECT-IT VIDEO WALL CROSS BAR 1150MM,5129.57,0,ZAR,1208968
PFA9130,,Vogels,PFA 9130 CONNECT-IT VIDEO WALL CROSS BAR 1500MM,5912.17,0,ZAR,1208969
PFA9131,,Vogels,PFA 9131 CONNECT-IT POLE COUPLER FOR PUC 29xx,1721.74,0,ZAR,1208970
PFA9132,,Vogels,PFA 9132 CONNECT-IT FLOOR / CEILING SUPPORT,3477.39,0,ZAR,1208971
PFA9133,,Vogels,PFA 9133 CONNECT-IT WALL SUPPORT SLIDING BRACKET,2686.96,0,ZAR,1208972
PFA9134,,Vogels,PFA 9134 WALL BRACKET MOTORIZED DISPLAY LIFT,1382.61,0,ZAR,1208973
PFA9136,,Vogels,PFA 9136 UNISEE MOUNTING ADAPTER 9  PCS,7129.57,0,ZAR,1208974
PFA9137,,Vogels,PFA 9137 UNISEE MOUNTING BOX,781.74,0,ZAR,1208975
PFA9138,,Vogels,PFA 9138 UNISEE SPACER STRAIGHT VIDEO WALL,1825.22,0,ZAR,1208976
PFA9139,,Vogels,PFA 9139 ANGLED ADAPTER FOR PFW 6875,6121.74,0,ZAR,1208977
PFA9140,,Vogels,PFA 9140 UNISEE SPACER CURVED VIDEO WALL 0-10 DEGREE,51303.48,0,ZAR,1208978
PFA9145,,Vogels,PFA 9145 COLUMN CLAMP CONNECT-IT,4520.87,0,ZAR,1208983
PFA9146,,Vogels,PFA 9146 INTERFACE EXTENDER 800x400,1704.35,0,ZAR,1208984
PFA9147,,Vogels,PFA 9147 COVER FOR PFI 3061/3062,1704.35,0,ZAR,1208985
PFA9150,,Vogels,PFA 9150 UNISEE PORTRAIT EVEN,40868.7,0,ZAR,1208986
PFA9151,,Vogels,PFA 9151 UNISEE SPACER PORTRAIT UNEVEN,40868.7,0,ZAR,1208987
PFA9031,,Vogels,PFA9031 Column Clamp,2947.83,0,ZAR,1208936
PFB3402B,,Vogels,PFB 3402 INTERFACE BAR 290MM BLACK,1104.35,0,ZAR,1208989
PFB3402,,Vogels,PFB 3402 INTERFACE BAR 290MM SILVER,1529.57,0,ZAR,1208988
PFB3405B,,Vogels,PFB 3405 INTERFACE BAR 515MM BLACK,1400,0,ZAR,1208990
PFB3407B,,Vogels,PFB 3407 INTERFACE BAR 715MM BLACK,1686.96,0,ZAR,1208992
PFB3409B,,Vogels,PFB 3409 INTERFACE BAR 915MM BLACK,1956.52,0,ZAR,1208994
PFB3411B,,Vogels,PFB 3411 INTERFACE BAR 1175MM BLACK,2373.91,0,ZAR,1208995
PFB3419B,,Vogels,PFB 3419 INTERFACE BAR 1915MM BLACK,5738.26,0,ZAR,1208997
PFB3427B,,Vogels,PFB 3427 INTERFACE BAR 2765MM BLACK,5165.22,0,ZAR,1208998
PFB3433B,,Vogels,PFB 3433 INTERFACE BAR 3315MM BLACK,8694.78,0,ZAR,1208999
PFC555,,Vogels,PFC 555 DISPLAY CEILING KIT,4695,0,ZAR,1209000
PFC585,,Vogels,PFC 585 DISPLAY CEILING KIT,5390,0,ZAR,1209001
PFD8522,,Vogels,PFD 8522 DESK MOUNT 2 PIVOTS,4607.83,0,ZAR,1209002
PFD8523,,Vogels,PFD 8523 DESK MOUNT 3 PIVOTS,4868.7,0,ZAR,1209003
PFD8541,,Vogels,PFD 8541 DESK MOUNT GAS SPRING LIGHT - MEDIUM,6955.65,0,ZAR,1209004
PFD8543,,Vogels,PFD 8543 DESK MOUNT GAS SPRING MEDIUM - HEAVY,6955.65,0,ZAR,1209005
PFF1550,,Vogels,PFF 1550 DISPLAY FLOOR STAND 150CM,15765.22,0,ZAR,1209006
PFF1570,,Vogels,PFF 1570 DISPLAY FLOOR STAND 170CM,16904.35,0,ZAR,1209007
PFF2420,,Vogels,PFF 2420 DISPLAY FLOOR STAND,26520.87,0,ZAR,1209008
PFF5100,,Vogels,PFF 5100 VIDEO CONFERENCING FURNITURE,83216.52,0,ZAR,1209009
PFF5211,,Vogels,PFF 5211 VIDEO CONFERENCING FURNITURE,86955.65,0,ZAR,1209010
PFF7020,,Vogels,PFF 7020 FLOOR PLATE LARGE Black,7825.22,0,ZAR,1209011
PFF7025,,Vogels,PFF 7025 FLOOR PLATE LARGE BLACK,5286.96,0,ZAR,1209012
PFF7030,,Vogels,PFF 7030 FLOOR PLATE EXTRA LARGE Black,10694.78,0,ZAR,1209013
PFF7040,,Vogels,PFF 7040 FLOOR PLATE BACK TO BACK LARGE Black,9564.35,0,ZAR,1209014
PFF7050,,Vogels,PFF 7050 FLOOR PLATE BACK TO BACK EXTRA LARGE Black,9156.52,0,ZAR,1209015
PFF7060,,Vogels,PFF 7060 FLOOR MOUNTING PLATE Black,2173.04,0,ZAR,1209016
PFF7805,,Vogels,PFF 7805 VIDEO WALL FLOOR STAND 2X2 FOR 46-55 INCH,111486.96,0,ZAR,1209017
PFF7810,,Vogels,PFF 7810 VIDEO WALL FLOOR STAND 3X3 FOR 46 INCH,156626.09,0,ZAR,1209018
PFF7920,,Vogels,PFF 7920 CONNECT-IT VIDEO WALL FLOOR STAND BASE,8694.78,0,ZAR,1209019
PFF7960,,Vogels,PFF 7960 CONNECT-IT FLOOR MOUNTING PLATE,4617.39,0,ZAR,1209020
PFF7965,,Vogels,PFF 7965 FLOOR PLATE ADJUSTABLE,9564.35,0,ZAR,1209021
PFFE7105,,Vogels,PFFE 7105 MOTORIZED DISPLAY LIFT 50CM,11678.26,0,ZAR,1209022
PFFE7106,,Vogels,PFFE 7106 MOTORIZED DISPLAY LIFT 60CM,12373.91,0,ZAR,1209023
PFFE7109,,Vogels,PFFE 7109 MOTORIZED DISPLAY LIFT 99CM,18843.48,0,ZAR,1209024
PFFE7131,,Vogels,PFFE 7131 MOTORIZED DISPLAY LIFT,23365.22,0,ZAR,1209025
PFI3015,,Vogels,PFI 3015 INTERFACE 50X50 75X75 100X100,1216.52,0,ZAR,1209027
PFI3035,,Vogels,PFI 3035 (TO BE REPLACED WITH PFI 3045),1643.48,0,ZAR,1209028
PFI3045,,Vogels,PFI 3045 INTERFACE 200X100 200X200,1564.35,0,ZAR,1209029
PFI3061,,Vogels,PFI 3061 INTERFACE BOX FOR PFFE 7105 / 7106,7295.65,0,ZAR,1209030
PFI3062,,Vogels,PFI 3062  INTERFACE BOX FOR for PFFE 7109,7295.65,0,ZAR,1209031
PFS3204,,Vogels,PFS 3204 INTERFACE DISPLAY STRIP 160 KG,2173.04,0,ZAR,1209045
PFS3208,,Vogels,PFS 3208 INTERFACE DISPLAY STRIP 160 KG,2868.7,0,ZAR,1209046
PFS3302,,Vogels,PFS 3302 INTERFACE DISPLAY STRIPS 300MM,1738.26,0,ZAR,1209047
PFS3304,,Vogels,PFS 3304 INTERFACE DISPLAY STRIPS 450MM,1912.17,0,ZAR,1209048
PFS3306,,Vogels,PFS 3306 INTERFACE DISPLAY STRIPS 630MM,2173.04,0,ZAR,1209049
PFS3308,,Vogels,PFS 3308 INTERFACE DISPLAY STRIPS 830MM,2433.91,0,ZAR,1209050
PFS3311,,Vogels,PFS 3311 INTERFACE DISPLAY STRIP 1130MM,3042.61,0,ZAR,1209051
PFS3504,,Vogels,PFS 3504 INTERFACE 3-D ADJUSTABLE DISPLAY STRIP,3477.39,0,ZAR,1209052
PFS3508,,Vogels,PFS 3508 INTERFACE 3-D ADJUSTABLE DISPLAY STRIP,4955.65,0,ZAR,1209053
PFT2515,,Vogels,PFT 2515 DISPLAY TROLLEY 59-64CM,21564.35,0,ZAR,1209054
PFT2520,,Vogels,PFT 2520 DISPLAY TROLLEY 113-177CM,26433.91,0,ZAR,1209055
PFT8520,,Vogels,PFT 8520 TROLLEY FRAME LARGE Black,8346.96,0,ZAR,1209056
PFT8525,,Vogels,PFT 8525 TROLLEY FRAME LARGE BLACK,5486.96,0,ZAR,1209057
PFT8530,,Vogels,PFT 8530 TROLLEY FRAME EXTRA LARGE Black,10955.65,0,ZAR,1209058
PFT8810,,Vogels,PFT 8810 VIDEO WALL TROLLEY 3X3,93043.48,0,ZAR,1209059
PFT8920,,Vogels,PFT 8920 CONNECT-IT VIDEO WALL TROLLEY BASE,9477.39,0,ZAR,1209060
PFTE7111,,Vogels,PFTE 7111 MOTORIZED DISPLAY TROLLEY WITH CABINET,73042.61,0,ZAR,1209061
PFTE7112,,Vogels,PFTE 7112 MOTORIZED DISPLAY TROLLEY,54781.74,0,ZAR,1209062
PFTE7121,,Vogels,PFTE 7121 TOUCH TABLE MOTORIZED CABINET,113042.61,0,ZAR,1209063
PFW1030,,Vogels,PFW 1030 DISPLAY WALL MOUNT TURN &TILT,1912.17,0,ZAR,1209064
PFW1040,,Vogels,PFW 1040 DISPLAY WALL MOUNT TURN &TILT,2346.96,0,ZAR,1209065
PFW2020,,Vogels,PFW 2020 DISPLAY WALL MOUNT TURN AND TILT,1564.35,0,ZAR,1209066
PFW2030,,Vogels,PFW 2030 DISPLAY WALL MOUNT TURN AND TILT,2086.09,0,ZAR,1209067
PFW2040,,Vogels,PFW 2040 DISPLAY WALL MOUNT TURN AND TILT,2781.74,0,ZAR,1209068
PFW3030,,Vogels,PFW 3030 DISPLAY WALL MOUNT TURN AND TILT,2955.65,0,ZAR,1209069
PFW3040,,Vogels,PFW 3040 DISPLAY WALL MOUNT TURN AND TILT,4520.87,0,ZAR,1209070
PFW4200,,Vogels,PFW 4200 WALL MOUNT,860.86,0,ZAR,1209072
PFW4210,,Vogels,PFW 4210 WALL MOUNT TILT,694.78,0,ZAR,1209073
PFW4500,,Vogels,PFW 4500 DISPLAY WALL MOUNT FLAT,1216.52,0,ZAR,1209074
PFW4510,,Vogels,PFW 4510 DISPLAY WALL MOUNT TILT,1738.26,0,ZAR,1209075
PFW4700,,Vogels,PFW 4700 DISPLAY WALL MOUNT FLAT,2086.09,0,ZAR,1209077
PFW4710,,Vogels,PFW 4710 DISPLAY WALL MOUNT TILT,2346.96,0,ZAR,1209078
PFW5808,,Vogels,PFW 5808 INTERFACE WALL PLATE XL 800MM,2373.91,0,ZAR,1209079
PFW5810,,Vogels,PFW 5810 INTERFACE WALL PLATE XL 1050 MM,2834.78,0,ZAR,1209080
PFW5814,,Vogels,PFW 5814 INTERFACE WALL PLATE XL 1450MM,3147.83,0,ZAR,1209081
PFW5870,,Vogels,PFW 5870 VIDEO WALL MODULE FIXED,8520.87,0,ZAR,1209082
PFW5908,,Vogels,PFW 5908 INTERFACE DISPLAY STRIP SET XL 800MM,3904.35,0,ZAR,1209083
PFW5909,,Vogels,PFW 5909 INTERFACE DISPLAY STRIP SET XL 1050MM,4460.87,0,ZAR,1209084
PFW5914,,Vogels,PFW 5914 INTERFACE DISPLAY STRIP SET XL 1450MM,5686.96,0,ZAR,1209085
PFW6400,,Vogels,PFW 6400 DISPLAY WALL MOUNT FIXED,2433.91,0,ZAR,1209086
PFW6410,,Vogels,PFW 6410 DISPLAY WALL MOUNT TILT,3216.52,0,ZAR,1209087
PFW6800,,Vogels,PFW 6800 DISPLAY WALL MOUNT FIXED,2868.7,0,ZAR,1209088
PFW6810,,Vogels,PFW 6810 DISPLAY WALL MOUNT TILT,3651.3,0,ZAR,1209089
PFW6815,,Vogels,PFW 6815 DISPLAY WALL MOUNT PORTRAIT FIXED,3216.52,0,ZAR,1209090
PFW6850,,Vogels,PFW 6850 DISPLAY WALL MOUNT ULTRA FLAT TURN & TILT 45KG,14346.96,0,ZAR,1209091
PFW6851,,Vogels,PFW 6851 DISPLAY WALL MOUNT TURN & TILT 80KG,9564.35,0,ZAR,1209092
PFW6852,,Vogels,PFW 6852 DISPLAY WALL MOUNT TURN & TILT 136KG,16520.87,0,ZAR,1209093
PFW6854,,Vogels,PFW 6854 DISPLAY WALL MOUNT ROTATING,6139.13,0,ZAR,1209094
PFW6855,,Vogels,PFW 6855 DISPLAY WALL MOUNT TURN & TILT 227KG,30955.65,0,ZAR,1209095
PFW6858,,Vogels,PFW 6858 DISPLAY WALL MOUNT ROTATE 90°,9390.43,0,ZAR,1209096
PFW6870,,Vogels,PFW 6870 VIDEO WALL POP-OUT MODULE,11999.13,0,ZAR,1209097
PFW6875,,Vogels,PFW 6875 VIDEO WALL POP OUT MODULE PORTRAIT,13738.26,0,ZAR,1209098
PFW6880,,Vogels,PFW 6880 VIDEO WALL POP-OUT MODULE SLIM,13042.61,0,ZAR,1209099
PFW6885,,Vogels,PFW 6885 VIDEO WALL POP-OUT MODULE PORTRAIT SLIM,14346.96,0,ZAR,1209100
PFW6910,,Vogels,PFW 6910 DISPLAY WALL MOUNT TILT XXL,8173.04,0,ZAR,1209101
PFW950,,Vogels,PFW 950 RIGHT-ANGLED DISPLAY WALL MOUNT,6513.04,0,ZAR,1209103
PFW952,,Vogels,PFW 952 RIGHT-ANGLED DISPLAY WALL MOUNT FOR 2 DISPLAYS BACK-TO-BACK,7121.74,0,ZAR,1209104
PFW3240,,Vogels,PFW3240 LCD Wall Support,1947.83,0,ZAR,1209071
PFWE7150,,Vogels,PFWE 7150 MOTORIZED DISPLAY WALL MOUNT,44346.96,0,ZAR,1209105
PHA500,,Physix,PHA 500 Cable sleeve,200,0,ZAR,1209106
PHA600,,Physix,PHA 600 Cable Cover,391.3,0,ZAR,1209107
PHA700,,Physix,PHA 700 AV Support,756.52,0,ZAR,1209108
PHAN E-60,,Dali,PHANTOM E-60 ROUND IN-CEILING SPEAKER,5208.7,0,ZAR,1209109
E-60 S,,Dali,PHANTOM E-60 S,4346.96,0,ZAR,1208319
PHAN E-80,,Dali,PHANTOM E-80 ROUND IN-CEILING SPEAKER,7295.65,0,ZAR,1209110
PHAN H-60,,Dali,PHANTOM H-60 SQUARE IN-CEILING SPEAKER,10426.09,0,ZAR,1209111
PHAN S-80,,Dali,PHANTOM S-80 IN-WALL SPEAKER,26947.83,0,ZAR,1209112
PHW100L,,Physix,PHW 100 L Fixed TV Wall Mount,1469.57,0,ZAR,1209113
PHW100M,,Physix,PHW 100 M Fixed TV Wall Mount,756.52,0,ZAR,1209114
PHW100S,,Physix,PHW 100 S Fixed TV Wall Mount,426.09,0,ZAR,1209115
PHW200L,,Physix,PHW 200 L Tilting TV Wall Mount,1730.43,0,ZAR,1209116
PHW200M,,Physix,PHW 200 M Tilting TV Wall Mount,1260.87,0,ZAR,1209117
PHW200S,,Physix,PHW 200 S Tilting TV Wall Mount,756.52,0,ZAR,1209118
PHW300L,,Physix,PHW 300 L Full-Motion TV Wall Mount,3208.7,0,ZAR,1209120
PHW300M,,Physix,PHW 300 M Full-Motion TV Wall Mount,2513.04,0,ZAR,1209121
PHW300S,,Physix,PHW 300 S Full-Motion TV Wall Mount,1469.57,0,ZAR,1209122
PHW400L,,Physix,PHW 400 L  Full-Motion TV Wall Mount,4339.13,0,ZAR,1209123
PHW400M,,Physix,PHW 400 M Full-Motion TV Wall Mount,3469.57,0,ZAR,1209124
PHW400S,,Physix,PHW 400 S Full-Motion TV Wall Mount,2252.17,0,ZAR,1209125
PHW200XL,,Physix,Physix Wall Mount Tilt Extra Large,1295.65,0,ZAR,1209119
SX10AEBMMP,,Pioneer,Pioneer 2X100W  Stereo Receiver with Bluetooth Connectivity,8694.78,0,ZAR,1209588
A40AESMGP,,Pioneer,Pioneer A-40AE Integrated Amplifier with Wolfson DAC,13912.17,0,ZAR,1207948
A10AEBMGP,,Pioneer,Pioneer A10A10AE Integrated Amplifier 2x50 watts Direct Energy Design Phono MM Black,8694.78,0,ZAR,1207940
A10AESMGP,,Pioneer,Pioneer A10A10AE Integrated Amplifier 2x50 watts Direct Energy Design Phono MM Silver,8694.78,0,ZAR,1207941
HTP076BMMP,,Pioneer,Pioneer HTP076 5.1-Channel Home Cinema Package,11303.48,0,ZAR,1208551
PD10AEM2BMMP,,Pioneer,Pioneer PD10AE Pure Audio CD/SACD Player,7390.43,0,ZAR,1208920
PD30AEBMMP,,Pioneer,Pioneer PD30AE Pure Audio CD Player,8260,0,ZAR,1208921
SXN30AEBMPP,,Pioneer,Pioneer SXN30AE Network Stereo Receiver,14781.74,0,ZAR,1209589
VSX534BMMP,,Pioneer,Pioneer VSX-534 5X150W 4K AV Receiver,11303.48,0,ZAR,1209665
VSX534DBMMP,,Pioneer,Pioneer VSX-534D 5X150W 4K AV Receiver DAB,13042.61,0,ZAR,1209666
VSX934BMMP,,Pioneer,Pioneer VSX-934 - 7X160W 4K Network Av Receiver,14781.74,0,ZAR,1209667
VSX935BMMP,,Pioneer,Pioneer VSX-935 7X165W 8K Network AV Receiver,18260,0,ZAR,1209668
VSX935SMMP,,Pioneer,Pioneer VSX-935 7X165W 8K Network AV Receiver (Silver),19999.13,0,ZAR,1209669
VSXLX305BMMP,,Pioneer,Pioneer VSX-LX305 Elite 9X225W 8k Network AV Receiver with Dirac Live,37390.43,0,ZAR,1209670
VSXLX305SMMP,,Pioneer,Pioneer VSX-LX305 Elite 9X225W 8k Network AV Receiver with Dirac Live,37390.43,0,ZAR,1209671
VSXLX505BMMP,,Pioneer,Pioneer VSX-LX505 Elite 9X230W 8k Network AV Receiver with Dirac Live,42607.83,0,ZAR,1209672
VSXLX505SMMP,,Pioneer,Pioneer VSX-LX505 Elite 9X230W 8k Network AV Receiver with Dirac Live,42607.83,0,ZAR,1209673
PLA1001,,Vogels,PLA 1001 ACTUATOR BASE SET,26243.48,0,ZAR,1209135
PLA1002,,Vogels,PLA 1002 ACTUATOR EXTENSION SET,13104.35,0,ZAR,1209136
PLA8105,,Vogels,PLA 8105 LED MOUNTING BOLTS M5 4 PCS,929.57,0,ZAR,1209137
PLA8106,,Vogels,PLA 8106 LED MOUNTING BOLTS M6 4 PCS,929.57,0,ZAR,1209138
PLA8108,,Vogels,PLA 8108 LED MOUNTING BOLTS M8 4 PCS,782.61,0,ZAR,1209139
PLA8110,,Vogels,PLA 8110 LED MOUNTING BOLTS M10 4 PCS,782.61,0,ZAR,1209140
PLA8201,,Vogels,PLA 8201 LED INTERFACE T/B,1052.17,0,ZAR,1209141
PLA8202,,Vogels,PLA 8202 LED INTERFACE T/B,1052.17,0,ZAR,1209142
PLA8203,,Vogels,PLA 8203 LED INTERFACE T/B,1052.17,0,ZAR,1209143
PLA8204,,Vogels,PLA 8204 LED INTERFACE T/B,1052.17,0,ZAR,1209144
PLA8205,,Vogels,PLA 8205 LED INTERFACE T/B,1052.17,0,ZAR,1209145
PLA8206,,Vogels,PLA 8206 LED INTERFACE T/B,1052.17,0,ZAR,1209146
PLA8207,,Vogels,PLA 8207 LED INTERFACE T/B,1052.17,0,ZAR,1209147
PLA8208,,Vogels,PLA 8208 LED INTERFACE T/B,1052.17,0,ZAR,1209148
PLA8209,,Vogels,PLA 8209 LED INTERFACE T/B,1052.17,0,ZAR,1209149
PLA8210,,Vogels,PLA 8210 LED INTERFACE T/B,1052.17,0,ZAR,1209150
PLA8211,,Vogels,PLA 8211 LED INTERFACE T/B,1052.17,0,ZAR,1209151
PLA8301,,Vogels,PLA 8301 LED INTERFACE MIDDLE,1052.17,0,ZAR,1209152
PLA8302,,Vogels,PLA 8302 LED INTERFACE MIDDLE,1052.17,0,ZAR,1209153
PLA8303,,Vogels,PLA 8303 LED INTERFACE MIDDLE,1052.17,0,ZAR,1209154
PLA8304,,Vogels,PLA 8304 LED INTERFACE MIDDLE,1052.17,0,ZAR,1209155
PLA8305,,Vogels,PLA 8305 LED INTERFACE MIDDLE,1052.17,0,ZAR,1209156
PLA8306,,Vogels,PLA 8306 LED INTERFACE MIDDLE,1243.48,0,ZAR,1209157
PLA8307,,Vogels,PLA 8307 LED INTERFACE MIDDLE,1243.48,0,ZAR,1209158
PLA8308,,Vogels,PLA 8308 LED INTERFACE MIDDLE,1052.17,0,ZAR,1209159
PLA8309,,Vogels,PLA 8309 LED INTERFACE MIDDLE,1052.17,0,ZAR,1209160
PLA8310,,Vogels,PLA 8310 LED INTERFACE MIDDLE,1052.17,0,ZAR,1209161
PLA8311,,Vogels,PLA 8311 LED INTERFACE MIDDLE,1052.17,0,ZAR,1209162
PLA8705,,Vogels,PLA 8705 LED MOUNTING BOLTS M5 EXTENDED 4PCS,1347.83,0,ZAR,1209163
PLA8706,,Vogels,PLA 8706 LED MOUNTING BOLTS M6 EXTENDED 4PCS,1347.83,0,ZAR,1209164
PLA8708,,Vogels,PLA 8708 LED MOUNTING BOLTS M8 EXTENDED 4PCS,1347.83,0,ZAR,1209165
PLA8710,,Vogels,PLA 8710 LED MOUNTING BOLTS M5 EXTENDED 4PCS,1347.83,0,ZAR,1209166
PLA8901,,Vogels,PLA 8901 LED BRACKET KIT PLA 83XX,1139.13,0,ZAR,1209167
12BSPKP10,,Planetwaves,PLANETWAVES 12AWG Speaker Connector,1361.74,0,ZAR,1207546
14BSPKP10,,Planetwaves,PLANETWAVES 14AWG Speaker Connector,1361.74,0,ZAR,1207547
16BSPKP10,,Planetwaves,PLANETWAVES 16AWG Speaker Connector,1361.74,0,ZAR,1207548
BCBNCP10,,Planetwaves,PLANETWAVES BNC Connectors-Male,1634.78,0,ZAR,1207989
CITK01,,Planetwaves,PLANETWAVES Cutter/Screwdriver Tool Kit,837.39,0,ZAR,1208082
BCFP10,,Planetwaves,PLANETWAVES F Connectors-Male,1005.22,0,ZAR,1207990
CXSCHD250,,Planetwaves,PLANETWAVES HD Coax-Black,5421.74,0,ZAR,1208123
CXSCHD250B,,Planetwaves,PLANETWAVES HD Coax-Blue,5421.74,0,ZAR,1208124
CXSCHD250G,,Planetwaves,PLANETWAVES HD Coax-Green,5421.74,0,ZAR,1208125
CXSCHD250R,,Planetwaves,PLANETWAVES HD Coax-Red,5421.74,0,ZAR,1208126
CXSCHD250W,,Planetwaves,PLANETWAVES HD Coax-White,5421.74,0,ZAR,1208127
CXDCHD250,,Planetwaves,PLANETWAVES HD Dual Coax-bLACK,10988.7,0,ZAR,1208122
PSDNE,,Planetwaves,PLANETWAVES HDMI Port Saver Right Angle Down,258.26,0,ZAR,1209201
PSLTE,,Planetwaves,PLANETWAVES HDMI Port Saver Right Angle Left,260,0,ZAR,1209202
PSUPE,,Planetwaves,PLANETWAVES HDMI Port Saver Right Angle Up,260,0,ZAR,1209206
PW-OPT-05,,Planetwaves,PLANETWAVES Optical Cable-5',324.35,0,ZAR,1209284
CXSCP500,,Planetwaves,PLANETWAVES Pre-Wire Coax-Single-Black,3254.78,0,ZAR,1208128
BCRCAFP10,,Planetwaves,PLANETWAVES RCA Connectors-Female,1047.83,0,ZAR,1207991
BCRCAP10,,Planetwaves,PLANETWAVES RCA Connectors-Male,1079.13,0,ZAR,1207992
BCRCAP50,,Planetwaves,PLANETWAVES RCA Connectors-Male,4945.22,0,ZAR,1207993
RCAP50,,Planetwaves,PLANETWAVES RCA Connectors-Male,3405.22,0,ZAR,1209290
STRCAP10,,Planetwaves,PLANETWAVES RCA Connectors-Male,654.78,0,ZAR,1209564
STRCAP50,,Planetwaves,PLANETWAVES ST Series Gold Plated RCA 50 Pack,6664.35,0,ZAR,1209565
CBLT01,,Planetwaves,PLANETWAVES Universal Remote Tester,665.22,0,ZAR,1208078
PFIXPLANO-00066,,Adeo Screens,PLANO - 113 - Vision Acoustik 16:9,26752.17,0,ZAR,1209035
PFIXPLANO-00544,,Adeo Screens,PLANO- 128 - Amb Grey 16:9,25473.91,0,ZAR,1209039
PFIXPLANO-00602,,Adeo Screens,PLANO- 128 Amb Grey 2.35,25473.91,0,ZAR,1209041
PFIXPLANO-00543,,Adeo Screens,PLANO- 128 Vision Acoustik 16:9,38713.04,0,ZAR,1209038
PFIXPLANO-00231,,Adeo Screens,PLANO- 128 Vision Acoustik 2.35,25473.91,0,ZAR,1209037
PFIXPLANO-00550,,Adeo Screens,PLANO- 99 - Amb Grey 16:9,14882.61,0,ZAR,1209040
PFIXPLANO-0003,,Adeo Screens,PLANO- 99 Ref Grey 16:9,14882.61,0,ZAR,1209033
PFIXPLANO-00022,,Adeo Screens,PLANO-113-Ref White 16:9,23304.35,0,ZAR,1209032
PFFIXPLANO-00545,,Adeo Screens,PLANO-135-VISION ACOUSTIC 16:9,38713.04,0,ZAR,1209026
PFIXPLANO-00063,,Adeo Screens,PLANO-99-Ref White 16:9,14884.35,0,ZAR,1209034
PLAY1EU1,,Sonos,PLAY:1 WHITE,3477.39,0,ZAR,1209168
PL5G2EU1BLK,,Sonos,PLAY:5 (gen2) EU (Black),9556.52,0,ZAR,1209134
PL5G2EU1,,Sonos,PLAY:5 (gen2) EU (White),9564.35,0,ZAR,1209133
PBAR1EU1BLK,,Sonos,PLAYBAR EU (Black),12173.04,0,ZAR,1208914
PBRWMWW1,,Sonos,PLAYBAR WALLMOUNT,520.87,0,ZAR,1208917
PBASEEU1BLK,,Sonos,PLAYBASE BLACK,12173.04,0,ZAR,1208916
PBASEEU1,,Sonos,PLAYBASE WHITE,12173.04,0,ZAR,1208915
CLI-PLEN1C-00,,SAVANT,PLENUM REMOTE SENSOR COMMERCIAL,3327.83,0,ZAR,1208088
CLI-PLEN1R-00,,SAVANT,PLENUM REMOTE SENSOR RESIDENTIAL,3327.83,0,ZAR,1208089
PLM8030,,Vogels,PLM8030 Vertical Profile 3m,5390.43,0,ZAR,1209169
PLS8001,,Vogels,PLS 8001 LED VERTICAL PROFILE MOUNTING STRIP,2433.91,0,ZAR,1209170
PLW1001,,Vogels,PLW 1001 1X2 LED VIDEO WALL MOUNT,1610260.87,0,ZAR,1209171
PLW1002,,Vogels,PLW 1002 2X2 LED VIDEO WALL MOUNT,2283739.13,0,ZAR,1209172
PLW1003,,Vogels,PLW 1003 1X3 LED VIDEO WALL MOUNT,172765.22,0,ZAR,1209173
PLW1004,,Vogels,PLW 1004 2X3 LED VIDEO WALL MOUNT,238565.22,0,ZAR,1209174
PMA7901,,Vogels,PMA 7901 MEDICALL WALL BOX,2478.26,0,ZAR,1209175
PMW7014,,Vogels,PMW 7014 MEDICAL WALL MOUNT 1-4KG,19139.13,0,ZAR,1209176
PMW7038,,Vogels,PMW 7038 MEDICAL WALL MOUNT 3-8KG,19139.13,0,ZAR,1209177
SHA-CB34-10,,SAVANT,POCKET BRACKET KIT,1353.04,0,ZAR,1209455
SHA-CB5-10,,SAVANT,POCKET SHADE COUPLER,1798.26,0,ZAR,1209456
P-LCRDM-MK2,,SAVANT,PORTRAIT LCR-DM MK2,36842.61,0,ZAR,1208887
HST-DIRECTOR-00,,SAVANT,POWER SYSTEM DIRECTOR,28262.61,0,ZAR,1208544
SEM-2015-00,,SAVANT,POWER SYSTEM MONITOR,14837.39,0,ZAR,1209399
PPA310,,Vogels,PPA 310 PROJECTOR ANTI THEFT HOUSING SMALL - MEDIUM,11042.61,0,ZAR,1209180
PPA320,,Vogels,PPA 320 PROJECTOR ANTI THEFT HOUSING LARGE,12607.83,0,ZAR,1209181
PPA901,,Vogels,PPA 901 CEILING TILE HOLDER,4781.74,0,ZAR,1209182
PPA902,,Vogels,PPA 902 RF REMOTE CONTROL KIT,5999.13,0,ZAR,1209183
PPA903,,Vogels,PPA 903 CONTROL PAD FOR RD REMOTE CONTROL KIT,2607.83,0,ZAR,1209184
PPA904,,Vogels,PPA 904 LOW VOLTAGE CONTACT,4086.09,0,ZAR,1209185
PPA905,,Vogels,PPA 905 INTERFACE SWITCH 12V,4086.09,0,ZAR,1209186
PPA906,,Vogels,PPA 906 SMARTBOX RF FOR PPL 2500,23617.39,0,ZAR,1209187
PPC1500,,Vogels,PPC 1500 PROJECTOR CEILING MOUNT,2520.87,0,ZAR,1209188
PPC1540,,Vogels,PPC 1540 PROJECTOR CEILING MOUNT LENGTH 40-55CM,3738.26,0,ZAR,1209189
PPC1555,,Vogels,PPC 1555 PROJECTOR CEILING MOUNT LENGTH 55-85CM,4260,0,ZAR,1209190
PPC1585,,Vogels,PPC 1585 PROJECTOR CEILING MOUNT LENGTH 85-135CM,5216.52,0,ZAR,1209191
PPC2500,,Vogels,PPC 2500 PROJECTOR CEILLING MOUNT,3738.26,0,ZAR,1209192
PPC2540,,Vogels,PPC 2540 PROJECTOR CEILING MOUNT LENGTH 40-55CM,6346.96,0,ZAR,1209193
PPC2555,,Vogels,PPC 2555 PROJECTOR CEILING MOUNT LENGTH 55-85CM,6694.78,0,ZAR,1209194
PPC2585,,Vogels,PPC 2585 PROJECTOR CEILING MOUNT LENGTH 85-135CM,7651.3,0,ZAR,1209195
PPL2035,,Vogels,PPL 2035 PROJECTOR LIFT SYSTEM,31303.48,0,ZAR,1209196
PPL2100,,Vogels,PPL 2100 PROJECTOR LIFT SYSTEM,36173.04,0,ZAR,1209197
PPL2170,,Vogels,PPL 2170 PROJECTOR LIFT SYSTEM,42346.96,0,ZAR,1209198
PPL2500,,Vogels,PPL 2500 PROJECTOR LIFT SYSTEM,180868.7,0,ZAR,1209199
PFIXPREST-00396,,Adeo Screens,PRESTIGE - 113 AmbGrey 16:9,30860.87,0,ZAR,1209043
PFIXPREST-00331,,Adeo Screens,PRESTIGE-128 Helios White 16:9,38986.96,0,ZAR,1209042
PFIXPRESTIGE-00359,,Adeo Screens,PRESTIGE-158-Ambient Grey 16:9,39930.43,0,ZAR,1209044
SAV-PROHOST,,SAVANT,"PRO HOST, PLUS RUNTIME",131860.8696,0,ZAR,1209380
PFW4601,,Vogels,Pro wall mount FLAT 55-65 75KG,3869.57,0,ZAR,1209076
PS-S83T-WH,,Sonance,PS-S83T WHITE PRO SURFACE MOUNT (Pair),21737.39,0,ZAR,1209200
40145,,Sonance,PS-S83T WHITE PRO SURFACE MOUNT (Pair),23565.22,0,ZAR,1207564
40146,,Sonance,PS-S83T WHITE PRO SURFACE MOUNT (Single),14760,0,ZAR,1207565
PSP17006,,Vogels,PSP 17006 CISCO ADAPTER,1477.39,0,ZAR,1209203
PSP18001L,,Vogels,PSP 18001L Shelf Mount,2043.48,0,ZAR,1209204
PSP18001S,,Vogels,PSP 18001S Shelf Mount,1965.22,0,ZAR,1209205
PTA3002,,Vogels,PTA 3002 (TO BE REPLACED BY PTA 3102),1947.83,0,ZAR,1209208
PTA3101,,Vogels,PTA 3101 TABLOCK FLOOR STAND BLACK,5477.39,0,ZAR,1209209
PTA3102,,Vogels,PTA 3102 TABLOCK TABLE STAND,3303.48,0,ZAR,1209210
PTA3103,,Vogels,PTA 3103 TABLOCK WALL / TABLE MOUNT,1390.43,0,ZAR,1209211
PTA3105,,Vogels,PTA 3105 TABLOCK TABLE STAND WITH FOOT PLATE,3825.22,0,ZAR,1209212
PTS1205,,Vogels,PTS 1205 IPAD 2 3 4 HOME BUTTON ACCESSIBLE (L&K),2695.65,0,ZAR,1209214
PTS1206,,Vogels,PTS 1206 IPAD 2 3 4 HOME BUTTON HIDDEN (L&K),2695.65,0,ZAR,1209215
PTS1211,,Vogels,PTS 1211 TABLOCK SAMSUNG GALAXY TAB 3 AND 4 10.1 HOME BUTTON ACCESSIBLE (L&K),2695.65,0,ZAR,1209216
PTS1212,,Vogels,PTS 1212 TABLOCK SAMSUNG GALAXY TAB 3 AND 4 10.1 HOME BUTTON HIDDEN (L&K),2695.65,0,ZAR,1209217
PTS1213,,Vogels,PTS 1213 IPAD AIR 1 & 2 IPAD PRO 9.7 IPAD HOME BUTTON ACCESSIBLE (L&K),3825.22,0,ZAR,1209218
PTS1214,,Vogels,PTS 1214 IPAD AIR 1 & 2 IPAD PRO 9.7 IPAD HOME BUTTON HIDDEN (L&K),3825.22,0,ZAR,1209219
PTS1217,,Vogels,PTS 1217 TABLOCK SAMSUNG GALAXY TAB S 10.5 HOME BUTTON ACCESSIBLE (L&K),2695.65,0,ZAR,1209220
PTS1218,,Vogels,PTS 1218 TABLOCK SAMSUNG GALAXY TAB S 10.5 HOME BUTTON HIDDEN (L&K),2695.65,0,ZAR,1209221
PTS1219,,Vogels,PTS 1219 TABLOCK FOR SAMSUNG GALAXY TAB S2 & S3 HOME BUTTON ACCESSIBLE (L&K),2695.65,0,ZAR,1209222
PTS1220,,Vogels,PTS 1220 TABLOCK FOR SAMSUNG GALAXY TAB S2 & S3 HOME BUTTON HIDDEN (L&K),2695.65,0,ZAR,1209223
PTS1223,,Vogels,PTS 1223 TABLOCK FOR IPAD PRO HOME BUTTON ACCESSIBLE(L&K),3269.57,0,ZAR,1209224
PTS1224,,Vogels,PTS 1224 TABLOCK FOR IPAD PRO HOME BUTTON HIDDEN (L&K),3269.57,0,ZAR,1209225
PTS1225,,Vogels,PTS 1225 TABLOCK FOR IPAD MINI 4 HOME BUTTON ACCESSIBLE (L&K),2582.61,0,ZAR,1209226
PTS1226,,Vogels,PTS 1226 TABLOCK FOR IPAD MINI 4 HOME BUTTON HIDDEN (L&K),2582.61,0,ZAR,1209227
PTS1227,,Vogels,PTS 1227 TABLOCK IPAD PRO 10.5 HBA,3825.22,0,ZAR,1209228
PTS1228,,Vogels,PTS 1228 TABLOCK IPAD PRO 10.5 HBH,3825.22,0,ZAR,1209229
PTS1229,,Vogels,PTS 1229 TABLOCK FOR TAB A 10.1 HBA,3825.22,0,ZAR,1209230
PTS1230,,Vogels,PTS 1230 TABLOCK FOR TAB A 10.1 HBH,3825.22,0,ZAR,1209231
PTS1231,,Vogels,PTS 1231 TABLOCK FOR TAB A 10.5,2695.65,0,ZAR,1209232
PTS1232,,Vogels,PTS 1232 TABLOCK FOR TAB S4,2695.65,0,ZAR,1209233
PTS1233,,Vogels,PTS 1233 TABLOCK FOR IPAD PRO 11,2695.65,0,ZAR,1209234
PTS1234,,Vogels,PTS 1234 TABLOCK FOR IPAD PRO 12.9,3269.57,0,ZAR,1209235
PTS1235,,Vogels,PTS 1235 SAMSUNG GALAXY TAB S5E,3825.22,0,ZAR,1209236
PTS2010,,Vogels,PTS 2010 UNIVERSAL TABLOCK,3129.57,0,ZAR,1209237
PUA9501,,Vogels,PUA 9501 CONNECT-IT SMALL POLE COUPLER,1060.87,0,ZAR,1209238
PUA9502,,Vogels,PUA 9502 CONNECT-IT SMALL STABILISATION KIT,3999.13,0,ZAR,1209239
PUA9503,,Vogels,PUA 9503 CONNECT-IT LARGE POLE COUPLER,520.87,0,ZAR,1209240
PUA9504,,Vogels,PUA 9504 CONNECT-IT LARGE STABILISATION KIT,4346.96,0,ZAR,1209241
PUA9505,,Vogels,PUA 9505 CONNECT-IT GIRDER H-BEAM MOUNT 70-180MM,2200,0,ZAR,1209242
PUA9506,,Vogels,PUA 9506 CONNECT-IT GIRDER H-BEAM MOUNT 150-300MM,2417.39,0,ZAR,1209243
PUA9507,,Vogels,PUA 9507 ACCESSORY TRAY FOR PUC 25XX SERIES,3477.39,0,ZAR,1209244
PUA9507B,,Vogels,PUA 9507 ACCESSORY TRAY FOR PUC25XX AND PUC27XX BLACK,2486.96,0,ZAR,1209245
PAS-1000-00,,SAVANT,PUBLIC ANNOUNCEMENT SYSTEM,12064.35,0,ZAR,1208889
PUC1011,,Vogels,PUC 1011 CONNECT-IT SMALL CEILING PLATE FIXED,825,0,ZAR,1209246
PUC1030,,Vogels,PUC 1030 CONNECT-IT SMALL CEILING PLATE TILT,1165.22,0,ZAR,1209247
PUC1035,,Vogels,PUC 1035 CONNECT-IT BASIC CEILING PLATE TILT,843.48,0,ZAR,1209248
PUC1040,,Vogels,PUC 1040 CONNECT-IT SMALL CEILING PLATE BALL JOINT,1513.04,0,ZAR,1209249
PUC1050,,Vogels,PUC 1050 CONNECT-IT SMALL TRUSS ADAPTER,1365.22,0,ZAR,1209251
PUC1060,,Vogels,PUC 1060 CONNECT-IT LARGE CEILING PLATE FIXED,1217,0,ZAR,1209252
PUC1065,,Vogels,PUC 1065 CONNECT-IT LARGE CEILING PLATE TURN,1738,0,ZAR,1209253
PUC1070,,Vogels,PUC 1070 CONNECT-IT LARGE CEILING PLATE TILT,1738,0,ZAR,1209254
PUC1080,,Vogels,PUC 1080 CONNECT-IT LARGE CEILING PLATE TILT AND TURN,1738,0,ZAR,1209255
PUC1090,,Vogels,PUC 1090 CONNECT-IT LARGE TRUSS ADAPTER,2086,0,ZAR,1209256
PUC1910,,Vogels,PUC 1910 CONNECT-IT CEILING PLATE FIXED,4617.39,0,ZAR,1209257
PUC2108,,Vogels,PUC 2108 BASIC SMALL POLE 80CM,1130,0,ZAR,1209258
PUC2115,,Vogels,PUC 2115 BASIC SMALL POLE 150CM,1912,0,ZAR,1209259
PUC2130,,Vogels,PUC 2130 BASIC SMALL POLE 300CM,3477,0,ZAR,1209260
PUC2308,,Vogels,PUC 2308 CONNECT-IT SMALL POLE 80CM,1017.39,0,ZAR,1209261
PUC2315,,Vogels,PUC 2315 CONNECT-IT SMALL POLE 150CM,1617.39,0,ZAR,1209262
PUC2330,,Vogels,PUC 2330 CONNECT-IT SMALL POLE 300CM,2869.57,0,ZAR,1209263
PUC2408,,Vogels,PUC 2408,1651,0,ZAR,1209264
PUC2415,,Vogels,PUC 2415,2608,0,ZAR,1209265
PUC2508,,Vogels,PUC 2508 CONNECT-IT LARGE POLE 80CM,1999,0,ZAR,1209266
PUC2515,,Vogels,PUC 2515 CONNECT-IT LARGE POLE 150CM,3129.57,0,ZAR,1209267
PUC2530,,Vogels,PUC 2530 CONNECT-IT LARGE POLE 300CM,5564.35,0,ZAR,1209268
PUC2715,,Vogels,PUC 2715 CONNECT-IT XL POLE 150CM Black,7129.57,0,ZAR,1209269
PUC2718,,Vogels,PUC 2718 CONNECT-IT XL POLE 180CM Black,7825.22,0,ZAR,1209270
PUC2720,,Vogels,PUC 2720 CONNECT-IT XL POLE 200CM Black,8607.83,0,ZAR,1209271
PUC2920,,Vogels,PUC 2920 CONNECT-IT POLE 200CM,9129.57,0,ZAR,1209272
PUC2927,,Vogels,PUC 2927 CONNECT-IT POLE 270CM,10607.83,0,ZAR,1209273
PUC2933,,Vogels,PUC 2933 CONNECT-IT POLE 330CM,12694.78,0,ZAR,1209274
PUC2963,,Vogels,PUC 2963 POLE 630CM,16460.87,0,ZAR,1209275
PUC1045,,Vogels,PUC1045,1825,0,ZAR,1209250
PVA4307,,Vogels,PVA 4307 VIDEO CONFERENCE SPEAKER,31303.48,0,ZAR,1209276
PVA4310,,Vogels,PVA 4310 VIDEO CONFERENCE SPEAKER,43477.39,0,ZAR,1209277
PVA4316,,Vogels,PVA 4316 VIDEO CONFERENCE SPEAKER,39600,0,ZAR,1209278
PVA5050,,Vogels,PVA 5050 CAMERA AND LOUDSPEAKER HOLDER,3042.61,0,ZAR,1209279
PVA5070,,Vogels,PVA 5070 CAMERA AND LOUDSPEAKER HOLDER,3564.35,0,ZAR,1209280
PVF4112S,,Vogels,PVF 4112 VIDEO CONFERENCING FURNITURE,81617.39,0,ZAR,1209281
PVF4112W,,Vogels,PVF 4112 VIDEO CONFERENCING FURNITURE WHITE,81617.39,0,ZAR,1209282
RMB-0025-00,,SAVANT,RACK MOUNT BRACKET FOR SMARTCONTROL 25,1493.04,0,ZAR,1209304
RMK11,,Parasound,Rack Mount Kit (1u) for 275,2600,0,ZAR,1209308
RMK22,,Parasound,Rack Mount Kit (2u) for 2100 2125,2600,0,ZAR,1209309
RMK33,,Parasound,Rack Mount Kit (3u) for 2250,2600,0,ZAR,1209310
RC-911R,,Onkyo,RC-911R REMOTE,1382.61,0,ZAR,1209289
RCC1000-SA,,SAVANT,RCC 1000 SUBWOOFER AMPLIFIER,27206.96,0,ZAR,1209291
CLI-PTAC1K1-00,,SAVANT,"RELAY MODULE FOR PTAC WITH ONE 6-PORT CLIMATE RELAY (W1, W2, Y1, Y2, G, O) AND ONE 10K THERMISTOR IN",7924.35,0,ZAR,1208090
CLI-REL1AUX1-00,,SAVANT,"RELAY MODULE WITH ONE 6-PORT CLIMATE RELAY (W1, W2, Y1, Y2, G, O) AND ONE AUX RELAY (NO, NC, COM)",7924.35,0,ZAR,1208091
CLI-AUX3-00,,SAVANT,"RELAY MODULE WITH THREE AUX RELAY (NO, NC, COM)",7924.35,0,ZAR,1208087
370212-0-0,,Dali,REMOTE CONTROL ZENSOR AX,339.13,0,ZAR,1207559
SST-TEMP1-00,,SAVANT,REMOTE TEMPERATURE SENSOR (FLUSH MOUNT),2297.39,0,ZAR,1209549
PK-L2417UW,,JVC Projectors,replacement lamp for the JVC,14781.74,0,ZAR,1209128
PK-EM2G,,JVC Projectors,RF 3D Emitter,2434.78,0,ZAR,1209127
PK-AG3G,,JVC Projectors,RF 3D Glass,4652.17,0,ZAR,1209126
CON-10NFN-00,,SAVANT,RJ45 SERIAL ADAPTERS  NO FLOW NULL  10-PACK,2060,0,ZAR,1208106
CON-1NFN-00,,SAVANT,RJ45 SERIAL ADAPTERS  NO FLOW NULL  SINGLE,205.22,0,ZAR,1208111
CON-10FNN-00,,SAVANT,RJ45 SERIAL ADAPTERS FLOW NO NULL 10-PACK,2060,0,ZAR,1208104
CON-1FNN-00,,SAVANT,RJ45 SERIAL ADAPTERS FLOW NO NULL SINGLE,205.22,0,ZAR,1208109
CON-10FN-00,,SAVANT,RJ45 SERIAL ADAPTERS FLOW NULL 10-PACK,2060,0,ZAR,1208103
CON-1FN-00,,SAVANT,RJ45 SERIAL ADAPTERS FLOW NULL SINGLE,205.22,0,ZAR,1208108
CON-10NFNN-00,,SAVANT,RJ45 SERIAL ADAPTERS NO FLOW NO NULL 10-PACK,2060,0,ZAR,1208107
CON-1NFNN-00,,SAVANT,RJ45 SERIAL ADAPTERS NO FLOW NO NULL SINGLE,205.22,0,ZAR,1208112
AUTOMATE-PULSE2,,SAVANT,ROLLEASE AUTOMATE PULSE HUB 2,14784.35,0,ZAR,1207982
AUTOMATE-BAT1.1,,SAVANT,ROLLEASE AUTOMATE | LION 1.1 SHADE MOTOR,9559.13,0,ZAR,1207978
AUTOMATE-CHRG,,SAVANT,ROLLEASE AUTOMATE | LION CHARGER,1470.43,0,ZAR,1207981
AUTOMATE-BATQ2.0,,SAVANT,ROLLEASE AUTOMATE | LION Q2.0 SHADE MOTOR,10588.7,0,ZAR,1207979
AUTOMATE-REM1,,SAVANT,ROLLEASE AUTOMATE | PARADIGM 1 CHANNEL REMOTE,3330.43,0,ZAR,1207983
AUTOMATE-BKCONV2.0,,SAVANT,ROLLEASE Q2.0 MOTOR FINISH 10 PACK (BLACK),1028.7,0,ZAR,1207980
AUTOMATE-SACONV2.0,,SAVANT,ROLLEASE Q2.0 MOTOR FINISH 10 PACK (SILVER ALUMINUM),1470.43,0,ZAR,1207985
AUTOMATE-WHCONV2.0,,SAVANT,ROLLEASE Q2.0 MOTOR FINISH 10 PACK (WHITE),1028.7,0,ZAR,1207986
MHUB88ROOMREM,,HDANYWHERE,Room Remote for mHub 4K PRO 8x8 New,260.87,0,ZAR,1208729
MHUB44ROOMREM,,HDANYWHERE,Room Remote for mHub PRO/431U New,260.87,0,ZAR,1208724
RUBICON 2 W,,Dali,RUBICON 2 WHITE BOOKSHELF SPEAKER,36513.04,0,ZAR,1209321
RUBICON 8 B,,Dali,RUBICON 8 BLACK HIGH GLOSS FLOOR STANDING SPEAKER,92165.22,0,ZAR,1209322
RUBICON LCR R,,Dali,RUBICON ROSSO LEFT CENTER RIGHT,20860.87,0,ZAR,1209323
RUBICON VOK B,,Dali,RUBICON VOKAL BLACK CENTER SPEAKER,31295.65,0,ZAR,1209324
RUBICON VOK R,,Dali,RUBICON VOKAL ROSSO CENTER SPEAKER,31295.65,0,ZAR,1209325
OSL-PRO10-00,,SAVANT,RUNTIME LICENSE - PRO 10,90873.91,0,ZAR,1208881
OSL-SMRT10-00,,SAVANT,RUNTIME LICENSE - SMART 10,13536.95,0,ZAR,1208882
OSL-SMRT9-00,,SAVANT,RUNTIME LICENSE - SMART 9,12128.7,0,ZAR,1208883
OSL-SUPERPRO10-00,,SAVANT,RUNTIME LICENSE - SUPER PRO 10,181747.83,0,ZAR,1208885
SAV-S12,,SAVANT,"S12 HOST, PLUS RUNTIME",40176.52,0,ZAR,1209381
SAV-S12VIDEO,,SAVANT,"S12 HOST, PLUS RUNTIME, 3RD PART VIDEO PACKAGE",46330.43,0,ZAR,1209384
SAV-S12REM,,SAVANT,"S12 HOST, PLUS RUNTIME, PLUS REM-4000",51765.2174,0,ZAR,1209382
SAV-S12REMVIDEO,,SAVANT,"S12 HOST, PLUS RUNTIME, PLUS REM-4000, 3RD PART VIDEO PACKAGE",65043.48,0,ZAR,1209383
S150L,,M&K Sound,S150 Left Black,33042.61,0,ZAR,1209327
S150R/C,,M&K Sound,S150 Right/C Black,45504.3478,0,ZAR,1209328
S150T,,M&K Sound,S150T Black Pair,62834.7826,0,ZAR,1209329
S150TW,,M&K Sound,S150T White Pair,42607.83,0,ZAR,1209330
SHR-S2-01,,SAVANT,S2 HOST RACK MOUNTABLE,20518.26,0,ZAR,1209472
SAV-Cinema,,SAVANT,S2 HOST WITH PRO REMOTE X2,84178.26,0,ZAR,1209379
SAV-S2,,SAVANT,"S2 HOST, PLUS RUNTIME",19790.43,0,ZAR,1209385
SAV-S2REM,,SAVANT,"S2 HOST, PLUS RUNTIME, PLUS REM-4000",37849.57,0,ZAR,1209386
S300L,,M&K Sound,S300 Left Black,62607.83,0,ZAR,1209332
S300R/C,,M&K Sound,S300 Right/C Black,80556.5217,0,ZAR,1209333
S300 TWEETER,,M&K Sound,S300 TWEETER SPARE PART,70260.87,0,ZAR,1209331
S300T,,M&K Sound,S300T Black Pair,111043.4783,0,ZAR,1209334
S300TW,,M&K Sound,S300T White Pair,82607.83,0,ZAR,1209335
S8ATMBL,,Jamo,S8 ATM BLACK,3208.7,0,ZAR,1209375
S8ATMWA,,Jamo,S8 ATM WALNUT,4346.96,0,ZAR,1209376
S8ATMWH,,Jamo,S8 ATM WHITE,4346.96,0,ZAR,1209377
S801BL,,Jamo,S801 Black,2260,0,ZAR,1209336
S801WA,,Jamo,S801 WALNUT,3121.74,0,ZAR,1209337
S801WH,,Jamo,S801 WHITE,3121.74,0,ZAR,1209338
S803BL,,Jamo,S803 BLACK,2773.91,0,ZAR,1209339
S803HCSBL,,Jamo,S803 HCS Black,11303.48,0,ZAR,1209340
S803HCSWA,,Jamo,S803 HCS Walnut,11303.48,0,ZAR,1209341
S803HCSWH,,Jamo,S803 HCS White,11303.48,0,ZAR,1209342
S803WA,,Jamo,S803 WALNUT,4339.13,0,ZAR,1209343
S803WH,,Jamo,S803 WHITE,4339.13,0,ZAR,1209344
S805BL,,Jamo,S805 BLACK,3477.39,0,ZAR,1209345
S805HCSBL,,Jamo,S805 HCS Black,13042.61,0,ZAR,1209346
S805HCSWA,,Jamo,S805 HCS Walnut,13042.61,0,ZAR,1209347
S805HCSWH,,Jamo,S805 HCS White,13042.61,0,ZAR,1209348
S805WA,,Jamo,S805 Walnut,6947.83,0,ZAR,1209349
S805WH,,Jamo,S805 White,6947.83,0,ZAR,1209350
S807BL,,Jamo,S807 BLACK,3999.13,0,ZAR,1209351
S807HCSBL,,Jamo,S807 HCS Black,14781.74,0,ZAR,1209352
S807HCSWA,,Jamo,S807 HCS Walnut,14781.74,0,ZAR,1209353
S807HCSWH,,Jamo,S807 HCS WHITE,14781.74,0,ZAR,1209354
S807WA,,Jamo,S807 WALNUT,9208.7,0,ZAR,1209355
S807WH,,Jamo,S807 White,9208.7,0,ZAR,1209356
S808SUBBL,,Jamo,S808 Sub Black,4086.09,0,ZAR,1209357
S808SUBWA,,Jamo,S808 Sub Walnut,4086.09,0,ZAR,1209358
S808SUBWH,,Jamo,S808 Sub White,4086.09,0,ZAR,1209359
S809BL,,Jamo,S809 Black,6086.09,0,ZAR,1209360
S809HCSBL,,Jamo,S809 HCS Black,17390.43,0,ZAR,1209361
S809HCSWA,,Jamo,S809 HCS Walnut,17390.43,0,ZAR,1209362
S809HCSWH,,Jamo,S809 HCS White,17390.43,0,ZAR,1209363
S809WA,,Jamo,S809 WALNUT,11739.13,0,ZAR,1209364
S809WH,,Jamo,S809 WHITE,11739.13,0,ZAR,1209365
S81CENBL,,Jamo,S81 CEN BLACK,3121.74,0,ZAR,1209369
S81CENWA,,Jamo,S81 CEN WALNUT,3121.74,0,ZAR,1209370
S81CENWH,,Jamo,S81 CEN WHITE,3121.74,0,ZAR,1209371
S810SUBBL,,Jamo,S810 Sub Black,5216.52,0,ZAR,1209366
S810SUBWA,,Jamo,S810 Sub Walnut,5216.52,0,ZAR,1209367
S810SUBWH,,Jamo,S810 SUB WHITE,5216.52,0,ZAR,1209368
S83CENBL,,Jamo,S83 CEN BLACK,3469.57,0,ZAR,1209372
S83CENWA,,Jamo,S83 CEN WALNUT,3469.57,0,ZAR,1209373
S83CENWH,,Jamo,S83 CEN WHITE,3469.57,0,ZAR,1209374
SAVA1001,,Vogels,SAVA 1001 SMART AV BLUETOOTH,1852.17,0,ZAR,1209387
SAVA1014,,Vogels,SAVA 1014 SMART AV REMOTE EXTENDER,1852.17,0,ZAR,1209388
SAVA1021,,Vogels,SAVA 1021 SMART AV CONVERTER AV  TO  HDMI,1617.39,0,ZAR,1209389
SAVA1022,,Vogels,SAVA 1022 SMART AV WIRELESS HDMI,5773.91,0,ZAR,1209390
SAVA1026,,Vogels,SAVA 1026 SMART AV 4K HDMI SWITCH,1852.17,0,ZAR,1209391
SAVA1031,,Vogels,SAVA 1031 SMART AV CONVERTER COAX TOS,1043.48,0,ZAR,1209392
SAVA1041,,Vogels,SAVA 1041 SMART AV CONVERTER DIG  TO  STEREO,1382.61,0,ZAR,1209393
SHA-FBINDCHOICE-01,,SAVANT,SAVANT CHOICE FABRIC AND BRACKET BINDER,18780,0,ZAR,1209459
SSL-PROE-1YR,,SAVANT,SAVANT ESSENTIALS 1 YEAR SUBSCRIPTION (PRO),19991.3,0,ZAR,1209544
SSL-S2EMBE-1YR,,SAVANT,SAVANT ESSENTIALS 1 YEAR SUBSCRIPTION (S2 OR EMBEDDED),2433.91,0,ZAR,1209545
SSL-SMRTE-1YR,,SAVANT,SAVANT ESSENTIALS 1 YEAR SUBSCRIPTION (SMART),8925.22,0,ZAR,1209546
SSL-SUPERPROE-1YR,,SAVANT,SAVANT ESSENTIALS 1 YEAR SUBSCRIPTION (SUPER PRO),35703.48,0,ZAR,1209547
LIG-IBR30C4-00,,SAVANT,SAVANT GLOBE,795.65,0,ZAR,1208688
PAV-VIMVP1F-10,,SAVANT,SAVANT IP VIDEO SINGLE INPUT TRANSMITTER 4K UHD WITH CONTROL - FIBER,41895.65,0,ZAR,1208907
RCK-3000-03,,SAVANT,SAVANT PRO 1U RACK SHELF,8128.7,0,ZAR,1209296
SVR-5200S-01,,SAVANT,SAVANT PRO HOST,46633.04,0,ZAR,1209585
REM-4000JBI-00,,SAVANT,SAVANT PRO REMOTE X2 - JET BLACK (INTERNATIONAL),21366.09,0,ZAR,1209301
REM-4000RGI-00,,SAVANT,SAVANT PRO REMOTE X2 - ROSE GOLD (INTERNATIONAL),21366.09,0,ZAR,1209302
REM-4000SGI-00,,SAVANT,SAVANT PRO REMOTE X2 SPACE GRAY (INTERNATIONAL),20513.0435,0,ZAR,1209303
PAV-AOM8C-10,,SAVANT,SAVANT PROAV 16 CHANNEL AUDIO OUTPUT IP RECEIVER WITH CONTROL,44479.13,0,ZAR,1208893
PAV-VIM4S-00,,SAVANT,SAVANT PROAV 4 VIDEO INPUT IP TRANSMITTER 4K UHD WITH CONTROL,210307.83,0,ZAR,1208901
PAV-VIM4S-10,,SAVANT,SAVANT PROAV 4 VIDEO INPUT IP TRANSMITTER 4K UHD WITH CONTROL,223427.83,0,ZAR,1208902
PAV-AIM7C-10,,SAVANT,SAVANT PROAV 7 SOURCE AUDIO INPUT IP TRANSMITTER WITH CONTROL,28726.09,0,ZAR,1208890
PAV-AIM7C-20,,SAVANT,SAVANT PROAV 7 SOURCE AUDIO INPUT IP TRANSMITTER WITH CONTROL,29653.04,0,ZAR,1208891
PAV-VIM8S-10,,SAVANT,SAVANT PROAV 8 VIDEO INPUT IP TRANSMITTER 4K UHD WITH CONTROL,383019.13,0,ZAR,1208903
SFL-RING1-00,,SAVANT,SAVANT RING LICENCE,1245.22,0,ZAR,1209405
HST-SAVANT7-00,,SAVANT,SAVANT SMART HOST WITH LICENSE (DOES NOT INCLUDE ESSENTIALS),32643.48,0,ZAR,1208545
SSC-0012-00,,SAVANT,SAVANT SMARTCONTROL 12 - SMART CONTROLLER WITH 6 IR 2 RS232 2 GPIO AND 2 RELAY,20860.8696,0,ZAR,1209535
SSC-0014-00,,SAVANT,SAVANT SMARTCONTROL 14 - SMART CONTROLLER WITH 7 GPIO AND 7 RELAY,16713.04,0,ZAR,1209536
SSC-W002G-01,,SAVANT,SAVANT SMARTCONTROL 2 - WI-FI SMART CONTROLLER WITH 1 GPIO AND 1 RELAY,8206.96,0,ZAR,1209539
SSC-W003I-01,,SAVANT,SAVANT SMARTCONTROL 3 - WI-FI SMART CONTROLLER WITH 3 IR,8206.96,0,ZAR,1209540
SSC-W02R-00,,SAVANT,SAVANT SMARTCONTROL RS232 - WI-FI SMART CONTROLLER WITH 2 RS232,8206.96,0,ZAR,1209541
SSC-002485-00,,SAVANT,SAVANT SMARTCONTROL RS485 - ETHERNET,16713.04,0,ZAR,1209537
SSC-W485-00,,SAVANT,SAVANT SMARTCONTROL RS485 - WI-FI SHADE CONTROLLER WITH 1 RS485,8206.96,0,ZAR,1209543
G ST GRILLE,,SAVANT,SAVANT SOUNDBAR CUSTOM WIDTH GRILLE BLACK,4306.96,0,ZAR,1208498
SVR-7100S-00,,SAVANT,SAVANT SUPER PRO HOST,312446.96,0,ZAR,1209586
ITP-E5500B-30,,SAVANT,SAVANT TOUCH 5.5 INCH CONTROL SCREEN - BLACK,24417.39,0,ZAR,1208637
ITP-E5500V2B-00,,SAVANT,SAVANT TOUCH 5.5 INCH CONTROL SCREEN - BLACK,25652.17,0,ZAR,1208638
ITP-E5500V2W-00,,SAVANT,SAVANT TOUCH 5.5 INCH CONTROL SCREEN - WHITE,25652.17,0,ZAR,1208639
ITP-E5500W-30,,SAVANT,SAVANT TOUCH 5.5 INCH CONTROL SCREEN - WHITE,24417.39,0,ZAR,1208640
ITP-E8000B-30,,SAVANT,SAVANT TOUCH 8 INCH CONTROL SCREEN - BLACK,31598.26,0,ZAR,1208641
ITP-E8000V2B-00,,SAVANT,SAVANT TOUCH 8 INCH CONTROL SCREEN - BLACK,39121.74,0,ZAR,1208642
ITP-E8000V2W-00,,SAVANT,SAVANT TOUCH 8 INCH CONTROL SCREEN - WHITE,30000,0,ZAR,1208643
ITP-E8000W-30,,SAVANT,SAVANT TOUCH 8 INCH CONTROL SCREEN - WHITE,31598.26,0,ZAR,1208644
LCB-TIE5-00,,SAVANT,SAVANT TRUE IMAGE CONTROLLER,1103.48,0,ZAR,1208680
SCM,,Adeo Screens,Screen miscellaneous,8822.61,0,ZAR,1209394
920146-0-0,,Dali,SCREW DOGLEG PHANTOM S-SERIE,1730.43,0,ZAR,1207691
FI4-0S0BKP-00,,SAVANT,SCREWLESS FACEPLATE: FOUR GANG (BLACK),430.43,0,ZAR,1208456
FI4-0S0LAP-00,,SAVANT,SCREWLESS FACEPLATE: FOUR GANG (LIGHT ALMOND),430.43,0,ZAR,1208457
FI4-0S0SWP-00,,SAVANT,SCREWLESS FACEPLATE: FOUR GANG (SNOW WHITE),430.43,0,ZAR,1208458
FI1-0S0BKP-01,,SAVANT,SCREWLESS FACEPLATE: SINGLE GANG (BLACK),172.17,0,ZAR,1208447
FI1-0S0LAP-01,,SAVANT,SCREWLESS FACEPLATE: SINGLE GANG (LIGHT ALMOND),172.17,0,ZAR,1208448
FI1-0S0SWP-01,,SAVANT,SCREWLESS FACEPLATE: SINGLE GANG (SNOW WHITE),172.17,0,ZAR,1208449
FI3-0S0BKP-00,,SAVANT,SCREWLESS FACEPLATE: THREE GANG (BLACK),322.61,0,ZAR,1208453
FI3-0S0LAP-00,,SAVANT,SCREWLESS FACEPLATE: THREE GANG (LIGHT ALMOND),322.61,0,ZAR,1208454
FI3-0S0SWP-01,,SAVANT,SCREWLESS FACEPLATE: THREE GANG (SNOW WHITE),322.61,0,ZAR,1208455
FI2-0S0BKP-00,,SAVANT,SCREWLESS FACEPLATE: TWO GANG (BLACK),255.65,0,ZAR,1208450
FI2-0S0LAP-00,,SAVANT,SCREWLESS FACEPLATE: TWO GANG (LIGHT ALMOND),214.78,0,ZAR,1208451
FI2-0S0SWP-01,,SAVANT,SCREWLESS FACEPLATE: TWO GANG (SNOW WHITE),214.78,0,ZAR,1208452
PTA3001B,,Vogels,Secure Tablet Floorstand BLK,3869.57,0,ZAR,1209207
CLI-10K4IN-00,,SAVANT,SENSOR MODULE WITH FOUR 10K THERMISTOR INPUTS,7924.35,0,ZAR,1208085
CLI-1WIRE2-00,,SAVANT,SENSOR MODULE WITH TWO 1-WIRE SENSOR INTERFACES,7924.35,0,ZAR,1208086
SAK-1000-00,,SAVANT,SERIAL CONTROL TERMINATION ADAPTER KIT,1493.04,0,ZAR,1209378
CBL-SFPDACM2-00,,SAVANT,SFP+ DIRECT ATTACH COPPER CABLE (2 METERS) - FOR USE WITH PROAV,1169.57,0,ZAR,1208077
SHA-B5BA-00,,SAVANT,SHADE COUPLER (BLACK ALUMINUM),6766.09,0,ZAR,1209437
SHA-B5BK-00,,SAVANT,SHADE COUPLER (BLACK),3596.52,0,ZAR,1209438
SHA-B5SA-00,,SAVANT,SHADE COUPLER (SILVER ALUMINUM),6766.09,0,ZAR,1209439
SHA-B5WH-00,,SAVANT,SHADE COUPLER (WHITE),3596.52,0,ZAR,1209441
SHA-W1000-00,,SAVANT,SHADE OR LOW VOLTAGE KEYPAD WIRE 1000FT SPOOL,26160.87,0,ZAR,1209470
SHA-PMOD5G-00,,SAVANT,SHADE POWER MODULE FOR GEIGER WIRED MOTORS,18672.17,0,ZAR,1209466
SHA-T8FT7PK-00,,SAVANT,SHADE TUBE 8FT 7 PACK,9686.96,0,ZAR,1209469
REM-1100I-00,,SAVANT,SINGLE ROOM REMOTE TOUCH SCREEN END OF LIFE,14362.61,0,ZAR,1209299
SHA-POWSINGLE-00,,SAVANT,SINGLE SHADE POWER SUPPLY,4020.87,0,ZAR,1209467
S-LCRDM-MK2,,SAVANT,SKETCH LCR-DM MK2,21254.78,0,ZAR,1209326
CLI-SLAB1-00,,SAVANT,SLAB REMOTE SENSOR,2969.57,0,ZAR,1208092
SLIMMAX0.5M,,HDANYWHERE,Slimwire MAX 0.5m,346.96,0,ZAR,1209481
SLIMMAX1M,,HDANYWHERE,Slimwire MAX 1.0m,390.43,0,ZAR,1209482
SLIMMAX2M,,HDANYWHERE,Slimwire MAX 2.0m,433.91,0,ZAR,1209483
SLIMMAX3M,,HDANYWHERE,Slimwire MAX HDMI 3m,520.87,0,ZAR,1209484
SLIMMAX5M,,HDANYWHERE,Slimwire MAX HDMI 5m,564.35,0,ZAR,1209485
MNT-STUDIO55WS-TV-00,,SAVANT,SMART AUDIO SOUNDBAR TV MOUNT,1969.57,0,ZAR,1208747
PKG-SASWSUB2B-00,,SAVANT,SMART AUDIO SOUNDBAR WITH 2 WISA SUBS (BLACK),67670.43,0,ZAR,1209131
PKG-SASWSUB2W-00,,SAVANT,SMART AUDIO SOUNDBAR WITH 2 WISA SUBS (WHITE),67670.43,0,ZAR,1209132
PKG-SASWSUB1B-00,,SAVANT,SMART AUDIO SOUNDBAR WITH WISA SUB (BLACK),54136.52,0,ZAR,1209129
PKG-SASWSUB1W-00,,SAVANT,SMART AUDIO SOUNDBAR WITH WISA SUB (WHITE),54136.52,0,ZAR,1209130
HST-STUDIO55WS-SUR-00,,SAVANT,SMART AUDIO WISA SOUNDBAR 55,37791.3,0,ZAR,1208549
HST-STUDIO55WS-SUR-10,,SAVANT,SMART AUDIO WISA SOUNDBAR 55,43605.22,0,ZAR,1208550
SPK-S1WSB-00,,SAVANT,SMART AUDIO WISA SUB 1 (BLACK),21862.61,0,ZAR,1209526
SPK-S1WSW-00,,SAVANT,SMART AUDIO WISA SUB 1 (WHITE),21862.61,0,ZAR,1209527
SPK-SUR3WSB-00,,SAVANT,SMART AUDIO WISA SURROUND SPEAKERS (BLACK),21862.61,0,ZAR,1209529
SPK-SUR3WSW-00,,SAVANT,SMART AUDIO WISA SURROUND SPEAKERS (WHITE),21862.61,0,ZAR,1209530
SHR-2000-00,,SAVANT,SMART HOST RACK MOUNTABLE,11869.57,0,ZAR,1209471
SSC-P025-11,,SAVANT,SMARTCONTROL 25 WITH POE,62675.65,0,ZAR,1209538
SEM-150A1-00,,SAVANT,SMARTENERGY SENSOR 150A (1 PACK),3446.96,0,ZAR,1209397
SEM-150A5-00,,SAVANT,SMARTENERGY SENSOR 150A (5 PACK),17235.65,0,ZAR,1209398
SEM-020A5-00,,SAVANT,SMARTENERGY SENSOR 20A (5 PACK),5375.65,0,ZAR,1209395
SEM-250A1-00,,SAVANT,SMARTENERGY SENSOR 250A (1 PACK),3446.96,0,ZAR,1209400
SEM-400A1-00,,SAVANT,SMARTENERGY SENSOR 400A (1 PACK),3446.96,0,ZAR,1209401
SEM-050A5-00,,SAVANT,SMARTENERGY SENSOR 50A (5 PACK),8617.39,0,ZAR,1209396
SEM-600A1-00,,SAVANT,SMARTENERGY SENSOR 600A (1 PACK),3446.96,0,ZAR,1209402
SEM-VT01-00,,SAVANT,SMARTENERGY VOLTAGE SENSOR,4308.7,0,ZAR,1209403
HCX-SLN501-00,,SAVANT,SMARTLINK HDBASET EXTENDER SET,10852.17,0,ZAR,1208505
M21F-90S,,AudioQuest,SNGLE RIGHT ANGLE RCA ADAPTER,738.26,0,ZAR,1208693
FSFR2FLGIW,,Black Nova,Socket collection Frame double frame Legrand Arteor Glass Ice White,3208.7,0,ZAR,1208481
FSFR2FLGSW,,Black Nova,Socket collection Frame double frame Legrand Arteor Glass Sand White,5000,0,ZAR,1208482
FSFR2FLGVG,,Black Nova,Socket collection Frame double frame Legrand Arteor Glass Venetian Gold,3208.7,0,ZAR,1208483
FSFR2FLGYB,,Black Nova,Socket collection Frame double frame Legrand Arteor Glass York Black,3208.7,0,ZAR,1208484
FSFR2FLMAS,,Black Nova,Socket collection Frame double frame Legrand Arteor Metal Aluminum Silver  Metal Brushed,3208.7,0,ZAR,1208485
FSFR2FLMBG,,Black Nova,Socket collection Frame double frame Legrand Arteor Metal Bronze Gold  Metal Brushed,3208.7,0,ZAR,1208486
FSFR2FLMMB,,Black Nova,Socket collection Frame double frame Legrand Arteor Metal Mars Black  Metal Brushed,3208.7,0,ZAR,1208487
FSFR1FLGIW,,Black Nova,Socket collection Frame single frame Legrand Arteor Glass Ice White,1604.35,0,ZAR,1208474
FSFR1FLGSW,,Black Nova,Socket collection Frame single frame Legrand Arteor Glass Sand White,2500,0,ZAR,1208475
FSFR1FLGVG,,Black Nova,Socket collection Frame single frame Legrand Arteor Glass Venetian Gold,1604.35,0,ZAR,1208476
FSFR1FLGYB,,Black Nova,Socket collection Frame single frame Legrand Arteor Glass York Black,1604.35,0,ZAR,1208477
FSFR1FLMAS,,Black Nova,Socket collection Frame single frame Legrand Arteor Metal Aluminum Silver  Metal Brushed,1604.35,0,ZAR,1208478
FSFR1FLMBG,,Black Nova,Socket collection Frame single frame Legrand Arteor Metal Bronze Gold  Metal Brushed,1604.35,0,ZAR,1208479
FSFR1FLMMB,,Black Nova,Socket collection Frame single frame Legrand Arteor Metal Mars Black  Metal Brushed,1604.35,0,ZAR,1208480
FSFR3FLGIW,,Black Nova,Socket collection Frame triple frame Legrand Arteor Glass Ice White,4813.04,0,ZAR,1208488
FSFR3FLGSW,,Black Nova,Socket collection Frame triple frame Legrand Arteor Glass Sand White,7500,0,ZAR,1208489
FSFR3FLGVG,,Black Nova,Socket collection Frame triple frame Legrand Arteor Glass Venetian Gold,4813.04,0,ZAR,1208490
FSFR3FLGYB,,Black Nova,Socket collection Frame triple frame Legrand Arteor Glass York Black,4813.04,0,ZAR,1208491
FSFR3FLMAS,,Black Nova,Socket collection Frame triple frame Legrand Arteor Metal Aluminum Silver  Metal Brushed,4813.04,0,ZAR,1208492
FSFR3FLMBG,,Black Nova,Socket collection Frame triple frame Legrand Arteor Metal Bronze Gold  Metal Brushed,4813.04,0,ZAR,1208493
FSFR3FLMMB,,Black Nova,Socket collection Frame triple frame Legrand Arteor Metal Mars Black  Metal Brushed,4813.04,0,ZAR,1208494
93171,,Sonance,SONAMP DSP 8-130 MKII EU,84616.52,0,ZAR,1207853
93050,,Sonance,SONANCE 1/2IN GYP MP AS  MEDIUM SQUARE,9063.48,0,ZAR,1207792
93045,,Sonance,SONANCE 1/2IN GYP MP AS DISCREET ROUND,6214.78,0,ZAR,1207787
93046,,Sonance,SONANCE 1/2IN GYP MP AS DISCREET SQUARE,6214.78,0,ZAR,1207788
93049,,Sonance,SONANCE 1/2IN GYP MP AS MEDIUM ROUND,9063.48,0,ZAR,1207791
92925,,Sonance,SONANCE 19 GROUND STAKE,1812.17,0,ZAR,1207745
93051,,Sonance,SONANCE 5/8IN GYP MP AS  MEDIUM ROUND,9063.48,0,ZAR,1207793
93052,,Sonance,SONANCE 5/8IN GYP MP AS  MEDIUM SQUARE,9063.48,0,ZAR,1207794
93047,,Sonance,SONANCE 5/8IN GYP MP AS DISCREET ROUND,6214.78,0,ZAR,1207789
93048,,Sonance,SONANCE 5/8IN GYP MP AS DISCREET SQUARE,6214.78,0,ZAR,1207790
93053,,Sonance,SONANCE 5/8IN SOLID SURFACE  AS DISCREET RS (One mounting platform for both round & square),6214.78,0,ZAR,1207795
93055,,Sonance,SONANCE 5/8IN SOLID SURFACE  AS MEDIUM RS (One mounting platform for both round & square),9063.48,0,ZAR,1207796
92924,,Sonance,SONANCE 9 GROUND STAKE,620.87,0,ZAR,1207744
93065,,Sonance,SONANCE AS DISCREET GRILLE ROUND,620.87,0,ZAR,1207799
93066,,Sonance,SONANCE AS DISCREET GRILLE SQUARE,620.87,0,ZAR,1207800
93069,,Sonance,SONANCE AS MEDIUM GRILLE ROUND,1035.65,0,ZAR,1207801
93070,,Sonance,SONANCE AS MEDIUM GRILLE SQUARE,1035.65,0,ZAR,1207802
93041,,Sonance,SONANCE AS38RS (Includes round & square grille),9580.87,0,ZAR,1207783
93042,,Sonance,SONANCE AS68RS (Includes round & square grille),15019.13,0,ZAR,1207784
92446,,Sonance,SONANCE ASAP3D SE,14730.43,0,ZAR,1207709
93073,,Sonance,SONANCE ASBPC3RS,4660.87,0,ZAR,1207803
93335,,Sonance,SONANCE ASBPC3RS TL RING AND GRILLES - Required for all kits listed above,1553.04,0,ZAR,1207859
93074,,Sonance,SONANCE ASBPC6RS  (Includes round & square grille),4660.87,0,ZAR,1207804
93043,,Sonance,SONANCE BPS6 SUBWOOFER (Must be installed prior to drywall),25895.65,0,ZAR,1207785
93324,,Sonance,SONANCE BPS6 THINLINE SUB,33923.48,0,ZAR,1207856
93367,,Sonance,SONANCE BPS6 TL SLOT CONNECTOR W/TRUFIG,18645.22,0,ZAR,1207887
93044,,Sonance,SONANCE BPS8 SUBWOOFER (Must be installed prior to drywall),33923.48,0,ZAR,1207786
93124,,Sonance,SONANCE C6R,5696.52,0,ZAR,1207828
93125,,Sonance,SONANCE C6R SST,3121.7391,0,ZAR,1207829
72352,,Sonance,SONANCE CONNECT PRO BaseStation Black,8778.26,0,ZAR,1207641
72300,,Sonance,SONANCE CONNECT PRO Case 10.2 Black for iPad 10.2-inch 9th gen|8th gen |7th gen,8778.26,0,ZAR,1207629
72350,,Sonance,SONANCE CONNECT PRO WallStation Black,8778.26,0,ZAR,1207639
93359,,Sonance,SONANCE D8 BLACK,45318.26,0,ZAR,1207879
93374,,Sonance,SONANCE D8 WHITE,45318.26,0,ZAR,1207894
93099,,Sonance,SONANCE DIGITAL INPUT MODULE (DIM),4479.13,0,ZAR,1207816
93491,,Sonance,SONANCE DISC SYSTEM DEPTH SENSING GAUGE FOR IS SPEAKERS,19940,0,ZAR,1207934
93302,,Sonance,SONANCE DOS PLASTER SHIM,1553.04,0,ZAR,1207854
92808,,Sonance,SONANCE FIRE-RATED LISTED DEEP BACKCAN,3106.96,0,ZAR,1207734
92807,,Sonance,SONANCE FIRE-RATED LISTED SHALLOW BACKCAN,3106.96,0,ZAR,1207733
93163,,Sonance,SONANCE GRILLE PRO MARINER 5.25 BLACK,1294.78,0,ZAR,1207848
93162,,Sonance,SONANCE GRILLE PRO MARINER 5.25 WHITE,1294.78,0,ZAR,1207847
93165,,Sonance,SONANCE GRILLE PRO MARINER 6.5 BLACK,1294.78,0,ZAR,1207850
93164,,Sonance,SONANCE GRILLE PRO MARINER 6.5 WHITE,1294.78,0,ZAR,1207849
93167,,Sonance,SONANCE GRILLE PRO MARINER 8 BLACK,1294.78,0,ZAR,1207852
93166,,Sonance,SONANCE GRILLE PRO MARINER 8 WHITE,1294.78,0,ZAR,1207851
93126,,Sonance,SONANCE GRILLES FOR C6R/C6R SST,1294.78,0,ZAR,1207830
93373,,Sonance,SONANCE HS12T SUB,62668.7,0,ZAR,1207893
93361,,Sonance,SONANCE HYBRID INPUT MODULE (HIM),4479.13,0,ZAR,1207881
93357,,Sonance,SONANCE i10,34959.13,0,ZAR,1207877
93358,,Sonance,SONANCE i12,42728.7,0,ZAR,1207878
93356,,Sonance,SONANCE i8,37330.4348,0,ZAR,1207876
93480,,Sonance,SONANCE IS10,82121.7391,0,ZAR,1207928
93481,,Sonance,SONANCE IS10W,32921.7391,0,ZAR,1207929
93482,,Sonance,SONANCE IS15W,98408.6957,0,ZAR,1207930
93478,,Sonance,SONANCE IS6,41060.8696,0,ZAR,1207926
93479,,Sonance,SONANCE IS8,57347.8261,0,ZAR,1207927
40197,,Sonance,SONANCE IS8T,32429.57,0,ZAR,1207567
93490,,Sonance,SONANCE LARGE IS ENCLOSURE (IS10),7250.43,0,ZAR,1207933
93494,,Sonance,SONANCE LARGE IS SPACE SAVER (IS10),1294.78,0,ZAR,1207937
91708,,Sonance,SONANCE LARGE RECTANGLE ACOUSTIC ENCLOSURE,6732.17,0,ZAR,1207686
92246,,Sonance,SONANCE LARGE RECTANGLE FLEX BRACKET (5 PAIR PER BOX),4142.61,0,ZAR,1207699
92242,,Sonance,SONANCE LARGE RECTANGLE RETROFIT ENCLOSURE,3366.09,0,ZAR,1207696
91900,,Sonance,SONANCE LARGE ROUND ACOUSTIC ENCLOSURE,6732.17,0,ZAR,1207687
92245,,Sonance,SONANCE LARGE ROUND COVERPLATE,2071.3,0,ZAR,1207698
92247,,Sonance,SONANCE LARGE ROUND FLEX BRACKET (5 PAIR PER BOX),4142.61,0,ZAR,1207700
92243,,Sonance,SONANCE LARGE ROUND RETROFIT ENCLOSURE,3366.09,0,ZAR,1207697
70305,,Sonance,SONANCE LAUNCH AM.2 SLEEVE WHITE,6320.87,0,ZAR,1207580
70300,,Sonance,SONANCE LAUNCH AP.5 SLEEVE BLACK works with iPad Pro 9.7 iPad 9.7  iPad Air and iPad Air 2,6290.43,0,ZAR,1207577
70158,,Sonance,SONANCE LAUNCH BASESTATION - BLACK,8427.83,0,ZAR,1207574
70391,,Sonance,SONANCE LAUNCH CASE 10.2 10.5 WHITE - Shipping mid-March 2020,6320.87,0,ZAR,1207587
70170,,Sonance,SONANCE LAUNCH WALLSTATION BLACK,8427.83,0,ZAR,1207576
70142,,Sonance,SONANCE LAUNCH WALLSTATION WHITE,8427.83,0,ZAR,1207573
93371,,Sonance,SONANCE LS12T SUB,62668.7,0,ZAR,1207891
93372,,Sonance,SONANCE LS15T SUB,91154.78,0,ZAR,1207892
93369,,Sonance,SONANCE LS4T SAT,10875.65,0,ZAR,1207889
93382,,Sonance,SONANCE LS4T SAT/LS12T SUB - 8.1 SYSTEM W/ SONAMP DSP 2-750 MKII,191632.17,0,ZAR,1207901
93409,,Sonance,SONANCE LS4T SAT/LS12T SUB - 8.2 SYSTEM W/ SONAMP DSP 2-750 MKII,237209.57,0,ZAR,1207911
93370,,Sonance,SONANCE LS6T SAT,17091.3,0,ZAR,1207890
93410,,Sonance,SONANCE LS6T SAT/LS12T SUB - 6.1 SYSTEM W/ SONAMP DSP 2-750 MKII,191632.17,0,ZAR,1207912
93411,,Sonance,SONANCE LS6T SAT/LS12T SUB - 8.2 SYSTEM W/ SONAMP DSP 2-750 MKII,283304.35,0,ZAR,1207913
93412,,Sonance,SONANCE LS6T SAT/LS15T SUB - 8.1 SYSTEM W/ SONAMP DSP 2-750 MKII,252487.83,0,ZAR,1207914
93383,,Sonance,SONANCE LS6T/LS12T SUB -  4.1 SYSTEM W/ 2 SONAMP DSP 2-750 MKII,253006.09,0,ZAR,1207902
93413,,Sonance,SONANCE LS6T/LS12T SUB - 4.1 SYSTEM W/ 2 SONAMP DSP 2-150 MKII,210192.17,0,ZAR,1207915
71001,,Sonance,SONANCE LUXE BASESTATION SILVER,15801.74,0,ZAR,1207606
71012,,Sonance,SONANCE LUXE CASE AIR 1 I 2 I 9.7 BLACK,12290.43,0,ZAR,1207617
71013,,Sonance,SONANCE LUXE CASE AIR 1 I 2 I 9.7 SILVER,12290.43,0,ZAR,1207618
71003,,Sonance,SONANCE LUXE WALLSTATION BLACK,14046.09,0,ZAR,1207608
71004,,Sonance,SONANCE LUXE WALLSTATION SILVER,14046.09,0,ZAR,1207609
71015,,Sonance,SONANCE LX CASE BLACK works with iPad Air 3rd gen 10.5-inch | iPad 7th gen. 10.2-inch,12290.43,0,ZAR,1207620
71016,,Sonance,SONANCE LX CASE SILVER works with iPad Air 3rd gen 10.5-inch | iPad 7th gen. 10.2-inch,12290.43,0,ZAR,1207621
93149,,Sonance,SONANCE MARINER 54 B,10128.7,0,ZAR,1207834
93159,,Sonance,SONANCE MARINER 54 SST B,9307.83,0,ZAR,1207844
93158,,Sonance,SONANCE MARINER 54 SST W,9307.83,0,ZAR,1207843
93148,,Sonance,SONANCE MARINER 54 W,10128.7,0,ZAR,1207833
93151,,Sonance,SONANCE MARINER 56 B,12319.13,0,ZAR,1207836
93150,,Sonance,SONANCE MARINER 56 W,12319.13,0,ZAR,1207835
93153,,Sonance,SONANCE MARINER 64 B,14782.62,0,ZAR,1207838
93161,,Sonance,SONANCE MARINER 64 SST B,12866.09,0,ZAR,1207846
93160,,Sonance,SONANCE MARINER 64 SST W,12866.09,0,ZAR,1207845
93152,,Sonance,SONANCE MARINER 64 W,14782.61,0,ZAR,1207837
93155,,Sonance,SONANCE MARINER 66 B,18888.7,0,ZAR,1207840
93154,,Sonance,SONANCE MARINER 66 W,18888.7,0,ZAR,1207839
93157,,Sonance,SONANCE MARINER 86 B,24364.35,0,ZAR,1207842
93156,,Sonance,SONANCE MARINER 86 W,25060.8696,0,ZAR,1207841
93303,,Sonance,SONANCE MEDIUM AS PLASTER SHIM,1553.04,0,ZAR,1207855
93489,,Sonance,SONANCE MEDIUM IS ENCLOSURE (IS8 IS10W),5696.52,0,ZAR,1207932
93493,,Sonance,SONANCE MEDIUM IS SPACE SAVER (IS8 IS8T IS10W),1294.78,0,ZAR,1207936
92475,,Sonance,SONANCE MEDIUM LCR FLEX BRACKET,776.52,0,ZAR,1207712
92836,,Sonance,SONANCE MEDIUM LCR RETROFIT ENCLOSURE,1035.65,0,ZAR,1207736
91687,,Sonance,SONANCE MEDIUM RECTANGLE ACOUSTIC ENCLOSURE,5696.52,0,ZAR,1207684
92334,,Sonance,SONANCE MEDIUM RECTANGLE COVERPLATE,1035.65,0,ZAR,1207701
92336,,Sonance,SONANCE MEDIUM RECTANGLE FLEX BRACKET (5 PAIR PER BOX),4142.61,0,ZAR,1207703
92066,,Sonance,SONANCE MEDIUM RECTANGLE MASONRY BRACKET,1294.78,0,ZAR,1207692
92342,,Sonance,SONANCE MEDIUM RECTANGLE RETROFIT ENCLOSURE,1553.04,0,ZAR,1207705
900651,,Sonance,SONANCE MEDIUM RECTANGLE STAPLE TEMPLATE (5 PAIR PER BOX),2330.43,0,ZAR,1207643
91688,,Sonance,SONANCE MEDIUM ROUND ACOUSTIC ENCLOSURE,5696.52,0,ZAR,1207685
92335,,Sonance,SONANCE MEDIUM ROUND COVERPLATE,1035.65,0,ZAR,1207702
92337,,Sonance,SONANCE MEDIUM ROUND FLEX BRACKET (5 PAIR PER BOX),4142.61,0,ZAR,1207704
92343,,Sonance,SONANCE MEDIUM ROUND RETROFIT ENCLOSURE,1553.04,0,ZAR,1207706
901049,,Sonance,SONANCE MEDIUM ROUND STAPLE TEMPLATE (5 PAIR PER BOX),2330.43,0,ZAR,1207644
91903,,Sonance,SONANCE ODVC60 OUTDOOR VOLUME CONTROL,3106.96,0,ZAR,1207688
40196,,Sonance,SONANCE OMNI 6T,13724.35,0,ZAR,1207566
93429,,Sonance,SONANCE PATIO 4.1,55652.1739,0,ZAR,1207920
93430,,Sonance,SONANCE PATIO 4.1 W/SR 2-125,82121.7391,0,ZAR,1207921
93344,,Sonance,SONANCE R1,30816.52,0,ZAR,1207866
92499,,Sonance,SONANCE R1/R1SUR FLEX BRACKET,1553.04,0,ZAR,1207713
92690,,Sonance,SONANCE R1/R1SUR REPLACEMENT GRILLE,2071.3,0,ZAR,1207721
93354,,Sonance,SONANCE R10SUB,30816.52,0,ZAR,1207874
92874,,Sonance,SONANCE R10SUB ENCLOSURE,27708.7,0,ZAR,1207737
93376,,Sonance,SONANCE R10SUB KIT (2x R10SUB 2x R10SUB Enclosures 1x DSP 2-150 MKII),129480.87,0,ZAR,1207895
92894,,Sonance,SONANCE R10SUB REPLACEMENT GRILLE,1294.78,0,ZAR,1207742
93355,,Sonance,SONANCE R12SUB,37031.3,0,ZAR,1207875
92895,,Sonance,SONANCE R12SUB /VPSUB REPLACEMENT GRILLE,1553.04,0,ZAR,1207743
92875,,Sonance,SONANCE R12SUB ENCLOSURE,37031.3,0,ZAR,1207738
93377,,Sonance,SONANCE R12SUB KIT (2x R12SUB 2x R12SUB Enclosures 1x DSP 2-750 MKII),171691.3,0,ZAR,1207896
93351,,Sonance,SONANCE R1C,30816.52,0,ZAR,1207871
92800,,Sonance,SONANCE R1C/R1CSUR FLEX BRACKET,1553.04,0,ZAR,1207731
92882,,Sonance,SONANCE R1C/R1CSUR IN-CEILING REPLACEMENT GRILLE,2330.43,0,ZAR,1207739
93348,,Sonance,SONANCE R1CAB,30816.52,0,ZAR,1207870
93401,,Sonance,SONANCE R1CAB REPLACEMENT GRILLE,1553.04,0,ZAR,1207907
93352,,Sonance,SONANCE R1CSUR,30816.52,0,ZAR,1207872
93345,,Sonance,SONANCE R1SUR,30816.52,0,ZAR,1207867
93346,,Sonance,SONANCE R2,61633.04,0,ZAR,1207868
92500,,Sonance,SONANCE R2/R2SUR FLEX BRACKET,2589.57,0,ZAR,1207714
92691,,Sonance,SONANCE R2/R2SUR REPLACEMENT GRILLE,2330.43,0,ZAR,1207722
93347,,Sonance,SONANCE R2SUR,61633.04,0,ZAR,1207869
93098,,Sonance,SONANCE RACK MOUNT BRACKET FOR 2-100 and DSP 2-150 ACCESSORY KIT,1741.74,0,ZAR,1207815
92888,,Sonance,SONANCE RK10W ROCK WOOFER BROWN,14437.39,0,ZAR,1207741
92887,,Sonance,SONANCE RK10W ROCK WOOFER GRANITE,14437.39,0,ZAR,1207740
92744,,Sonance,SONANCE RK63 BROWN,11812.17,0,ZAR,1207727
92743,,Sonance,SONANCE RK63 GRANITE,11812.17,0,ZAR,1207726
92746,,Sonance,SONANCE RK83 BROWN,18900,0,ZAR,1207729
92745,,Sonance,SONANCE RK83 GRANITE,26808.6957,0,ZAR,1207728
92926,,Sonance,SONANCE ROUND SURFACE MOUNT,1035.65,0,ZAR,1207746
93057,,Sonance,SONANCE ROUTER TEMPLATE AS  DISCREET RS (Two templates per carton-each template has round & square,4660.87,0,ZAR,1207797
93058,,Sonance,SONANCE ROUTER TEMPLATE AS  MEDIUM RS  (Two templates per carton-each template has round & square,4660.87,0,ZAR,1207798
93111,,Sonance,SONANCE SB46 A-J HARDWARE POUCHES,620.87,0,ZAR,1207817
93425,,Sonance,SONANCE SB46-55,45577.39,0,ZAR,1207916
93426,,Sonance,SONANCE SB46-65,45577.39,0,ZAR,1207917
93427,,Sonance,SONANCE SB46-75,51273.91,0,ZAR,1207918
93428,,Sonance,SONANCE SB46-85,51273.91,0,ZAR,1207919
93087,,Sonance,SONANCE SB46L,51273.91,0,ZAR,1207807
93115,,Sonance,SONANCE SB46L COMPLETE HARDWARE KIT,7509.57,0,ZAR,1207821
93113,,Sonance,SONANCE SB46L GRILLE SYSTEM WITH SCREWS,6732.17,0,ZAR,1207819
93086,,Sonance,SONANCE SB46M,45577.39,0,ZAR,1207806
93114,,Sonance,SONANCE SB46M COMPLETE HARDWARE KIT,6732.17,0,ZAR,1207820
93112,,Sonance,SONANCE SB46M GRILLE SYSTEM WITH SCREWS,6214.78,0,ZAR,1207818
70169,,Sonance,SONANCE SECURTIY PACK,752.17,0,ZAR,1207575
93436,,Sonance,SONANCE SGS 4 SAT PACK,41320,0,ZAR,1207925
93432,,Sonance,SONANCE SGS 8.1 SYSTEM (8 - SATS 1 - SUB),143878.2609,0,ZAR,1207922
93433,,Sonance,SONANCE SGS 8.1 SYSTEM w/SR 2-125 AMP (8 - SATS 1 - SUB 1 - 2-125 AMP),164243.48,0,ZAR,1207923
93435,,Sonance,SONANCE SGS SUB,32936.52,0,ZAR,1207924
93089-Single,,Sonance,SONANCE Single VP80R,8473.04,0,ZAR,1207810
93488,,Sonance,SONANCE SMALL IS ENCLOSURE (IS6),4401.74,0,ZAR,1207931
93492,,Sonance,SONANCE SMALL IS SPACE SAVER (IS6),1294.78,0,ZAR,1207935
92470,,Sonance,SONANCE SMALL RECTANGLE FLEX BRACKET (5 PAIR PER BOX),4142.61,0,ZAR,1207710
92067,,Sonance,SONANCE SMALL RECTANGLE MASONRY BRACKET,1035.65,0,ZAR,1207693
92442,,Sonance,SONANCE SMALL RECTANGLE RETROFIT ENCLOSURE,1294.78,0,ZAR,1207707
92471,,Sonance,SONANCE SMALL ROUND FLEX BRACKET (5 PAIR PER BOX),4142.61,0,ZAR,1207711
92443,,Sonance,SONANCE SMALL ROUND RETROFIT ENCLOSURE,1294.78,0,ZAR,1207708
93092,,Sonance,SONANCE SONAMP 12-50,38820,0,ZAR,1207812
93091,,Sonance,SONANCE SONAMP 2-100,24886.96,0,ZAR,1207811
93378,,Sonance,SONANCE SONAMP DSP 2-150 MKII,25326.96,0,ZAR,1207897
93379,,Sonance,SONANCE SONAMP DSP 2-750 MKII,46570.43,0,ZAR,1207898
93331,,Sonance,SONANCE SONAMP DSP 8-130 MKII,84616.52,0,ZAR,1207857
93135,,Sonance,SONANCE SONARRAY SR 2-125,22723.48,0,ZAR,1207832
91368,,Sonance,SONANCE SS4,3106.96,0,ZAR,1207647
91931,,Sonance,SONANCE SS4VC,10358.26,0,ZAR,1207689
91369,,Sonance,SONANCE SS6,4660.87,0,ZAR,1207648
91932,,Sonance,SONANCE SS6VC,12429.57,0,ZAR,1207690
70700,,Sonance,SONANCE SURFACE MOUNT BEZEL BLACK works with iPad Mini 3 Mini 2 and Mini - While Supplies Last,11587.83,0,ZAR,1207588
93362,,Sonance,SONANCE THINLINE 1/2 ROUND GYPSUM MOUNTING PLATFORM,9322.61,0,ZAR,1207882
93386,,Sonance,SONANCE THINLINE 1/2 ROUND GYPSUM MOUNTING PLATFORM W/BPS6 THINLINE SUB KIT,42986.96,0,ZAR,1207903
93363,,Sonance,SONANCE THINLINE 1/2 SQUARE GYPSUM MOUNTING PLATFORM,9322.61,0,ZAR,1207883
93387,,Sonance,SONANCE THINLINE 1/2 SQUARE GYPSUM MOUNTING PLATFORM W/BPS6 THINLINE SUB KIT,42986.96,0,ZAR,1207904
93364,,Sonance,SONANCE THINLINE 5/8 ROUND GYPSUM MOUNTING PLATFORM,9322.61,0,ZAR,1207884
93388,,Sonance,SONANCE THINLINE 5/8 ROUND GYPSUM MOUNTING PLATFORM W/BPS6 THINLINE SUB KIT,42986.96,0,ZAR,1207905
93365,,Sonance,SONANCE THINLINE 5/8 SQUARE GYPSUM MOUNTING PLATFORM,9322.61,0,ZAR,1207885
93389,,Sonance,SONANCE THINLINE 5/8 SQUARE GYPSUM MOUNTING PLATFORM W/BPS6 THINLINE SUB KIT,42986.96,0,ZAR,1207906
93366,,Sonance,SONANCE THINLINE SOLID SURFACE BPC,9322.61,0,ZAR,1207886
93127,,Sonance,SONANCE TOGGLE FEET FOR C6R/C6R SST,258.26,0,ZAR,1207831
92927,,Sonance,SONANCE TREE/SURFACE MOUNT JUNCTION BOX,1294.78,0,ZAR,1207747
91497,,Sonance,SONANCE VC30R DECORA WHITE (BOXED),1294.78,0,ZAR,1207649
91505,,Sonance,SONANCE VC60R WHITE (BOXED),1812.17,0,ZAR,1207650
92158,,Sonance,SONANCE VC60RIM WHITE,2071.3,0,ZAR,1207694
91521,,Sonance,SONANCE VC60S SLIDER WHITE (BOXED),2589.57,0,ZAR,1207653
92161,,Sonance,SONANCE VC60SIM WHITE,2071.3,0,ZAR,1207695
93117,,Sonance,SONANCE VP38R,9580.87,0,ZAR,1207822
93122,,Sonance,SONANCE VP3R GRILLE,1035.65,0,ZAR,1207827
93119,,Sonance,SONANCE VP3R ROUND FLEX BRACKETS,4142.61,0,ZAR,1207824
93120,,Sonance,SONANCE VP3SQ ADAPTER W/GRILLE,1035.65,0,ZAR,1207825
93121,,Sonance,SONANCE VP3SQ ADAPTER W/GRILLES - 10 PACK,7768.7,0,ZAR,1207826
92608,,Sonance,SONANCE VP4 RECTANGLE REPLACEMENT GRILLE,2071.3,0,ZAR,1207715
93000,,Sonance,SONANCE VP42,8545.22,0,ZAR,1207748
93009,,Sonance,SONANCE VP42R,8545.22,0,ZAR,1207757
93001,,Sonance,SONANCE VP46,11393.91,0,ZAR,1207749
93010,,Sonance,SONANCE VP46R,11393.91,0,ZAR,1207758
93023,,Sonance,SONANCE VP46R SST/SUR,8286.09,0,ZAR,1207771
93002,,Sonance,SONANCE VP48,21752.17,0,ZAR,1207750
93011,,Sonance,SONANCE VP48R,21752.17,0,ZAR,1207759
92609,,Sonance,SONANCE VP4R ROUND REPLACEMENT GRILLE,2071.3,0,ZAR,1207716
93029,,Sonance,SONANCE VP4SQ SQUARE ADAPTOR W/ GRILLE  (Grille not compatible with legacy models),1812.17,0,ZAR,1207777
93032,,Sonance,SONANCE VP4SQ SQUARE ADAPTOR W/ GRILLE (5 PAIR BULK PACK) (Grille not compatible with legacy models),7768.7,0,ZAR,1207780
93368,,Sonance,SONANCE VP52R UTL,10617.39,0,ZAR,1207888
92806,,Sonance,SONANCE VP6 LCR REPLACEMENT GRILLE,2071.3,0,ZAR,1207732
92611,,Sonance,SONANCE VP6 RECTANGLE  REPLACEMENT GRILLE,2071.3,0,ZAR,1207717
92812,,Sonance,SONANCE VP6 RECTANGLE REPLACEMENT EXTREME GRILLE,3625.22,0,ZAR,1207735
93088,,Sonance,SONANCE VP60R,8026.96,0,ZAR,1207808
93003,,Sonance,SONANCE VP62,10099.13,0,ZAR,1207751
93028,,Sonance,SONANCE VP62 LCR,8026.96,0,ZAR,1207776
93012,,Sonance,SONANCE VP62R,10099.13,0,ZAR,1207760
93024,,Sonance,SONANCE VP62R SST/SUR,8026.96,0,ZAR,1207772
93022,,Sonance,SONANCE VP62R SST/SUR TL,9322.61,0,ZAR,1207770
93020,,Sonance,SONANCE VP62R TL,10099.13,0,ZAR,1207768
93013,,Sonance,SONANCE VP64R,12170.43,0,ZAR,1207761
92751,,Sonance,SONANCE VP65 XT,19940,0,ZAR,1207730
93004,,Sonance,SONANCE VP66,15278.26,0,ZAR,1207752
93084,,Sonance,SONANCE VP66 LCR,15019.13,0,ZAR,1207805
93027,,Sonance,SONANCE VP66 SST/SUR,10358.26,0,ZAR,1207775
93019,,Sonance,SONANCE VP66 TL,15278.26,0,ZAR,1207767
93014,,Sonance,SONANCE VP66R,15278.26,0,ZAR,1207762
93025,,Sonance,SONANCE VP66R SST/SUR,10358.26,0,ZAR,1207773
93021,,Sonance,SONANCE VP66R TL,15278.26,0,ZAR,1207769
93005,,Sonance,SONANCE VP68,27190.43,0,ZAR,1207753
93015,,Sonance,SONANCE VP68R,27190.43,0,ZAR,1207763
92612,,Sonance,SONANCE VP6R ROUND REPLACEMENT GRILLE,2071.3,0,ZAR,1207718
93030,,Sonance,SONANCE VP6SQ SQUARE ADAPTOR W/ GRILLE  (Grille not compatible with legacy models),2071.3,0,ZAR,1207778
93033,,Sonance,SONANCE VP6SQ SQUARE ADAPTOR W/ GRILLE (5 PAIR BULK PACK)  (Grille not compatible with legacy models,9322.61,0,ZAR,1207781
92614,,Sonance,SONANCE VP8 RECTANGLE REPLACEMENT GRILLE,2071.3,0,ZAR,1207719
93089,,Sonance,SONANCE VP80R,10100,0,ZAR,1207809
93006,,Sonance,SONANCE VP82,20975.65,0,ZAR,1207754
93016,,Sonance,SONANCE VP82R,20975.65,0,ZAR,1207764
92741,,Sonance,SONANCE VP85RW - ROUND,9322.61,0,ZAR,1207724
92742,,Sonance,SONANCE VP85SW - SQUARE,8866.09,0,ZAR,1207725
92740,,Sonance,SONANCE VP85W - RECTANGLE,9322.61,0,ZAR,1207723
93007,,Sonance,SONANCE VP86,30816.52,0,ZAR,1207755
93017,,Sonance,SONANCE VP86R,30816.52,0,ZAR,1207765
93026,,Sonance,SONANCE VP86R SST/SUR,18903.48,0,ZAR,1207774
93008,,Sonance,SONANCE VP88,53863.48,0,ZAR,1207756
93018,,Sonance,SONANCE VP88R,54381.74,0,ZAR,1207766
92615,,Sonance,SONANCE VP8R ROUND REPLACEMENT GRILLE,2071.3,0,ZAR,1207720
93034,,Sonance,SONANCE VP8SQ SQUARE ADAPTOR W/ GRILLE (5 PAIR BULK PACK)  (Grille not compatible with legacy models,10875.65,0,ZAR,1207782
93031,,Sonance,SONANCE VP8SQ SQUARE ADAPTOR W/ GRILLE (Grille not compatible with legacy models),2589.57,0,ZAR,1207779
93118,,Sonance,SONANCE VPBPC3R,2071.3,0,ZAR,1207823
93334,,Sonance,SONANCE VPBPC3R TL,2071.3,0,ZAR,1207858
93096,,Sonance,SONANCE VPBPC4R (Includes round grille only - square adaptor and grille sold separately),2071.3,0,ZAR,1207813
93097,,Sonance,SONANCE VPBPC6R (Includes round grille only - square adaptor and grille sold separately),2847.83,0,ZAR,1207814
93353,,Sonance,SONANCE VPSUB,66513.0435,0,ZAR,1207873
93338,,Sonance,SONANCE VPXT6,18645.22,0,ZAR,1207860
93408,,Sonance,SONANCE VPXT6 RECTANGLE REPLACEMENT GRILLE,3106.96,0,ZAR,1207910
93339,,Sonance,SONANCE VPXT6R,18645.22,0,ZAR,1207861
93406,,Sonance,SONANCE VPXT6R REPLACEMENT GRILLE,3106.96,0,ZAR,1207908
93340,,Sonance,SONANCE VPXT6R SST,12170.43,0,ZAR,1207862
93380,,Sonance,SONANCE VPXT6SQ SQUARE ADAPTER W/GRILLE (5 PAIR),15278.26,0,ZAR,1207899
93342,,Sonance,SONANCE VPXT6SQ SQUARE ADAPTER W/GRILLE (PAIR),3106.96,0,ZAR,1207864
93341,,Sonance,SONANCE VPXT8R,24860,0,ZAR,1207863
93407,,Sonance,SONANCE VPXT8R EXTREME ROUND GRILLE,4660.87,0,ZAR,1207909
93343,,Sonance,SONANCE VPXT8SQ SQUARE ADAPTER W/GRILLE,4660.87,0,ZAR,1207865
93381,,Sonance,SONANCE VPXT8SQ SQUARE ADAPTER W/GRILLE - (5 PAIR),23046.96,0,ZAR,1207900
93360,,Sonance,SONANCE WIRELESS TRANSMITTER,3625.22,0,ZAR,1207880
93495,,Sonance,SONANCE XXL IS SPACE SAVER (IS15),1812.17,0,ZAR,1207938
AMPG1UK1BLK,,Sonos,Sonos AMP EU (Black),15651.3,0,ZAR,1207962
AMPG1EU1BLK,,Sonos,Sonos AMP EU (Black) (S16),17390.4348,0,ZAR,1207961
ARCG1UK1BLK,,Sonos,Sonos Arc Black,19129.57,0,ZAR,1207966
ARCG1EU1BLK,,Sonos,Sonos Arc Premium Smart Soundbar - Black (S19),21738.26,0,ZAR,1207964
ARCG1EU1,,Sonos,Sonos Arc Premium Smart Soundbar - White (S19),21738.26,0,ZAR,1207963
ARCG1UK1,,Sonos,Sonos Arc White,19129.57,0,ZAR,1207965
BEAM2EU1BLK,,Sonos,Sonos Beam Gen2 Compact Smart Soundbar - Black (S14),12173.04,0,ZAR,1207997
BEAM2EU1,,Sonos,Sonos Beam Gen2 Compact Smart Soundbar - White (S14),12173.04,0,ZAR,1207996
BOOSTEU1,,Sonos,Sonos Boost WiFi Extender for Sonos System,2173.04,0,ZAR,1208007
E10G1EU1BLK,,Sonos,Sonos Era 100 Bluetooth Smart WiFi Speaker - Black,6086.09,0,ZAR,1208324
E10G1EU1,,Sonos,Sonos Era 100 Bluetooth Smart WiFi Speaker - White,6086.09,0,ZAR,1208323
E30G1EU1BLK,,Sonos,Sonos Era 300 Bluetooth Smart WiFi Speaker - Black,11303.47,0,ZAR,1208330
E30G1EU1,,Sonos,Sonos Era 300 Bluetooth Smart WiFi Speaker - White,11303.47,0,ZAR,1208329
FIVE1EU1BLK,,Sonos,Sonos Five Ultimate Wireless Smart Speaker - Black (S24),13042.61,0,ZAR,1208466
FIVE1EU1,,Sonos,Sonos Five Ultimate Wireless Smart Speaker - White (S24),13042.61,0,ZAR,1208465
INCLGWW1,,Sonos,Sonos In-Ceiling by Sonance {Pair},11303.4783,0,ZAR,1208572
PCS1LEU1BLK,,Sonos,Sonos Long Angled Power Cable EU (Black) 8544.42.2000,4346.96,0,ZAR,1208919
PCS1LEU1,,Sonos,Sonos Long Angled Power Cable EU (White) 8544.42.2000,4346.96,0,ZAR,1208918
MOVE2EU1BLK,,Sonos,Sonos Move 2 Wireless Smart Portable Speaker - Black (S17),11303.48,0,ZAR,1208764
MOVE2EU1,,Sonos,Sonos Move 2 Wireless Smart Portable Speaker - White (S17),11303.48,0,ZAR,1208763
MVBAGWW1BLK,,Sonos,Sonos Move Travel Bag - Black,1651.3,0,ZAR,1208777
MVWHKWW1BLK,,Sonos,Sonos Move Wall Hook - Black,520.87,0,ZAR,1208783
MVWHKWW1,,Sonos,Sonos Move Wall Hook - White,607.83,0,ZAR,1208782
MOVE1EU1BLK,,Sonos,Sonos Move Wireless Smart Portable Speaker - Black (S17),9999.13,0,ZAR,1208762
MOVE1EU1,,Sonos,Sonos Move Wireless Smart Portable Speaker - White (S17),9999.13,0,ZAR,1208761
ONEG2UK1BLK,,Sonos,Sonos ONE (Gen2) EU Black,4520.87,0,ZAR,1208858
ONEG2UK1,,Sonos,Sonos ONE (Gen2)Eu White,4520.87,0,ZAR,1208857
ONEG1EU1BLK,,Sonos,SONOS ONE BLACK,5216.52,0,ZAR,1208854
ONEG2EU1BLK,,Sonos,Sonos One Gen2 Ultimate Wireless Smart Bookshelf Speaker - Black (S18),5216.52,0,ZAR,1208856
ONEG2EU1,,Sonos,Sonos One Gen2 Ultimate Wireless Smart Bookshelf Speaker - White (S18),5216.52,0,ZAR,1208855
ONESLEU1BLK,,Sonos,Sonos One SL Ultimate Wireless Smart Bookshelf Speaker - Black (S22),4781.74,0,ZAR,1208860
ONESLEU1,,Sonos,Sonos One SL Ultimate Wireless Smart Bookshelf Speaker - White (S22),4781.74,0,ZAR,1208859
SS1WMWW1BLK,,Sonos,Sonos One Wall Mount - Black,1129.57,0,ZAR,1209534
SS1WMWW1,,Sonos,Sonos One Wall Mount - White,1129.57,0,ZAR,1209533
ONEG1EU1,,Sonos,SONOS ONE WHITE,5216.52,0,ZAR,1208853
OUTDRWW1,,Sonos,Sonos Outdoor by Sonance {Pair} 8518.22.00.90,13042.6087,0,ZAR,1208886
PORT1EU1BLK,,Sonos,Sonos PORT EU (Black) S23,11303.48,0,ZAR,1209178
PORT1UK1BLK,,Sonos,Sonos PORT UK (Black) S23,10433.91,0,ZAR,1209179
RAYG1EU1BLK,,Sonos,Sonos Ray Black ,5651.3,0,ZAR,1208497
RAYG1EU1BLK,,Sonos,Sonos Ray Optical/WiFi Smart Soundbar - Black (S36),6086.09,0,ZAR,1209287
RAYG1EU1,,Sonos,Sonos Ray Optical/WiFi Smart Soundbar - White (S36),6086.09,0,ZAR,1209286
RAYWMWW1BLK,,Sonos,Sonos Ray Wall Mount WW Black,1477.39,0,ZAR,1209288
FURYEU1,,Sonos,Sonos Ray white marketing stock (RAYG1EU1),5651.3,0,ZAR,1208496
ROAM1R21BLK,,Sonos,Sonos Roam Portable Smart Speaker - Black (S27),3912.17,0,ZAR,1209316
ROAM1R21,,Sonos,Sonos Roam Portable Smart Speaker - White (S27),3912.17,0,ZAR,1209315
RMSL1R21BLK,,Sonos,Sonos Roam SL Portable Smart Speaker - Black (S27),3477.39,0,ZAR,1209312
RMSL1R21,,Sonos,Sonos Roam SL Portable Smart Speaker - White (S27),3477.39,0,ZAR,1209311
RMWCHEU1BLK,,Sonos,Sonos Roam Wireless Charger - Black,955.65,0,ZAR,1209314
RMWCHEU1,,Sonos,Sonos Roam Wireless Charger - White,955.65,0,ZAR,1209313
SUBG3UK1,,Sonos,Sonos Sub (Gen3) White,16520.87,0,ZAR,1209581
SUBG3EU1BLK,,Sonos,Sonos Sub Gen3 Wireless Smart Subwoofer - Black (S26),17390.43,0,ZAR,1209580
SUBG3EU1,,Sonos,Sonos Sub Gen3 Wireless Smart Subwoofer - White (S26),17390.43,0,ZAR,1209579
SUBM1EU1BLK,,Sonos,Sonos Sub Mini Smart Subwoofer - Black (S37),10433.91,0,ZAR,1209583
SUBM1EU1,,Sonos,Sonos Sub Mini Smart Subwoofer - White (S37),10433.91,0,ZAR,1209582
ARCWMWW1BLK,,Sonos,Sonos Wall Mount For ARC Soundbar Black,1477.39,0,ZAR,1207977
BM1WMWW1BLK,,Sonos,Sonos Wall Mount For Beam Soundbar - Black,1477.39,0,ZAR,1208005
BM1WMWW1,,Sonos,Sonos Wall Mount For Beam Soundbar - White,1477.39,0,ZAR,1208004
SOUND1250,,Vogels,SOUND 1250 - Sound Bar Mount,817.39,0,ZAR,1209492
SOUND3200,,Vogels,SOUND 3200 Loudspeaker Wall Mount Black,660.87,0,ZAR,1209493
SOUND3200W,,Vogels,SOUND 3200 Loudspeaker Wall Mount White,660.87,0,ZAR,1209494
SOUND3205B,,Vogels,SOUND 3205 Universal L speaker wall mount Black,2781.74,0,ZAR,1209495
SOUND3205W,,Vogels,SOUND 3205 Universal L speaker wall mount White,2781.74,0,ZAR,1209496
SOUND3305B,,Vogels,SOUND 3305 Universal L speaker floor stand Black,4346.96,0,ZAR,1209497
SOUND3305W,,Vogels,SOUND 3305 Universal L speaker floor stand White,4346.96,0,ZAR,1209498
SOUND3400,,Vogels,SOUND 3400 Cable Column Mount,1243.48,0,ZAR,1209499
SOUND3450,,Vogels,SOUND 3450 Soundbar Wall Mount,1782.61,0,ZAR,1209500
SOUND3550,,Vogels,SOUND 3550 UNIVERSAL SOUNDBARMOUNT,1738.26,0,ZAR,1209501
SOUND4113B,,Vogels,SOUND 4113 SONOS PLAY:1/3 table-top stand Black,530.43,0,ZAR,1209502
SOUND4113W,,Vogels,SOUND 4113 SONOS PLAY:1/3 table-top stand White,530.43,0,ZAR,1209503
SOUND4201B,,Vogels,SOUND 4201 Loudspeaker Wall Mount for SONOS ONE/PLAY:1 Black,1129.57,0,ZAR,1209504
SOUND4201W,,Vogels,SOUND 4201 Loudspeaker Wall Mount for SONOS ONE/PLAY:1 White,1129.57,0,ZAR,1209505
SOUND4203B,,Vogels,Sound 4203 Sonos Play 3 Wall Mount Black,878.26,0,ZAR,1209506
SOUND4203W,,Vogels,Sound 4203 Sonos Play 3 Wall Mount White,878.26,0,ZAR,1209507
SOUND4301B,,Vogels,SOUND 4301 Loudspeaker Stand for SONOS ONE/PLAY:1 Black,2433.91,0,ZAR,1209508
SOUND4301W,,Vogels,SOUND 4301 Loudspeaker Stand for SONOS ONE/PLAY:1 White,2433.91,0,ZAR,1209509
SOUND4303B,,Vogels,SOUND 4303 Sonos Play 3 Floorstand Black,1643.48,0,ZAR,1209510
SOUND4303W,,Vogels,SOUND 4303 Sonos Play 3 Floorstand White,1643.48,0,ZAR,1209511
SOUND5201B,,Vogels,SOUND 5201 Denon HEOS 1 wall mount Black,773.91,0,ZAR,1209512
SOUND5201W,,Vogels,SOUND 5201 Denon HEOS 1 wall mount White,773.91,0,ZAR,1209513
SOUND5203B,,Vogels,SOUND 5203 Denon HEOS 3 wall mount Black,1017.39,0,ZAR,1209514
SOUND5203W,,Vogels,SOUND 5203 Denon HEOS 3 wall mount White,101839,0,ZAR,1209515
SOUND5313B,,Vogels,SOUND 5313 Denon HEOS 1 / 3 floor stand Black,1860.87,0,ZAR,1209516
SOUND5313W,,Vogels,SOUND 5313 Denon HEOS 1 / 3 floor stand White,186187,0,ZAR,1209517
SPEKTOR 1 B,,Dali,SPEKTOR 1 BLACK BOOKSHELF SPEAKER,4086.09,0,ZAR,1209518
SPEKTOR 1 WAL,,Dali,SPEKTOR 1 WALNUT BOOKSHELF SPEAKER,4086.09,0,ZAR,1209519
SPEKTOR 2 B,,Dali,SPEKTOR 2 BLACK BOOKSHELF SPEAKER,6086.09,0,ZAR,1209520
SPEKTOR 2 WAL,,Dali,SPEKTOR 2 WALNUT BOOKSHELF SPEAKER,6086.09,0,ZAR,1209521
SPEKTOR 6 B,,Dali,SPEKTOR 6 BLACK FLOOR STANDING SPEAKER,13042.61,0,ZAR,1209522
SPEKTOR 6 WAL,,Dali,SPEKTOR 6 WALNUT FLOOR STANDING SPEAKER,13042.61,0,ZAR,1209523
SPEKTOR VOK B,,Dali,SPEKTOR VOKAL BLACK CENTER SPEAKER,3912.17,0,ZAR,1209524
SPEKTOR VOK WAL,,Dali,SPEKTOR VOKAL WALNUT CENTER SPEAKER,3912.17,0,ZAR,1209525
SPMAX12,,HDANYWHERE,Splitter MAX 1x2,2607.83,0,ZAR,1209531
SPMAX14,,HDANYWHERE,Splitter MAX 1x4,3999.13,0,ZAR,1209532
SPK-SUR3STAND-00,,SAVANT,STAND FOR SMART AUDIO SURROUND SPEAKERS,7935.65,0,ZAR,1209528
SHA-EHBPL10-00,,SAVANT,STANDARD SHADE BRACKET HANGER BOLT 10 PACK,1263.48,0,ZAR,1209458
SHA-T8FT10PK-00,,SAVANT,STANDARD SHADE TUBE -8 FOOT (PACK OF 10),12108.7,0,ZAR,1209468
DMX-TWKITB-00,,SAVANT,START KIT FOR DMX TUNABLE WHITE STRIP LIGHTING (10M),15080.87,0,ZAR,1208251
DMX-TWKITW-00,,SAVANT,START KIT FOR DMX TUNABLE WHITE STRIP LIGHTING (5M),7540,0,ZAR,1208252
DMX-WRGBKITB-00,,SAVANT,START KIT FOR DMX WRGB STRIP LIGHTING (10M),15080.87,0,ZAR,1208253
DMX-WRGBKITW-00,,SAVANT,START KIT FOR DMX WRGB STRIP LIGHTING (5M),7540,0,ZAR,1208254
STEREO3.5MM,,HDANYWHERE,STEREO CABLE 3.5mm To 3.5mm 1m,147.83,0,ZAR,1209550
STP-MOUNTID-00,,SAVANT,STRIP MOUNTING RAIL - INDOOR (5 PACK),2800,0,ZAR,1209551
STP-MOUNTOD-00,,SAVANT,STRIP MOUNTING RAIL - OUTDOOR (5 PACK),2800,0,ZAR,1209552
STUDIO39-BG,,SAVANT,STUDIO 39 SOUNDBAR WITH GRILLE - BLACK,14574.78,0,ZAR,1209566
STUDIO46-BG,,SAVANT,STUDIO 46 SOUNDBAR WITH GRILLE - BLACK,18218.26,0,ZAR,1209567
STUDIO55-BG,,SAVANT,STUDIO 55 SOUNDBAR WITH GRILLE - BLACK,21862.61,0,ZAR,1209568
STUDIO65-BG,,SAVANT,STUDIO 65 SOUNDBAR WITH GRILLE - BLACK,25506.09,0,ZAR,1209569
MNT-STUDIO-TV-00,,SAVANT,STUDIO SOUNDBAR TV MOUNT,1969.57,0,ZAR,1208746
RCC160-MK2-PC,,SAVANT,SUB 160V2 (PRE CONSTRUCTION),21254.78,0,ZAR,1209292
SUB E-12F,,Dali,SUB E-12F SUBWOOFER Black,13469.57,0,ZAR,1209570
SUB E-12F W,,Dali,SUB E-12F WHITE SUBWOOFER,13469.57,0,ZAR,1209571
SUB E-9F B,,Dali,SUB E-9F BLACK SUBWOOFER,9991.3,0,ZAR,1209573
SUB E-9F W,,Dali,SUB E-9F WHITE SUBWOOFER,9991.3,0,ZAR,1209574
SUBG1EU1BLK,,Sonos,SUB EU (Gloss Black G1),12173.04,0,ZAR,1209578
SUB K-14F B,,Dali,SUB K-14F BLACK SUBWOOFER,26078.26,0,ZAR,1209575
SUB P-10DSS B,,Dali,SUB P-10DSS BLACK HIGH GLOSS SUBWOOFER,46947.83,0,ZAR,1209576
SUB210BL,,Jamo,SUB210 Black,4781.74,0,ZAR,1209577
SUR55TB,,M&K Sound,SUR55T Black Pair,34208.6957,0,ZAR,1209584
9155062,,SAVANT,SURFACE MOUNT BACKPLATE FOR KEYPAD DOOR STATION,0,0,ZAR,1207668
9155068,,SAVANT,SURFACE MOUNT BACKPLATE FOR SINGLE HEIGHT DOOR STATION,0,0,ZAR,1207669
DOR-SM0B-00,,SAVANT,SURFACE MOUNT DOOR STATION BLACK,38059.1304,0,ZAR,1208262
DOR-SM0S-00,,SAVANT,SURFACE MOUNT DOOR STATION SILVER,36628.7,0,ZAR,1208263
DOR-SMB-00,,SAVANT,SURFACE MOUNT SINGLE HEIGHT DOOR STATION BLACK,35614.78,0,ZAR,1208264
DOR-SMS-00,,SAVANT,SURFACE MOUNT SINGLE HEIGHT DOOR STATION SILVER,35611.3,0,ZAR,1208265
SWITCHERMAX41,,HDANYWHERE,Switcher MAX (4x1),3912.17,0,ZAR,1209587
C11028,,Cambridge Audio,Symphony 100 - 100M Speaker Cable,4346.96,0,ZAR,1208024
C11029,,Cambridge Audio,Symphony 200 - 100M Speaker Cable,6086.09,0,ZAR,1208025
C11031,,Cambridge Audio,Symphony 400 - 50M Speaker Cable,5216.52,0,ZAR,1208026
ITP-TBLTOP80-00,,SAVANT,TABLE TOP DOCK FOR SAVANT TOUCH 8,8617.39,0,ZAR,1208645
PTS1107,,Vogels,TABLOCK - Samsung Galaxy 10.1,2695.65,0,ZAR,1209213
9155038,,SAVANT,TAMPER SWITCH,0,0,ZAR,1207666
CLI-THFM1-00,,SAVANT,TEMP AND HUMIDITY SENSOR FLUSH MOUNT,8343.48,0,ZAR,1208093
THIN405,,Vogels,THIN 405 Fixed TV Wall Mount,1408.7,0,ZAR,1209592
THIN415,,Vogels,THIN 415 Tilting TV Wall Mount,2104.35,0,ZAR,1209593
THIN425,,Vogels,THIN 425 Full-Motion TV Wall Mount,3504.35,0,ZAR,1209594
THIN445,,Vogels,THIN 445 Full-Motion TV Wall Mount,4669.57,0,ZAR,1209595
THIN445WH,,Vogels,THIN 445 Full-Motion TV Wall Mount White,466957,0,ZAR,1209596
THIN505,,Vogels,THIN 505 Fixed TV Wall Mount,1869.57,0,ZAR,1209597
THIN515,,Vogels,THIN 515 Tilting TV Wall Mount,2565.22,0,ZAR,1209598
THIN525,,Vogels,THIN 525 Full-Motion TV Wall Mount,4669.57,0,ZAR,1209599
THIN545,,Vogels,THIN 545 Full-Motion TV Wall Mount,6417.39,0,ZAR,1209600
THIN545W,,Vogels,THIN 545 Full-Motion TV Wall Mount White,641739,0,ZAR,1209601
THIN546,,Vogels,THIN 546 Full-Motion TV Wall Mount Universal OLED,6260.87,0,ZAR,1209602
THIN550,,Vogels,THIN 550 Full-Motion TV Wall Mount,7452.17,0,ZAR,1209603
THIN595,,Vogels,THIN 595 Double Stud Adapter (525/545/550),1808.7,0,ZAR,1209604
THIN215,,Vogels,THIN215 LED wall support,2052.17,0,ZAR,1209590
THIN325,,Vogels,THIN325 Tilt/turn Single Arm,4469.57,0,ZAR,1209591
TVM 3415,,Vogels,TILT MOUNT MEDIUM,1564.35,0,ZAR,1209623
TMS1010,,Vogels,TMS 1010  Tablet Wall Pack,686.96,0,ZAR,1209608
VTMS1010,,Vogels,TMS 1010  Tablet Wall Pack,686.96,0,ZAR,1209674
TMS1020,,Vogels,TMS 1020 Tablet Car Pack,1208.7,0,ZAR,1209609
TMS1030,,Vogels,TMS 1030 Tablet Flex Pack,1582.61,0,ZAR,1209610
TMS1050,,Vogels,TMS 1050  Tablet Dashboard Pack,791.3,0,ZAR,1209611
STP-TWT-00,,SAVANT,TUNABLE WHITE 3-WAY T COUPLER (10 PACK),1292.17,0,ZAR,1209558
STP-TWJUMPER-00,,SAVANT,TUNABLE WHITE JUMPER (10 PACK),430.43,0,ZAR,1209557
STP-TW10MID-00,,SAVANT,TUNABLE WHITE LIGHT STRIP - INDOOR (10M),6462.61,0,ZAR,1209555
STP-TWCOUPLER-00,,SAVANT,TUNABLE WHITE STRAIGHT COUPLER (10 PACK),322.61,0,ZAR,1209556
TVM 3215,,Vogels,TVM 3215 Tilting TV Wall Mount,1129.57,0,ZAR,1209619
TVM 3405,,Vogels,TVM 3405 Fixed TV Wall Mount,1216.52,0,ZAR,1209622
TVM 3605,,Vogels,TVM 3605 Fixed TV Wall Mount,1651.3,0,ZAR,1209626
TVM 3615,,Vogels,TVM 3615 Tilting TV Wall Mount,2086.09,0,ZAR,1209627
TVM 3645,,Vogels,TVM 3645 Full-Motion TV Wall Mount,6086.09,0,ZAR,1209629
TVM 5405,,Vogels,TVM 5405 Fixed TV Wall Mount,1912.17,0,ZAR,1209630
TVM 5445,,Vogels,TVM 5445 Full-Motion TV Wall Mount,6520.8696,0,ZAR,1209631
TVM 5605,,Vogels,TVM 5605 Fixed TV Wall Mount,2260.8696,0,ZAR,1209632
TVM 5645,,Vogels,TVM 5645 Full-Motion TV Wall Mount,7826.087,0,ZAR,1209633
TVM 5845,,Vogels,TVM 5845 Full-Motion TV Wall Mount,9216.52,0,ZAR,1209634
TVM 5855,,Vogels,TVM 5855 Full-Motion TV Wall Mount,9216.52,0,ZAR,1209635
TVM 7655,,Vogels,TVM 7655 Full-Motion TV Wall Mount,13912.17,0,ZAR,1209636
TVM 7675,,Vogels,TVM 7675 Full-Motion TV Wall Mount,27825.22,0,ZAR,1209637
300317-0-0,,Dali,TWEETER MODULE IKON MK2 LARGE,2947.83,0,ZAR,1207552
TX-8270(B),,Onkyo,TX-8270 BLACK NETWORK STEREO RECEIVER,15651.3,0,ZAR,1209639
TX-SR393(B),,Onkyo,TX-SR393 BLACK 5.1 A/V BLUETOOTH RECEIVER,6520.87,0,ZAR,1209642
C1070,,Cambridge Audio,Ultra 100- 100m Speaker Cable,8694.78,0,ZAR,1208016
V10B+,,M&K Sound,V10+ Black,37226.087,0,ZAR,1209648
V12B+,,M&K Sound,V12+ Black,51382.6087,0,ZAR,1209649
V12W+,,M&K Sound,V12+ White,51382.6087,0,ZAR,1209650
V15B+,,M&K Sound,V15+ Black,79478.2609,0,ZAR,1209651
V8B,,M&K Sound,V8 Black,16947.83,0,ZAR,1209660
VA500,,M&K Sound,VA500 Amp,34286.9565,0,ZAR,1209661
SHA-FBINDVERTILUX-01,,SAVANT,VERTILUX BINDERS FOR SAMPLES OF ALL VERTILUX FABRIC SAVANT IS OFFERING,8054.78,0,ZAR,1209461
VLB200,,Vogels,VLB 200 Loudspeaker Wall Mount,1564.35,0,ZAR,1209662
VLB500B,,Vogels,VLB 500 Loudspeaker Wall Mount,607.83,0,ZAR,1209663
VLB500S,,Vogels,VLB 500 Loudspeaker Wall Mount,607.83,0,ZAR,1209664
WALL1120,,Vogels,WALL 1120 BLACK TURN 60 WALL MOUNT 19-37,7452.17,0,ZAR,1209675
WALL3105,,Vogels,WALL 3105,513.04,0,ZAR,1209677
WALL3115,,Vogels,WALL 3115 Tilting TV Wall Mount,565.22,0,ZAR,1209678
WALL3125,,Vogels,WALL 3125 Full-Motion TV Wall Mount,1643.48,0,ZAR,1209679
WALL3145,,Vogels,WALL 3145 Full-Motion TV Wall Mount,2356.52,0,ZAR,1209680
WALL3145W,,Vogels,WALL 3145 Full-Motion TV Wall Mount White,2356.52,0,ZAR,1209681
WALL3205,,Vogels,WALL 3205 Fixed TV Wall Mount,756.52,0,ZAR,1209682
WALL3215,,Vogels,WALL 3215 Tilting TV Wall Mount,1643.48,0,ZAR,1209683
WALL3225,,Vogels,WALL 3225 Full-Motion TV Wall Mount,2704.35,0,ZAR,1209684
WALL3245,,Vogels,WALL 3245 Full-Motion TV Wall Mount,3686.96,0,ZAR,1209685
WALL3245W,,Vogels,WALL 3245 Full-Motion TV Wall Mount White,4000,0,ZAR,1209686
WALL3250,,Vogels,WALL 3250 Full-Motion TV Wall Mount,5217.39,0,ZAR,1209687
WALL3305,,Vogels,WALL 3305 Fixed TV Wall Mount,1043.48,0,ZAR,1209688
WALL3315,,Vogels,WALL 3315 Tilting TV Wall Mount,1643.48,0,ZAR,1209689
WALL3325,,Vogels,WALL 3325 Full-Motion TV Wall Mount,3521.74,0,ZAR,1209690
WALL3345,,Vogels,WALL 3345 Full-Motion TV Wall Mount,4704.35,0,ZAR,1209691
WALL3345W,,Vogels,WALL 3345 Full-Motion TV Wall Mount White,4217.39,0,ZAR,1209692
WALL3350,,Vogels,WALL 3350 Full-Motion TV Wall Mount,6808.7,0,ZAR,1209693
WALL3450,,Vogels,WALL 3450 Full-Motion TV Wall Mount,8626.09,0,ZAR,1209694
PFA9142,,Vogels,WALL SUPPORT EXTENSION KIT 2 ARMS FOR PFA 9141,2173.04,0,ZAR,1208980
PFA9143,,Vogels,WALL SUPPORT EXTENSION KIT 3 ARMS FOR PFA 9141,3129.57,0,ZAR,1208981
PFA9141,,Vogels,WALL SUPPORT SLIDING BRACKET BASIC KIT LONG,3651.3,0,ZAR,1208979
PFA9144,,Vogels,WALL SUPPORT SLIDING BRACKET BASIC KIT SHORT,2955.65,0,ZAR,1208982
SSC-W103I-00,,SAVANT,WI-FI IR LEARNING CONTROLLER WITH 3 IR OUTPUTS,9848.7,0,ZAR,1209542
SHA-B5WBA-00,,SAVANT,WIDE COUPLER FOR DUAL MOTOR (BLACK ALUMINUM),9009.57,0,ZAR,1209440
SHA-B5WSA-00,,SAVANT,WIDE COUPLER FOR DUAL MOTOR (SILVER ALUMINUM),9009.57,0,ZAR,1209442
LCB-010V8-01,,SAVANT,WIRED 0-10V CONTROL 8 CHANNELS,16414.78,0,ZAR,1208677
SHA-MGEIGCTRL-00,,SAVANT,WIRED CONTROLLER FOR GEIGER WIRED MOTORS,18019.13,0,ZAR,1209463
LCB-DMX1-01,,SAVANT,WIRED DMX LOW VOLTAGE LIGHTING CONTROLLER,16414.78,0,ZAR,1208678
350335-0-0,,Dali,WOOFER OBERON 5 AND VOKAL. 5.25 INCH,1730.43,0,ZAR,1207554
350319-0-0,,Dali,WOOFER OPTICON 5 & VOKAL 6.5 spare part,1730.43,0,ZAR,1207553
350803-0-0,,Dali,WOOFER RUBICON VOKAL @DD 6.5 INCH,1730.43,0,ZAR,1207555
350822-0-0,,Dali,WOOFER RUBICON VOKAL @DD 6.5 INCH,1730.43,0,ZAR,1207556
STP-WRGBJUMPER-00,,SAVANT,WRGB JUMPER (10 PACK),538.26,0,ZAR,1209562
STP-WRGB10MID-00,,SAVANT,WRGB LIGHT STRIP - INDOOR (10M),6462.61,0,ZAR,1209559
STP-WRGB10MOD-00,,SAVANT,WRGB LIGHT STRIP - OUTDOOR (10M),9694.78,0,ZAR,1209560
STP-WRGBCOUPLER-00,,SAVANT,WRGB STRAIGHT COUPLER (10 PACK),322.61,0,ZAR,1209561
STP-WRGBT-00,,SAVANT,WRGB T 3 WAY T COUPLER (10 PACK),1400,0,ZAR,1209563
X10B,,M&K Sound,X10 Black,43477.39,0,ZAR,1209760
X10B+,,M&K Sound,X10+ Black,118086.9565,0,ZAR,1209761
X12B,,M&K Sound,X12 Black,56520.87,0,ZAR,1209762
X12B+,,M&K Sound,X12+ Black,99999.13,0,ZAR,1209763
X15B+,,M&K Sound,X15+ Black,169852.1739,0,ZAR,1209764
XTND2K150,,HDANYWHERE,XTND 2K 150m,5216.52,0,ZAR,1209769
XTND2KP30,,HDANYWHERE,XTND 2K 30m POE,2607.83,0,ZAR,1209773
XTND2K60,,HDANYWHERE,XTND 2K 60m,2607.83,0,ZAR,1209772
XTND2K30PSU,,HDANYWHERE,XTND 2K30 PSU 5V 1A,478.26,0,ZAR,1209770
XTND2K40PSU,,HDANYWHERE,XTND 2K40 PSU 5V 1A,478.26,0,ZAR,1209771
XTND 4K100TPC,,HDANYWHERE,XTND 4K (100) WITH TPC,8694.78,0,ZAR,1209766
XTND4K141TPC,,HDANYWHERE,XTND 4K (1x4+1) Splitter,17382.61,0,ZAR,1209777
XTND 4K40 TPC,,HDANYWHERE,XTND 4K (40) WITH TPC,6086.09,0,ZAR,1209767
XTND4K100TPC,,HDANYWHERE,XTND 4K 100m HDBaseT 2.0 incl LAN out,8339.13,0,ZAR,1209775
XTND4K40ARC,,HDANYWHERE,XTND 4K 40m (70m 1080P) ARC,6521.74,0,ZAR,1209778
XTND4K100PSU,,HDANYWHERE,XTND 4K100 Multi PSU 24V 1A,478.26,0,ZAR,1209774
XTND 4K100 TPC + ARC,,HDANYWHERE,XTND 4K100 TPC + ARC,10433.91,0,ZAR,1209765
XTND 4K40 TPC + ARC,,HDANYWHERE,XTND 4K40 TPC + ARC,10433.91,0,ZAR,1209768
XTND4K14140TPC,,HDANYWHERE,XTND 4K40 TPC Splitter (1x4+1) 2020,17390.43,0,ZAR,1209776
SKIN-GUARDIAN-PETALS,,ICRealtime,YELLOW SILICON SKIN FOR THE GUARDIAN CAMERA,648.7,0,ZAR,1209476
Zpre3,,Parasound,Z Pre3 Preamplifier,17382.61,0,ZAR,1209790
Zampv3,,Parasound,Z Series Amplifier v 3,14773.91,0,ZAR,1209782
Zacv2,,Parasound,zDAC v2 Black,19121.74,0,ZAR,1209781
ZENSOR 3 W,,Dali,ZENSOR 3 WHITE BOOKSHELF SPEAKER,8086.09,0,ZAR,1209783
ZM2,,Parasound,ZM 2Universal 2Ch- 4 Speaker 120w/ch & Sub Amplifier (1/2RU),26086.08,0,ZAR,1209786
ZRK,,Parasound,Zonemaster Rack Mount Kit,2339.13,0,ZAR,1209791