sku,name,category,price_zar,unit,qty_on_hand,last_updated
IPMX-E20F-IRB2,"ICREALTIME 2 Megapixel IP Camera 1/2.8"" 2M CMOS H.265/H.2641080P(130fps) True WDR (120dB)",Uncategorised,8606.09,Units,0,2026-07-23 09:00:39
IPMX-B20F-IRW2,"ICREALTIME 2 Megapixel IP Camera 1/2.8"" 2M CMOS H.265/H.2641080P(1~30fps) True WDR (120dB)",Uncategorised,7795.65,Units,0,2026-05-18 09:47:30
IPMX-D20F-IRW2,"ICREALTIME 2 Megapixel IP Camera 1/2.8"" 2M Exmor CMOS H.265/H.2641080P(1~60fps) True WDR",Uncategorised,8380.87,Units,0,2026-07-23 09:01:10
PW-MP-06,"PLANETWAVES 1/8"" Stereo Male to Dual Unterminated -6'",Miscellaneous,377.39,Units,0,2026-05-18 09:47:30
IPMX-E20F-IRW2,"2 MP IP 1/2.8"" 2M Exmor CMOS H.265/H.264.1080P(1~60fps) True WDR (120dB) IR 30m 3.6mm lens IP67",Miscellaneous,7875.65,Units,0,2026-05-18 09:47:30
72326,"CONNECT PRO Case 12.9"" Black (5th Gen)",Miscellaneous,8778.26,Units,0,2026-07-01 09:33:39
72327,"CONNECT PRO Case 12.9"" White (5th Gen)",Miscellaneous,8778.26,Units,0,2026-05-18 09:47:30
72324,"CONNECT PRO Case iPAD Air Black 10.9"" or Pro 11""(5th Gen / 3rd Gen)",Miscellaneous,8778.26,Units,0,2026-05-18 09:47:30
72325,"CONNECT PRO Case iPAD Air White 10.9"" or Pro 11""(5th Gen / 3rd Gen)",Miscellaneous,8778.26,Units,0,2026-05-18 09:47:30
70704,"IPORT SURFACE MOUNT BEZEL SILVER works with iPad Pro 9.7""  Air 2 and iPad Air",Miscellaneous,13685.22,Units,0,2026-05-18 09:47:30
46KB6G,"KICKER KB6 6.5"" 2-WAY FULL RA",Miscellaneous,3477.39,Units,0,2026-05-18 09:47:30
46KB6B,"KICKER KB6 6.5"" 2-WAY FULL RA",Miscellaneous,3477.39,Units,0,2026-05-18 09:47:30
70301,LAUNCH AP.5 SLEEVE WHITE works with iPad Pro 9.7,Miscellaneous,6290.43,Units,0,2026-05-18 09:47:30
DLA-Z1E,"New 0.7""4K/3000lm/Laser Phosphor for Custom Install",Miscellaneous,868695.7,Units,0,2026-05-18 09:47:30
Callout,* Identified an IP issue preventing C4 DIN rail devices from connecting. * Reserved IP addresses for all C4 devices. * Found 4 non-working C4 keypads;,Miscellaneous,785.71,Units,0,2026-07-22 10:06:39
RB-WES,0.5M RPSMA Male to RPSMA Female Cable,Miscellaneous,135.0,Units,0,2026-05-18 09:47:30
WL-SMA-0.5,0.5M SMA R/P to N-Type Male LMR Cable,Miscellaneous,165.0,Units,0,2026-05-18 09:47:30
SLIMMAX8K0.5M,0.5m 8K Ultra High Speed Slimwire Max (48G),Miscellaneous,520.87,Units,0,2026-05-18 09:47:30
EVERG0.6R,0.6M EVERGREEN RCA-RCA,Miscellaneous,1478.26,Units,0,2026-05-18 09:47:30
GOLDG0.6R,0.6M GOLDEN GATE RCA-RCA,Miscellaneous,2173.91,Units,0,2026-05-18 09:47:30
TOWER0.6R,0.6M TOWER RCA-RCA,Miscellaneous,956.52,Units,0,2026-05-18 09:47:30
COAXCIN0.75,0.75M DIGITAL COAX CINNAMON,Miscellaneous,1565.22,Units,0,2026-05-18 09:47:30
COAXFOR0.75,0.75M DIGITAL COAX FOREST,Miscellaneous,782.61,Units,0,2026-05-18 09:47:30
HQP6-1,1 Link Processor,Uncategorised,23043.38,Units,0,2026-07-20 10:20:55
CAB-BNC-1M,1 Meter cable with bnc male connectors,Miscellaneous,21.75,Units,0,2026-05-18 09:47:30
HDM48CAR100,1.0M 48G CARBON HDMI,Miscellaneous,3826.09,Units,0,2026-05-18 09:47:30
HDM48CIN100,1.0M 48G CINNAMON HDMI,Miscellaneous,2521.74,Units,0,2026-05-18 09:47:30
HDM48FOR100,1.0M 48G FOREST HDMI,Miscellaneous,1565.22,Units,0,2026-05-18 09:47:30
HDM48PEA100,1.0M 48G PEARL HDMI,Miscellaneous,782.61,Units,0,2026-05-18 09:47:30
EVERG01R,1.0M EVERGREEN RCA-RCA,Miscellaneous,1565.22,Units,0,2026-05-18 09:47:30
GOLDG01R,1.0M GOLDEN GATE RCA-RCA,Miscellaneous,2347.83,Units,0,2026-05-18 09:47:30
NRGY2EU01,1.0M NRG-Y2 EU POWER CORD,Miscellaneous,2173.04,Units,0,2026-05-18 09:47:30
NRGY3EU01,1.0M NRG-Y3 EU POWER CORD,Miscellaneous,2607.83,Units,0,2026-05-18 09:47:30
NRGZ2EU01,1.0M NRG-Z2 EU POWER CORD,Miscellaneous,3477.39,Units,0,2026-05-18 09:47:30
NRGZ3EU01,1.0M NRG-Z3 EU POWER CORD,Miscellaneous,4346.96,Units,0,2026-05-18 09:47:30
TOWER01R,1.0M TOWER RCA-RCA,Miscellaneous,956.52,Units,0,2026-05-18 09:47:30
CAB-RAW-RIP-C-1.5MM,1.5 RIPCORD RED/BLACK P/M,Miscellaneous,15.86,Units,0,2026-07-22 10:09:01
COAXCIN01.5,1.5M DIGITAL COAX CINNAMON,Miscellaneous,1913.04,Units,0,2026-05-18 09:47:30
COAXFOR01.5,1.5M DIGITAL COAX FOREST,Miscellaneous,956.52,Units,0,2026-05-18 09:47:30
EVERG01.5R,1.5M EVERGREEN RCA-RCA,Miscellaneous,1739.13,Units,0,2026-05-18 09:47:30
GOLDG01.5R,1.5M GOLDEN GATE RCA-RCA,Miscellaneous,2521.74,Units,0,2026-05-18 09:47:30
TOWER01.5MR,1.5M TOWER 3.5M-RCA,Miscellaneous,1130.43,Units,0,2026-05-18 09:47:30
TOWER01.5R,1.5M TOWER RCA-RCA,Miscellaneous,1130.43,Units,0,2026-05-18 09:47:30
CAB-PWR-1H-D-1.8M,1.8M SINGLE HEADED DEDICATED POWER CABLE PC-LIN6DCIC073BK1.8,Miscellaneous,57.86,Units,0,2026-07-22 10:14:32
POWC,1.8m Dedicated Clover Power Cord,Miscellaneous,50.0,Units,0,2026-05-18 09:47:30
POW8,1.8m Dedicated Figure 8 Power Cord,Miscellaneous,50.0,Units,0,2026-05-18 09:47:30
POW-D,1.8m IEC Power Cord With Dedicated Plug Top,Miscellaneous,50.0,Units,0,2026-05-18 09:47:30
POW-M-F,1.8m Male - Female IEC Power Lead,Miscellaneous,60.0,Units,0,2026-05-18 09:47:30
IEC-C,1.8m Male IEC to Clover Cable,Miscellaneous,60.0,Units,0,2026-05-18 09:47:30
POW-DR,1.8m Right Angled IEC Power Cord With Dedicated Plug Top,Miscellaneous,60.0,Units,0,2026-05-18 09:47:30
HDM48CCOLA1000,10.0M 48G Cherry Cola HDMI AOC,Miscellaneous,19043.48,Units,0,2026-05-18 09:47:30
HDMFOR10A,10.0M FOREST HDMI,Miscellaneous,8086.96,Units,0,2026-05-18 09:47:30
HDMPEA10A,10.0M PEARL HDMI,Miscellaneous,5217.39,Units,0,2026-05-18 09:47:30
100w Led Floodlight,100w Led Floodlight 4kv Surge Protected - Flash,CCTV,665.0,Units,0,2026-07-28 15:03:47
MP-EX10,10M 10A Extension Cord with Double Coupler,Miscellaneous,215.0,Units,0,2026-05-18 09:47:30
NET-SOCK-CS20-10M,"10M CABLE SOCK, 20MM | 10M CABLE SOCK, 20MM CS-20-10M",Miscellaneous,539.57,Units,0,2026-07-22 10:08:58
NET-SOCK-CS55-10M,"10M CABLE SOCK, 55MM",Miscellaneous,926.29,Units,0,2026-07-22 10:14:37
FIBRE-OPTICMAX8K10M,10m 8K Ultra High Speed Fibre-Optic Max (48G),Miscellaneous,4781.74,Units,0,2026-05-18 09:47:30
PWR-MP-11PS,"11B - 11 PORT MP, 1 X 10A, 5 X 6A, 5 X 15A, 5 X SW P-11B",Miscellaneous,245.71,Units,0,2026-07-22 10:08:55
POE-12G,12 Port Gigabit Passive PoE Injector,Miscellaneous,1795.0,Units,0,2026-05-18 09:47:30
HDMPEA12.5A,12.5M PEARL HDMI,Miscellaneous,6347.83,Units,0,2026-05-18 09:47:30
NVR-EL128-4U12MP1-10TB,128 CH. EMBEDDED 4K NVR ENHANCED H.265 SUPPORTS UP TO 12MP 10TB INCLUDED (MADE IN KOREA),NVR,338506.09,Units,0,2026-05-18 09:47:30
DH-IPC-EBW81242P-AS-S2,"12MP 1/1.7"" CMOS image sensor, low luminance, and high definition image.
Outputs max. 12M (4000 × 3000)@25 fps; supports 8M (3280 × 2480)@25/30 fps.
B",Uncategorised,14286.85,Units,0,2026-05-18 09:47:30
IPEL-D12V-IRW2,12MP IP IN/OUT FULL VANDAL DOME.VARIFOCAL 2.7-12MM MOTOR LENS 131 FEET SMART IR.POE+ AI.ANALYTIC,Uncategorised,31834.78,Units,0,2026-05-18 09:47:30
PSU-10A,"12V 10A 120W Switching power supply, Input:AC100-240V, Output:DC12V10A,Unit size:16.7×10.4×4.7CM, weight:490g, size:,53×41×24CM . support up to 10 CCT",Miscellaneous,333.5,Units,0,2026-05-18 09:47:30
PSU-5A,"12V 5A 60W Switching Power Supply with 4 DC connectors for CCTV, can power up to 4 cameras  at the same time.",Miscellaneous,332.05,Units,0,2026-05-18 09:47:30
BAT-12V100AH,12V100Ah Semi-Sealed Lead Acid Battery,Miscellaneous,3550.0,Units,0,2026-05-18 09:47:30
BAT-12V45AH,12V45Ah Semi-Sealed Lead Acid Battery,Miscellaneous,1945.0,Units,0,2026-05-18 09:47:30
BAT-12V7AH,12V7Ah Sealed Lead Acid Battery,Miscellaneous,250.0,Units,0,2026-05-18 09:47:30
PSU-12V36W,12VDC 36W 3 Pin Power Supply,Miscellaneous,215.0,Units,0,2026-05-18 09:47:30
PSU-12V60W,12VDC 60W IEC Power Supply with SA Cable,Miscellaneous,315.0,Units,0,2026-05-18 09:47:30
MUPS-17W8.8AH,12VDC 8.8Ah 17W Micro UPS with USB and PoE Output,Miscellaneous,575.0,Units,0,2026-05-18 09:47:30
BATT-12V7A,12v 7a battery for 10a PSU,Miscellaneous,284.2,Units,0,2026-05-18 09:47:30
HDM48CCOLA1500,15.0M 48G Cherry Cola HDMI AOC,Miscellaneous,20956.52,Units,0,2026-05-18 09:47:30
HDMPEA15A,15.0M PEARL HDMI,Miscellaneous,8260.87,Units,0,2026-05-18 09:47:30
QSH-CBLP-M-500,152 m / 500 ft spool of Plenumrated fou,Miscellaneous,40260.87,Units,0,2026-05-18 09:47:30
QSH-CBL-M-500,152 m / 500 ft spool of four conductor c,Miscellaneous,29391.3,Units,0,2026-05-18 09:47:30
PWR-ADA-2-3,15A MALE TO 10A FEMALE ADAPTER - BACK ENTRY(R-17) Aus R-17,Miscellaneous,34.29,Units,0,2026-07-22 10:14:41
FIBRE-OPTICMAX8K15M,15m 8K Ultra High Speed Fibre-Optic Max (48G),Miscellaneous,5651.3,Units,0,2026-05-18 09:47:30
NVR-EL16-2U12MP1-4TB,16 CHANNEL 2U 4K NVR - 12MP RESOLUTION - 320MBPS - H.265 - HDMI 4TB INCLUDED (MADE IN KOREA),NVR,79877.39,Units,0,2026-05-18 09:47:30
POE-16G,16 Port Gigabit Passive PoE Injector,Miscellaneous,1950.0,Units,0,2026-05-18 09:47:30
DS-3E1518P-SI,16 Port Gigabit Smart POE Switch,CCTV,7731.25,Units,0,2026-07-15 12:00:29
NVR-FX16POE-1U4K1-4TB,16CH IP 1U NVR-2HDD BAY-IP 8MP/30FPS (128MBPS)- 16 PORT POE SWITCH 4TB INCLUDED(MADE IN KOREA),NVR,47314.78,Units,0,2026-05-18 09:47:30
NVR-FX16POE-1U4K1,16CH IP 1U RACKMOUNT NVR - 2HDD - IP RESOLUTION UP TO 8MP/30FPS (128MBPS) - 16 PORT EMBEDDED POE,NVR,39804.35,Units,0,2026-05-18 09:47:30
NVR-MX16POE-1U4K1-4TB,16CH IP 1U SHELF NVR-2HDD BAY-IP 8MP/30FPS(128MBPS)-16 PORT POE SWITCH 4TB INCLUDED (MADE IN KOREA),NVR,42267.83,Units,0,2026-05-18 09:47:30
DH-PFS4218-16GT-240,"16x10/100/1000 Base-T、2x1000 Base-X；
IEEE 802.3af/802.3at/Hi-PoE
Port 1/2 ≤60W， Port 3-16 ≤30W
Total≤240W
Weight: 3.5kg
Dimension: 482mm ×300mm ×44mm",Miscellaneous,6900.41,Units,0,2026-05-18 09:47:30
DS-D5019S0-1P0_C,18.5 inch HD Borderless Monitor,Miscellaneous,1809.06,Units,0,2026-07-22 10:08:50
LCD-185,"18.5"" LCD monitor",TVs,2167.75,Units,0,2026-05-18 09:47:30
EPS1218 DC GEL,18Ah Gel battery,Miscellaneous,713.43,Units,0,2026-07-22 10:14:46
NET-CAT6-BK-1M-LQ,1M CAT6 MOULDED FLYLEAD - BLACK NET-CAT6-BK-1M-LQ,Miscellaneous,31.71,Units,0,2026-07-22 10:08:47
NET-CAT6-BK-2M-LQ,1M CAT6 MOULDED FLYLEAD - BLACK NET-CAT6-BK-1M-LQ | 2M CAT6 MOULDED FLYLEAD - BLACK NET-CAT6-BK-2M-LQ,Miscellaneous,38.64,Units,0,2026-07-22 10:14:50
NET-CAT6-BK-1M-LQ-L2-16-02,1M CAT6 MOULDED FLYLEAD BLACK,Miscellaneous,31.71,Units,0,2026-07-22 10:08:41
NRGX2EUC71M,1M NRG-X2 EU - C7 Power Cable,Miscellaneous,1129.57,Units,0,2026-05-18 09:47:30
NRGX3EUC131M,1M NRG-X3 EU - C13 Power Cable,Miscellaneous,1390.43,Units,0,2026-05-18 09:47:30
1M Rip Cord,1M Rip Cord,Speakers,1.0,Units,0,2026-07-15 12:01:04
WL-SMAM-1,1M SMA Male to SMA Male Cable,Miscellaneous,155.0,Units,0,2026-05-18 09:47:30
WL-SMA-1,1M SMA R/P to N-Type Male LMR Cable,Miscellaneous,175.0,Units,0,2026-05-18 09:47:30
HDD-WD-1TB_C,1TB Surveilance HDD,Miscellaneous,1291.8,Units,0,2026-07-22 10:14:54
NET-PP1U/BLB: 1U BLANKING PANEL,1U BLANKING PANEL,Miscellaneous,98.57,Units,0,2026-07-22 10:14:59
RCK-SH-J019-1U,1U BLANKING PANEL,Miscellaneous,79.07,Units,0,2026-07-22 10:08:34
NET-BRUSH-LQ G8-21-01,1U BRUSH PANEL WITH SHORT BASE PLATE WITH SCREWS LME101,Miscellaneous,132.86,Units,0,2026-07-22 10:15:03
RCK-SH-J017-G3-10-01,1U CANTILEVER SHELF DIM 450MM,Miscellaneous,338.0,Units,0,2026-07-22 10:08:31
RMB-SIPA12F-00,1U FRONT RACK MOUNT BRACKET FOR SINGLE ZONE AMP,Miscellaneous,1604.35,Units,0,2026-05-18 09:47:30
SLIMMAX8K1M,1m 8K Ultra High Speed Slimwire Max (48G),Miscellaneous,607.83,Units,0,2026-05-18 09:47:30
LKV824P,1×4 HDMI SPLITTER WITH EXTENDER,Video Distribution,12148.57,Units,0,2026-07-28 15:47:51
HDMI-2SPL,2 PORT HDMI SPLITTER,Miscellaneous,506.05,Units,0,2026-05-18 09:47:30
HQWT-U-P2W-GR-E,2-Button Grey Palladiom Engraved 2x4,Miscellaneous,8608.7,Units,0,2026-05-18 09:47:30
DH-IPC-HFW5241EP-ZE-27135,"2-MP 1/2.8"" CMOS image sensor, low luminance, and high definition image.Outputs max. 2 MP (1920 × 1080)@30 fps.Built-in IR LED, and the max. illuminat",Uncategorised,4844.45,Units,0,2026-05-18 09:47:30
CON-SDC2-00,2-PIN SCREW-DOWN CONNECTOR 25-PACK,Miscellaneous,1663.48,Units,0,2026-05-18 09:47:30
CON-STC2-00,2-PIN SPRING-LOADED CONNECTOR 25-PACK,Miscellaneous,3327.83,Units,0,2026-05-18 09:47:30
EUR-SCH,2-Pin Schuko to 16A 3-Pin Adaptor,Miscellaneous,16.0,Units,0,2026-05-18 09:47:30
HDM48CAR200,2.0M 48G CARBON HDMI,Miscellaneous,5739.13,Units,0,2026-05-18 09:47:30
HDM48CIN200,2.0M 48G CINNAMON HDMI,Miscellaneous,3652.17,Units,0,2026-05-18 09:47:30
HDM48FOR200,2.0M 48G FOREST HDMI,Miscellaneous,1913.04,Units,0,2026-05-18 09:47:30
HDM48PEA200,2.0M 48G PEARL HDMI,Miscellaneous,1217.39,Units,0,2026-05-18 09:47:30
BLAB02,2.0M BLACK LAB SUBWOOFER,Miscellaneous,1043.48,Units,0,2026-05-18 09:47:30
EVERG02R,2.0M EVERGREEN RCA-RCA,Miscellaneous,1913.04,Units,0,2026-05-18 09:47:30
NRGY2EU02,2.0M NRG-Y2 EU POWER CORD,Miscellaneous,2607.83,Units,0,2026-05-18 09:47:30
NRGY3EU02,2.0M NRG-Y3 EU POWER CORD,Miscellaneous,3303.48,Units,0,2026-05-18 09:47:30
NRGZ2EU02,2.0M NRG-Z2 EU POWER CORD,Miscellaneous,4520.87,Units,0,2026-05-18 09:47:30
NRGZ3EU02,2.0M NRG-Z3 EU POWER CORD,Miscellaneous,6086.09,Units,0,2026-05-18 09:47:30
TOWER02R,2.0M TOWER RCA-RCA,Miscellaneous,1217.39,Units,0,2026-05-18 09:47:30
ENS620EXT,2.4GHz/5GHz. Antenna External 2 x5 dBi. Speed 2 x 2 11ac Operating Mode: AP/WDS/Client Bridge. IP55,Dish,5403.48,Units,0,2026-05-18 09:47:30
DHI-SSD-V800S1TB,"2.5"" 1TB DAHUA Surveillance SSD",Miscellaneous,1297.75,Units,0,2026-05-18 09:47:30
HDD-1TB-25,"2.5"" 1TB hard drive for mobile DVR",Miscellaneous,1666.05,Units,0,2026-05-18 09:47:30
IR-ID,"2.5"" IR ceiling mount illuminator",Miscellaneous,1013.55,Units,0,2026-05-18 09:47:30
ROCK11B2.5FRBS,2.5M PR ROCKET 11 BK BAN/S,Miscellaneous,7304.35,Units,0,2026-05-18 09:47:30
ROCK22B2.5FRBS,2.5M PR ROCKET 22 BK BAN/S,Miscellaneous,10434.78,Units,0,2026-05-18 09:47:30
ROCK332.5PR,2.5M PR ROCKET 33 BAN/S,Miscellaneous,13999.13,Units,0,2026-05-18 09:47:30
CAB-RAW-PWR-2.5MM,"2.5MM 3 CORE BLACK POWER CABLE P/M CABTY3C2,5MM",Miscellaneous,43.06,Units,0,2026-07-22 10:15:07
MP-EX20P,20M 10A Extension Cord on Open Plastic Reel,Miscellaneous,615.0,Units,0,2026-05-18 09:47:30
POE-24G,24 Port Gigabit Passive PoE Injector,Miscellaneous,2350.0,Units,0,2026-05-18 09:47:30
NVR-FX24POE-15U4K1-8TB,24CH IP 1.5U NVR-4HDD BAY-IP 12MP/30FPS(320MBPS)-24 PORT POE SWITCH 8TB INCLUDED (MADE IN KOREA),NVR,111122.61,Units,0,2026-05-18 09:47:30
NVR-FX24POE-15U4K1,24CH IP 1.5U RACK NVR-4HDD BAY-IP 12MP/30FPS-24 PORT POE SWITCH (MADE IN KOREA),Switches,94297.39,Units,0,2026-05-18 09:47:30
PSU-24DC-5A,24V 5A DC PSU for intercom switch,Switches,433.55,Units,0,2026-05-18 09:47:30
PSU-24V120W,24VDC 120W PSU With IEC Cable,Miscellaneous,545.0,Units,0,2026-05-18 09:47:30
PSU-24V30W,24VDC 30W 3 Pin Power Supply,Miscellaneous,210.0,Units,0,2026-05-18 09:47:30
PSU-24V60W,24VDC 60W PSU With IEC Cable,Miscellaneous,325.0,Units,0,2026-05-18 09:47:30
THIP-P4078FM-IR,256X192THERMAL4MPVISIBLE HYBRID PT7MM8MMFIXED(33°/25°)TEMP/FIRE DETECT.AUTOTRACK AI ANALYTICS NOPSU,Miscellaneous,83712.17,Units,0,2026-05-18 09:47:30
NRGX2EUC72M,2M NRG-X2 EU - C7 Power Cable,Miscellaneous,1390.43,Units,0,2026-05-18 09:47:30
NRGX3EUC132M,2M NRG-X3 EU - C13 Power Cable,Miscellaneous,1738.26,Units,0,2026-05-18 09:47:30
ORB,2MP INDOOR PT WIFI CAMERA BUILT-IN MICROPHONE & SPEAKER 33FT IR TRACKING DASH CLOUD SERVICE,Uncategorised,3401.74,Units,0,2026-05-18 09:47:30
IPEG-B20F-IRW2,2MP IP INDOOR/OUTDOOR SMALL SIZE BULLET. FIXED 2.8MM LENS (110Â°). 98 FEET IR. POE CAPABLE.,Uncategorised,4280.87,Units,0,2026-05-18 09:47:30
IPEG-D20F-IRW2,2MP IP INDOOR/OUTDOOR SMALL SIZE VANDAL DOME FIXED 2.8MM LENS (110. 98 FEET IR POE CAPABLE,Uncategorised,3711.3,Units,0,2026-05-18 09:47:30
IPEG-E20F-IRW2,2MP IP INDOOR/OUTDOOR SMALL VANDAL EYEBALL DOME. FIXED 2.8MM LENS (110Â°). 98 FEET IR. POE CAPABLE.,Uncategorised,3752.17,Units,0,2026-05-18 09:47:30
GUARDI,2MP WIFI INDOOR CAMERA. DASH CLOUD SERVICE WITH DASH APP.,Uncategorised,2720.87,Units,0,2026-05-18 09:47:30
DH-IPC-HFW3241DFP-AS-4G-NL668-0360B,"2MP, 1/2.8” CMOS image sensor, low illuminance, high image definition 
Outputs max. 2MP (1920 × 1080) @25/30 fps
H.265 codec, high compression rate, l",Uncategorised,6912.15,Units,0,2026-05-18 09:47:30
DH-IPC-HFW3249T1P-AS-PV-0360B,"2MP, 1/2.8” CMOS image sensor, low illuminance, high image definition 
Outputs max. 2MP (1920 × 1080) @30 fps 
H.265 codec, high compression rate, low",Uncategorised,3451.0,Units,0,2026-05-18 09:47:30
DH-IPC-HDBW3241EP-AS-0280B,"2MP, 1/2.8” CMOS image sensor, low illuminance, high image definition Outputs max. 2MP (1920 × 1080) @ 30 fps H.256 coding, high compression ration, l",Uncategorised,2301.15,Units,0,2026-05-18 09:47:30
DH-IPC-HDBW3241RP-ZS-27135,"2MP, 1/2.8” CMOS image sensor, low illuminance, high image definition-Outputs max. 2MP (1920 × 1080) @30 fps    H.265 codec, high compression rate, lo",Uncategorised,3748.25,Units,0,2026-05-18 09:47:30
9160335-S-SAV,"2N ACCESS UNIT 2.0 BLUETOOTH & RFID 125KHZ, SECURED 13.56MHZ, NFC",Readers,37306.96,Units,0,2026-05-18 09:47:30
9160344-S-SAV,2N ACCESS UNIT 2.0 RFID MULTIFREQUENCY READER,Readers,28827.83,Units,0,2026-05-18 09:47:30
9160336-S-SAV,"2N ACCESS UNIT 2.0 TOUCH KEYPAD & RFID 125KHZ, SECURED 13.56MHZ, NFC",Keypads,30523.48,Units,0,2026-05-18 09:47:30
9160335-S-SAVFB,2N FLUSH MOUNT ACCESS UNIT BUNDLE BLACK,Readers,42393.91,Units,0,2026-05-18 09:47:30
9160335-S-SAVFN,2N FLUSH MOUNT ACCESS UNIT BUNDLE SILVER,Readers,42393.91,Units,0,2026-05-18 09:47:30
9151101CHRPW-SAV,2N IP FORCE - PICTOGRAMS + 1 BUTTON + HD CAMERA + RFID READER,Uncategorised,50873.04,Units,0,2026-05-18 09:47:30
9159014US,2N IP INTERCOM 2WIRE,Intercom and Access Control,13129.57,Units,0,2026-05-18 09:47:30
9137909,2N IP Intercom - Gold license,Miscellaneous,3605.99,Units,0,2026-07-22 10:08:25
9158106,2N IP One Main Unit,Miscellaneous,24815.3,Units,0,2026-07-22 10:15:12
9155034,2N IP VERSO - 2 INPUT 2 OUTPUT RELAYS,Intercom and Access Control,0.0,Units,0,2026-05-18 09:47:30
9155014,"2N IP VERSO - BOX FOR FLUSH INSTALLATION, 1 MODULE (MUST BE TOGETHER WITH 9155011 OR 9155011B)",Intercom and Access Control,0.0,Units,0,2026-05-18 09:47:30
9155045,2N IP VERSO - FINGERPRINT READER,Intercom and Access Control,0.0,Units,0,2026-05-18 09:47:30
9155011,"2N IP VERSO - FRAME FOR FLUSH INSTALLATION, 1 MODULE (MUST BE TOGETHER WITH 9155014)",Intercom and Access Control,0.0,Units,0,2026-05-18 09:47:30
9155011B,"2N IP VERSO - FRAME FOR FLUSH INSTALLATION, 1 MODULE - BLACK (MUST BE TOGETHER WITH 9155014)",Intercom and Access Control,3487.83,Units,0,2026-05-18 09:47:30
9155021,"2N IP VERSO - FRAME FOR SURFACE INSTALLATION, 1 MODULE",Intercom and Access Control,0.0,Units,0,2026-05-18 09:47:30
9155021B,"2N IP VERSO - FRAME FOR SURFACE INSTALLATION, 1 MODULE - BLACK",Intercom and Access Control,2325.22,Units,0,2026-05-18 09:47:30
9155037,2N IP VERSO - WIEGAND MODULE,Intercom and Access Control,0.0,Units,0,2026-05-18 09:47:30
9155084,"2N IP VERSO BLUETOOTH & RFID READER (125KHZ, SECURED 13.56MHZ UID+PACS ID, NFC)",Intercom and Access Control,0.0,Units,0,2026-05-18 09:47:30
9155083,"2N IP VERSO TOUCH KEYPAD & RFID READER (125KHZ, SECURED 13.56MHZ UID+PACS ID, NFC)",Intercom and Access Control,0.0,Units,0,2026-05-18 09:47:30
9134174,2N MIFARE RFID KEY FOB 13.56MHZ,Miscellaneous,0.0,Units,0,2026-05-18 09:47:30
11202106,2N MINI ELECTRONIC DOORSTRIKE SERIES 5,Miscellaneous,0.0,Units,0,2026-05-18 09:47:30
11202101,2N MINI ELECTRONIC DOORSTRIKE SERIES 5,Miscellaneous,0.0,Units,0,2026-05-18 09:47:30
11202104,2N MINI ELECTRONIC DOORSTRIKE SERIES 5 DOOR SIGNALING,Miscellaneous,0.0,Units,0,2026-05-18 09:47:30
11202105,2N MINI ELECTRONIC DOORSTRIKE SERIES 5 FAIL SAFE,Miscellaneous,0.0,Units,0,2026-05-18 09:47:30
11202103,2N MINI ELECTRONIC DOORSTRIKE SERIES 5 WITH MECHANICAL BLOCKING,Miscellaneous,0.0,Units,0,2026-05-18 09:47:30
11202102,2N MINI ELECTRONIC DOORSTRIKE SERIES 5 WITH MOMENTUM PIN,Miscellaneous,0.0,Units,0,2026-05-18 09:47:30
9155086,2N RFID MODULE,Miscellaneous,0.0,Units,0,2026-05-18 09:47:30
9151031S,2N SECURED CARD READER NFC READY 13.56MHZ FOR IP FORCE,Readers,12790.43,Units,0,2026-05-18 09:47:30
9159010,2N SECURITY RELAY,Miscellaneous,0.0,Units,0,2026-05-18 09:47:30
9160335-S-SAVSB,2N SURFACE MOUNT ACCESS UNIT BUNDLE BLACK,Readers,39002.61,Units,0,2026-05-18 09:47:30
9160335-S-SAVSN,2N SURFACE MOUNT ACCESS UNIT BUNDLE SILVER,Readers,39002.61,Units,0,2026-05-18 09:47:30
9155072,2N WEDGE BACKPLATE 2M VERSO,Intercom and Access Control,0.0,Units,0,2026-05-18 09:47:30
9155071,2N WEDGE BACKPLATE SOLO,Miscellaneous,0.0,Units,0,2026-05-18 09:47:30
2N® Access Unit 2.0 - Fingerprint reader,2N® Access Unit 2.0 - Fingerprint reader,Intercom and Access Control,23231.67,Units,0,2026-07-29 13:13:01
9158002,2N® IP One - Surface mount box,Miscellaneous,1570.73,Units,0,2026-07-22 10:08:22
RCK-SH-J019-2U,2U BLANKING PANEL JH0222U,Miscellaneous,95.71,Units,0,2026-07-22 10:09:55
NET-PP2U/BLB,2U BLANKING PANEL LOCAL,Miscellaneous,160.07,Units,0,2026-07-22 10:09:59
RCK-5000-00,2U RACK SHELF,Racks,8128.7,Units,0,2026-05-18 09:47:30
SLIMMAX8K2M,2m 8K Ultra High Speed Slimwire Max (48G),Miscellaneous,868.7,Units,0,2026-05-18 09:47:30
PWR-D-PLUG L10-05-01,3 PRONG RED DEDICATED PLUG BRASS 1054RDP,Miscellaneous,38.43,Units,0,2026-07-22 10:10:03
CON-STC3-00,3-PIN SCREW-DOWN CONNECTOR 25-PACK,Miscellaneous,1663.48,Units,0,2026-05-18 09:47:30
HDM48CAR300BRD,3.0M 48G BRAIDED CARBON HDMI,Miscellaneous,7652.17,Units,0,2026-05-18 09:47:30
HDM48CIN300BRD,3.0M 48G BRAIDED CINNAMON HDMI,Miscellaneous,4782.61,Units,0,2026-05-18 09:47:30
HDM48FOR300,3.0M 48G FOREST HDMI,Miscellaneous,2521.74,Units,0,2026-05-18 09:47:30
HDM48PEA300,3.0M 48G PEARL HDMI,Miscellaneous,1565.22,Units,0,2026-05-18 09:47:30
BLAB03,3.0M BLACK LAB SUBWOOFER,Miscellaneous,1217.39,Units,0,2026-05-18 09:47:30
HDD-1TB,"3.5"" 1000GB(1TB) hard disk drive",Miscellaneous,1297.75,Units,0,2026-05-18 09:47:30
HDD-2TB,"3.5"" 2000GB(2TB) hard disk drive",Miscellaneous,1954.6,Units,0,2026-05-18 09:47:30
HDD-4TB,"3.5"" 4000GB(4TB) hard disk drive",Miscellaneous,2898.55,Units,0,2026-05-18 09:47:30
HDD-8TB,"3.5"" 8000GB(8TB) hard disk drive",Miscellaneous,5763.75,Units,0,2026-05-18 09:47:30
CAB-30VP,30 meters (video + power ) 2 in 1 cable with connectors,Miscellaneous,158.05,Units,0,2026-05-18 09:47:30
LAN-EXT,300m LAN network extender,Miscellaneous,796.05,Units,0,2026-05-18 09:47:30
MP-EX30M,30M 16A Extension Cord on Open Metal Reel,Miscellaneous,1150.0,Units,0,2026-05-18 09:47:30
NVR-EL32-2U12MP1-8TB,32 CH. EMBEDDED 4K 2U NVR ENHANCED H.264 SUPPORTS UPTO 12MP 8TB INCLUDED (MADE IN KOREA),NVR,115176.52,Units,0,2026-05-18 09:47:30
Mecer Display 32,"32"" HD Ready display",Miscellaneous,4033.93,Units,0,2026-07-21 15:52:30
LED-32,"32"" LED",Miscellaneous,4638.55,Units,0,2026-05-18 09:47:30
TUB-AU,38mm Aluminium Pole / Mast 2M,Miscellaneous,250.0,Units,0,2026-05-18 09:47:30
ZTP1203B,3A Access control PSU  12VDC  Metal housing with camlock  Supports up to 8Ah LiPo/Lead-acid/gel batteries,Miscellaneous,687.13,Units,0,2026-07-22 10:10:07
PK2-3BRL-TAW-S3,3Button with raise/lower blackout text,Miscellaneous,2000.0,Units,0,2026-05-18 09:47:30
PK2-3BRL-TBL-S3,3Button with raise/lower blackout text,Miscellaneous,2000.0,Units,0,2026-05-18 09:47:30
PK2-3BRL-TAW-S4,3Button with raise/lower sheer text AW,Miscellaneous,2000.0,Units,0,2026-05-18 09:47:30
PK2-3BRL-TBL-S4,3Button with raise/lower sheer text Bl,Miscellaneous,2000.0,Units,0,2026-05-18 09:47:30
HDMI-3SWT,3CH HDMI SWITCH,Switches,187.05,Units,0,2026-05-18 09:47:30
TRK-JC200,3G Dual View Dash Camera with Tracker,Uncategorised,4058.55,Units,0,2026-05-18 09:47:30
ANT-4GD,3G/4G 6dBi Desktop Antenna with SMA Male,Dish,295.0,Units,0,2026-05-18 09:47:30
MP-EX03,3M 10A Extension Cord with Double Coupler,Miscellaneous,95.0,Units,0,2026-05-18 09:47:30
SLIMMAX8K3M,3m 8K Ultra High Speed Slimwire Max (48G),Miscellaneous,955.65,Units,0,2026-05-18 09:47:30
DH-PFS4206-4P-96,"3x10/100 BaseT-(PoE+/PoE);
1x10/100/1000 Base-T(Hi-PoE/PoE+/PoE);
2x1000 Base-XVLAN、Spanning tree、SNMP…
IEEE 802.3af/802.3at(PoE+)、Hi-PoEPower supply:",Miscellaneous,2235.9,Units,0,2026-05-18 09:47:30
DH-IPC-HDW5449TMP-SE-LED-0360B,"4 MP 1/1.8"" CMOS image sensor, low luminance, and high definition image.
Outputs max. 4 MP (2688 × 1520)@30 fps.
H.265 codec, high compression rate, u",Uncategorised,3638.05,Units,0,2026-05-18 09:47:30
DH-IPC-HDW5449TMP-SE-LED-0280B,"4 MP 1/1.8"" CMOS image sensor, low luminance, and high definition image.
Outputs max. 4 MP (2688 × 1520)@30 fps.
H.265 codec, high compression rate, u",Uncategorised,3638.05,Units,0,2026-05-18 09:47:30
DH-IPC-HFW5449T1P-ZE-LED-2712,"4 MP 1/1.8"" CMOS image sensor, low luminance, and high definition image.
Outputs max. 4 MP (2688×1520)@30 fps.
H.265 codec, high compression rate, ult",Uncategorised,6954.2,Units,0,2026-05-18 09:47:30
DH-IPC-HDBW5449RP-ASE-LED-0360B,"4 MP 1/1.8"" CMOS image sensor, low luminance, and high definition image.
Outputs max. 4 MP (2688×1520)@30 fps.
H.265 codec, high compression rate, ult",Uncategorised,3964.3,Units,0,2026-05-18 09:47:30
DH-IPC-HFW5449TP-ASE-LED-0360B,"4 MP 1/1.8"" CMOS image sensor, low luminance, and high definition image.
Outputs max. 4 MP (2688×1520)@30 fps.
H.265 codec, high compression rate, ult",Uncategorised,4044.05,Units,0,2026-05-18 09:47:30
DH-IPC-HDBW5449R1P-ZE-LED-2712,"4 MP 1/1.8"" CMOS image sensor, low luminance, and high definition image.
Outputs max. 4 MP (2688×1520)@30 fps.
H.265 codec, high compression rate, ult",Uncategorised,6915.05,Units,0,2026-05-18 09:47:30
DS-2CD2346G2-ISU/SL(2.8MM),4 MP AcuSense Strobe Light and Audible Warning Fixed Turret Network Camera,CCTV,1.0,Units,0,2026-07-28 15:18:57
DS-2CD2347G3-LIS2UY/S(L)(2.8mm),4 MP Smart Hybrid Light with ColorVu Fixed Turret Network Camera,Miscellaneous,4227.06,Units,0,2026-07-22 10:10:11
HDMI-4SPL,4 PORT HDMI SPLITTER,Miscellaneous,651.05,Units,0,2026-05-18 09:47:30
POE-4G,4 Port Gigabit Passive PoE Injector,Miscellaneous,275.0,Units,0,2026-05-18 09:47:30
HB-ZJQ-4,4 zone wireless receiver,Receivers,1158.55,Units,0,2026-05-18 09:47:30
SHA-C4IN-10,"4"" NEGATIVE REVEAL POCKET",Miscellaneous,7887.83,Units,0,2026-05-18 09:47:30
DH-IPC-HFW1430DT-STW,"4-MP 1/3"" CMOS image sensor, low luminance, and high definition image.
Outputs max. 4 MP (2560 × 1440)@20 fps, and max. supports 3 MP (2304 × 1296)@25",Uncategorised,1442.75,Units,0,2026-05-18 09:47:30
DH-IPC-H4AP-0360B,"4-MP 1/3"" CMOS image sensor, low luminance, and high definition image.Outputs max. 4 MP (2560 × 1440)@25 fps.
H.265 codec, high compression rate, ultr",Uncategorised,1225.76,Units,0,2026-05-18 09:47:30
RCK-SH-05A-42U-600-M,"42U 600X600MM, 4 FANS,3 SHELVES, MESH DOOR",Miscellaneous,9621.43,Units,0,2026-07-22 10:10:15
QA43QN90FAKXXA,43 inch QN90F 4K Neo QLED Mini LED Vision AI TV 2025,Miscellaneous,21116.77,Units,0,2026-07-22 10:10:19
Mecer Display 43,"43"" Full HD Display",Miscellaneous,6964.29,Units,0,2026-07-22 10:10:23
SOLAR-455-AST,455w Panel,Miscellaneous,3298.75,Units,0,2026-05-18 09:47:30
QA48S90FAEXXA,48 inch S90F 4K OLED Samsung Vision AI TV 2025,Miscellaneous,21578.17,Units,0,2026-07-22 10:10:28
LX-UH1B,4K (UHD) TRP DMD technology delivers 4K (3840 x 2160) images HDR support 2000 lumens,Projectors,52173.04,Units,0,2026-05-18 09:47:30
HRX-4KVLC100-00,4K HDR HDBASET MATRIX RECEIVER 100M,Receivers,10852.17,Units,0,2026-05-18 09:47:30
HRX-4KVLC40-00,4K HDR HDBASET MATRIX RECEIVER 40M,Receivers,8139.13,Units,0,2026-05-18 09:47:30
SLN-44VLC4K-00,4K HDR HDBASET MATRIX SWITCHER 4 X 4,Miscellaneous,94963.48,Units,0,2026-05-18 09:47:30
SLN-88VLC4K-00,4K HDR HDBASET MATRIX SWITCHER 8 X 8,Miscellaneous,203493.04,Units,0,2026-05-18 09:47:30
ORB-OUTDOOR,4MP INDOOR/OUTDOOR PT WIFI CAMERA BUILT-IN MICROPHONE & SPEAKER 98FT IR IC-HOME CLOUD SERVICE,Uncategorised,5720.87,Units,0,2026-05-18 09:47:30
DH-IPC-HDW3441T-ZS,4MP IR Vari-focal Eyeball WizSense Network Camera,NVR,4092.75,Units,0,2026-07-21 08:55:30
DH-IPC-HFW7442HP-ZVH-0832,"4MP, 1/1.8"" CMOS image sensor, low illuminance, high image definition
Max outputs 4MP (2688 × 1520) @50 fps/60 fps
H.264/H.265 coding, high compressio",Uncategorised,14160.7,Units,0,2026-05-18 09:47:30
DH-IPC-HDBW3441EP-AS-0280B,"4MP, 1/3” CMOS image sensor, low illuminance, high image definition  Outputs max. 4MP (2688 × 1520) @ 30 fps    H.256 coding, high compression ration,",Uncategorised,2514.3,Units,0,2026-05-18 09:47:30
DH-IPC-HDBW3441FP-AS-M-0360B,"4MP, 1/3” CMOS image sensor, low illuminance, high image definition, Outputs max. 4MP (2688 × 1520) @30 fps    H.265 codec, high compression rate, low",Uncategorised,2385.25,Units,0,2026-05-18 09:47:30
DH-IPC-HFW3441MP-AS-SFC-I2-0360B,"4MP, 1/3” CMOS image sensor, low illuminance, high image definition-Outputs max. 4MP (2688 × 1520) @30 fps   H.265 codec, high compression rate, low b",Uncategorised,3349.5,Units,0,2026-05-18 09:47:30
RCK-SH-J019-4U-G5-25-06,4U BLANKING PANEL ** AMENDED ** JH02 4U,Miscellaneous,207.43,Units,0,2026-07-22 10:10:32
MOTU AVB,5 PORT AVB COMPLIANT SWITCH,Switches,13898.26,Units,0,2026-07-23 09:01:26
DH-IPC-HDW3549HP-AS-PV-0280B-S3,"5-MP 1/2.7"" CMOS image sensor, low luminance, and high definition image.
Outputs max. 5 MP (2592 × 1944)@20 fps and supports 4 MP (2688 × 1520)@25/30",Uncategorised,4190.5,Units,0,2026-05-18 09:47:30
DH-IPC-HFW3549T1P-AS-PV-0360B-S3,"5-MP 1/2.7"" CMOS image sensor, low luminance, and high definition image.
Outputs max. 5 MP (2592 × 1944)@20 fps and supports 4 MP (2688 × 1520)@25/30",Uncategorised,4190.5,Units,0,2026-05-18 09:47:30
DH-IPC-HDW5541TMP-ASE-0280B,"5-MP 1/2.7"" CMOS image sensor, low luminance, and high definition image.
Outputs max. 5 MP (2592 × 1944)@20 fps.
H.265 codec, high compression rate, u",Uncategorised,4003.45,Units,0,2026-05-18 09:47:30
DH-IPC-HDBW5541RP-ASE-0280B,"5-MP 1/2.7"" CMOS image sensor, low luminance, and high definition image.Outputs max. 5 MP (2582 × 1944)@20 fps.H.265 codec, high compression rate, ult",Uncategorised,4099.15,Units,0,2026-05-18 09:47:30
DH-IPC-HDBW5541EP-Z5E-0735,"5-MP 1/2.7"" CMOS image sensor, low luminance, and high definition image.Outputs max. 5 MP (2592 × 1944)@20 fps.Built-in IR LED, and the max. illuminat",Uncategorised,6261.1,Units,0,2026-05-18 09:47:30
DH-IPC-HFW5541TP-ASE-0360B,"5-MP 1/2.7"" CMOS image sensor, low luminance, and high definition image.Outputs max. 5 MP (2592 × 1944)@20 fps.H.265 codec, high compression rate, ult",Uncategorised,4516.75,Units,0,2026-05-18 09:47:30
HDM48CIN500,5.0M 48G CINNAMON HDMI,Miscellaneous,8260.87,Units,0,2026-05-18 09:47:30
HDM48FOR500,5.0M 48G FOREST HDMI,Miscellaneous,5739.13,Units,0,2026-05-18 09:47:30
HDM48PEA500,5.0M 48G PEARL HDMI,Miscellaneous,3826.09,Units,0,2026-05-18 09:47:30
BLAB05,5.0M BLACK LAB SUBWOOFER,Miscellaneous,1478.26,Units,0,2026-05-18 09:47:30
QA50Q60DAKXXA,50 Inch QLED 4K Q60D Tizen OS Smart TV (2024),TVs,8694.78,Units,0,2026-07-28 12:22:09
HDMI-EXT-50M,50M HDMI EXTENDER,Miscellaneous,1158.55,Units,0,2026-05-18 09:47:30
USB-EXT,50m USB extender,Miscellaneous,375.55,Units,0,2026-05-18 09:47:30
TUB-AU3,50mm Aluminium Pole / Mast 3M,Miscellaneous,1050.0,Units,0,2026-05-18 09:47:30
TUB-AU6,50mm Aluminium Pole / Mast 6M,Miscellaneous,2125.0,Units,0,2026-05-18 09:47:30
5250 Part,5250 Power Button Assembly,Miscellaneous,31295.65,Units,0,2026-05-18 09:47:30
SOLAR-545-AST,545w Panel,Miscellaneous,3951.25,Units,0,2026-05-18 09:47:30
Mecer Display 55,"55"" 4K display",Miscellaneous,11875.0,Units,0,2026-07-21 16:16:56
QA55LS03DAKXXA,"55"" The Frame LS03D QLED 4K HDR Smart TV",TVs,15651.3,Units,0,2026-07-28 12:23:28
ZTP1205B_C,5A Access control PSU  12VDC  Metal housing with camlock  Supports up to 18Ah LiPo/Lead-acid/gel batteries,Miscellaneous,862.94,Units,0,2026-07-22 10:10:36
MP-EX05,5M 10A Extension Cord with Double Coupler,Miscellaneous,130.0,Units,0,2026-05-18 09:47:30
NET-SOCK CS20-5M,"5M CABLE SOCK, 20MM",Miscellaneous,203.93,Units,0,2026-07-22 10:15:16
CAB-RCA-5M,5M RCA CABLE,Miscellaneous,43.5,Units,0,2026-05-18 09:47:30
WL-SMAM-5,5M SMA Male to SMA Male Cable,Miscellaneous,285.0,Units,0,2026-05-18 09:47:30
DH-IPC-HDW5541HP-ASE-PV-0280B,"5MP 1/2.7"" CMOS image sensor, low illuminance, high image definition
Outputs max. 5MP (2592× 1944) @20 fps and 2688 × 1520 (2688 × 1520) @25/30 fps
H.",Uncategorised,4216.6,Units,0,2026-05-18 09:47:30
DH-IPC-HDW5541HP-ASE-PV-0360B,"5MP 1/2.7"" CMOS image sensor, low illuminance, high image definition
Outputs max. 5MP (2592× 1944) @20 fps and 2688 × 1520 (2688 × 1520) @25/30 fps
H.",Uncategorised,4216.6,Units,0,2026-05-18 09:47:30
DH-IPC-HDW3541TP-ZAS-27135,"5MP, 1/2.7” CMOS image sensor, low illuminance, high image definition-Outputs max. 5MP (2592 × 1944) @20 fps    H.265 codec, high compression rate, lo",Uncategorised,4089.0,Units,0,2026-05-18 09:47:30
RCK-PAVVM8-00,5U RACK MOUNT SHELF FOR UP TO 8 SINGLE VIDEO INPUT UNITS,Racks,11490.43,Units,0,2026-05-18 09:47:30
PSU-5V10W,5VDC 10W 3 Pin Power Supply,Miscellaneous,185.0,Units,0,2026-05-18 09:47:30
SHA-C6IN-10,"6"" NEGATIVE REVEAL POCKET",Miscellaneous,8332.17,Units,0,2026-05-18 09:47:30
CON-STC6-00,6-PIN SCREW-DOWN CONNECTOR 25-PACK,Miscellaneous,3327.83,Units,0,2026-05-18 09:47:30
PWR-MP-6P-C13C14-MET,"6-PORT MULTIPLUG METAL RACK MNT C13,C14 CROSS BRACE C1314MTL",Miscellaneous,532.86,Units,0,2026-07-22 10:15:20
NVR-EL64-2U12MP1-10TB,64 CH. EMBEDDED 4K 2U NVR ENHANCED H.264 SUPPORTS UPTO 12MP 10TB INCLUDED (MADE IN KOREA),NVR,144001.74,Units,0,2026-05-18 09:47:30
QA65QN90FAKXXA,65 inch QN90F 4K Neo QLED Mini LED Vision AI TV 2025,Miscellaneous,45547.41,Units,0,2026-07-22 10:10:44
QA65S90FAEXXA,65 inch S90F 4K OLED Samsung Vision AI TV 2025,Miscellaneous,44719.26,Units,0,2026-07-22 10:10:48
QA65LS03DAKXXA,"65"" The Frame LS03D QLED 4K HDR Smart TV",TVs,19129.6,Units,0,2026-07-28 12:24:52
SKYEHD65,65″ SKYE HD Platinum Series Interactive Panel,TVs,43477.39,Units,0,2026-07-29 15:11:47
CC-W6,6mm Cable Clips 100 Pack White,Miscellaneous,11.5,Units,0,2026-05-18 09:47:30
HDMFOR07.5A,7.5M FOREST HDMI ACTIVE,Miscellaneous,6521.74,Units,0,2026-05-18 09:47:30
QA75QN90FAKXXA,75 inch QN90F 4K Neo QLED Mini LED Vision AI TV 2025,Miscellaneous,62110.56,Units,0,2026-07-22 10:10:52
QA75LS03DAKXXA,"75"" The Frame LS03D QLED 4K HDR Smart TV",TVs,26086.1,Units,0,2026-07-28 12:15:09
G-MAX7,7AH Battery,Miscellaneous,212.5,Units,0,2026-07-22 10:10:57
WL-SMAM-7,7M SMA Male to SMA Male Cable,Miscellaneous,340.0,Units,0,2026-05-18 09:47:30
NVR-EG08POE-1U4K1-2TB,8 CHANNEL 1U SHEL NVR. 8 PORT POE SWITCH.8MP IP CAMERA SUPPORT. 80MBPSTHROUGHPUT 2TB INCLUDED,NVR,17528.7,Units,0,2026-05-18 09:47:30
271 XLR-DB25 Cable,8 Channel cable to connect 8 balanced analogue channels to the 271,Miscellaneous,3726.71,Units,0,2026-07-22 10:11:01
DH-IPC-HFW5842EP-ZE-2712-S2,"8 MP 1/1.8"" CMOS image sensor, low luminance, and high definition image.
Outputs max. 8 MP (3840 × 2160)@30 fps.
H.265 codec, high compression rate, u",Uncategorised,7506.65,Units,0,2026-05-18 09:47:30
DH-IPC-HFW5842TP-ASE-0360B-S2,"8 MP 1/1.8"" CMOS image sensor, low luminance, and high definition image.
Outputs max. 8 MP (3840 × 2160)@30 fps.
H.265 codec, high compression rate, u",Uncategorised,4741.5,Units,0,2026-05-18 09:47:30
DH-IPC-HDBW5842RP-ASE-0280B-S2,"8 MP 1/1.8"" CMOS image sensor, low luminance, and high definition image.
Outputs max. 8 MP (3840 × 2160)@30 fps.
H.265 codec, high compression rate, u",Uncategorised,5724.6,Units,0,2026-05-18 09:47:30
POE-8G,8 Port Gigabit Passive PoE Injector,Miscellaneous,350.0,Units,0,2026-05-18 09:47:30
DS-3E1510P-SI_C,8 port Smart gigabit POE switch 110w POE budget  Hikvision topology management  2 SFP ports,Miscellaneous,3478.37,Units,0,2026-07-22 10:11:05
HB-ZJQ-8,8 zone wireless receiver,Receivers,1593.55,Units,0,2026-05-18 09:47:30
AMP-8125-00,8-CHANNEL DIGITAL AUDIO AMPLIFIER,Amplifiers,66640.87,Units,0,2026-05-18 09:47:30
IR-OD,"80m LED Array IR Illuminator  - Ideal for outdoor dark area use together with IR compatible cameras.  IR output 3,300mW@ 850nmDC12V / 2V  , Adjustable",Miscellaneous,1738.55,Units,0,2026-05-18 09:47:30
OLED83C56LA,83 inch LG OLED evo AI C5 4K 144Hz Smart TV AI Magic remote webOS25 2025,Miscellaneous,136644.71,Units,0,2026-07-22 10:11:09
QA85LS03FAUXXA,85 inch LS03F 4K The Frame Samsung Vision AI TV 2025,Miscellaneous,62110.56,Units,0,2026-07-21 10:06:18
QA85QN90FAKXXA,85 inch QN90F 4K Neo QLED Mini LED Vision AI TV 2025,Miscellaneous,103518.43,Units,0,2026-07-22 10:11:13
IS-MDR7208WGWX,8CH AHD 1080P / Aanalog Dual signal HDD mobile DVR with 3G/ GPS/G-sensor for vehicle (remote monitoring while driving and store data on a hardrive).,Sensors,9932.5,Units,0,2026-05-18 09:47:30
NVR-FX08POE-1U4K1-2TB,8CH IP 1U RACK NVR-2HDD BAY-IP 8MP/30FPS-8 PORT POE SWITCH 2TB INCLUDED   (MADE IN KOREA),Switches,35553.91,Units,0,2026-05-18 09:47:30
NVR-MX08POE-1U4K1-2TB,8CH IP 1U SHELF NVR-2HDD BAY-IP 8MP/30FPS(128MBPS)-8 PORT POE SWITCH 2TB INCLUDED (MADE IN KOREA),NVR,30506.96,Units,0,2026-05-18 09:47:30
DH-IPC-EBW8842P-AS,"8MP 1/1.7"" CMOS image sensor, low luminance, and high definition image.
Outputs max. 8M (3280 × 2480) @25/30 fps.
Built-in IR LED, and the max. illumi",Uncategorised,11547.8,Units,0,2026-05-18 09:47:30
DH-IPC-HDBW5842EP-ZE-2712,"8MP 1/1.8"" CMOS image sensor, low luminance, and high definition image.
Outputs max. 8MP (3840 × 2160)@30 fps.
H.265 codec, high compression rate, ult",Uncategorised,7190.55,Units,0,2026-05-18 09:47:30
IPEL-P8040-IRW1-AI,8MP IP FULL SIZE 4K STARLIGHT PTZ 40X OPTICAL ZOOM. 1640 FEET SMART IR HI-POE CAPABLE. AI (A,Miscellaneous,135589.57,Units,0,2026-05-18 09:47:30
IPEL-B80F-IRW2,8MP IP INDOOR/OUTDOOR SMALL SIZE BULLET. FIXED 2.8MM LENS 98.4 FEET SMART IR. POE CAPABLE. AI,Uncategorised,9286.96,Units,0,2026-05-18 09:47:30
IPFX-D80V-IRW1,8MP IP In/Outdoor Mid Size Vandal Dome Varifocal 2.7-12mm Motorized Lens (110° - 40°)164 Ft Smart IR,Uncategorised,22309.57,Units,0,2026-05-18 09:47:30
CC-W8,8mm Cable Clips 100 Pack White,Miscellaneous,15.0,Units,0,2026-05-18 09:47:30
PS49-5,9 Channel 12VDC 10 Amp CCTV Power Supply with Battery Back-up,CCTV,778.57,Units,0,2026-07-24 13:02:37
CON-STC9-00,9-PIN SCREW-DOWN CONNECTOR 25-PACK,Miscellaneous,4992.17,Units,0,2026-05-18 09:47:30
F027,960W Modular LED Floodlight - 5 Year,Miscellaneous,30865.84,Units,0,2026-07-22 10:11:17
QA98QN90FAKXXA,98 inch QN90F 4K Neo QLED Mini LED Vision AI TV 2025,Miscellaneous,223601.24,Units,0,2026-07-22 10:11:21
A320WH,A 320 White,Miscellaneous,1469.57,Units,0,2026-05-18 09:47:30
A345WH,A 345 In/Outdoor White,Miscellaneous,2339.13,Units,0,2026-05-18 09:47:30
A500WH,A 500 White,Miscellaneous,2607.83,Units,0,2026-05-18 09:47:30
A-BH19-COO150,A-BH19-C00150,Miscellaneous,1034.15,Units,0,2026-07-22 10:11:25
OSL-SMRTPREM-00,ACTIVATION LICENSE FOR PREMIUM FEATURES IN SMART HOST,Licenses,9086.96,Units,0,2026-05-18 09:47:30
ADA-CAR-DUO,ADA-CAR-DUO CAR,Miscellaneous,275.71,Units,0,2026-07-22 10:11:29
UP-AI-Horn-Speaker-W,"AI Horn Speaker - All-weather PoE 120 dB horn speaker with advanced AI alert functionality and versatile wall, corner, and pole mounting options.",Uncategorised,7968.57,Units,0,2026-07-15 10:54:07
UVC-AI-PTZ-B,"AI PTZ Industrial - Industrial-grade 4K PoE++ PTZ camera with enhanced AI capabilities, 22x optical zoom, and long-range adaptive IR LED night vision.",Uncategorised,34568.57,Units,0,2026-07-15 10:55:50
AJAX-AD-RELAY-B,AJAX Security - Automation - Relay low current remote control with dry contact,Miscellaneous,1120.0,Units,0,2026-07-22 10:11:34
AJAX-KP-TS-B,AJAX Security - Black Wireless Keypad Touch Screen,Miscellaneous,7665.14,Units,0,2026-07-22 10:11:38
AJAX-PB-H-W,AJAX Security - Button Holder for Button/Double Button White,Miscellaneous,100.0,Units,0,2026-07-22 10:11:42
AJAX-MC-OUT-W,AJAX Security - MotionCam Jeweller - White Wireless Outdoor Motion Detector with Photo Verification,Miscellaneous,4322.0,Units,0,2026-07-22 10:11:46
AJAX-MP-INDR-B,AJAX Security - MotionProtect - Black Wireless Pet Immune Indoor Motion Detector,Miscellaneous,1342.14,Units,0,2026-07-22 10:12:00
AJAX-REX-INDR-B,AJAX Security - ReX Jeweller - Black Indoor Radio Signal Range Extender,Miscellaneous,3141.0,Units,0,2026-07-22 10:12:02
AJAX-S-TR-INDR,AJAX Security - Single WiFi Transmitter Module Indoor,Miscellaneous,1284.29,Units,0,2026-07-22 10:12:06
AJAX-PB-W,AJAX Security - Wireless Smart Panic and Control Button Jeweller White,Miscellaneous,630.0,Units,0,2026-07-22 10:12:10
ALTECO C-1 B,ALTECO C-1 BLACK ATMOS SPEAKER,Speakers,6860.87,Units,0,2026-05-18 09:47:30
ALTECO C-1 WAL,ALTECO C-1 WALNUT ATMOS SPEAKER,Speakers,6860.87,Units,0,2026-05-18 09:47:30
ALTECO C-1 W,ALTECO C-1 WHITE ATMOS SPEAKER,Speakers,6860.87,Units,0,2026-05-18 09:47:30
SHA-EHBAL10-00,ALUMINUM SHADE BRACKET HANGER BOLT 10 PACK,Miscellaneous,1263.48,Units,0,2026-05-18 09:47:30
BOXER03,AQ 3.0M BOXER SUBWOOFER,Miscellaneous,3614.9,Units,0,2026-07-22 10:12:14
GHOUND03,AQ 3.0M GREYHOUND SUBWOOFER,Speakers,1478.26,Units,0,2026-07-08 14:45:43
HDM18BLUE150,AQ Blueberry HDMI 18G (1.5m),Miscellaneous,681.99,Units,0,2026-07-22 10:12:18
HDM18BLUE200,AQ Blueberry HDMI 18G (2m),Miscellaneous,870.0,Units,0,2026-07-22 10:12:22
HDM18BLUE300,AQ Blueberry HDMI 18G (3m),Miscellaneous,968.94,Units,0,2026-07-22 10:12:26
ARCHT-6,ARCHITECTURAL 6.5 INCH 2-WAY STEREO IN-CEILING / PAIR,Miscellaneous,15958.26,Units,0,2026-05-18 09:47:30
ARCHT-6-PCB,ARCHITECTURAL 6.5 INCH PRE-CONSTRUCTION BRACKETS / PAIR,Miscellaneous,82.61,Units,0,2026-05-18 09:47:30
ARCHT-6-RG,ARCHITECTURAL 6.5 INCH REPLACEMENT ROUND GRILLE / EACH,Miscellaneous,1020.87,Units,0,2026-05-18 09:47:30
ARCHT-6-SSTT,ARCHITECTURAL 6.5 INCH SINGLE STEREO TWIN TWEETER STEREO IN-CEILING / EACH,Speakers,8777.39,Units,0,2026-05-18 09:47:30
ARCHT-6-SG,ARCHITECTURAL 6.5 INCH SQUARE GRILLE / EACH,Miscellaneous,1020.87,Units,0,2026-05-18 09:47:30
ARCHT-8,ARCHITECTURAL 8 INCH 2-WAY STEREO IN-CEILING / PAIR,Miscellaneous,19150.43,Units,0,2026-05-18 09:47:30
ARCHT-8-PCB,ARCHITECTURAL 8 INCH PRE-CONSTRUCTION BRACKETS / PAIR,Miscellaneous,82.61,Units,0,2026-05-18 09:47:30
ARCHT-8-RG,ARCHITECTURAL 8 INCH REPLACEMENT ROUND GRILLE / EACH,Miscellaneous,1020.87,Units,0,2026-05-18 09:47:30
ARCHT-8-SSTT,ARCHITECTURAL 8 INCH SINGLE STEREO TWIN TWEETER STEREO IN-CEILING / EACH,Speakers,11490.43,Units,0,2026-05-18 09:47:30
ARCHT-8-SG,ARCHITECTURAL 8 INCH SQUARE GRILLE / EACH,Miscellaneous,1020.87,Units,0,2026-05-18 09:47:30
WFB-MBLVC-00,ASCEND BUTTON KIT (BLACK),Miscellaneous,3958.26,Units,0,2026-05-18 09:47:30
WFB-BALVC-00,ASCEND BUTTON KIT (BRUSHED ALUMINUM),Miscellaneous,3958.26,Units,0,2026-05-18 09:47:30
WFB-BBLVC-00,ASCEND BUTTON KIT (BRUSHED BLACK),Miscellaneous,3958.26,Units,0,2026-05-18 09:47:30
WFB-BRLVC-00,ASCEND BUTTON KIT (BRUSHED BRASS),Miscellaneous,3958.26,Units,0,2026-05-18 09:47:30
WFB-BZLVC-00,ASCEND BUTTON KIT (BRUSHED BRONZE),Miscellaneous,3958.26,Units,0,2026-05-18 09:47:30
WFB-LALVC-00,ASCEND BUTTON KIT (LIGHT ALMOND),Miscellaneous,3958.26,Units,0,2026-05-18 09:47:30
WFB-MNLVC-00,ASCEND BUTTON KIT (NICKEL),Miscellaneous,3958.26,Units,0,2026-05-18 09:47:30
WFB-SWLVC-00,ASCEND BUTTON KIT (SNOW WHITE),Miscellaneous,3958.26,Units,0,2026-05-18 09:47:30
WFB-MGLVC-00,ASCEND BUTTON KIT (SPACE GRAY),Miscellaneous,3958.26,Units,0,2026-05-18 09:47:30
WFB-MBENGV-00,ASCEND ENGRAVING (BLACK),Miscellaneous,1167.83,Units,0,2026-05-18 09:47:30
WFB-BAENGV-00,ASCEND ENGRAVING (BRUSHED ALUMINUM),Miscellaneous,1167.83,Units,0,2026-05-18 09:47:30
WFB-BBENGV-00,ASCEND ENGRAVING (BRUSHED BLACK),Miscellaneous,1167.83,Units,0,2026-05-18 09:47:30
WFB-BRENGV-00,ASCEND ENGRAVING (BRUSHED BRASS),Miscellaneous,1167.83,Units,0,2026-05-18 09:47:30
WFB-BZENGV-00,ASCEND ENGRAVING (BRUSHED BRONZE),Miscellaneous,1167.83,Units,0,2026-05-18 09:47:30
WFB-LAENGV-00,ASCEND ENGRAVING (LIGHT ALMOND),Miscellaneous,1167.83,Units,0,2026-05-18 09:47:30
WFB-MNENGV-00,ASCEND ENGRAVING (NICKEL),Miscellaneous,1167.83,Units,0,2026-05-18 09:47:30
WFB-SWENGV-00,ASCEND ENGRAVING (SNOW WHITE),Miscellaneous,1167.83,Units,0,2026-05-18 09:47:30
WFB-MGENGV-00,ASCEND ENGRAVING (SPACE GRAY),Miscellaneous,1167.83,Units,0,2026-05-18 09:47:30
FF1-0S0MBM-00,ASCEND FACEPLATE - 1 GANG (BLACK),Panels,782.61,Units,0,2026-05-18 09:47:30
FF1-0S0BAM-00,ASCEND FACEPLATE - 1 GANG (BRUSHED ALUMINUM),Panels,782.61,Units,0,2026-05-18 09:47:30
FF1-0S0BBM-00,ASCEND FACEPLATE - 1 GANG (BRUSHED BLACK),Panels,782.61,Units,0,2026-05-18 09:47:30
FF1-0S0BRM-00,ASCEND FACEPLATE - 1 GANG (BRUSHED BRASS),Panels,782.61,Units,0,2026-05-18 09:47:30
FF1-0S0BZM-00,ASCEND FACEPLATE - 1 GANG (BRUSHED BRONZE),Panels,782.61,Units,0,2026-05-18 09:47:30
FF1-0S0LAM-00,ASCEND FACEPLATE - 1 GANG (LIGHT ALMOND),Panels,782.61,Units,0,2026-05-18 09:47:30
FF1-0S0MNM-00,ASCEND FACEPLATE - 1 GANG (NICKEL),Panels,782.61,Units,0,2026-05-18 09:47:30
FF1-0S0SWM-00,ASCEND FACEPLATE - 1 GANG (SNOW WHITE),Panels,782.61,Units,0,2026-05-18 09:47:30
FF1-0S0MGM-00,ASCEND FACEPLATE - 1 GANG (SPACE GRAY),Panels,782.61,Units,0,2026-05-18 09:47:30
FF2-0S0MBM-00,ASCEND FACEPLATE - 2 GANG (BLACK),Panels,979.13,Units,0,2026-05-18 09:47:30
FF2-0S0BAM-00,ASCEND FACEPLATE - 2 GANG (BRUSHED ALUMINUM),Panels,979.13,Units,0,2026-05-18 09:47:30
FF2-0S0BBM-00,ASCEND FACEPLATE - 2 GANG (BRUSHED BLACK),Panels,979.13,Units,0,2026-05-18 09:47:30
FF2-0S0BRM-00,ASCEND FACEPLATE - 2 GANG (BRUSHED BRASS),Panels,979.13,Units,0,2026-05-18 09:47:30
FF2-0S0BZM-00,ASCEND FACEPLATE - 2 GANG (BRUSHED BRONZE),Panels,979.13,Units,0,2026-05-18 09:47:30
FF2-0S0LAM-00,ASCEND FACEPLATE - 2 GANG (LIGHT ALMOND),Panels,979.13,Units,0,2026-05-18 09:47:30
FF2-0S0MNM-00,ASCEND FACEPLATE - 2 GANG (NICKEL),Panels,979.13,Units,0,2026-05-18 09:47:30
FF2-0S0SWM-00,ASCEND FACEPLATE - 2 GANG (SNOW WHITE),Panels,979.13,Units,0,2026-05-18 09:47:30
FF2-0S0MGM-00,ASCEND FACEPLATE - 2 GANG (SPACE GRAY),Panels,979.13,Units,0,2026-05-18 09:47:30
FF3-0S0MBM-00,ASCEND FACEPLATE - 3 GANG (BLACK),Panels,1174.78,Units,0,2026-05-18 09:47:30
FF3-0S0BAM-00,ASCEND FACEPLATE - 3 GANG (BRUSHED ALUMINUM),Panels,1174.78,Units,0,2026-05-18 09:47:30
FF3-0S0BBM-00,ASCEND FACEPLATE - 3 GANG (BRUSHED BLACK),Panels,1174.78,Units,0,2026-05-18 09:47:30
FF3-0S0BRM-00,ASCEND FACEPLATE - 3 GANG (BRUSHED BRASS),Panels,1174.78,Units,0,2026-05-18 09:47:30
FF3-0S0BZM-00,ASCEND FACEPLATE - 3 GANG (BRUSHED BRONZE),Panels,1174.78,Units,0,2026-05-18 09:47:30
FF3-0S0LAM-00,ASCEND FACEPLATE - 3 GANG (LIGHT ALMOND),Panels,1174.78,Units,0,2026-05-18 09:47:30
FF3-0S0MNM-00,ASCEND FACEPLATE - 3 GANG (NICKEL),Panels,1174.78,Units,0,2026-05-18 09:47:30
FF3-0S0SWM-00,ASCEND FACEPLATE - 3 GANG (SNOW WHITE),Panels,1174.78,Units,0,2026-05-18 09:47:30
FF3-0S0MGM-00,ASCEND FACEPLATE - 3 GANG (SPACE GRAY),Panels,1174.78,Units,0,2026-05-18 09:47:30
FF4-0S0MBM-00,ASCEND FACEPLATE - 4 GANG (BLACK),Panels,1566.09,Units,0,2026-05-18 09:47:30
FF4-0S0BAM-00,ASCEND FACEPLATE - 4 GANG (BRUSHED ALUMINUM),Panels,1566.09,Units,0,2026-05-18 09:47:30
FF4-0S0BBM-00,ASCEND FACEPLATE - 4 GANG (BRUSHED BLACK),Panels,1566.09,Units,0,2026-05-18 09:47:30
FF4-0S0BRM-00,ASCEND FACEPLATE - 4 GANG (BRUSHED BRASS),Panels,1566.09,Units,0,2026-05-18 09:47:30
FF4-0S0BZM-00,ASCEND FACEPLATE - 4 GANG (BRUSHED BRONZE),Panels,1566.09,Units,0,2026-05-18 09:47:30
FF4-0S0LAM-00,ASCEND FACEPLATE - 4 GANG (LIGHT ALMOND),Panels,1566.09,Units,0,2026-05-18 09:47:30
FF4-0S0MNM-00,ASCEND FACEPLATE - 4 GANG (NICKEL),Panels,1566.09,Units,0,2026-05-18 09:47:30
FF4-0S0SWM-00,ASCEND FACEPLATE - 4 GANG (SNOW WHITE),Panels,1566.09,Units,0,2026-05-18 09:47:30
FF4-0S0MGM-00,ASCEND FACEPLATE - 4 GANG (SPACE GRAY),Panels,1566.09,Units,0,2026-05-18 09:47:30
WFB-MBLV02-00,ASCEND LOW VOLTAGE KEYPAD - 2 BUTTON (BLACK),Keypads,11191.3,Units,0,2026-05-18 09:47:30
WFB-BALV02-00,ASCEND LOW VOLTAGE KEYPAD - 2 BUTTON (BRUSHED ALUMINUM),Keypads,11191.3,Units,0,2026-05-18 09:47:30
WFB-BBLV02-00,ASCEND LOW VOLTAGE KEYPAD - 2 BUTTON (BRUSHED BLACK),Keypads,11191.3,Units,0,2026-05-18 09:47:30
WFB-BRLV02-00,ASCEND LOW VOLTAGE KEYPAD - 2 BUTTON (BRUSHED BRASS),Keypads,11191.3,Units,0,2026-05-18 09:47:30
WFB-BZLV02-00,ASCEND LOW VOLTAGE KEYPAD - 2 BUTTON (BRUSHED BRONZE),Keypads,11191.3,Units,0,2026-05-18 09:47:30
WFB-LALV02-00,ASCEND LOW VOLTAGE KEYPAD - 2 BUTTON (LIGHT ALMOND),Keypads,11191.3,Units,0,2026-05-18 09:47:30
WFB-MNLV02-00,ASCEND LOW VOLTAGE KEYPAD - 2 BUTTON (NICKEL),Keypads,11191.3,Units,0,2026-05-18 09:47:30
WFB-SWLV02-00,ASCEND LOW VOLTAGE KEYPAD - 2 BUTTON (SNOW WHITE),Keypads,11191.3,Units,0,2026-05-18 09:47:30
WFB-MGLV02-00,ASCEND LOW VOLTAGE KEYPAD - 2 BUTTON (SPACE GRAY),Keypads,11191.3,Units,0,2026-05-18 09:47:30
WFB-MBLV04-00,ASCEND LOW VOLTAGE KEYPAD - 4 BUTTON (BLACK),Keypads,11191.3,Units,0,2026-05-18 09:47:30
WFB-BALV04-00,ASCEND LOW VOLTAGE KEYPAD - 4 BUTTON (BRUSHED ALUMINUM),Keypads,11191.3,Units,0,2026-05-18 09:47:30
WFB-BBLV04-00,ASCEND LOW VOLTAGE KEYPAD - 4 BUTTON (BRUSHED BLACK),Keypads,11191.3,Units,0,2026-05-18 09:47:30
WFB-BRLV04-00,ASCEND LOW VOLTAGE KEYPAD - 4 BUTTON (BRUSHED BRASS),Keypads,11191.3,Units,0,2026-05-18 09:47:30
WFB-BZLV04-00,ASCEND LOW VOLTAGE KEYPAD - 4 BUTTON (BRUSHED BRONZE),Keypads,11191.3,Units,0,2026-05-18 09:47:30
WFB-LALV04-00,ASCEND LOW VOLTAGE KEYPAD - 4 BUTTON (LIGHT ALMOND),Keypads,11191.3,Units,0,2026-05-18 09:47:30
WFB-MNLV04-00,ASCEND LOW VOLTAGE KEYPAD - 4 BUTTON (NICKEL),Keypads,11191.3,Units,0,2026-05-18 09:47:30
WFB-SWLV04-00,ASCEND LOW VOLTAGE KEYPAD - 4 BUTTON (SNOW WHITE),Keypads,11191.3,Units,0,2026-05-18 09:47:30
WFB-MGLV04-00,ASCEND LOW VOLTAGE KEYPAD - 4 BUTTON (SPACE GRAY),Keypads,11191.3,Units,0,2026-05-18 09:47:30
WFB-MBLV05-00,ASCEND LOW VOLTAGE KEYPAD - 5 BUTTON (BLACK),Keypads,11191.3,Units,0,2026-05-18 09:47:30
WFB-BALV05-00,ASCEND LOW VOLTAGE KEYPAD - 5 BUTTON (BRUSHED ALUMINUM),Keypads,11191.3,Units,0,2026-05-18 09:47:30
WFB-BBLV05-00,ASCEND LOW VOLTAGE KEYPAD - 5 BUTTON (BRUSHED BLACK),Keypads,11191.3,Units,0,2026-05-18 09:47:30
WFB-BRLV05-00,ASCEND LOW VOLTAGE KEYPAD - 5 BUTTON (BRUSHED BRASS),Keypads,11191.3,Units,0,2026-05-18 09:47:30
WFB-BZLV05-00,ASCEND LOW VOLTAGE KEYPAD - 5 BUTTON (BRUSHED BRONZE),Keypads,11191.3,Units,0,2026-05-18 09:47:30
WFB-LALV05-00,ASCEND LOW VOLTAGE KEYPAD - 5 BUTTON (LIGHT ALMOND),Keypads,11191.3,Units,0,2026-05-18 09:47:30
WFB-MNLV05-00,ASCEND LOW VOLTAGE KEYPAD - 5 BUTTON (NICKEL),Keypads,11191.3,Units,0,2026-05-18 09:47:30
WFB-SWLV05-00,ASCEND LOW VOLTAGE KEYPAD - 5 BUTTON (SNOW WHITE),Keypads,11191.3,Units,0,2026-05-18 09:47:30
WFB-MGLV05-00,ASCEND LOW VOLTAGE KEYPAD - 5 BUTTON (SPACE GRAY),Keypads,11191.3,Units,0,2026-05-18 09:47:30
C10084,AUD100 2RCA-2RCA 1m interconnect,Miscellaneous,260.0,Units,0,2026-05-18 09:47:30
C10085,AUD100 2RCA-2RCA 2m interconnect,Miscellaneous,329.57,Units,0,2026-05-18 09:47:30
AUTOMATE-REM15,AUTOMATE 15 CHANNEL REMOTE,Remotes,3229.57,Units,0,2026-05-18 09:47:30
AV10,AV 10 AV Support,Miscellaneous,1564.35,Units,0,2026-05-18 09:47:30
GSM4210PD,AV Line M4250-9G1F-PoE+ (GSM4210PD) 8x1G PoE+ 110W 1x1G and 1xSFP Managed Switch,Miscellaneous,15078.57,Units,0,2026-07-22 10:12:31
C11084,AX C25 CD Player,Miscellaneous,8694.78,Units,0,2026-05-18 09:47:30
C11087,AX C35CD Player,Miscellaneous,11303.48,Units,0,2026-05-18 09:47:30
C11079,AXA25 Integrated Amplifier Grey,Amplifiers,8694.78,Units,0,2026-05-18 09:47:30
C11082,AXA35 Integrated Amplifier w/ Built-in Phono-stage Grey,Amplifiers,11303.48,Units,0,2026-05-18 09:47:30
C11091,AXR100 FM/AM Stereo Receiver Grey,Receivers,16520.87,Units,0,2026-05-18 09:47:30
C11089,AXR85 FM/AM Stereo Receiver Grey,Receivers,14781.74,Units,0,2026-05-18 09:47:30
DHI-DSSPro8-Door-Channel-License,"Access control channel expansion license, one access control channel license for DSS Professional V8, 
Prerequisite: Access control channel base packa",Licenses,576.09,Units,0,2026-05-18 09:47:30
ACOUSTIC- 60/35-B,"Acoustisorb Treatment Panel - Thermally Bonded Polyester, 1200mm x 600mm x 35mm, Black",Miscellaneous,457.14,Units,0,2026-07-22 10:12:35
ACTIVEWIRE10M,Active HDMI 10m,Miscellaneous,3043.48,Units,0,2026-05-18 09:47:30
ACTIVEMAX10M,Active MAX HDMI 10m,Miscellaneous,4173.91,Units,0,2026-05-18 09:47:30
ACTIVEMAX15M,Active MAX HDMI 15m,Miscellaneous,4304.35,Units,0,2026-05-18 09:47:30
ACTIVEMAX8M,Active MAX HDMI 8m,Miscellaneous,3608.7,Units,0,2026-05-18 09:47:30
DS-7716NXI-I4/S_C,AcuSense 16ch NVR  4 SATA up to 10TB  up to 12MP recording   16/8 alarm IO,CCTV,12121.03,Units,0,2026-07-29 12:41:05
THOM001653,Adeo 4CH DMX LED Dimmer (CC Version),Miscellaneous,6260.87,Units,0,2026-05-18 09:47:30
THOM000913,Adeo 4CH DMX LED Dimmer (CV Version),Miscellaneous,6260.87,Units,0,2026-05-18 09:47:30
PFIXPLANO-00180,Adeo Plano 135 Vision Acoustik,Miscellaneous,40417.39,Units,0,2026-05-18 09:47:30
THOM003051,Adeo SGDC41 DMX Only Gateway,Miscellaneous,10869.57,Units,0,2026-05-18 09:47:30
THOM002222,Adeo SGDDC44 DALI2+DMX Gateway,Miscellaneous,14347.83,Units,0,2026-05-18 09:47:30
THOM001655,Adeo SGDDPS Power Supply for SGDDC43,Miscellaneous,539.13,Units,0,2026-05-18 09:47:30
AZAI6WSPDA1,Airzone Aidoo Pro Daikin Sky Air,Miscellaneous,4782.61,Units,0,2026-05-18 09:47:30
AZAI6WSPSA2,Airzone Aidoo Pro Samsung Nasa,Miscellaneous,4782.61,Units,0,2026-05-18 09:47:30
Alarm Cable 4 Core 100m,Alarm Cable 4 Core 100m PA-2004,Uncategorised,1.0,Units,0,2026-07-29 11:59:52
KLDD1FCG.,Alba 8b 1f Crestron Glass,Miscellaneous,13200.0,Units,0,2026-05-18 09:47:30
DLBE12C,Alba collection Back End 12 buttons Crestron,Miscellaneous,10266.96,Units,0,2026-05-18 09:47:30
DLBE12K,Alba collection Back End 12 buttons KNX,Miscellaneous,10266.96,Units,0,2026-05-18 09:47:30
DLBE12R,Alba collection Back End 12 buttons RS485,Miscellaneous,10266.96,Units,0,2026-05-18 09:47:30
DLBEM1C,Alba collection Back End Multipurpose/Temperature control interface Crestron,Miscellaneous,12406.09,Units,0,2026-05-18 09:47:30
DLBEM1K,Alba collection Back End Multipurpose/Temperature control interface KNX,Miscellaneous,12406.09,Units,0,2026-05-18 09:47:30
DLBEM1R,Alba collection Back End Multipurpose/Temperature control interface RS485,Miscellaneous,12406.09,Units,0,2026-05-18 09:47:30
DLFRM1XGIW,Alba collection Frame Multipurpose/Temperature control interface Glass Ice White,Miscellaneous,2139.13,Units,0,2026-05-18 09:47:30
DLFRM1XGSW,Alba collection Frame Multipurpose/Temperature control interface Glass Sand White,Miscellaneous,3250.43,Units,0,2026-05-18 09:47:30
DLFRM1XGVG,Alba collection Frame Multipurpose/Temperature control interface Glass Venetian Gold,Miscellaneous,2139.13,Units,0,2026-05-18 09:47:30
DLFRM1XGYB,Alba collection Frame Multipurpose/Temperature control interface Glass York Black,Miscellaneous,2139.13,Units,0,2026-05-18 09:47:30
DLFRM1XMAS,Alba collection Frame Multipurpose/Temperature control interface Metal Aluminum Silver  Metal Brush,Miscellaneous,2139.13,Units,0,2026-05-18 09:47:30
DLFRM1XMBG,Alba collection Frame Multipurpose/Temperature control interface Metal Bronze Gold  Metal Brushed,Miscellaneous,2139.13,Units,0,2026-05-18 09:47:30
DLFRM1XMMB,Alba collection Frame Multipurpose/Temperature control interface Metal Mars Black  Metal Brushed,Miscellaneous,2139.13,Units,0,2026-05-18 09:47:30
DLFR2FXGIWKPKP,Alba collection Frame double frame Glass Ice White  Combination: Keypad  Keypad,Keypads,4278.26,Units,0,2026-05-18 09:47:30
DLFR2FXGIWKPM1,Alba collection Frame double frame Glass Ice White  Combination: Keypad  Multipurpose/Temperature,Keypads,4278.26,Units,0,2026-05-18 09:47:30
DLFR2FXGIWM1KP,Alba collection Frame double frame Glass Ice White  Combination: Multipurpose/Temperature control i,Miscellaneous,4278.26,Units,0,2026-05-18 09:47:30
DLFR2FXGIWM1M1,Alba collection Frame double frame Glass Ice White  Combination: Multipurpose/Temperature control i,Miscellaneous,4278.26,Units,0,2026-05-18 09:47:30
DLFR2FXGSWKPKP,Alba collection Frame double frame Glass Sand White  Combination: Keypad  Keypad,Keypads,4000.0,Units,0,2026-05-18 09:47:30
DLFR2FXGSWKPM1,Alba collection Frame double frame Glass Sand White  Combination: Keypad  Multipurpose/Temperature,Keypads,5250.43,Units,0,2026-05-18 09:47:30
DLFR2FXGSWM1KP,Alba collection Frame double frame Glass Sand White  Combination: Multipurpose/Temperature control,Miscellaneous,5250.43,Units,0,2026-05-18 09:47:30
DLFR2FXGSWM1M1,Alba collection Frame double frame Glass Sand White  Combination: Multipurpose/Temperature control,Miscellaneous,6500.0,Units,0,2026-05-18 09:47:30
DLFR2FXGVGKPKP,Alba collection Frame double frame Glass Venetian Gold  Combination: Keypad  Keypad,Keypads,4278.26,Units,0,2026-05-18 09:47:30
DLFR2FXGVGKPM1,Alba collection Frame double frame Glass Venetian Gold  Combination: Keypad  Multipurpose/Temperat,Keypads,4278.26,Units,0,2026-05-18 09:47:30
DLFR2FXGVGM1KP,Alba collection Frame double frame Glass Venetian Gold  Combination: Multipurpose/Temperature contr,Miscellaneous,4278.26,Units,0,2026-05-18 09:47:30
DLFR2FXGVGM1M1,Alba collection Frame double frame Glass Venetian Gold  Combination: Multipurpose/Temperature contr,Miscellaneous,4278.26,Units,0,2026-05-18 09:47:30
DLFR2FXGYBKPKP,Alba collection Frame double frame Glass York Black  Combination: Keypad  Keypad,Keypads,4278.26,Units,0,2026-05-18 09:47:30
DLFR2FXGYBKPM1,Alba collection Frame double frame Glass York Black  Combination: Keypad  Multipurpose/Temperature,Keypads,4278.26,Units,0,2026-05-18 09:47:30
DLFR2FXGYBM1M1,Alba collection Frame double frame Glass York Black  Combination: Multipurpose/Temperature control,Miscellaneous,4278.26,Units,0,2026-05-18 09:47:30
DLFR2FXGYBM1KP,Alba collection Frame double frame Glass York Black  Combination: Multipurpose/Temperature control,Miscellaneous,4278.26,Units,0,2026-05-18 09:47:30
DLFR2FLGIWKPSK,Alba collection Frame double frame Legrand Arteor Glass Ice White  Combination: Keypad  Socket,Keypads,4278.26,Units,0,2026-05-18 09:47:30
DLFR2FLGIWM1SK,Alba collection Frame double frame Legrand Arteor Glass Ice White  Combination: Multipurpose/Temper,Miscellaneous,4278.26,Units,0,2026-05-18 09:47:30
DLFR2FLGIWSKM1,Alba collection Frame double frame Legrand Arteor Glass Ice White  Combination: Socket  Multipurpo,Miscellaneous,4278.26,Units,0,2026-05-18 09:47:30
DLFR2FLGSWKPSK,Alba collection Frame double frame Legrand Arteor Glass Sand White  Combination: Keypad  Socket,Keypads,3250.43,Units,0,2026-05-18 09:47:30
DLFR2FLGSWM1SK,Alba collection Frame double frame Legrand Arteor Glass Sand White  Combination: Multipurpose/Tempe,Miscellaneous,4500.0,Units,0,2026-05-18 09:47:30
DLFR2FLGSWSKM1,Alba collection Frame double frame Legrand Arteor Glass Sand White  Combination: Socket  Multipurp,Miscellaneous,4500.0,Units,0,2026-05-18 09:47:30
DLFR2FLGVGKPSK,Alba collection Frame double frame Legrand Arteor Glass Venetian Gold  Combination: Keypad  Socket,Keypads,4278.26,Units,0,2026-05-18 09:47:30
DLFR2FLGVGM1SK,Alba collection Frame double frame Legrand Arteor Glass Venetian Gold  Combination: Multipurpose/Te,Miscellaneous,4278.26,Units,0,2026-05-18 09:47:30
DLFR2FLGVGSKM1,Alba collection Frame double frame Legrand Arteor Glass Venetian Gold  Combination: Socket  Multip,Miscellaneous,4278.26,Units,0,2026-05-18 09:47:30
DLFR2FLGYBKPSK,Alba collection Frame double frame Legrand Arteor Glass York Black  Combination: Keypad  Socket,Keypads,4278.26,Units,0,2026-05-18 09:47:30
DLFR2FLGYBM1SK,Alba collection Frame double frame Legrand Arteor Glass York Black  Combination: Multipurpose/Tempe,Miscellaneous,4278.26,Units,0,2026-05-18 09:47:30
DLFR2FLGYBSKM1,Alba collection Frame double frame Legrand Arteor Glass York Black  Combination: Socket  Multipurp,Miscellaneous,4278.26,Units,0,2026-05-18 09:47:30
DLFR2FLMASM1SK,Alba collection Frame double frame Legrand Arteor Metal Aluminum Silver  Metal Brushed  Combinatio,Miscellaneous,4278.26,Units,0,2026-05-18 09:47:30
DLFR2FLMASKPSK,Alba collection Frame double frame Legrand Arteor Metal Aluminum Silver  Metal Brushed  Combinatio,Miscellaneous,4278.26,Units,0,2026-05-18 09:47:30
DLFR2FLMASSKM1,Alba collection Frame double frame Legrand Arteor Metal Aluminum Silver  Metal Brushed  Combinatio,Miscellaneous,4278.26,Units,0,2026-05-18 09:47:30
DLFR2FLMBGKPSK,Alba collection Frame double frame Legrand Arteor Metal Bronze Gold  Metal Brushed  Combination: K,Miscellaneous,4278.26,Units,0,2026-05-18 09:47:30
DLFR2FLMBGM1SK,Alba collection Frame double frame Legrand Arteor Metal Bronze Gold  Metal Brushed  Combination: M,Miscellaneous,4278.26,Units,0,2026-05-18 09:47:30
DLFR2FLMBGSKM1,Alba collection Frame double frame Legrand Arteor Metal Bronze Gold  Metal Brushed  Combination: S,Miscellaneous,4278.26,Units,0,2026-05-18 09:47:30
DLFR2FLMMBKPSK,Alba collection Frame double frame Legrand Arteor Metal Mars Black  Metal Brushed  Combination: Ke,Miscellaneous,4278.26,Units,0,2026-05-18 09:47:30
DLFR2FLMMBM1SK,Alba collection Frame double frame Legrand Arteor Metal Mars Black  Metal Brushed  Combination: Mu,Miscellaneous,4278.26,Units,0,2026-05-18 09:47:30
DLFR2FLMMBSKM1,Alba collection Frame double frame Legrand Arteor Metal Mars Black  Metal Brushed  Combination: So,Miscellaneous,4278.26,Units,0,2026-05-18 09:47:30
DLFR2FXMASKPKP,Alba collection Frame double frame Metal Aluminum Silver  Metal Brushed  Combination: Keypad  Key,Keypads,4278.26,Units,0,2026-05-18 09:47:30
DLFR2FXMASKPM1,Alba collection Frame double frame Metal Aluminum Silver  Metal Brushed  Combination: Keypad  Mul,Keypads,4278.26,Units,0,2026-05-18 09:47:30
DLFR2FXMASM1M1,Alba collection Frame double frame Metal Aluminum Silver  Metal Brushed  Combination: Multipurpose,Miscellaneous,4278.26,Units,0,2026-05-18 09:47:30
DLFR2FXMASM1KP,Alba collection Frame double frame Metal Aluminum Silver  Metal Brushed  Combination: Multipurpose,Miscellaneous,4278.26,Units,0,2026-05-18 09:47:30
DLFR2FXMBGKPKP,Alba collection Frame double frame Metal Bronze Gold  Metal Brushed  Combination: Keypad  Keypad,Keypads,4278.26,Units,0,2026-05-18 09:47:30
DLFR2FXMBGKPM1,Alba collection Frame double frame Metal Bronze Gold  Metal Brushed  Combination: Keypad  Multipu,Keypads,4278.26,Units,0,2026-05-18 09:47:30
DLFR2FXMBGM1M1,Alba collection Frame double frame Metal Bronze Gold  Metal Brushed  Combination: Multipurpose/Tem,Miscellaneous,4278.26,Units,0,2026-05-18 09:47:30
DLFR2FXMBGM1KP,Alba collection Frame double frame Metal Bronze Gold  Metal Brushed  Combination: Multipurpose/Tem,Miscellaneous,4278.26,Units,0,2026-05-18 09:47:30
DLFR2FXMMBKPKP,Alba collection Frame double frame Metal Mars Black  Metal Brushed  Combination: Keypad  Keypad,Keypads,4278.26,Units,0,2026-05-18 09:47:30
DLFR2FXMMBKPM1,Alba collection Frame double frame Metal Mars Black  Metal Brushed  Combination: Keypad  Multipur,Keypads,4278.26,Units,0,2026-05-18 09:47:30
DLFR2FXMMBM1KP,Alba collection Frame double frame Metal Mars Black  Metal Brushed  Combination: Multipurpose/Temp,Miscellaneous,4278.26,Units,0,2026-05-18 09:47:30
DLFR2FXMMBM1M1,Alba collection Frame double frame Metal Mars Black  Metal Brushed  Combination: Multipurpose/Temp,Miscellaneous,4278.26,Units,0,2026-05-18 09:47:30
DLFR1FXGIW,Alba collection Frame single frame Glass Ice White,Miscellaneous,2139.13,Units,0,2026-05-18 09:47:30
DLFR1FXGSW,Alba collection Frame single frame Glass Sand White,Miscellaneous,2000.0,Units,0,2026-05-18 09:47:30
DLFR1FXGVG,Alba collection Frame single frame Glass Venetian Gold,Miscellaneous,2139.13,Units,0,2026-05-18 09:47:30
DLFR1FXGYB,Alba collection Frame single frame Glass York Black,Miscellaneous,2139.13,Units,0,2026-05-18 09:47:30
DLFR1FXMAS,Alba collection Frame single frame Metal Aluminum Silver  Metal Brushed,Miscellaneous,2139.13,Units,0,2026-05-18 09:47:30
DLFR1FXMBG,Alba collection Frame single frame Metal Bronze Gold  Metal Brushed,Miscellaneous,2139.13,Units,0,2026-05-18 09:47:30
DLFR1FXMMB,Alba collection Frame single frame Metal Mars Black  Metal Brushed,Miscellaneous,2139.13,Units,0,2026-05-18 09:47:30
DLFE2KXGIW,Alba collection Front End 2 buttons Glass Ice White,Miscellaneous,2139.13,Units,0,2026-05-18 09:47:30
DLFE2KXGSW,Alba collection Front End 2 buttons Glass Sand White,Miscellaneous,1375.65,Units,0,2026-05-18 09:47:30
DLFE2KXGVG,Alba collection Front End 2 buttons Glass Venetian Gold,Miscellaneous,2139.13,Units,0,2026-05-18 09:47:30
DLFE2KXGYB,Alba collection Front End 2 buttons Glass York Black,Miscellaneous,2139.13,Units,0,2026-05-18 09:47:30
DLFE4KXGIW,Alba collection Front End 4 buttons Glass Ice White,Miscellaneous,2139.13,Units,0,2026-05-18 09:47:30
DLFE4KXGSW,Alba collection Front End 4 buttons Glass Sand White,Miscellaneous,1500.0,Units,0,2026-05-18 09:47:30
DLFE4KXGVG,Alba collection Front End 4 buttons Glass Venetian Gold,Miscellaneous,2139.13,Units,0,2026-05-18 09:47:30
DLFE4KXGYB,Alba collection Front End 4 buttons Glass York Black,Miscellaneous,2139.13,Units,0,2026-05-18 09:47:30
DLFE8KXGIW,Alba collection Front End 8 buttons Glass Ice White,Miscellaneous,2139.13,Units,0,2026-05-18 09:47:30
DLFE8KXGSW,Alba collection Front End 8 buttons Glass Sand White,Miscellaneous,1625.22,Units,0,2026-05-18 09:47:30
DLFE8KXGVG,Alba collection Front End 8 buttons Glass Venetian Gold,Miscellaneous,2139.13,Units,0,2026-05-18 09:47:30
DLFE8KXGYB,Alba collection Front End 8 buttons Glass York Black,Miscellaneous,2139.13,Units,0,2026-05-18 09:47:30
DLFEM1XGIW,Alba collection Front End Multipurpose/Temperature control interface Glass Ice White,Miscellaneous,2139.13,Units,0,2026-05-18 09:47:30
DLFEM1XGSW,Alba collection Front End Multipurpose/Temperature control interface Glass Sand White,Miscellaneous,1500.0,Units,0,2026-05-18 09:47:30
DLFEM1XGVG,Alba collection Front End Multipurpose/Temperature control interface Glass Venetian Gold,Miscellaneous,2139.13,Units,0,2026-05-18 09:47:30
DLFEM1XGYB,Alba collection Front End Multipurpose/Temperature control interface Glass York Black,Miscellaneous,2139.13,Units,0,2026-05-18 09:47:30
DLDSV2,Alba collection Spare DST Back End V2,Miscellaneous,5133.91,Units,0,2026-05-18 09:47:30
DLDSV4,Alba collection Spare DST Back End V4,Miscellaneous,6203.48,Units,0,2026-05-18 09:47:30
FT-SPRAY,Alcohol Spray 400ml,Miscellaneous,95.0,Units,0,2026-05-18 09:47:30
DH-PFS3210-8GT2GF-96,"All-gigabit ports provide real-time transmisstion with no lag.
The red port meets the IEEE 802.3bt standard.
Power supply supports up to 90 W.
PoE wat",Miscellaneous,2972.94,Units,0,2026-05-18 09:47:30
UVC-G6-Pro-Entry,"All-weather, PoE+ 12MP Doorbell with enhanced AI detections, two-way audio, 3"" touch display, a secondary package camera, and integrated Access Reader",Video Distribution,12002.86,Units,0,2026-07-21 15:58:10
AltitudeCI-8,"AltitudeCI brings Trinnov’s exclusive active acoustics technologies to the world of custom integration, with native support for DanteⓇ and AES67, a sc",Miscellaneous,197391.3,Units,0,2026-07-22 10:12:39
ALU-BRK-CM,Aluminium wall or ceiling mount bracket,Miscellaneous,71.05,Units,0,2026-05-18 09:47:30
A2,Amplifier,Miscellaneous,198680.87,Units,0,2026-07-22 10:12:43
ADC,Analogue to Digital Converter,Miscellaneous,1469.57,Units,0,2026-05-18 09:47:30
1414000060,Anthem MRX SLM 4K (Black),Miscellaneous,25334.16,Units,0,2026-07-22 10:12:47
MXK83Z/A,Apple Magic Keyboard with Touch ID and Numeric Keypad (International English) - Black,Video Distribution,4173.04,Units,0,2026-07-21 09:56:59
MMMQ3Z/A,Apple Magic Mouse with Multi-Touch Surface - Black,Video Distribution,2086.09,Units,0,2026-07-21 10:00:40
MN893Z/A,"Apple TV 4K 128Gb Wifi + Ethernet (3rd Gen,2022)",Uncategorised,3407.76,Units,0,2026-07-23 14:37:32
AN110RT2L1W,Araknis AN110RT2L1W Router,Routers,5652.17,Units,0,2026-05-18 09:47:30
AN110RT2L1WWIFI,Araknis AN110RT2L1WWIFI WiFi Router,Routers,7565.22,Units,0,2026-05-18 09:47:30
AN110SWC5,Araknis AN110SWC5 Switch,Switches,1913.04,Units,0,2026-05-18 09:47:30
AN110SWC5P,Araknis AN110SWC5P Switch,Switches,3391.3,Units,0,2026-05-18 09:47:30
AN110SWR16,Araknis AN110SWR16 Switch,Switches,6086.96,Units,0,2026-05-18 09:47:30
AN110SWR24,Araknis AN110SWR24 Switch,Switches,8434.78,Units,0,2026-05-18 09:47:30
AN110SWR8,Araknis AN110SWR8 Switch,Switches,2782.61,Units,0,2026-05-18 09:47:30
AN220RT,Araknis AN220RT Router,Routers,8521.74,Units,0,2026-05-18 09:47:30
AN220SWF48POE,Araknis AN220SWF48POE,Miscellaneous,33043.48,Units,0,2026-05-18 09:47:30
AN220SWR16POE,Araknis AN220SWR16POE Switch,Switches,14434.78,Units,0,2026-05-18 09:47:30
AN220SWR24POE,Araknis AN220SWR24POE Switch,Switches,19304.35,Units,0,2026-05-18 09:47:30
AN220SWR8POE,Araknis AN220SWR8POE Switch,Switches,8695.65,Units,0,2026-05-18 09:47:30
AN310RT4L2W,Araknis AN310RT4L2W Router,Routers,9478.26,Units,0,2026-05-18 09:47:30
AN310SWF48,Araknis AN310SWF48 L2 Switch,Switches,15826.09,Units,0,2026-05-18 09:47:30
AN310SWR16,Araknis AN310SWR16 L2 Switch,Switches,10434.78,Units,0,2026-05-18 09:47:30
AN310SWR16POE,Araknis AN310SWR16POE L2 Switch,Switches,25391.3,Units,0,2026-05-18 09:47:30
AN310SWR24,Araknis AN310SWR24 L2 Switch,Switches,12086.96,Units,0,2026-05-18 09:47:30
AN310SWR24POE,Araknis AN310SWR24POE L2 Switch,Switches,33565.22,Units,0,2026-05-18 09:47:30
AN310SWR8,Araknis AN310SWR8 L2 Switch,Switches,7043.48,Units,0,2026-05-18 09:47:30
AN310SWR8POE,Araknis AN310SWR8POE L2 Switch,Switches,12521.74,Units,0,2026-05-18 09:47:30
AN320SWR8POE,Araknis AN320SWR8POE L2 Switch,Miscellaneous,14490.0,Units,0,2026-07-22 10:12:51
AN510APIAC,Araknis AN510APIAC Access Point,Wireless Access Points,6956.52,Units,0,2026-05-18 09:47:30
AN520API,Araknis AN520 Access Point,Wireless Access Points,7826.09,Units,0,2026-05-18 09:47:30
AN520APO,Araknis AN520APO Outdoor Access Point,Wireless Access Points,12173.91,Units,0,2026-05-18 09:47:30
AN520RT,Araknis AN520RT Router,Routers,13565.22,Units,0,2026-05-18 09:47:30
AN620SWR24POE,Araknis AN620SWR24POE Switch,Switches,57391.3,Units,0,2026-05-18 09:47:30
AN620SWR8POE,Araknis AN620SWR8POE Switch,Switches,23652.17,Units,0,2026-05-18 09:47:30
AN820API,Araknis AN820 Access Point,Wireless Access Points,15043.48,Units,0,2026-05-18 09:47:30
AN920SWF12POE,Araknis AN920SWF12POE Switch,Switches,91130.43,Units,0,2026-05-18 09:47:30
AN920SWF24POE,Araknis AN920SWF24POE Switch,Switches,124869.57,Units,0,2026-05-18 09:47:30
ANACCAPOTILT,Araknis ANACCAPOTILT O/WAP Tilt Mount,Miscellaneous,1217.39,Units,0,2026-05-18 09:47:30
ANACCINJPOE30W,Araknis ANACCINJPOE30W PoE+ Injector,Miscellaneous,1652.17,Units,0,2026-05-18 09:47:30
ANSFP100G1,Araknis ANSFP100G1 QSFP28 module,Miscellaneous,8521.74,Units,0,2026-05-18 09:47:30
DRBE12C,Aria collection Back End 12 buttons Crestron,Miscellaneous,8127.83,Units,0,2026-05-18 09:47:30
DRBE12K,Aria collection Back End 12 buttons KNX,Miscellaneous,8127.83,Units,0,2026-05-18 09:47:30
DRBE12R,Aria collection Back End 12 buttons RS485,Miscellaneous,8127.83,Units,0,2026-05-18 09:47:30
DRBE09C,Aria collection Back End 9 buttons Crestron,Miscellaneous,8127.83,Units,0,2026-05-18 09:47:30
DRBE09K,Aria collection Back End 9 buttons KNX,Miscellaneous,8127.83,Units,0,2026-05-18 09:47:30
DRBE09R,Aria collection Back End 9 buttons RS485,Miscellaneous,8127.83,Units,0,2026-05-18 09:47:30
DRBETTC,Aria collection Back End Temperature control interface Crestron,Miscellaneous,10625.22,Units,0,2026-05-18 09:47:30
DRBETTK,Aria collection Back End Temperature control interface KNX,Miscellaneous,9125.22,Units,0,2026-05-18 09:47:30
DRBETTR,Aria collection Back End Temperature control interface RS485,Miscellaneous,7875.65,Units,0,2026-05-18 09:47:30
DRFETTXGIW,Aria collection Front End Temperature control interface Glass Ice White,Miscellaneous,1625.22,Units,0,2026-05-18 09:47:30
DRFETTXGSW,Aria collection Front End Temperature control interface Glass Sand White,Miscellaneous,1625.22,Units,0,2026-05-18 09:47:30
DRFETTXGVG,Aria collection Front End Temperature control interface Glass Venetian Gold,Miscellaneous,1625.22,Units,0,2026-05-18 09:47:30
DRFETTXGYB,Aria collection Front End Temperature control interface Glass York Black,Miscellaneous,1625.22,Units,0,2026-05-18 09:47:30
DRFE2FXGIWKPKP,Aria collection Front End double frame Glass Ice White  Combination: Keypad  Keypad,Keypads,4278.26,Units,0,2026-05-18 09:47:30
DRFE2FXGIWKPTT,Aria collection Front End double frame Glass Ice White  Combination: Keypad  Temperature control i,Keypads,3125.22,Units,0,2026-05-18 09:47:30
DRFE2FXGIWTTKP,Aria collection Front End double frame Glass Ice White  Combination: Temperature control interface,Miscellaneous,3125.22,Units,0,2026-05-18 09:47:30
DRFE2FXGSWKPKP,Aria collection Front End double frame Glass Sand White  Combination: Keypad  Keypad,Keypads,3000.0,Units,0,2026-05-18 09:47:30
DRFE2FXGSWKPTT,Aria collection Front End double frame Glass Sand White  Combination: Keypad  Temperature control,Keypads,3125.22,Units,0,2026-05-18 09:47:30
DRFE2FXGSWTTKP,Aria collection Front End double frame Glass Sand White  Combination: Temperature control interface,Miscellaneous,3125.22,Units,0,2026-05-18 09:47:30
DRFE2FXGVGKPKP,Aria collection Front End double frame Glass Venetian Gold  Combination: Keypad  Keypad,Keypads,4278.26,Units,0,2026-05-18 09:47:30
DRFE2FXGVGKPTT,Aria collection Front End double frame Glass Venetian Gold  Combination: Keypad  Temperature contr,Keypads,3125.22,Units,0,2026-05-18 09:47:30
DRFE2FXGVGTTKP,Aria collection Front End double frame Glass Venetian Gold  Combination: Temperature control interf,Miscellaneous,3125.22,Units,0,2026-05-18 09:47:30
DRFE2FXGYBKPKP,Aria collection Front End double frame Glass York Black  Combination: Keypad  Keypad,Keypads,4278.26,Units,0,2026-05-18 09:47:30
DRFE2FXGYBKPTT,Aria collection Front End double frame Glass York Black  Combination: Keypad  Temperature control,Keypads,3125.22,Units,0,2026-05-18 09:47:30
DRFE2FXGYBTTKP,Aria collection Front End double frame Glass York Black  Combination: Temperature control interface,Miscellaneous,3125.22,Units,0,2026-05-18 09:47:30
DRFE2FLGIWKPSK,Aria collection Front End double frame Legrand Arteor Glass Ice White  Combination: Keypad  Socket,Keypads,4278.26,Units,0,2026-05-18 09:47:30
DRFE2FLGIWSKTT,Aria collection Front End double frame Legrand Arteor Glass Ice White  Combination: Socket  Temper,Miscellaneous,2875.65,Units,0,2026-05-18 09:47:30
DRFE2FLGIWTTSK,Aria collection Front End double frame Legrand Arteor Glass Ice White  Combination: Temperature con,Miscellaneous,2875.65,Units,0,2026-05-18 09:47:30
DRFE2FLGSWKPSK,Aria collection Front End double frame Legrand Arteor Glass Sand White  Combination: Keypad  Socke,Keypads,2750.43,Units,0,2026-05-18 09:47:30
DRFE2FLGSWSKTT,Aria collection Front End double frame Legrand Arteor Glass Sand White  Combination: Socket  Tempe,Miscellaneous,2875.65,Units,0,2026-05-18 09:47:30
DRFE2FLGSWTTSK,Aria collection Front End double frame Legrand Arteor Glass Sand White  Combination: Temperature co,Miscellaneous,2875.65,Units,0,2026-05-18 09:47:30
DRFE2FLGVGKPSK,Aria collection Front End double frame Legrand Arteor Glass Venetian Gold  Combination: Keypad  So,Keypads,4278.26,Units,0,2026-05-18 09:47:30
DRFE2FLGVGSKTT,Aria collection Front End double frame Legrand Arteor Glass Venetian Gold  Combination: Socket  Te,Miscellaneous,2875.65,Units,0,2026-05-18 09:47:30
DRFE2FLGVGTTSK,Aria collection Front End double frame Legrand Arteor Glass Venetian Gold  Combination: Temperature,Miscellaneous,2875.65,Units,0,2026-05-18 09:47:30
DRFE2FLGYBKPSK,Aria collection Front End double frame Legrand Arteor Glass York Black  Combination: Keypad  Socke,Keypads,4278.26,Units,0,2026-05-18 09:47:30
DRFE2FLGYBSKTT,Aria collection Front End double frame Legrand Arteor Glass York Black  Combination: Socket  Tempe,Miscellaneous,2875.65,Units,0,2026-05-18 09:47:30
DRFE2FLGYBTTSK,Aria collection Front End double frame Legrand Arteor Glass York Black  Combination: Temperature co,Miscellaneous,2875.65,Units,0,2026-05-18 09:47:30
DRFE1FXGIW,Aria collection Front End single frame Glass Ice White,Miscellaneous,2139.13,Units,0,2026-05-18 09:47:30
DRFE1FXGSW,Aria collection Front End single frame Glass Sand White,Miscellaneous,1500.0,Units,0,2026-05-18 09:47:30
DRFE1FXGVG,Aria collection Front End single frame Glass Venetian Gold,Miscellaneous,2139.13,Units,0,2026-05-18 09:47:30
DRFE1FXGYB,Aria collection Front End single frame Glass York Black,Miscellaneous,2139.13,Units,0,2026-05-18 09:47:30
DRDSV2,Aria collection Spare DST Back End V2,Miscellaneous,1604.35,Units,0,2026-05-18 09:47:30
DRDSV4,Aria collection Spare DST Back End V4,Miscellaneous,2566.96,Units,0,2026-05-18 09:47:30
PD644WWH,Arteor 6 Lever Bell Press Switch - 4 X 4 White,Lighting Control Modules,1025.04,Units,0,2026-07-29 08:37:39
DH-PFS3010-8GT-96,"As an access layer switch, the quasi-industrial PoE switch supports four 100 Mbps access Ethernet ports, one gigabit uplink Ethernet port, and one gig",Switches,2057.55,Units,0,2026-05-18 09:47:30
SC-630P-SA,Audible souding horn,CCTV,4158.33,Units,0,2026-07-15 12:02:37
BLAB12,Audioquest Black Lab 12m Subwoofer Cable,Miscellaneous,2173.04,Units,0,2026-05-18 09:47:30
BLAB08,Audioquest Black Lab 8m Subwoofer Cable,Miscellaneous,1651.3,Units,0,2026-05-18 09:47:30
OPTFOR0.75,Audioquest Forest Optilink 0.75m Braided Optical Fiber Cable,Miscellaneous,868.7,Units,0,2026-05-18 09:47:30
OPTFOR01.5,Audioquest Forest Optilink 1.5m Braided Optical Fiber Cable,Miscellaneous,1042.61,Units,0,2026-05-18 09:47:30
IRED05,Audioquest Irish Red 5m Subwoofer Cable,Miscellaneous,3477.39,Units,0,2026-05-18 09:47:30
OPTPEA0.75,Audioquest Pearl Optilink 0.75m PVC Optical Fiber Cable,Miscellaneous,607.83,Units,0,2026-05-18 09:47:30
OPTPEA01.5,Audioquest Pearl Optilink 1.5m PVC Optical Fiber Cable,Miscellaneous,694.78,Units,0,2026-05-18 09:47:30
SGBAN100120S,Audioquest SG100 SureGrip Silver Banana Plugs 120,Miscellaneous,19913.04,Units,0,2026-05-18 09:47:30
LENS-VS0358,Auto iris vari-focal CS mounted lens,Miscellaneous,114.55,Units,0,2026-05-18 09:47:30
DHBXDP,Axes Collection Back Box and parts for Third Party RFID Reader Integration,Readers,2139.13,Units,0,2026-05-18 09:47:30
DHBECHC,Axes Collection Back End Card Holder Crestron,Miscellaneous,5989.57,Units,0,2026-05-18 09:47:30
DHBECHK,Axes Collection Back End Card Holder KNX,Miscellaneous,5989.57,Units,0,2026-05-18 09:47:30
DHBECRC,Axes Collection Back End Card Holder RFID Reader Crestron,Readers,5989.57,Units,0,2026-05-18 09:47:30
DHBECRK,Axes Collection Back End Card Holder RFID Reader KNX,Readers,5989.57,Units,0,2026-05-18 09:47:30
DHBECRR,Axes Collection Back End Card Holder RFID Reader RS485,Readers,5989.57,Units,0,2026-05-18 09:47:30
DHBECHR,Axes Collection Back End Card Holder RS485,Miscellaneous,5989.57,Units,0,2026-05-18 09:47:30
DHBEKNC,Axes Collection Back End Door Panel Numbers Keypad Crestron,Keypads,5989.57,Units,0,2026-05-18 09:47:30
DHBEKNK,Axes Collection Back End Door Panel Numbers Keypad KNX,Keypads,5989.57,Units,0,2026-05-18 09:47:30
DHBEKNR,Axes Collection Back End Door Panel Numbers Keypad RS485,Keypads,5989.57,Units,0,2026-05-18 09:47:30
DHBEDRC,Axes Collection Back End Door Panel RFID Reader Crestron,Readers,5989.57,Units,0,2026-05-18 09:47:30
DHBEDRK,Axes Collection Back End Door Panel RFID Reader KNX,Readers,5989.57,Units,0,2026-05-18 09:47:30
DHBEDRR,Axes Collection Back End Door Panel RFID Reader RS485,Readers,5989.57,Units,0,2026-05-18 09:47:30
DHBEN3C,Axes Collection Back End Door Panel Room Number XL Crestron,Miscellaneous,5989.57,Units,0,2026-05-18 09:47:30
DHBEN3K,Axes Collection Back End Door Panel Room Number XL KNX,Miscellaneous,5989.57,Units,0,2026-05-18 09:47:30
DHBEN3R,Axes Collection Back End Door Panel Room Number XL RS485,Miscellaneous,5989.57,Units,0,2026-05-18 09:47:30
DHFECHXGIW,Axes Collection Front End Card Holder Glass Ice White,Miscellaneous,2139.13,Units,0,2026-05-18 09:47:30
DHFECHXGSW,Axes Collection Front End Card Holder Glass Sand White,Miscellaneous,1875.65,Units,0,2026-05-18 09:47:30
DHFECHXGVG,Axes Collection Front End Card Holder Glass Venetian Gold,Miscellaneous,2139.13,Units,0,2026-05-18 09:47:30
DHFECHXGYB,Axes Collection Front End Card Holder Glass York Black,Miscellaneous,2139.13,Units,0,2026-05-18 09:47:30
C10546,Azur 851N Black Flagship ATF2™ Upsampling Network Player,Miscellaneous,43477.39,Units,0,2026-05-18 09:47:30
C10548,Azur 851N Silver Flagship ATF2™ Upsampling Network Player,Miscellaneous,43477.39,Units,0,2026-05-18 09:47:30
FP43869pr,B+W 603 S3 Floorstander (Black) (Pair),Speakers,43469.57,Units,0,2026-05-18 09:47:30
FP43885pr,B+W 603 S3 Floorstander (Oak) (Pair),Speakers,43469.57,Units,0,2026-05-18 09:47:30
FP43877pr,B+W 603 S3 Floorstander (White) (Pair),Speakers,43469.57,Units,0,2026-05-18 09:47:30
FP43907pr,B+W 606 S3 Bookshelf (Black) (Pair),Speakers,19121.74,Units,0,2026-05-18 09:47:30
FP43923pr,B+W 606 S3 Bookshelf (Oak) (Pair),Speakers,19121.74,Units,0,2026-05-18 09:47:30
FP43915pr,B+W 606 S3 Bookshelf (White) (Pair),Speakers,19121.74,Units,0,2026-05-18 09:47:30
FP43958pr,B+W 607 S3 Bookshelf (Black) (Pair),Speakers,15643.48,Units,0,2026-05-18 09:47:30
FP43974pr,B+W 607 S3 Bookshelf (Oak) (Pair),Speakers,15643.48,Units,0,2026-05-18 09:47:30
FP43966pr,B+W 607 S3 Bookshelf (White) (Pair),Speakers,15643.48,Units,0,2026-05-18 09:47:30
FP43052pr,B+W 702 S3 Floorstander (Gloss Black)(pair),Speakers,134773.91,Units,0,2026-05-18 09:47:30
FP43257pr,B+W 702 S3 Floorstander (Mocha)(pair),Speakers,134773.91,Units,0,2026-05-18 09:47:30
FP43354pr,B+W 702 S3 Floorstander (White)(pair),Speakers,134773.91,Units,0,2026-05-18 09:47:30
FP43575pr,B+W 702 S3 Signature F/Stand (Blue) (pair),Miscellaneous,173904.35,Units,0,2026-05-18 09:47:30
FP43540pr,B+W 702 S3 Signature F/Stand (Datuk) (pair),Miscellaneous,173904.35,Units,0,2026-05-18 09:47:30
FP43060pr,B+W 703 S3 Floorstander (Gloss Black) (pair),Speakers,103295.65,Units,0,2026-05-18 09:47:30
FP43265pr,B+W 703 S3 Floorstander (Mocha) (pair),Speakers,103295.65,Units,0,2026-05-18 09:47:30
FP43362pr,B+W 703 S3 Floorstander (White)(pair),Speakers,103295.65,Units,0,2026-05-18 09:47:30
FP43079pr,B+W 704 S3 Floorstander (Gloss Black)(pair),Speakers,72513.04,Units,0,2026-05-18 09:47:30
FP43273pr,B+W 704 S3 Floorstander (Mocha)(pair),Speakers,72513.04,Units,0,2026-05-18 09:47:30
FP43370pr,B+W 704 S3 Floorstander (White)(pair),Speakers,72513.04,Units,0,2026-05-18 09:47:30
FP43087pr,B+W 705 S3 Bookshelf (Gloss Black) (pair),Speakers,64600.0,Units,0,2026-05-18 09:47:30
FP43281pr,B+W 705 S3 Bookshelf (Mocha)(pair),Speakers,59034.78,Units,0,2026-05-18 09:47:30
FP43389pr,B+W 705 S3 Bookshelf (White)(pair),Speakers,59034.78,Units,0,2026-05-18 09:47:30
FP43583pr,B+W 705 S3 Signature B/Shelf (Blue) (pair),Speakers,84252.17,Units,0,2026-05-18 09:47:30
FP43559pr,B+W 705 S3 Signature B/Shelf (Datuk) (pair),Speakers,78252.17,Units,0,2026-05-18 09:47:30
FP43095pr,B+W 706 S3 Bookshelf (Gloss Black)(pair),Speakers,37991.3,Units,0,2026-05-18 09:47:30
FP43303pr,B+W 706 S3 Bookshelf (Mocha)(pair),Speakers,37991.3,Units,0,2026-05-18 09:47:30
FP43397pr,B+W 706 S3 Bookshelf (White)(pair),Speakers,37991.3,Units,0,2026-05-18 09:47:30
FP43109pr,B+W 707 S3 Bookshelf (Gloss Black)(pair),Speakers,29556.52,Units,0,2026-05-18 09:47:30
FP43311pr,B+W 707 S3 Bookshelf (Mocha)(pair),Speakers,29556.52,Units,0,2026-05-18 09:47:30
FP43400pr,B+W 707 S3 Bookshelf (White)(pair),Speakers,29556.52,Units,0,2026-05-18 09:47:30
FP33782pr,B+W AM1 Outdoor (Black),Speakers,16947.83,Units,0,2026-07-09 10:21:54
FP35130pr,B+W AM1 Outdoor (White),Speakers,16078.26,Units,0,2026-05-18 09:47:30
FP40819,B+W ASW608 Subwoofer (Black),Subwoofers,17382.61,Units,0,2026-05-18 09:47:30
FP40835,B+W ASW608 Subwoofer (White),Subwoofers,17382.61,Units,0,2026-05-18 09:47:30
FP40878,B+W ASW610 Subwoofer (Black),Subwoofers,19556.52,Units,0,2026-05-18 09:47:30
FP40894,B+W ASW610 Subwoofer (White),Subwoofers,19556.52,Units,0,2026-05-18 09:47:30
FP43184,B+W BB ISW-8,Speakers,13826.09,Units,0,2026-05-18 09:47:30
FP32301pr,B+W CCM362 In-ceiling,Speakers,7382.61,Units,0,2026-05-18 09:47:30
FP32298pr,B+W CCM382 In-ceiling,Speakers,9034.78,Units,0,2026-05-18 09:47:30
FP37915pr,B+W CCM663RD In-ceiling,Speakers,18513.04,Units,0,2026-05-18 09:47:30
FP29602,B+W CCM663SR Stereo In-ceiling,Speakers,10600.0,Units,0,2026-05-18 09:47:30
FP29610,B+W CCM664SR Stereo In-ceiling,Speakers,7817.39,Units,0,2026-05-18 09:47:30
FP29629pr,B+W CCM682 In-ceiling,Speakers,23034.78,Units,0,2026-05-18 09:47:30
FP29637pr,B+W CCM683 In-ceiling,Speakers,19730.0,Units,0,2026-07-09 10:24:19
FP29645pr,B+W CCM684 In-ceiling,Speakers,13469.57,Units,0,2026-05-18 09:47:30
FP41084,B+W CCM7.3 S2 In-ceiling,Speakers,31469.57,Units,0,2026-05-18 09:47:30
FP41114,B+W CCM7.5 S2 In-ceiling,Speakers,16947.83,Units,0,2026-05-18 09:47:30
FP42358,B+W CDA16 Power Amplifier,Speakers,47817.39,Units,0,2026-05-18 09:47:30
FP43613,B+W CDA2HD Power Amplifier (Black),Speakers,63295.65,Units,0,2026-05-18 09:47:30
FP43648,B+W CDA4HD Power Amplifier (Black),Speakers,48339.13,Units,0,2026-05-18 09:47:30
FP27359,B+W CT SW10 Subwoofer (Black),Subwoofers,17295.65,Units,0,2026-05-18 09:47:30
FP27367,B+W CT SW12 Subwoofer (Black),Subwoofers,19121.74,Units,0,2026-05-18 09:47:30
FP28158,B+W CT SW15 Subwoofer (Black),Subwoofers,27817.39,Units,0,2026-05-18 09:47:30
FP27340,B+W CT7.3 LCRS (Black),Speakers,32165.22,Units,0,2026-05-18 09:47:30
FP27332,B+W CT7.4 LCRS (Black),Speakers,22252.17,Units,0,2026-05-18 09:47:30
FP27324,B+W CT7.5 LCRS (Black),Speakers,12339.13,Units,0,2026-05-18 09:47:30
FP32319pr,B+W CWM362 In-wall,Speakers,6426.09,Units,0,2026-05-18 09:47:30
FP29653pr,B+W CWM652 In-ceiling,Speakers,15121.74,Units,0,2026-05-18 09:47:30
FP29661pr,B+W CWM663 In-wall,Speakers,13034.78,Units,0,2026-05-18 09:47:30
FP29681pr,B+W CWM664 In-wall,Speakers,11295.65,Units,0,2026-05-18 09:47:30
FP41092,B+W CWM7.3 S2 In-wall,Speakers,32513.04,Units,0,2026-05-18 09:47:30
FP41033,B+W CWM7.4 S2 In-wall,Speakers,16513.04,Units,0,2026-07-09 09:56:39
FP41106,B+W CWM7.5 S2 In-wall,Speakers,13034.78,Units,0,2026-05-18 09:47:30
FP39241,B+W DB4S Subwoofer (Gloss Black),Subwoofers,50426.09,Units,0,2026-05-18 09:47:30
FP39667,B+W DB4S Subwoofer (White),Subwoofers,52773.91,Units,0,2026-05-18 09:47:30
FP33367pr,B+W FS - M1 Stand Matte (Black),Miscellaneous,9556.52,Units,0,2026-05-18 09:47:30
FP33421pr,B+W FS - M1 Stand Matte (White),Miscellaneous,9556.52,Units,0,2026-05-18 09:47:30
FP44245pr,B+W FS-600 S3 Floorstand (Black) (Pair),Speakers,5034.78,Units,0,2026-05-18 09:47:30
FP43230pr,B+W FS700 S3 Floorstand (Black)(pair),Speakers,11730.43,Units,0,2026-05-18 09:47:30
FP39713,B+W Formation Audio,Speakers,15034.78,Units,0,2026-05-18 09:47:30
FP39845,B+W Formation Bass,Speakers,24252.17,Units,0,2026-05-18 09:47:30
FP38024pr,B+W Formation DUO (Black),Speakers,93295.65,Units,0,2026-05-18 09:47:30
FP38237pr,B+W Formation DUO (White),Speakers,93295.65,Units,0,2026-05-18 09:47:30
FP38407pr,B+W Formation DUO Floorstands (Black),Speakers,14947.83,Units,0,2026-05-18 09:47:30
FP38415pr,B+W Formation DUO Floorstands (White),Speakers,14947.83,Units,0,2026-05-18 09:47:30
FP41343,B+W Formation Flex,Speakers,11295.65,Units,0,2026-05-18 09:47:30
FP42307,B+W Formation Flex Floorstand,Speakers,1730.43,Units,0,2026-05-18 09:47:30
FP42293,B+W Formation Flex Wall Bracket,Miscellaneous,694.78,Units,0,2026-05-18 09:47:30
FP40664,B+W Formation Wedge (Black),Speakers,19817.39,Units,0,2026-05-18 09:47:30
FP39764,B+W Formation Wedge (Silver),Speakers,19817.39,Units,0,2026-05-18 09:47:30
FP41009,B+W Formation Wedge Wall Bracket,Miscellaneous,1643.48,Units,0,2026-05-18 09:47:30
FP37273pr,B+W Grille Assembly 68 Square,Miscellaneous,1904.35,Units,0,2026-05-18 09:47:30
FP43990,B+W HTM6 S3 Centre (Black),Speakers,13904.35,Units,0,2026-05-18 09:47:30
FP44016,B+W HTM6 S3 Centre (Oak),Speakers,13904.35,Units,0,2026-05-18 09:47:30
FP44008,B+W HTM6 S3 Centre (White),Speakers,13904.35,Units,0,2026-05-18 09:47:30
FP43214,B+W HTM71 S3 Centre (Gloss Black),Speakers,41034.78,Units,0,2026-05-18 09:47:30
FP43338,B+W HTM71 S3 Centre (Mocha),Speakers,41034.78,Units,0,2026-05-18 09:47:30
FP43419,B+W HTM71 S3 Centre (White),Speakers,41034.78,Units,0,2026-05-18 09:47:30
FP43591,B+W HTM71 S3 Signature Centre (Blue),Speakers,52165.22,Units,0,2026-05-18 09:47:30
FP43567,B+W HTM71 S3 Signature Centre (Datuk),Speakers,52165.22,Units,0,2026-05-18 09:47:30
FP43222,B+W HTM72 S3 Centre (Gloss Black),Speakers,24686.96,Units,0,2026-05-18 09:47:30
FP43346,B+W HTM72 S3 Centre (Mocha),Speakers,24686.96,Units,0,2026-05-18 09:47:30
FP43427,B+W HTM72 S3 Centre (White),Speakers,24686.96,Units,0,2026-05-18 09:47:30
FP42897,B+W ISW-6,Speakers,21904.35,Units,0,2026-05-18 09:47:30
FP42900,B+W ISW-8,Speakers,19643.48,Units,0,2026-05-18 09:47:30
FP31127,B+W ISW3 In-wall Subwoofer,Subwoofers,20686.96,Units,0,2026-05-18 09:47:30
FP28948,B+W ISW4 Back Box,Speakers,3478.26,Units,0,2026-05-18 09:47:30
FP28646,B+W ISW4 In-wall Subwoofer,Subwoofers,17034.78,Units,0,2026-05-18 09:47:30
FP31046,B+W M1 Satellite (Black),Speakers,5904.35,Units,0,2026-05-18 09:47:30
FP31062,B+W M1 Satellite (White),Speakers,5904.35,Units,0,2026-05-18 09:47:30
FP37931pr,B+W Marine 8 In-ceiling Outdoor,Speakers,14426.09,Units,0,2026-05-18 09:47:30
FP42927,B+W PX7 S2 Headphones (Black),Speakers,5216.52,Units,0,2026-05-18 09:47:30
FP42951,B+W PX8 Headphone (Black),Miscellaneous,9564.35,Units,0,2026-05-18 09:47:30
FP42978,B+W PX8 Headphone (Tan),Miscellaneous,9564.35,Units,0,2026-05-18 09:47:30
FP44326,B+W PX8 Headphones (McLaren),Speakers,12173.04,Units,0,2026-05-18 09:47:30
FP43842,B+W Pi5 S2 Earphones (Cloud Grey),Speakers,3912.17,Units,0,2026-05-18 09:47:30
FP43834,B+W Pi5 S2 Earphones (Spring Lilac),Speakers,3912.17,Units,0,2026-05-18 09:47:30
FP43818,B+W Pi5 S2 Earphones (Storm Grey),Speakers,3912.17,Units,0,2026-05-18 09:47:30
FP43788,B+W Pi7 S2 Earphones (Canvas White),Speakers,5216.52,Units,0,2026-05-18 09:47:30
FP43796,B+W Pi7 S2 Earphones (Midnight Blue),Speakers,5216.52,Units,0,2026-05-18 09:47:30
FP43761,B+W Pi7 S2 Earphones (Satin Black),Speakers,5216.52,Units,0,2026-05-18 09:47:30
FP44520,B+W Px7 S2e Headphone (Anthracite Black),Miscellaneous,6086.09,Units,0,2026-05-18 09:47:30
FP44547,B+W Px7 S2e Headphone (Cloud Grey),Miscellaneous,6086.09,Units,0,2026-05-18 09:47:30
FP44555,B+W Px7 S2e Headphone (Forest Green),Miscellaneous,6086.09,Units,0,2026-05-18 09:47:30
FP44539,B+W Px7 S2e Headphone (Ocean Blue),Miscellaneous,6086.09,Units,0,2026-05-18 09:47:30
FP44563,B+W Px8 Headphone (Royal Burgundy),Miscellaneous,9564.35,Units,0,2026-05-18 09:47:30
FP32220,B+W SA250 MK2 Subwoofer Amplifier,Subwoofers,20860.87,Units,0,2026-05-18 09:47:30
FP44601,B+W Zeppelin 2021 McLaren UK/EC,Speakers,16520.87,Units,0,2026-05-18 09:47:30
FP42862,B+W Zeppelin Wall Bracket,Miscellaneous,1382.61,Units,0,2026-05-18 09:47:30
FP41955,B+W Zeppelin Wireless Speaker (MidGrey),Speakers,13042.61,Units,0,2026-05-18 09:47:30
FP43028,B+W Zeppelin Wireless Speaker (P/Grey),Speakers,13042.61,Units,0,2026-05-18 09:47:30
BANANAS/WOODEN BOX 4PC,BANANAS/WOODEN BOX  (4 pcs.),Miscellaneous,1295.65,Units,0,2026-05-18 09:47:30
BEAM1EU1BLK,BEAM BLACK,Miscellaneous,8260.0,Units,0,2026-05-18 09:47:30
BEAM1EU1,BEAM WHITE,Miscellaneous,8260.0,Units,0,2026-05-18 09:47:30
BEAM2UK1,BEAM WHITE GEN2,Miscellaneous,9216.52,Units,0,2026-05-18 09:47:30
BMC-1,BMC-1 Controller,Controllers,30426.09,Units,0,2026-05-18 09:47:30
BNC-M2,BNC Male (Satellite TV connector style)screw on connector,Miscellaneous,8.69,Units,0,2026-05-18 09:47:30
BNC-M-Q,BNC Male quick connector,Miscellaneous,8.69,Units,0,2026-05-18 09:47:30
BNC-T,BNC T connector M-F-F,Miscellaneous,10.14,Units,0,2026-05-18 09:47:30
BNC-RCA-FF,BNC TO RCA (F TO F) adapter,Miscellaneous,5.79,Units,0,2026-05-18 09:47:30
BNC-BARREL-F,BNC barrel connector,Miscellaneous,5.79,Units,0,2026-05-18 09:47:30
BNC-M-C,BNC crimp connector Male - for RG59 .full cooper high grade,Miscellaneous,5.79,Units,0,2026-05-18 09:47:30
BNC-BNC,BNC male to BNC male,Miscellaneous,13.04,Units,0,2026-05-18 09:47:30
BNC-RCA-M,BNC to RCA (F to M) adapter,Miscellaneous,5.79,Units,0,2026-05-18 09:47:30
BNC-RCA-F,BNC to RCA (M to F) adapter,Miscellaneous,5.79,Units,0,2026-05-18 09:47:30
BNC-RCA-MM,BNC to RCA (M to M) adapter,Miscellaneous,5.79,Units,0,2026-05-18 09:47:30
BNC-M,BNC twist on solder less connector - male,Miscellaneous,5.79,Units,0,2026-05-18 09:47:30
BRK-KL32-22F: BRACKET 23043 INCH,BRACKET 23-43 INCH,Miscellaneous,141.43,Units,0,2026-07-22 10:12:55
SPKBWCWM7.4,BW CWM7.4 In-Wall Speaker Box,Miscellaneous,807.46,Units,0,2026-07-22 10:12:59
1305800,Beoconnect Core Natural,Miscellaneous,24346.96,Units,0,2026-07-22 10:13:03
1315006,Beolab 8 Black Anthracite,Miscellaneous,55651.3,Units,0,2026-07-22 10:13:08
1315201,Beolab 8 Cover Wood Dark Oak,Miscellaneous,14781.74,Units,0,2026-07-22 10:13:12
1315501,Beolab 8 Wall Bracket - Black Anthrocite,Miscellaneous,10433.91,Units,0,2026-07-22 10:13:16
1266124,Beoplay H95 Ferrari Edition,Miscellaneous,30744.1,Units,0,2026-07-22 10:13:20
B6-4K2-1.5,Binary B6 4K HDMI Cable (1.5m),Miscellaneous,582.61,Units,0,2026-05-18 09:47:30
B6-4K2-2,Binary B6 4K HDMI Cable (2m),Miscellaneous,678.26,Units,0,2026-05-18 09:47:30
B6-4K2-3,Binary B6 4K HDMI Cable (3m),Miscellaneous,956.52,Units,0,2026-05-18 09:47:30
B8-FIBER2-4KHD,Binary B8 4K Active Fiber HDMI (20m),Miscellaneous,10695.65,Units,0,2026-05-18 09:47:30
B900MOIP4KCTRL,Binary B900MOIP4KCTRL 4K MOIP Controller,Controllers,10260.87,Units,0,2026-05-18 09:47:30
B900MOIP4KRX,Binary B900MOIP4KRX 4K MOIP Rx,Miscellaneous,19478.26,Units,0,2026-05-18 09:47:30
B900MOIP4KRX2AC,Binary B900MOIP4KRX2AC 4K MOIP RX,Miscellaneous,25304.35,Units,0,2026-05-18 09:47:30
B900MOIP4KTX,Binary B900MOIP4KTX 4K MOIP Tx,Miscellaneous,19478.26,Units,0,2026-05-18 09:47:30
B900MOIP4KTX2AC,Binary B900MOIP4KTX2AC 4K MOIP TX,Miscellaneous,25304.35,Units,0,2026-05-18 09:47:30
BX-8K-10,Binary BX 8K Active HDMI Cable (10m),Miscellaneous,10782.61,Units,0,2026-05-18 09:47:30
BX-8K-15,Binary BX 8K Active HDMI Cable (15m),Miscellaneous,11739.13,Units,0,2026-05-18 09:47:30
BX-8K-20,Binary BX 8K Active HDMI Cable (20m),Miscellaneous,12695.65,Units,0,2026-05-18 09:47:30
BX-8K-5,Binary BX 8K Active HDMI Cable (5m),Miscellaneous,9913.04,Units,0,2026-05-18 09:47:30
BX-8K-1.5,Binary BX 8K HDMI Cable (1.5m),Miscellaneous,956.52,Units,0,2026-05-18 09:47:30
BX-8K-1,Binary BX 8K HDMI Cable (1m),Miscellaneous,913.04,Units,0,2026-05-18 09:47:30
BX-8K-2,Binary BX 8K HDMI Cable (2m),Miscellaneous,1000.0,Units,0,2026-05-18 09:47:30
BX-8K-3,Binary BX 8K HDMI Cable (3m),Miscellaneous,1086.96,Units,0,2026-05-18 09:47:30
LBB1-4,Black Box 4 Products Aria and Alba,Miscellaneous,19250.43,Units,0,2026-05-18 09:47:30
INS-B,Black Insulation Tape,Miscellaneous,15.0,Units,0,2026-05-18 09:47:30
WALL2025,Black Turn 120 wall mount 17-26,Miscellaneous,1408.7,Units,0,2026-05-18 09:47:30
Blockout Guides (Pair),Blockout Guides (Pair) - LUTRON - Accessories,Miscellaneous,0.0,Units,0,2026-07-22 12:43:06
BCA206,Blockout Screen V A206 5025x2860,Miscellaneous,15869.7,Units,0,2026-07-30 13:56:56
BCA207,Blockout Screen V A207 1200x2860,Miscellaneous,4970.9,Units,0,2026-07-30 14:02:08
BCA208,Blockout Screen V A208 2100x2860,Miscellaneous,7997.0,Units,0,2026-07-30 14:03:09
BCA210,Blockout Screen V A210 1400x2860,Miscellaneous,5575.9,Units,0,2026-07-30 13:54:39
BCA2101,Blockout Screen V A210 2960x2860,Miscellaneous,17042.3,Units,0,2026-07-30 13:55:35
BCA312,Blockout Screen V A312 1400x3080,Miscellaneous,5738.7,Units,0,2026-07-30 14:04:34
BCA3121,Blockout Screen V A312 2960x3080,Miscellaneous,17392.1,Units,0,2026-07-30 14:05:47
BCA4161,Blockout Screen V A416 1400x3080,Miscellaneous,5738.7,Units,0,2026-07-30 14:07:38
BCA416,Blockout Screen V A416 2960x3080,Miscellaneous,12174.47,Units,0,2026-07-30 14:09:36
BCA418,Blockout Screen V A418 1000x3080,Miscellaneous,4481.4,Units,0,2026-07-30 14:11:43
BCA4181,Blockout Screen V A418 3050x3080,Miscellaneous,17392.1,Units,0,2026-07-30 14:15:59
BCA4191,Blockout Screen V A419 1000x3000,Miscellaneous,4364.8,Units,0,2026-07-30 14:22:49
BCA149,Blockout Screen V A419 3148x3000,Miscellaneous,17392.1,Units,0,2026-07-30 14:21:21
BCA420,Blockout Screen V A420 1230x3000,Miscellaneous,5575.9,Units,0,2026-07-30 14:26:55
Bond Bridge Pro,Bond Bridge Pro,Controllers,10797.86,Units,0,2026-07-29 13:59:32
DHI-Software-Business Design-License/Per Day,"Business design, supported:
1. Communication requirements with customer.
2. Output requirement design document and confirm with customers.
3.The custo",Licenses,38273.91,Units,0,2026-05-18 09:47:30
BUTYL,Butyl Tape 30mmx1.5mm 1kg,Miscellaneous,175.0,Units,0,2026-05-18 09:47:30
BUTYL-MINI,Butyl Tape 30mmx1.5mmx1m,Miscellaneous,15.0,Units,0,2026-05-18 09:47:30
C10746,C155 In-Ceiling Speaker Pair White,Speakers,4346.96,Units,0,2026-05-18 09:47:30
C15S,C15S,Miscellaneous,56520.87,Units,0,2026-05-18 09:47:30
C10755,C165 In-Ceiling Speaker Single White,Speakers,1738.26,Units,0,2026-05-18 09:47:30
C4-DS2BFMKP-BLpx,C4 Door Station2 Flush Keypad (Black),Keypads,27391.3,Units,0,2026-05-18 09:47:30
C4-DS2BFMKP-BNpx,C4 Door Station2 Flush Keypad (Nickel),Keypads,27391.3,Units,0,2026-05-18 09:47:30
C4-DS2BSMKP-BLpx,C4 Door Station2 Surface Keypad (Black),Keypads,27391.3,Units,0,2026-05-18 09:47:30
C4-DS2BSMKP-BNpx,C4 Door Station2 Surface Keypad (Nickel),Keypads,27391.3,Units,0,2026-05-18 09:47:30
C91IIBL,C91 II Black,Miscellaneous,8694.78,Units,0,2026-05-18 09:47:30
C91IIWH,C91 II Matt White,Miscellaneous,8694.78,Units,0,2026-05-18 09:47:30
C91IIWO,C91 II White Oak,Miscellaneous,8694.78,Units,0,2026-05-18 09:47:30
1068258,C910 AMP MODULE,Miscellaneous,6956.52,Units,0,2026-05-18 09:47:30
C910B,C910 BLACK SUBWOOFER,Subwoofers,10433.91,Units,0,2026-05-18 09:47:30
C910W,C910 SUBWOOFER,Subwoofers,10433.91,Units,0,2026-05-18 09:47:30
C912B,C912 BLACK SUBWOOFER,Subwoofers,13042.6,Units,0,2026-05-18 09:47:30
C912W,C912 SUBWOOFER W,Subwoofers,13042.61,Units,0,2026-05-18 09:47:30
C93IIBL,C93 II Black,Miscellaneous,10433.91,Units,0,2026-05-18 09:47:30
C93IIWH,C93 II Matt White,Miscellaneous,10433.91,Units,0,2026-05-18 09:47:30
C95IIBL,C95 II Black,Miscellaneous,15651.3,Units,0,2026-05-18 09:47:30
C95IIBL Single,C95 II Black Single unit,Miscellaneous,17382.61,Units,0,2026-05-18 09:47:30
C95IIWH,C95 II Matt White,Miscellaneous,15651.3,Units,0,2026-05-18 09:47:30
C95IIWO,C95 II White Oak,Miscellaneous,15651.3,Units,0,2026-05-18 09:47:30
C97IIBL,C97 II Black,Miscellaneous,20868.7,Units,0,2026-05-18 09:47:30
C97IIBL Single,C97 II Black Single unit,Miscellaneous,17390.43,Units,0,2026-05-18 09:47:30
C97IIWH,C97 II Matt White,Miscellaneous,20868.7,Units,0,2026-05-18 09:47:30
C97IIWH Single,C97 II Matt White Single,Miscellaneous,17390.43,Units,0,2026-05-18 09:47:30
C9CENIIBL,C9CEN II Black,Miscellaneous,6955.65,Units,0,2026-05-18 09:47:30
C9CENIIWH,C9CEN II Matt White,Miscellaneous,6955.65,Units,0,2026-05-18 09:47:30
C9SURIIBL,C9SUR II Black,Miscellaneous,12173.04,Units,0,2026-05-18 09:47:30
C9SURIIWH,C9SUR II White,Miscellaneous,12173.04,Units,0,2026-05-18 09:47:30
CABCON,CABCON,Routers,3200.0,Units,0,2026-07-23 09:01:41
CABLE10L,CABLE 10 L Cable Cover,Miscellaneous,2173.04,Units,0,2026-05-18 09:47:30
CABLE10M,CABLE 10 M Cable Cover,Miscellaneous,1017.39,Units,0,2026-05-18 09:47:30
CABLE4BL,CABLE 4 Cable Cover Black,Miscellaneous,955.65,Units,0,2026-05-18 09:47:30
CABLE4WH,CABLE 4 Cable Cover White,Miscellaneous,955.65,Units,0,2026-05-18 09:47:30
CABLE8BL,CABLE 8 Cable Cover Black,Miscellaneous,1129.57,Units,0,2026-05-18 09:47:30
CABLE8WH,CABLE 8 Cable Cover White,Miscellaneous,1129.57,Units,0,2026-05-18 09:47:30
Y-BP16-B00315,CABLE RIPCORD 1.0mm2- Red/Black,Miscellaneous,801.79,Units,0,2026-07-22 10:13:24
Y-BP16-B00064,CABLE RIPCORD 1.5MM RED/BLACK,Miscellaneous,1016.07,Units,0,2026-07-22 10:13:28
NET-T18RBK,CABLE TIES BLACK 105 X 2.5MM (100 PACK) HFC100 HFC100,Miscellaneous,23.57,Units,0,2026-07-22 10:13:32
NET-T30RBK,CABLE TIES BLACK 148,Miscellaneous,68.57,Units,0,2026-07-22 10:13:36
NET-T50RBK,CABLE TIES BLACK 198 X 4.7MM (100 PACK) HFC200 HFC200,Miscellaneous,91.43,Units,0,2026-07-22 10:13:40
NET-T120RBK,CABLE TIES INSULOK BLACK 370 X7.9MM (HFC370H) HFC370H,Miscellaneous,221.43,Units,0,2026-07-22 10:13:45
NET-SCREW G7-W2-E1,CAGE NUTS AND BOLTS (EACH) JD01B,Miscellaneous,4.29,Units,0,2026-07-22 10:13:49
CSP+FB85BL,CANVAS 85 inch – Fabric – Black,Miscellaneous,103348.91,Units,0,2026-07-22 10:13:53
GPS-HVT001,CAR CHARGER GPS TRACKER,Miscellaneous,0.0,Units,0,2026-05-18 09:47:30
DRAGONTAILUSBC,CARBON DRAGONTAIL USB TYPE-C,Miscellaneous,695.65,Units,0,2026-05-18 09:47:30
CAT6,CAT6,Uncategorised,9.9,Units,0,2026-07-21 08:59:11
CAB-CAT5-100M,CCTV grade CAT-5E CABLE (100meter roll),Miscellaneous,723.55,Units,0,2026-05-18 09:47:30
CAB-CAT5,CCTV grade CAT-5E CABLE (305meter roll),Miscellaneous,1877.75,Units,0,2026-05-18 09:47:30
TEST-65H,CCTV/Network cable tracker,Miscellaneous,1013.55,Units,0,2026-05-18 09:47:30
ECW230S,CLOUD MANAGEMENT AP 11 AX/AC/B/G/N DUAL BAND CONCURRENT,Miscellaneous,15561.74,Units,0,2026-05-18 09:47:30
ECW220S,CLOUD MANAGEMENT AP 11AX/AC /A/B/G/N DUAL BAND CONCURRENT,Miscellaneous,11239.13,Units,0,2026-05-18 09:47:30
ECS1528P,CLOUD MANAGEMENT SWITCH WITH 24 GE 4 GE SFP IEEE802.3AT/AF 240W POE POWER BUDGET  19INCH 1U RACK,Switches,18587.83,Units,0,2026-05-18 09:47:30
CTNZPEU1,CONNECT,Miscellaneous,14781.74,Units,0,2026-05-18 09:47:30
72329,CONNECT PRO Case Mini Black (6th Gen),Miscellaneous,8778.26,Units,0,2026-07-09 09:24:18
72330,CONNECT PRO Case Mini White (6th Gen),Miscellaneous,8778.26,Units,0,2026-05-18 09:47:30
SHA-B8CLBA-00,CORNER MOUNT: LEFT DRIVE (BLACK ALUMINUM),Miscellaneous,6302.61,Units,0,2026-05-18 09:47:30
SHA-B8CLSA-00,CORNER MOUNT: LEFT DRIVE (SILVER ALUMINUM),Miscellaneous,6302.61,Units,0,2026-05-18 09:47:30
SHA-B7CLBA-00,CORNER MOUNT: LEFT IDLER (BLACK ALUMINUM),Miscellaneous,6302.61,Units,0,2026-05-18 09:47:30
SHA-B7CLSA-00,CORNER MOUNT: LEFT IDLER (SILVER ALUMINUM),Miscellaneous,6302.61,Units,0,2026-05-18 09:47:30
SHA-B8CRBA-00,CORNER MOUNT: RIGHT DRIVE (BLACK ALUMINUM),Miscellaneous,6302.61,Units,0,2026-05-18 09:47:30
SHA-B8CRSA-00,CORNER MOUNT: RIGHT DRIVE (SILVER ALUMINUM),Miscellaneous,6302.61,Units,0,2026-05-18 09:47:30
SHA-B7CRBA-00,CORNER MOUNT: RIGHT IDLER (BLACK ALUMINUM),Miscellaneous,6302.61,Units,0,2026-05-18 09:47:30
SHA-B7CRSA-00,CORNER MOUNT: RIGHT IDLER (SILVER ALUMINUM),Miscellaneous,6302.61,Units,0,2026-05-18 09:47:30
ECS1552P,COUD MANAGEMENT SWITCH 48 GE 4 GE SFP IEEE802.3AT/AF 410W POE POWER BUDGET 19INCH 1U RACK,Switches,30260.0,Units,0,2026-05-18 09:47:30
V650906-00,CROSSOVER EPICON 6,Miscellaneous,773.91,Units,0,2026-05-18 09:47:30
V600239-00,CROSSOVER W/TERMINAL OBERON VOKAL,Miscellaneous,1730.43,Units,0,2026-05-18 09:47:30
V600218-00,CROSSOVER W/TERMINAL OPTICON 8 spare part,Miscellaneous,3730.43,Units,0,2026-05-18 09:47:30
V600219-00,CROSSOVER W/TERMINAL OPTICON VOKAL,Miscellaneous,1730.43,Units,0,2026-05-18 09:47:30
V650915-00,CROSSOVER W/TERMINAL RUBICON VOKAL,Miscellaneous,1730.43,Units,0,2026-05-18 09:47:30
V600020-00,CROSSOVER W/TERMINAL ZENSOR 7,Miscellaneous,1121.74,Units,0,2026-05-18 09:47:30
C11125K,CXA61 Integrated Stereo Amplifier Luna Grey,Amplifiers,24346.96,Units,0,2026-05-18 09:47:30
C11129K,CXA81 Integrated Stereo Amplifier Luna Grey,Amplifiers,33042.61,Units,0,2026-05-18 09:47:30
C11133K,CXC v2  Dedicated CD Transport Luna Grey,Miscellaneous,16520.87,Units,0,2026-05-18 09:47:30
C11137K,CXN v2 ATF2™ Upsampling Network Player Luna Grey,Miscellaneous,31303.48,Units,0,2026-05-18 09:47:30
ST-CAGE,Cabinet Cage Nuts,Racks,2.85,Units,0,2026-05-18 09:47:30
CB11-6,Cable - RG6 Coaxial 75Ohm 100m Roll,CCTV,556.67,Units,0,2026-07-22 14:03:44
T18R,Cable Ties T18R 100 x 2.5mm,Miscellaneous,11.5,Units,0,2026-05-18 09:47:30
T30R,Cable Ties T30R 150 x 3.6mm,Miscellaneous,22.0,Units,0,2026-05-18 09:47:30
T50I,Cable Ties T50I 300 x 4.8mm,Miscellaneous,65.0,Units,0,2026-05-18 09:47:30
T50L,Cable Ties T50L 370 x 4.8mm,Miscellaneous,85.0,Units,0,2026-05-18 09:47:30
T50R,Cable Ties T50R 200 x 4.8mm,Miscellaneous,45.0,Units,0,2026-05-18 09:47:30
TOOL-CABC,Cable cutter,Miscellaneous,230.55,Units,0,2026-05-18 09:47:30
,"Cables, connectors, plugs, fittings",Uncategorised,2500.0,Units,0,2026-07-20 10:23:46
NET-CAT6-CON-LQ,Cabling | RJ45 CATS6 STRANDED CONNECTOR,Miscellaneous,11.79,Units,0,2026-07-22 10:14:05
COCALIB,Calibration Kit (DIRAC),Miscellaneous,43478.26,Units,0,2026-05-18 09:47:30
C11225,Cambridge Audio Evo 150 Black,Miscellaneous,73912.17,Units,0,2026-05-18 09:47:30
C10464K,Cambridge aptX® Bluetooth Dongle (each),Miscellaneous,3042.61,Units,0,2026-05-18 09:47:30
Camera Pole,Camera Pole - Buried Type - 3400 Long + 500Mm In The Ground - Total 3.9M - Powder Coated Green,Uncategorised,2703.33,Units,0,2026-07-15 11:01:08
AP6642.GLA.B,Cattex 42U 600×600 Floor Server Cabinet – Glass – Networking,Racks,14400.0,Units,0,2026-07-29 11:37:31
CF70-75S,Ceiling Flapout & scroll down for up to 75' TV,TVs,110530.0,Units,0,2026-07-29 12:44:50
ECS2512,Cloud Managed Switch with 8 x 2.5G + 4 x SFP+. internal power supply. 13inch 1U rack-mountable.,Switches,13184.35,Units,0,2026-05-18 09:47:30
ECS2512FP,Cloud Managed Switch with 8 x 2.5G PoE + 4 x SFP+. IEEE802.3bt/at/af. 240w PoE power budget.,Switches,18804.35,Units,0,2026-05-18 09:47:30
ECW220,Cloud Management AP 11ax/ac wave2/a/b/g/n Dual Band Concurrent Ceiling Mount AP 1 x 10/100/1000 M,Miscellaneous,7132.17,Units,0,2026-05-18 09:47:30
ECS1552,Cloud Management Switch with 48 GE + 4 10GE SFP+. internal power supply. 19inch 1U rack-mountable,Switches,19885.22,Units,0,2026-05-18 09:47:30
COACH,Coach Screws And Plugs,Miscellaneous,4.5,Units,0,2026-05-18 09:47:30
DS-2CD2647G2-LZS(3.6-9MM),ColorVu 4MP bullet 3.6-9mm lens  up to 60m IR  120dB WDR  1 audio/ 1 alarm I/O 12VDC/POE,CCTV,8065.3,Units,0,2026-07-15 12:03:18
DS-2CD2347G2H-LISU/SL 2.8MM,ColorVu 4MP turret 2.8mm lens 30m hybrid-light 130dB WDR microphone  1 audio/ 1 alarm I/O  built-in strobe-light & siren 12VDC/POE,Miscellaneous,3697.24,Units,0,2026-07-22 10:15:25
CDNGLWW1BLK,Combo Adapter WW (Black),Miscellaneous,1042.61,Units,0,2026-05-18 09:47:30
CDNGLWW1,Combo Adapter WW (White),Miscellaneous,1042.61,Units,0,2026-05-18 09:47:30
CNLGKXX,Controller Nova Hub Logic Gateway  Ethernet KNX,Controllers,11250.43,Units,0,2026-05-18 09:47:30
CNLG4XX,Controller Nova Hub Logic Gateway  Ethernet RS485 for Control 4,Controllers,7486.96,Units,0,2026-05-18 09:47:30
COOLPLUG-DK,Cool Plug Wired Split Unit HVAC(Daikin),Miscellaneous,5217.39,Units,0,2026-05-18 09:47:30
COOLPLUG-ME,Cool Plug Wired Split Unit HVAC(Mitsubi),Miscellaneous,5217.39,Units,0,2026-05-18 09:47:30
COOLPLUG,Cool Plug Wired Split Unit HVAC(Samsung),Miscellaneous,5217.39,Units,0,2026-05-18 09:47:30
CMNETH-DK,CoolMasterNet HVAC Bridge (Daikin),Miscellaneous,43043.48,Units,0,2026-05-18 09:47:30
CMNETH-LG,CoolMasterNet HVAC Bridge (LG),Miscellaneous,43043.48,Units,0,2026-05-18 09:47:30
CMNETH-MD,CoolMasterNet HVAC Bridge (Midea),Miscellaneous,43043.48,Units,0,2026-05-18 09:47:30
CMNETH-SM,CoolMasterNet HVAC Bridge (Samsung),Miscellaneous,43043.48,Units,0,2026-05-18 09:47:30
COOLPLUGWRLS-DK,CoolPlug Wireless Split Unit HVAC(Daikin,Miscellaneous,6608.7,Units,0,2026-05-18 09:47:30
COOLPLUGWRLS-SM,CoolPlug Wireless Split Unit HVAC(Samsun,Miscellaneous,6608.7,Units,0,2026-05-18 09:47:30
COOLLINKHUB,Coolautomation HVAC SplitandMulti Split W,Miscellaneous,6086.96,Units,0,2026-05-18 09:47:30
CD-FS1010P,Cudy 10 Port Fast Ethernet 8 PoE 115W Switch | FS1010P,Switches,615.0,Units,0,2026-05-18 09:47:30
CD-GS1010P,Cudy 10 Port Gigabit 8 PoE 100W PoE Switch | GS1010P,Switches,1025.0,Units,0,2026-05-18 09:47:30
CD-FS1018PS,Cudy 16 Port Fast Ethernet PoE 190W 2 Gigabit 1SFP Switch | FS1018PS1,Switches,1695.0,Units,0,2026-05-18 09:47:30
CD-GS1020PS,Cudy 16 Port Gigabit PoE 190W 2SFP Switch | GS1020PS2,Switches,2950.0,Units,0,2026-05-18 09:47:30
CD-GS1016,Cudy 16 Port Gigabit Rack-Mount Switch | GS1016,Switches,995.0,Units,0,2026-05-18 09:47:30
CD-FS1026PS,Cudy 24 Port Fast Ethernet PoE 290W 2 Gigabit 1SFP Switch | FS1026PS1,Switches,2295.0,Units,0,2026-05-18 09:47:30
CD-GS1028PS,Cudy 24 Port Gigabit PoE 290W 2SFP Switch | GS1028PS2,Switches,3595.0,Units,0,2026-05-18 09:47:30
CD-GS1024,Cudy 24 Port Gigabit Rack-Mount Switch | GS1024,Switches,1295.0,Units,0,2026-05-18 09:47:30
CD-GSPOE40,Cudy 4 Port Gigabit PoE 1x PoE Input 60W Switch | POE40,Switches,950.0,Units,0,2026-05-18 09:47:30
CD-LT500O,Cudy 4G LTE4 Dual Band 1200Mbps Outdoor WiFi 5 Router | LT500 Outdoor,Routers,1395.0,Units,0,2026-05-18 09:47:30
CD-LT500,Cudy 4G LTE4 Dual Band 1200Mbps WiFi 5 Router | LT500,Routers,895.0,Units,0,2026-05-18 09:47:30
CD-LT700,Cudy 4G LTE6 Dual SIM 1200Mbps WiFi 5 Router | LT700,Routers,2125.0,Units,0,2026-05-18 09:47:30
CD-GS1005PT,Cudy 5 Port Gigabit 4 PoE 120W 1SFP Switch | GS1005PTS1,Switches,795.0,Units,0,2026-05-18 09:47:30
CD-GS105D,Cudy 5 Port Gigabit Desktop Switch | GS105D,Switches,185.0,Units,0,2026-05-18 09:47:30
CD-R700,Cudy 5 Port Gigabit Multi-WAN VPN Router | R700,Routers,595.0,Units,0,2026-05-18 09:47:30
CD-FS1006P,Cudy 6 Port Fast Ethernet 4 PoE 60W Switch | FS1006P,Switches,430.0,Units,0,2026-05-18 09:47:30
CD-FS1010PG,Cudy 8 Port Fast Ethernet PoE 115W 2 Gigabit Switch | FS1010PG,Switches,750.0,Units,0,2026-05-18 09:47:30
CD-GS108D,Cudy 8 Port Gigabit Desktop Switch | GS108D,Switches,275.0,Units,0,2026-05-18 09:47:30
CD-AP1300O,Cudy Dual Band 1200Mbps WiFi 5 Outdoor Access Point | AP1300 Outdoor,Wireless Access Points,1150.0,Units,0,2026-05-18 09:47:30
CD-M12003,Cudy Dual Band AC 1200Mbps Fast Ethernet Mesh 3 Pack | M1200 (3-Pack),Miscellaneous,1495.0,Units,0,2026-05-18 09:47:30
CD-WR1200,Cudy Dual Band WiFi 5 1200Mbps 5dBi Fast Ethernet Router | WR1200,Routers,430.0,Units,0,2026-05-18 09:47:30
CD-WR1300,Cudy Dual Band WiFi 5 1200Mbps 5dBi Gigabit Mesh Router | WR1300,Routers,625.0,Units,0,2026-05-18 09:47:30
CD-M12002,Cudy Dual Band WiFi 5 1200Mbps Fast Ethernet Mesh 2 Pack | M1200 (2-Pack),Miscellaneous,995.0,Units,0,2026-05-18 09:47:30
CD-M12001,Cudy Dual Band WiFi 5 1200Mbps Fast Ethernet Mesh Router | M1200 (1-Pack),Routers,490.0,Units,0,2026-05-18 09:47:30
CD-RE1200,Cudy Dual Band WiFi 5 1200Mbps Fast Ethernet Range Extender | RE1200,Miscellaneous,475.0,Units,0,2026-05-18 09:47:30
CD-M13002,Cudy Dual Band WiFi 5 1200Mbps Gigabit Mesh 2 Pack | M1300 (2-Pack),Miscellaneous,1225.0,Units,0,2026-05-18 09:47:30
CD-M13003,Cudy Dual Band WiFi 5 1200Mbps Gigabit Mesh 3 Pack | M1300 (3-Pack),Miscellaneous,1845.0,Units,0,2026-05-18 09:47:30
CD-M13001,Cudy Dual Band WiFi 5 1200Mbps Gigabit Mesh Router | M1300 (1-Pack),Routers,615.0,Units,0,2026-05-18 09:47:30
CD-U1400,Cudy Dual Band WiFi 5 1300Mbps 5dBi USB 3.0 Adapter | WU1400,Miscellaneous,250.0,Units,0,2026-05-18 09:47:30
CD-U1300,Cudy Dual Band WiFi 5 1300Mbps USB 3.0 Adapter | WU1300S,Miscellaneous,225.0,Units,0,2026-05-18 09:47:30
CD-M18002,Cudy Dual Band WiFi 6 1800Mbps Gigabit Mesh 2 Pack | M1800 (2-Pack),Miscellaneous,1695.0,Units,0,2026-05-18 09:47:30
CD-M18003,Cudy Dual Band WiFi 6 1800Mbps Gigabit Mesh 3 Pack | M1800 (3-Pack),Miscellaneous,2525.0,Units,0,2026-05-18 09:47:30
CD-M18001,Cudy Dual Band WiFi 6 1800Mbps Gigabit Mesh Router | M1800 (1-Pack),Routers,850.0,Units,0,2026-05-18 09:47:30
CD-WR3000,Cudy Dual Band WiFi 6 3000Mbps 5dBi Gigabit Mesh Router | WR3000,Routers,850.0,Units,0,2026-05-18 09:47:30
CD-RE3000,Cudy Dual Band WiFi 6 3000Mbps Gigabit Range Extender | RE3000,Miscellaneous,825.0,Units,0,2026-05-18 09:47:30
CD-M30001,Cudy Dual Band WiFi 6 3000Mbps Multi-Gigabit Mesh Router | M3000_W (1-Pack),Routers,1050.0,Units,0,2026-05-18 09:47:30
CD-MC220,Cudy Gigabit Ethernet Media Converter | MC220,Miscellaneous,325.0,Units,0,2026-05-18 09:47:30
CD-SFP-MM,Cudy Multi Mode 1.25G LC SFP 850nm 500m | SM100GMA-05,Miscellaneous,145.0,Units,0,2026-05-18 09:47:30
CD-SFP-MM10,Cudy Multi Mode 10G LC SFP+ 850nm 300m | SM10GMA-03,Miscellaneous,295.0,Units,0,2026-05-18 09:47:30
CD-SFP-MM25,Cudy Multi Mode 25G LC SFP28 850nm 100m | SM25GMA-01,Miscellaneous,525.0,Units,0,2026-05-18 09:47:30
CD-SFP-RJ45,Cudy SFP to RJ45 Gigabit Ethernet Module | SM220,Miscellaneous,250.0,Units,0,2026-05-18 09:47:30
CD-SFP-RJ45P,Cudy SFP+ to RJ45 10Gbps Ethernet Module | SM10GL,Miscellaneous,1150.0,Units,0,2026-05-18 09:47:30
CD-SFP-SMB,Cudy Single Mode 1.25G LC Bi-Directional SFP 20km | SM100GSB-20AB,Miscellaneous,395.0,Units,0,2026-05-18 09:47:30
CD-SFP-SM,Cudy Single Mode 1.25G LC SFP 1310nm 20km | SM100GSA-20,Miscellaneous,175.0,Units,0,2026-05-18 09:47:30
CD-SFP-SMB10,Cudy Single Mode 10G LC Bi-Directional SFP 20km | SM10GSB-20AB,Miscellaneous,1325.0,Units,0,2026-05-18 09:47:30
CD-SFP-SM10,Cudy Single Mode 10G LC SFP+ 1310nm 10km | SM10GSA-10,Miscellaneous,395.0,Units,0,2026-05-18 09:47:30
CD-SFP-SM25,Cudy Single Mode 25G LC SFP28 1310nm 10km | SM25GSA-10,Miscellaneous,875.0,Units,0,2026-05-18 09:47:30
CS-18C,Custom CS-18C Skyhook Cinch White In-Ceiling Speaker 8 Inch,Speakers,2433.91,Units,0,2026-07-29 14:51:56
Custom Gooseneck,Custom Gooseneck,External Access Control Panels,2875.0,Units,0,2026-07-23 11:05:18
D500LCRBL,D 500 LCR High Gloss Black,Speakers,7825.22,Units,0,2026-05-18 09:47:30
D500SURBL,D 500 Surround High Gloss Black,Miscellaneous,13912.17,Units,0,2026-05-18 09:47:30
D600SURL,D 600 Surround LEFT,Miscellaneous,8252.17,Units,0,2026-05-18 09:47:30
D600SURR,D 600 Surround RIGHT,Miscellaneous,8252.17,Units,0,2026-05-18 09:47:30
D500LCRWH,D500 LCR High Gloss White,Speakers,7825.22,Units,0,2026-05-18 09:47:30
D500SURWH,D500 SUR White,Miscellaneous,13912.17,Units,0,2026-05-18 09:47:30
C11217,DAC MAGIC 200M Luna Grey UK/EU/CU,Miscellaneous,17390.43,Units,0,2026-05-18 09:47:30
DH-PFS3106-4ET-60,"DAHUA  4 Port Layer two Hardened PoEswitch· Supports PoE power management · MAC auto learning and aging, MAC address capacity is 8K · Conforms to IEEE",Switches,1735.65,Units,0,2026-05-18 09:47:30
DH-PFS3110-8ET-96,"DAHUA  8 Port Layer two Hardened PoE switch· · Supports PoE power management · MAC auto learning and aging, MAC address capacity is 8K · Conforms to I",Switches,2106.85,Units,0,2026-05-18 09:47:30
DH-TPC-BF2221-B7F8,"DAHUA (Thermal + Starlight ) Dual Lens IP Bullet Camera with smart video analytic IVS  Thermal: 256*192  lens: 7mm, Visible: 2Mp  8mm, Support IVS, Fi",Uncategorised,24594.9,Units,0,2026-05-18 09:47:30
DH-TPC-SD2221-B7F8,"DAHUA (Thermal + Starlight ) Dual Lens IP PAN / TILT Camera with smart video analytic IVS  Thermal: 256*192  lens: 7mm, Visible: 2Mp  8mm, Support IVS",Uncategorised,28775.25,Units,0,2026-05-18 09:47:30
DH-PFM800-E,"DAHUA 1 Channel Passive HDCVI Balun >Real-time transmission over UTP CAT5E/6 cable.>Passive, no need for power supply.>With female BNC connector, and",Miscellaneous,85.55,Units,0,2026-05-18 09:47:30
PFM801-4MP,"DAHUA 1 Channel Passive HDCVI Balun with Power > Input voltage DC24-36V, can provide DC12V 8W(max) power supply to remote cameras,> Real-time transmis",Remotes,282.75,Units,0,2026-05-18 09:47:30
DH-PFM800B-4K,"DAHUA 1-CH Passive Video Balun > Real-time transmission over UTP CAT5E/6 cable> Passive, no need for power supply> Excellent anti-thunder, anti-static",Miscellaneous,114.55,Units,0,2026-05-18 09:47:30
DH-PLZ21C0-D,DAHUA 12 MP 10.5 mm to 42 mm Vari-focal Lens • 12 MP 1/1.7-in. Image Format• 10.5 mm to 42 mm Vari-focal Lens• CS-type Mount• IR Correction• Designed,Uncategorised,1677.65,Units,0,2026-05-18 09:47:30
DH-IPC-HFW81230E-ZE,DAHUA 12MP 50m IR BULLET Network Camera with smart video analytic IVS  ·1/2.5” 12Megapixel progressive scan CMOS · H.265&H.264 dual-stream encoding ·,Uncategorised,5763.75,Units,0,2026-05-18 09:47:30
DH-IPC-HDBW81230EP-ZH-S2,DAHUA 12MP Panoramic Network IR Fisheye Camera with smart video analytic IVS  ·1/2.5” 12Megapixel progressive scan CMOS · H.265&H.264 dual-stream enco,Uncategorised,5763.75,Units,0,2026-05-18 09:47:30
DH-IPC-EBW81242-AS-S2,"DAHUA 12MP Panoramic Network IR Fisheye Camera; · 12MP, 1/1.7”CMOS image sensor
· Max output 12MP (4000×3000)@30fps· 3D DNR,AWB,HLC, BLC,ROI, SVC, SMA",Uncategorised,13709.75,Units,0,2026-05-18 09:47:30
DH-PFM344D-8CH-EN,"DAHUA 12V 60W 8CH CCTV Distributed Power Supply ▪︎Multi-output DC12V switching power.
▪︎Output voltage adjustable.
▪︎Professional wall-mounted install",Miscellaneous,333.5,Units,0,2026-05-18 09:47:30
DH-PFM343-19CH,"DAHUA 12V20A 19CH CCTV Distributed Power Supply box> Wide voltage input: AC90~264Vac, meet the requirements in different parts for electric network fl",Miscellaneous,1442.75,Units,0,2026-05-18 09:47:30
DH-PFS4420-16GT-250,"DAHUA 16-port PoE Gigabit managed switch. , which supports IEEE802.3 af/at PoE standard. It supports Layer 2 network management and PoE management bas",Switches,7242.75,Units,0,2026-05-18 09:47:30
DHI-NVR4216-16P-4KS2/L,DAHUA 16CH 16PoE 4K NVR  > 16-channel IP video access> Smart H.265+/Smart H.264+/H.265/H.264; H.265 auto switch> Max 200 Mbps incoming bandwidth > Up,NVR,7387.75,Units,0,2026-05-18 09:47:30
DH-XVR7216A-4KL-X,DAHUA 16CH 4K 5in1 DVR with IoT functionalities >Embedded processor > 2x HDD up to 20TB >16 Channel Penta-brid 4K Mini 1U Digital Video Recorder> H.26,Hosts/Processors,0.0,Units,0,2026-05-18 09:47:30
DH-XVR1B16-I,"DAHUA 16CH Penta-brid 1080N/720p WizSense XVR >· H.265+/H.265 dual-stream video compression
· Supports Full-channel AI-Coding· Supports HDCVI/AHD/TVI/",NVR,1772.4,Units,0,2026-05-18 09:47:30
DH-XVR5216AN-S2,"DAHUA 16CH Penta-brid 1080P XVR  Embedded processor
· H.264+/H.264 dual-stream video compression
· Support HDCVI/AHD/TVI/CVBS/IP video inputs
· Max 6/",NVR,3783.05,Units,0,2026-05-18 09:47:30
DH-XVR5116H-4KL-I3,"DAHUA 16CH Penta-brid 4K-N/5MP AI WizSense DVR > H.265+/H.265 dual-stream video compression.
> Supports Full-channel AI-Coding.> Supports HDCVI/AHD/TV",NVR,6799.05,Units,0,2026-05-18 09:47:30
DH-XVR5216A-4KL-I3,DAHUA 16CH Penta-brid 4K-N/5MP AI WizSense DVR> H.265+/H.265 dual-stream video compression.> Supports Full-channel AI-Coding.> Supports HDCVI/AHD/TVI/,NVR,7300.75,Units,0,2026-05-18 09:47:30
DH-XVR5216AN-I3,"DAHUA 16CH Penta-brid 5M-N/1080P WizSense AI XVR  H.265+/H.265 dual-stream video compression
· Supports Full-channel AI Coding· Supports HDCVI/AHD/TVI",NVR,4974.52,Units,0,2026-05-18 09:47:30
DH-XVR1B16H-I,"DAHUA 16CH Penta-brid 5M-N/1080P WizSense AI XVR , > H.265+/H.265 dual-stream video compression> Supports Full-channel AI Coding> Supports HDCVI/AHD/T",NVR,3783.05,Units,0,2026-05-18 09:47:30
DH-XVR5116HS-I3,"DAHUA 16CH Penta-brid 5M-N/1080P WizSense AI XVR , > H.265+/H.265 dual-stream video compression> Supports Full-channel AI Coding> Supports HDCVI/AHD/T",NVR,4321.0,Units,0,2026-05-18 09:47:30
DHI-NVR5216-EI,DAHUA 16CH WizSense Network Video Recorder  Smart H.265+/H.265/Smart H.264+/H.264/MJPEG decoding format 32-channel 1080p self-adaptive decoding capabi,NVR,6749.03,Units,0,2026-05-18 09:47:30
DHI-NVR2216-16P-I2,DAHUA 16CH WizSense Network Video Recorder ●Smart H.265+/H.265/Smart H.264+/H.264/MJPEG decoding format●Max. decoding capability: 6 × 1080p@30 fps. Su,NVR,6394.5,Units,0,2026-05-18 09:47:30
DHI-LM19-F100,"DAHUA 18.5  Industrial level monitor· suitable for extensive 7×24 continuous works· High fidelity digital processing, brilliant and vivid video· Suita",TVs,2492.0,Units,0,2026-05-18 09:47:30
DH-IPC-HFW5241EP-Z5E,"DAHUA 2 MP WizMind AI 120m IR Motorized Lens Bullet Network Camera   · 1/2.8” 2Megapixel progressive scan STARVIS™ CMOS· ROI, SMART H.264+/H.265+, fle",Uncategorised,6369.71,Units,0,2026-05-18 09:47:30
DHI-LM22-H200,"DAHUA 21.5'' Industrial Monitor> Suitable for continuous 24/7 operation> Ultra-thin body with metal housing;> Micro bezel design, elegant appearance,",Miscellaneous,3617.75,Units,0,2026-05-18 09:47:30
DHI-LM24-B200S,"DAHUA 24 '' Industrial Monitor ;>Suitable for continuous 24/7 operation.  Ultra-narrow bezel, elegant appearance, metal base;> 178°H/178°V extra-wide",TVs,3877.3,Units,0,2026-05-18 09:47:30
DHI-LM27-B200,"DAHUA 27 '' Industrial Monitor ;>Suitable for continuous 24/7 operation.  Ultra-narrow bezel, elegant appearance, metal base;> 178°H/178°V extra-wide",TVs,5337.45,Units,0,2026-05-18 09:47:30
DH-HAC-HDW1200TLMP-A,DAHUA 2MP 1080P HDCVI Weatherproof 30m IR Metal Dome Camera with built-in Microphone > Max 30fps@1080P > Built-in mic  > CVI/CVBS/AHD/TVI switchable >,Uncategorised,558.25,Units,0,2026-05-18 09:47:30
DH-HAC-B4A21P-VF-2712,"DAHUA 2MP 1080P HDCVI Weatherproof 30m IR Vari-focal  2.7-12mm Lense: 25/30fps@1080P  High speed, long distance real-time transmission  Day/Night(IC",Uncategorised,908.6,Units,0,2026-05-18 09:47:30
DH-HAC-HDW1239TLP-A-LED,DAHUA 2MP 24X7 Full-color Starlight HDCVI Dome Camera with - ·20m White LED illuminator / Built in Microphone Full-color starlight ·techology ·Max. 30,Uncategorised,908.6,Units,0,2026-05-18 09:47:30
DH-HAC-HFW1239TP-LED-S2,DAHUA 2MP 24x7 Full-color Starlight HDCVI Bullet Camera with 20m White LED illuminator - ·Full-color starlight ·techology ·Max. 30fps@1080P ·CVI/CVBS/,Uncategorised,698.6,Units,0,2026-05-18 09:47:30
DH-IPC-HUM8231-L1-0280B,DAHUA 2MP Covert Pinhole Network Camera-Lens -Unit..Round 2.8mm Incl 8m Cable,Uncategorised,2301.15,Units,0,2026-05-18 09:47:30
DH-IPC-HUM8231P-E1,DAHUA 2MP Covert Pinhole Network Camera-Main Box · H.265&H.264 triple-stream encoding· Support Smart H.265+/H.264+· 50/60fps@1080P(1920×1080)· Day/Nig,Uncategorised,3791.75,Units,0,2026-05-18 09:47:30
DH-HAC-HMW3200LP-FR,"DAHUA 2MP Double-lens HDCVI Mobile IR Camera, · Max 30fps@1080P· HD and SD output switchable· 2.1mm fixed lens · Built-in Mic · Max. IR length 3m, Sma",Miscellaneous,1123.75,Units,0,2026-05-18 09:47:30
DH-HAC-HFW1209CP-LED,"DAHUA 2MP Full-color Starlight HDCVI Bullet Camera · Full-color starlight
· 20 m illumination distance · Max. 30fps@1080P · CVI/CVBS/AHD/TVI switchabl",Uncategorised,471.8,Units,0,2026-05-18 09:47:30
DH-HAC-HDW1209TLQP-LED,"DAHUA 2MP Full-color Starlight HDCVI Eyeball Camera · Full-color starlight
· 20 m illumination distance · Max. 30fps@1080P · CVI/CVBS/AHD/TVI switchab",Uncategorised,471.8,Units,0,2026-05-18 09:47:30
DH-HAC-HMW3200L,"DAHUA 2MP HDCVI IR Eyeball Mobile Camera, · Max 30fps@1080P· HD and SD output switchable· 2.1mm fixed lens· Built-in Mic· Max. IR length 3m, Smart IR·",Uncategorised,667.0,Units,0,2026-05-18 09:47:30
DH-HAC-T3A21P-VF-2712,"DAHUA 2MP HDCVI IR Vari-Focal Dome Camera > 30fps@1080P> HD and SD output switchable> 2.7-12mm vari-focal lens> Max. IR length 40m, Smart IR> IP67, DC",Uncategorised,763.0,Units,0,2026-05-18 09:47:30
DH-HAC-LC1220TP-TH,DAHUA 2MP HDCVI Temperature & Humidity Camera  it records video with real-time environmental information using display temperature & humidity· 30fps@1,Uncategorised,698.6,Units,0,2026-05-18 09:47:30
DH-HAC-HFW1200TLP-A,DAHUA 2MP HDCVI Weatherproof 80m IR Bullet Camera with built-in Microphone >  30fps@1080P > Built-in mic  > CVI/CVBS/AHD/TVI switchable > 2.8mm fixed,Uncategorised,525.0,Units,0,2026-05-18 09:47:30
DH-IPC-HFW2230S-S-S2,"DAHUA 2MP IR Bullet Network Camera. ·  1/2.7” CMOS image sensor, low illuminance, high image definition
· Outputs 2MP (1920 × 1080)@25/30 fps  H.265 c",Uncategorised,1434.05,Units,0,2026-05-18 09:47:30
DH-IPC-HDBW2230EP-S-S2,"DAHUA 2MP IR Dome Network Camera· 2MP, 1/2.7” CMOS image sensor, 2MP (1920 × 1080)@25/30 fps· H.265 codec, high compression rate, ultra-low bit rate·",Uncategorised,1403.53,Units,0,2026-05-18 09:47:30
DH-IPC-HDW2230TP-AS,"DAHUA 2MP IR Dome Network Camera·. · 2MP, 1/2.7” CMOS image sensor, low illuminance, high image definition· Outputs 2MP (1920 × 1080)@25/30 fps· H.265",Uncategorised,1403.53,Units,0,2026-05-18 09:47:30
DH-IPC-HDBW5241EP-ZE,"DAHUA 2MP IR Vari-focal Dome WizMind Network Camera ·· 2-MP 1/2.8"" CMOS image sensor, low luminance, and high definition image.· Outputs max. 2 MP (19",Uncategorised,2602.75,Units,0,2026-05-18 09:47:30
DH-HAC-HUM1220GP-M,"DAHUA 2MP Mobile HDCVI Camera · Max 30fps@1080P· HDCVI output (Aviation connector)· 2.8mm fixed lens  IP67, DC12V  Shock-proof",Uncategorised,616.25,Units,0,2026-05-18 09:47:30
DH-HAC-HDBW1200FP-M,"DAHUA 2MP Mobile HDCVI IR Dome Camera, · Max 30fps@1080P· HDCVI output (Aviation connector)· 3.6mm fixed lens(2.8mm optional) · Max. IR length 20m, Sm",Uncategorised,942.5,Units,0,2026-05-18 09:47:30
DH-HAC-HDW1220GP-M,"DAHUA 2MP Mobile HDCVI IR Eyeball Camera,  Max 30fps@1080P· HDCVI output (Aviation connector)· 2.8mm fixed lens · Max. IR length 20m, Smart IR· IP67,",Uncategorised,761.25,Units,0,2026-05-18 09:47:30
DH-IPC-HFW2249S-S-IL,"DAHUA 2MP Smart Dual Illumination Bullet WizSense Network Camera - 2-MP 1/2.8"" CMOS image sensor, low luminance, and high definition image.  H.265 cod",Uncategorised,1808.15,Units,0,2026-05-18 09:47:30
DH-IPC-HDW2249T-S-IL,"DAHUA 2MP Smart Dual Illumination Dome WizSense Network Camera 2-MP 1/2.8"" CMOS image sensor, low luminance, and high definition image. H.265 codec, h",Uncategorised,1719.85,Units,0,2026-05-18 09:47:30
DH-IPC-HF8242FP-FD,DAHUA 2MP Starlight Face Detection Box AI Network Camera · 1/1.9” 2Megapixel progressive scan CMOS· H.265&H.264 triple-stream encoding· 50/60fps@1080P,Uncategorised,3762.75,Units,0,2026-05-18 09:47:30
DH-IPC-HFW8232EP-ZE,DAHUA 2MP Starlight IR Bullet Network Camera. · 1/1.9” 2Megapixel progressive scan CMOS· H.265&H.264 triple-stream encoding· 50/60fps@1080P(1920×1080),Uncategorised,3646.75,Units,0,2026-05-18 09:47:30
DH-IPC-HFW8232EP-Z12-IRA,DAHUA 2MP Starlight IR Bullet Network Camera. · 1/1.9” 2Megapixel progressive scan CMOS· H.265&H.264 triple-stream encoding· 50/60fps@1080P(1920×1080),Uncategorised,4328.25,Units,0,2026-05-18 09:47:30
DH-IPC-HFW5242HP-Z6E-MF,"DAHUA 2MP Vari-focal Bullet WizMind 140m IR Network Camera> 2MP, 1/1.8” CMOS image sensor, low illuminance, high image definition> Outputs max. 2MP (1",Uncategorised,7044.1,Units,0,2026-05-18 09:47:30
DH-IPC-HDW5241H-ASE-PV,"DAHUA 2MP WizMind AI IR Active Deterrence Dome Network Camea> 2MP 1/2.8"" CMOS image sensor, low illuminance, high definition image> Outputs max. 2MP (",Uncategorised,3748.25,Units,0,2026-05-18 09:47:30
DH-PFA162,"DAHUA 3 Axis bracket >Aesthetic design
>Material: aluminum >Housing bracket >Suitable for Housing  / ANPR / IR illuminator / General accessories insta",Uncategorised,259.55,Units,0,2026-05-18 09:47:30
DHI-LM32-F200,"DAHUA 32 '' Industrial Monitor
· High fidelity digital processing for a brilliant and vivid video 
· 8ms fast response time with no image blurring or",TVs,6781.65,Units,0,2026-05-18 09:47:30
DHI-NVR608-32-4KS2,"DAHUA 32CH NVR 4K ·384Mbps input, 16ch 1080P decoding, max 32 IPC input, H.265&H.264
8 HDD, 1 VGA&2 HDMI, 2 RJ45(1000M), 4 USB(2USB3.0)
Smart 2.0, Fis",NVR,12317.75,Units,0,2026-05-18 09:47:30
DH-XVR4232AN-I,DAHUA 32CH Penta-brid 1080N/720p WizSense XVR> H.265+/H.265 dual-stream video compression.> Supports 8-channel AI-Coding.> Supports HDCVI/AHD/TVI/CVBS,NVR,5800.2,Units,0,2026-05-18 09:47:30
DH-XVR5232AN-4KL-I2,DAHUA 32CH Penta-brid 4K-N/5MP AI WizSense DVR > H.265+/H.265 dual-stream video compression> Supports HDCVI/AHD/TVI/CVBS/IP video inputs> Max 32 chann,NVR,13016.65,Units,0,2026-05-18 09:47:30
DH-XVR5232AN-I3,DAHUA 32CH Penta-brid 5M-N/1080P WizSense AI XVR > H.265+/H.265 dual-stream video compression.> Supports 16-channel AI-Coding.> Supports HDCVI/AHD/TVI,NVR,8006.32,Units,0,2026-05-18 09:47:30
DHI-NVR5232-EI,DAHUA 32CH WizSense Network Video Recorder · Smart H.265+/H.265/Smart H.264+/H.264/MJPEG decoding format. · 32-channel 1080p self-adaptive decoding ca,NVR,7678.98,Units,0,2026-05-18 09:47:30
DH-IPC-HDW8341XP-BV-3D,"DAHUA 3MP Dual-Lens People Counting AI Network Camera - · 3MP WizMind Dual-Lens Network Camera
> 1/2.8” CMOS image sensor, low illuminance, high image",Uncategorised,9809.25,Units,0,2026-05-18 09:47:30
DH-IPC-HDBW8331EP-ZE,"DAHUA 3MP WDR IR Dome Network Camera · 1/2.8” 3Megapixel progressive scan STARVIS™ CMOS
· H.265&H.264 triple-stream encoding · 50/60fps@3M(2048×1536)",Uncategorised,3269.75,Units,0,2026-05-18 09:47:30
DH-HAC-PFW3601P-A180,DAHUA 3X2MP Multi-Sensor Panoramic HDCVI IR-Bullet Camera · Three 1/2.8” 2Megapixel progressive scan CMOS · 1 panoramic view &3 individual 2MP video o,Uncategorised,3913.0,Units,0,2026-05-18 09:47:30
SDT7C424-4F-ZBZJ-APV-0400,"DAHUA 4 MP 24x Startlight IR WizMind Network Panoramic + PTZ Camema
Panoramic: 1/1.8"" 4 Megapixel F1.0 STARVIS™ CMOS
1/2.8"" 4 Megapixel STARVIS™ CMOS>",Uncategorised,23790.15,Units,0,2026-05-18 09:47:30
DH-SD6C3425XB-HNR-A-PV1,"DAHUA 4 MP 25x Starlight IR WizSense Network PTZ Camera> 1/2.8"" 4Megapixel STARVIS™ CMOS> Powerful 25x optical zoom> Starlight technology> Perimeter p",Uncategorised,17236.15,Units,0,2026-05-18 09:47:30
DH-SD5A445XA-HNR,"DAHUA 4 MP 45x Starlight IR WizSense Network PTZ Camera. 45x optical zoom, H.265, IVS, IR Distance up to 150m,  ±25% wide voltage input, -40°C~70°C wi",Uncategorised,19038.5,Units,0,2026-05-18 09:47:30
DHI-KTA02M,"DAHUA 4-Wire Video Intercom kit ·: 7 inch screen. Video intercom function: Unlock, voice call, video call, volumeadjustment, and doorway monitoring",Intercom and Access Control,2230.1,Units,0,2026-05-18 09:47:30
DHI-LM43-F200,"DAHUA 43 '' Industrial Monitor
· Light and cost-effective plastic housing
· suitable for continuous 24/7 operation
· 178°H/178°V extra-wide viewing an",Miscellaneous,9625.03,Units,0,2026-05-18 09:47:30
DH-XVR1B04H-I,"DAHUA 4CH Penta-brid 5M-N/1080P WizSense AI XVR · H.265+/H.265 dual-stream video compression
· Supports Full-channel AI-Coding· Supports HDCVI/AHD/TVI",NVR,1152.2,Units,0,2026-05-18 09:47:30
DH-XVR1B04-I,"DAHUA 4CH Pentra-brid HDCVI/AHD/TVI/CVBS/IP 720P / 1080N DVR support CVI audio 
> H.265+/H.265 dual-stream video compression
> Supports Full channel A",NVR,868.0,Units,0,2026-05-18 09:47:30
DH-WM4700-O,"DAHUA 4G router 4G Router> 4G transmission: High speed 4G LTE connection, 100 Mbps downlink and 50 Mbps uplink.> Wi-Fi transmission: Connect your smar",Routers,4489.2,Units,0,2026-05-18 09:47:30
DH-SD8A840WA-HNF,"DAHUA 4K 40x Starlight+ WizMind Network PTZ Camera   1/1.8” 8Megapixel STARVIS™ CMOS
· Powerful 40x optical zoom· Starlight+ technology· IR distance u",Uncategorised,41978.95,Units,0,2026-05-18 09:47:30
DH-SD4E425GB-HNR-A-PV1,"DAHUA 4MP 25x Starlight IR WizSense Network PTZ Camera, IR distance up to 100 m, Auto-tracking 3.0, Full-color illuminator; red and blue warning light",Miscellaneous,10562.5,Units,0,2026-07-22 10:15:29
DH-SD6CE445XA-HNR,"DAHUA 4MP 45x Starlight IR PTZ AI Network Camera · 1/2.8” 4Megapixel STARVIS™ CMOS
· Powerful 45x optical zoom· Starlight technology Max. 25/30fps@4MP",Uncategorised,23192.75,Units,0,2026-05-18 09:47:30
DH-SD6AL445XA-HNR,"DAHUA 4MP 45x Starlight Laser WizMind Network PTZ Camera > 1/2.8"" 4Megapixel CMOS > Powerful 45x optical zoom > Starlight technology > Max. 25/30 fps@",Uncategorised,31827.5,Units,0,2026-05-18 09:47:30
DHI-ITC413-PW4D-IZ1,"DAHUA 4MP AI ANPR / LPR Camera, High-performance CMOS image sensor and processor that supports continuously extracting metadata 24/7. Adopts intellige",Uncategorised,10594.5,Units,0,2026-05-18 09:47:30
DHI-ITC413-PW4D-IZ3,"DAHUA 4MP AI ANPR / LPR Camera, High-performance CMOS image sensor and processor that supports continuously extracting metadata 24/7. Adopts intellige",Uncategorised,11923.28,Units,0,2026-05-18 09:47:30
DHI-ITC431-RW1F-IRL8,"DAHUA 4MP IR AI Enforcement ANPR / LPR Camera ultra starlight CMOS with high sensitivity, high SNR, and excellent WDR, providing lifelike images 24/7.",Uncategorised,19376.35,Units,0,2026-05-18 09:47:30
DH-IPC-HFW2441S-S,"DAHUA 4MP Smart Bullet WizSense Network Camera 4-MP 1/2.9"" CMOS image sensor, low luminance, and high definition image.Outputs max. 4 MP (2688 × 1520)",Uncategorised,2342.17,Units,0,2026-05-18 09:47:30
DH-IPC-HDW2441T-S,"DAHUA 4MP Smart Dome WizSense Network Camera 4-MP 1/2.9"" CMOS image sensor, low luminance, and high definition image.Outputs max. 4 MP (2688 × 1520)@2",Uncategorised,1772.41,Units,0,2026-05-18 09:47:30
DH-IPC-HDW2449T-S-IL,"DAHUA 4MP Smart Dual Illumination Dome WizSense Network Camera. 4-MP 1/2.9"" CMOS image sensor, low luminance, and high definition image. 
Outputs max.",Uncategorised,1942.71,Units,0,2026-05-18 09:47:30
DH-IPC-HFW2449S-S-IL,"DAHUA 4MP Smart Dual Illumination Fixed-focal Bullet WizSense Network Camera
> 4-MP 1/2.9"" CMOS image sensor, low luminance, and high definition image",Uncategorised,1941.55,Units,0,2026-05-18 09:47:30
DH-IPC-HFW3441EP-AS,"DAHUA 4MP WizSense AI IR Bullet Network Camera - 4MP, 1/3” CMOS image sensor, low illuminance, high image definition · Outputs max. 4MP (2688 × 1520)@",Uncategorised,2567.15,Units,0,2026-05-18 09:47:30
DH-IPC-HDW3441TMP-AS,"DAHUA 4MP WizSense AI IR Dome Network Camera, 1/3” CMOS image sensor, low illuminance, high image definition· Outputs max. 4MP (2688 × 1520) @30 fps·",Uncategorised,2348.49,Units,0,2026-05-18 09:47:30
DH-IPC-HDW3441TP-ZAS,"DAHUA 4MP WizSense AI Motorised Zoom varifocal lens WDR 40m IR Dome Network Camera -· 4MP, 1/3” CMOS image sensor, low illuminance, 4MP (2688 × 1520)@",Uncategorised,3560.69,Units,0,2026-05-18 09:47:30
DH-IPC-HFW3441TP-ZAS,"DAHUA 4MP WizSense AI Motorised Zoom varifocal lens WDR 60m IR Bullet Network Camera -· 4MP, 1/3” CMOS image sensor, low illuminance, 4MP (2688 × 1520",Uncategorised,4046.15,Units,0,2026-05-18 09:47:30
DH-IPC-HFW2441T-ZAS,"DAHUA 4MP WizSense AI Motorised Zoom varifocal lens WDR 60m IR Bullet Network Camera> 4-MP 1/2.9"" CMOS image sensor, low luminance, and high definitio",Uncategorised,4049.42,Units,0,2026-05-18 09:47:30
DH-SD2A500-GN-A-PV,"DAHUA 5 MP IR and White Light Full-color Network Pan Tilt Camera> 1/2.8"" 5Megapixel STARVIS™ CMOS> Max. 20 fps@5MP> Human detection> Tripwire, intrusi",Uncategorised,2531.7,Units,0,2026-05-18 09:47:30
DH-PFS3005-5ET-L,DAHUA 5-Port Desktop Fast Ethernet Switch · Compact design: Miniature size and light weight make it easy to deploy· Plug and play: No configuration re,Switches,210.25,Units,0,2026-05-18 09:47:30
DH-PFS3005-5GT-L,DAHUA 5-Port Desktop Gigabit Ethernet Switch. · Compact design: Miniature size and light weight make it easy to deploy· Plug and play: No configuratio,Switches,333.5,Units,0,2026-05-18 09:47:30
DHI-LM50-F400,"DAHUA 50'' UHD LED Monitor
> 4K Ultra-HD resolution
> Suitable for continuous 24/7 operation
> 8ms response time for no motion blur, judder or ghostin",TVs,16844.29,Units,0,2026-05-18 09:47:30
DHI-LM55-F400,"DAHUA 55'' UHD LED Monitor
> 4K Ultra-HD resolution
> Suitable for continuous 24/7 operation
> 8ms response time for no motion blur, judder or ghostin",TVs,19250.06,Units,0,2026-05-18 09:47:30
DH-PFWB5-30ac,DAHUA 5GHz AC867 15dBi Outdoor Wireless CPE > Integrated 5 GHz (2x2) MIMO radio > Frequency 5.150 - 5.850 GHz (FCC 5.150 - 5.250 and 5.725 - 5.850 GHz,Miscellaneous,2385.25,Units,0,2026-05-18 09:47:30
DH-PFWB5-90ac,DAHUA 5GHz AC867 18dBi Outdoor Base Station> Integrated 5 GHz (2x2) MIMO radio> Frequency 5.150 - 5.850 GHz (FCC 5.150 - 5.250 and 5.725 - 5.850 GHz)>,Miscellaneous,3466.95,Units,0,2026-05-18 09:47:30
DH-PFWB5-10ac,DAHUA 5GHz AC867 20dBi Outdoor Wireless CPE > Integrated 5 GHz (2x2) MIMO radio > Frequency 5.150 - 5.850 GHz (FCC 5.150 - 5.250 and 5.725 - 5.850 GHz,Miscellaneous,3037.75,Units,0,2026-05-18 09:47:30
DH-PFWB5-30n,DAHUA 5GHz N300 15dBi Outdoor Wireless link CPE. · Integrated 5 GHz (2x2) MIMO radio· Frequency 5.150 - 5.850 GHz (FCC 5.150 - 5.250 and 5.725 -5.850,Miscellaneous,1587.75,Units,0,2026-05-18 09:47:30
DH-PFWB5-90n,"DAHUA 5GHz N300 Outdoor Wireless Base Station, · Integrated 5 GHz (2x2) MIMO radio· Frequency 5.150 - 5.850 GHz (FCC 5.150 - 5.250 and 5.725 -5.850 GH",Miscellaneous,2747.75,Units,0,2026-05-18 09:47:30
DH-HAC-HFW1509TLMP-IL-A-0360B,DAHUA 5MP Full-color Starlight HDCVI Bullet Camera with 40m White LED illuminator / Built in Microphone - ·Full-color starlight ·techology Max. 20fps@,Uncategorised,1054.2,Units,0,2026-05-18 09:47:30
DH-HAC-HDW1509TP-IL-A,DAHUA 5MP Full-color Starlight HDCVI Dome Camera with 40m White LED illuminator / Built in Microphone - ·Full-color starlight ·techology ·Max. 20fps@5,Uncategorised,1118.6,Units,0,2026-05-18 09:47:30
DH-HAC-ME1509THP-A-PV,DAHUA 5MP HDCVI Active Deterrence Weatherproof Full Color Bullet Camera with Blue & Red warning strobe light / Siren / White LED illuminator > · 24/7,Uncategorised,1241.8,Units,0,2026-05-18 09:47:30
DH-HAC-ME1509B-LS,DAHUA 5MP HDCVI Active Deterrence Weatherproof Full Color Bullet Camera with Built-in Outdoor Passive Motion Detector / Siren / White LED illuminator,Uncategorised,1118.6,Units,0,2026-05-18 09:47:30
DH-HAC-HDW1500TLQP-A,DAHUA 5MP HDCVI Weatherproof 30m IR Dome Camera with built-in Microphone > Max 20fps@5MP > HD and SD output switchable > 2.8mm fixed lens > 10m/110°de,Uncategorised,838.6,Units,0,2026-05-18 09:50:36
DH-HAC-HDW1500TP-Z-A,"DAHUA 5MP HDCVI Weatherproof 60m IR Vari-focal Motorized 2.7-12mm  Dome Camera with built-in Microphone >1/2.7"" 5 Megapixel CMOS >HD and SD switchable",Uncategorised,1379.0,Units,0,2026-05-18 09:50:36
DH-HAC-HFW1500RP-Z-IRE6-A,DAHUA 5MP HDCVI Weatherproof 60m IR Vari-focal Motorized 2.7-12mm Bullet Camera with built-in Microphone >· Max. 20fps@5MP· Built-in mic· HD and SD ou,Uncategorised,1482.6,Units,0,2026-05-18 09:50:36
DH-HY-SAV849HAP-E,"DAHUA 5MP IR AI-fire Smoke Sensing Network Camera > DC12V / PoE and 3V lithium battery> 1/2.7"" CMOS, 2.0mm focal length> H.265; H.264; > Horizontal: 1",Uncategorised,2834.75,Units,0,2026-05-18 09:50:36
DH-IPC-EW5541P-AS,DAHUA 5MP Panoramic Network IR Fisheye Camera> 1/2.7” 5Megapixel progressive scan STARVIS™ CMOS> H.265/H.264 triple-stream encoding> Max 25fps@5M(2592,Uncategorised,3998.96,Units,0,2026-05-18 09:50:36
DH-IPC-HFW5541TP-AS-PV-8mm,DAHUA 5MP WizMind AI IR Active Deterrence Bullet Network Camera  1/2.7” 5Megapixel progressive scan CMOS · H.265 & H.264 triple-stream encoding · 20 f,Uncategorised,3907.75,Units,0,2026-05-18 09:50:36
DH-IPC-HDW5541H-AS-PV,DAHUA 5MP WizMind AI IR Active Deterrence Dome Network Camera· 1/2.7” 5Megapixel progressive scan CMOS· H.265 & H.264 triple-stream encoding· 20 fps@2,Uncategorised,3907.75,Units,0,2026-05-18 09:50:36
DH-PFM700-E,"DAHUA 60m HDMI Extender  >Transmission distance: HDMI transmission distance 60m (max.196.85ft).
>Infrared function: support to transmit one-way infrar",Miscellaneous,1314.06,Units,0,2026-05-18 09:50:36
DHI-NVR608-64-4KS2,"DAHUA 64CH NVR 4K  > 384Mbps input, 16ch 1080P decoding, max 64 IPC input, H.265&H.264
8 HDD, 1 VGA&2 HDMI, 2 RJ45(1000M), 4 USB(2USB3.0)
Smart 2.0, F",NVR,23478.4,Units,0,2026-05-18 09:50:36
DHI-NVR5464-4KS2,DAHUA 64CH NVR 4K· Smart H.265+/H.265/Smart H.264+/H.264/MJPEG · Max 320Mbps Incoming Bandwidth · Up to 12MP Resolution for Preview and Playback · 2HD,NVR,11378.15,Units,0,2026-05-18 09:50:36
DHI-NVR5464-EI,DAHUA 64CH WizSense Network Video Recorder Smart H.265+/H.265/Smart H.264+/H.264/MJPEG decoding format 32-channel 1080p self-adaptive decoding capabil,NVR,14242.34,Units,0,2026-05-18 09:50:36
DH-HAC-HFW2601TP-Z-A,"DAHUA 6MP WDR HDCVI IR Bullet Camera · 120dB True WDR, 3DNR · Max. 6MP resolution · HD/SD switchable · Audio in interface, built-in mic · 2.7-13.5mm m",Uncategorised,1813.0,Units,0,2026-05-18 09:50:36
DH-IPC-HDW3849H-AS-PV-S3,"DAHUA 8 MP WizSense  Smart Dual Illumination Active Deterrence domel Network Camera> 8 MP 1/2.8"" CMOS image sensor, low luminance, and high definition",Uncategorised,5238.85,Units,0,2026-05-18 09:50:36
DH-PFS3008-8ET-L,DAHUA 8-Port Desktop Fast Ethernet Switch · Compact design: Miniature size and light weight make it easy to deploy· Plug and play: No configuration re,Switches,282.75,Units,0,2026-05-18 09:50:36
DH-PFS3008-8GT-L,DAHUA 8-Port Desktop Gigabit Ethernet Switch  Compact design: Miniature size and light weight make it easy to deploy· Plug and play: No configuration,Switches,500.25,Units,0,2026-05-18 09:50:36
DH-XVR1B08-I,DAHUA 8CH Penta-brid 1080N/720p WizSense XVR > H.265+/H.265 dual-stream video compression> Supports Full channel AI-Coding> Supports HDCVI/AHD/TVI/CVB,NVR,1188.6,Units,0,2026-05-18 09:50:36
DH-XVR5108HS-4KL-I3,DAHUA 8CH Penta-brid 4K-N/5MP AI WizSense DVR>· H.265+/H.265 dual-stream video compression· Supports HDCVI/AHD/TVI/CVBS/IP video inputs· Max 16 channe,NVR,3617.75,Units,0,2026-05-18 09:50:36
DH-XVR1B08H-I,"DAHUA 8CH Penta-brid 5M-N/1080P WizSense AI XVR
> H.265+/H.265 dual-stream video compression> Supports Full-channel AI-Coding> Supports HDCVI/AHD/TVI/",NVR,1883.55,Units,0,2026-05-18 09:50:36
DH-XVR5108H-I3,"DAHUA 8CH Penta-brid 5M-N/1080P WizSense AI XVR, new deep-learning algorithm, SMD Plus can recognize moving objects and differentiate human and vehicl",NVR,2757.9,Units,0,2026-05-18 09:50:36
DH-IPC-HFW3849T1-ZAS-PV-S5,"DAHUA 8MP Smart Dual Light Active Deterrence Vari-focal Bullet WizSense Network Camera> 8-MP 1/2.8"" CMOS image sensor, low luminance, and high definit",Miscellaneous,6585.71,Units,0,2026-07-22 10:15:33
DH-IPC-HFW3841EP-AS,"DAHUA 8MP WizSense AI IR Bullet Network Camera  8MP, 1/2.8” CMOS image sensor, low illuminance, 8MP (3840 × 2160) @20 fps @25/30 fps H.265 codec, Buil",Uncategorised,3748.25,Units,0,2026-05-18 09:50:36
DH-IPC-HDW3841TMP-AS,"DAHUA 8MP WizSense AI IR Dome Network Camera,8MP, 1/2.8” CMOS image sensor, low illuminance, 8MP (3840 × 2160) @20 fps H.265 codec,, high compression",Uncategorised,3893.25,Units,0,2026-05-18 09:50:36
DH-IPC-HFW3849T1-AS-PV-S3,"DAHUA 8MP WizSense Smart Dual Illumination Active Deterrence Bullet Network Camera
> 8MP 1/2.8"" CMOS image sensor, low luminance, and high definition>",Uncategorised,5238.85,Units,0,2026-05-18 09:50:36
DHI-MHVR8004-GFWI,DAHUA AI 4 Channels H.265 2 SD Mobile Video Recorder> Support HDCVI/AHD/TVI/IP video input> Support H.265/smart H.265 video compression> Support 4 cha,Miscellaneous,12253.95,Units,0,2026-05-18 09:50:36
DEE1010B,DAHUA Access Control Extension Module Dahua relay module allows the expansion of video door phone features for control of another door or gate. Built-,Intercom and Access Control,1220.87,Units,0,2026-05-18 09:50:36
DHI-ASI1202M,"DAHUA Access Control Standalone Terminal > Material: Zinc alloy plate> Support card unlock, fingerprint unlock, and card&fingerprint unlock> Card read",Miscellaneous,2718.75,Units,0,2026-05-18 09:50:36
DHI-ARB1606,"DAHUA Alarm Extender 16 Alarm In/6 Alarm Out, 1RS485,  Support 2-bit DIP switch (0/1) to determine the diﬀerent alarm box access; Max support 4 alarm",Switches,572.75,Units,0,2026-05-18 09:50:36
DHI-ART-ARC3000H-03-FW2(868),"DAHUA Alarm KIT > Supports 150 wireless peripherals (6 sirens, 64 wireless keyfobs).> Peripherals status display (signal strength, battery level, temp",Miscellaneous,6372.75,Units,0,2026-05-18 09:50:36
DH-VTO1210C-X,"DAHUA Apartment Outdoor Station > HD CMOS camera
> Stainless steel panel, IP54, IK07 > Night vision & Voice indication
> Local card openning > Video &",Uncategorised,8698.55,Units,0,2026-05-18 09:50:36
DHI-VTO6521F,"DAHUA Apartment Outdoor Station >· 4.3 inch IPS display; screen resolution 800×480· 2MP CMOS; true WDR· Aluminum anode surface; metal button; IP65, IK",TVs,8698.55,Units,0,2026-05-18 09:50:36
DH-MPT221,"DAHUA Body Camera. Android 9.0.· 8-core 1.8 GHz High-Performance CPU.· 2.0"" touch screen.·1080p@30 fps recording, the image resolution up to 34MP (780",Uncategorised,12796.25,Units,0,2026-05-18 09:50:36
DH-PFB300C,DAHUA Ceiling Mount Bracket,Miscellaneous,282.75,Units,0,2026-05-18 09:50:36
DH-PFA151,"DAHUA Corner Mount Bracket
- Aesthetic design",Miscellaneous,485.75,Units,0,2026-05-18 09:50:36
DH-DSM-C01,"DAHUA DSM camera -  Dahua Driver Status Monitoring Camera is to  monitoring the driver’s face, with the help of DHI-MHVR8004-GFWI AI intelligent MVR c",Uncategorised,3014.55,Units,0,2026-05-18 09:50:36
DHI-TPC-SD5441-B50Z45-BM-S24,"DAHUA Dual View Thermal PTZ IP Camera>Thermal Hybrid Speed Dome Camera
> Vanadium oxide uncooled focal plane detector.> 4Megapixel progressive scan CM",Uncategorised,110737.95,Units,0,2026-05-18 09:50:36
DHI-ASI6214J-MFW,"DAHUA Face Recognition Access Control Terminal  ·> 4.3-inch LCD touch screen; resolution 480 × 272> 2MP wide-angle dual lens camera; support DWDR, whi",Miscellaneous,7808.25,Units,0,2026-05-18 09:50:36
DHI-ASR1102A(V2),"DAHUA Fingerprint RFID Reader - RS-485 protocol · Default IC (Mifare) card · Support card, fingerprint · Up to 3000 fingerprints capacity · Blue backl",Readers,2434.55,Units,0,2026-05-18 09:50:36
DH-VTOB107,DAHUA Flush Mounted Box for VTO2000A > Material: Metal > Size: 125mm*135mm*56mm > Weight: 0.8 Kg > Flush mounted box,Intercom and Access Control,506.05,Units,0,2026-05-18 09:50:36
DH-PFM791,"DAHUA HD Video Isolator , to solve the HDCVI image interference caused by ground loops
effectively; Apply to indoor or in junction box; Working Temp",Miscellaneous,143.55,Units,0,2026-05-18 09:50:36
DH-MCVR6208-GC,"DAHUA HDCVI 8 Channel mobile DVR 3G GPS . Supports HDCVI/Analog Video Input
• Dual-stream Recording• Eight-channel 1080p Real-time Recording• Simultan",NVR,11528.95,Units,0,2026-05-18 09:50:36
DH-HAP120,"DAHUA Hi-fidelity Pickup >Use high sensitivity, all directional microphone head and omnidirectional microphone, clear and natural sound;
>Lightning pr",Miscellaneous,382.8,Units,0,2026-05-18 09:50:36
DH-HAP200,DAHUA Hi-fidelity audio mic  Easy to install\ ALC processing circuit Basic noise reduction Support cascading,Miscellaneous,340.75,Units,0,2026-05-18 09:50:36
DHI-VTO3311Q-WP,"DAHUA IP 1 / 2 / 4-button Villa Outdoor Station ·Wi-Fi Villa Door Station
> Full metal casing design.> Customizable Number of Buttons.> Wi-Fi connecti",Intercom and Access Control,3754.05,Units,0,2026-05-18 09:50:36
DHI-VTO2101E-P,"DAHUA IP Villa Outdoor Station · HD CMOS camera · alloy body vandal proof, IP65, IK10· ICR Night vision &Voice indication· Video & Audio messaging· TC",Uncategorised,2682.5,Units,0,2026-05-18 09:50:36
DHI-VTH2421FW-P,"DAHUA IP touch screen 7"" monitor for intercom.   7"" TFT Capacitive touch screen, 1024x600 · IPC surveillance· Alarm integration ·",Intercom and Access Control,2827.5,Units,0,2026-05-18 09:50:36
DH-PFM905-E,"DAHUA Integrated Mount Tester - • Ergonomic, Portable Design • One-hand Operation with Removable Wrist Strap • 4.3-in. TFT Screen, 480 x 272 Resolutio",Miscellaneous,2167.75,Units,0,2026-05-18 09:50:36
DH-PFM907,"DAHUA Integrated Mount Tester >Integrated Mount Tester> Support IP, HDCVI/AHD/HDTVI/CVBS;> Highly compatible with ONVIF protocol;> POE power supply/re",Miscellaneous,16133.06,Units,0,2026-05-18 09:50:36
DHI-VTS5A40B,"DAHUA Intercom Master Station> 10"" TFT Capacitive touch screen, 1024×600> IPC surveillance> Alarm integration> Micro SD card optional, max 32GB > Reco",Intercom and Access Control,9574.79,Units,0,2026-05-18 09:50:36
DH-MD02,DAHUA MVR Alarm disply,Miscellaneous,1850.2,Units,0,2026-05-18 09:50:36
DHI-DAE-CDR8213-GFW,DAHUA Mobile DVR with built-in Dash Camera > 1080P resolution with 128.6° FOV> Supports 3 external CVI/AHD cameras input> Built-in MIC and speaker sup,NVR,8518.75,Units,0,2026-05-18 09:50:36
DH-MLCDF7-E,DAHUA Moible DVR LCD display screen  • 7-in. Widescreen TFT-LCD Monitor • LED Backlight • M12 A-coding Connector,TVs,2588.25,Units,0,2026-05-18 09:50:36
DH-PFA114,DAHUA Mount Adapter >Aesthetic design >Material: aluminum - 6 Series PTZ,Miscellaneous,137.75,Units,0,2026-05-18 09:50:36
DH-PFA122-V2,DAHUA Mounting box for 3 hole camera • Material: aluminum • IP66 protection class,Uncategorised,384.76,Units,0,2026-05-18 09:50:36
DH-PFA121-V2,DAHUA Mounting box for 4 hole camera • Material: aluminum • IP66 protection class,Uncategorised,384.76,Units,0,2026-05-18 09:50:36
DH-NKB1000,DAHUA Network Keyboard & Control Keyboard & Dome keyboard,Miscellaneous,4203.55,Units,0,2026-05-18 09:50:36
KIT/DH-PFM811-4CH/DH-PFM811-C,DAHUA POC Transmitter - Features Support 400m RG59 transmission; support max. 15.6W HDCVI camera in single channel; Support 400m OSD control; Support,Uncategorised,1428.25,Units,0,2026-05-18 09:50:36
DH-PFB303S,"DAHUA Parapet Mount Bracket  \
- Parapet mount bracket
- Rotatable, easy to install
- Neat & Integrated design",Miscellaneous,2202.19,Units,0,2026-05-18 09:50:36
DH-HAP100,"DAHUA Pinhole Pickup > Omni-directional condenser microphone, high fidelity;> 30KV Air contact ESD, built-in Lightning Protection, power supply polari",Miscellaneous,288.55,Units,0,2026-05-18 09:50:36
DH-PFA12C,"DAHUA Plastic Junction Box • Flame retardant PC features outdoor weathering resistance, high intensity and reliability • Dependable waterproof structu",Miscellaneous,72.5,Units,0,2026-05-18 09:50:36
DH-PFA12A,DAHUA Plastic Junction Box • Material: weatherability and nondiscolouring PP • Structural water-proof design • Aesthetic design,Miscellaneous,56.55,Units,0,2026-05-18 09:50:36
PFT1300,DAHUA PoE Extender > Support passive PoE cascade power supply and Ethernet data exchange> Support IEEE 802.3af/at standard power supply IP Camera> Coo,Uncategorised,474.15,Units,0,2026-05-18 09:50:36
DH-TAM1GT1GT-30,DAHUA PoE+ Midspan is designed to work in extreme temperature environments and in applications that experience lightning. The midspan offers a single,Miscellaneous,552.45,Units,0,2026-05-18 09:50:36
DH-PFA150-V2,"DAHUA Pole Mount Bracket
- Material: SECC & SUS304
- Pole mount bracket
- Aesthetic design  Pole mount for 0-10kg device",Miscellaneous,485.75,Units,0,2026-05-18 09:50:36
DH-PFA152-E,"DAHUA Pole Mount Bracket
>Material: aluminum & SUS304
>Pole mount bracket
>Aesthetic design Pole mount for 0-3kg device",Miscellaneous,285.65,Units,0,2026-05-18 09:50:36
DH-PFM790,"DAHUA Power supply isolator, to solve the HDCVI image interference caused by power supply effectively. Optimised for HDCVI video. Apply to indoor or i",Miscellaneous,288.55,Units,0,2026-05-18 09:50:36
DHI-ASR1101M,"DAHUA RFID READER  RS-485 or Wiegand protocol> Default IC (Mifare) card > Support card, password> All-metal buttons with blue backlight> Watch dog fun",Readers,1631.25,Units,0,2026-05-18 09:50:36
DH-SD49225DB-HNY,DAHUA Starlight 2MP 25x 100m IR PTZ Network Camera  with Smart Video Analytics IVS + Alarm + Audio >1/2.8” 2Megapixel CMOS· Powerful 25x optical zoom·,Uncategorised,8112.75,Units,0,2026-05-18 09:50:36
DH-PTZ1A225U-IRA-XA,"DAHUA Starlight 2MP 25x Zoom IR AI WizSense Network Positioning System Camera  with Smart Video Analytics IVS + Auto-Tracking + Perimeter Protection,",Uncategorised,11201.25,Units,0,2026-05-18 09:50:36
DH-VTOB108,DAHUA Surface Mounted Box for VTO2000A > Material: Metal > Size: 145mm*134mm*88mm > Weight: 1 Kg > Surface mounted box,Intercom and Access Control,506.05,Units,0,2026-05-18 09:50:36
DH-TPC-BF5401-B13,"DAHUA Thermal IP Bullet Camera.Thermal:400*300   Lens:13mm Support IVS,Fire detection Support SD card 128G Audio:1 in  Alarm:2 in/1 out",Uncategorised,44720.9,Units,0,2026-05-18 09:50:36
DH-TPC-BF5401-B25,"DAHUA Thermal IP Bullet Camera.Thermal:400*300   Lens:25mm Support IVS,Fire detection Support SD card 128G Audio:1 in  Alarm:2 in/1 out",Uncategorised,51109.6,Units,0,2026-05-18 09:50:36
DH-TPC-BF5401-B35,"DAHUA Thermal IP Bullet Camera.Thermal:400*300   Lens:35mm Support IVS,Fire detection Support SD card 128G Audio:1 in  Alarm:2 in/1 out",Uncategorised,59628.35,Units,0,2026-05-18 09:50:36
DH-TPC-BF5601-B25,"DAHUA Thermal IP Bullet Camera.Thermal:640*512   Lens:25mm Support IVS,Fire detection Support SD card 128G Audio:1 in  Alarm:2 in/1 out",Uncategorised,112015.4,Units,0,2026-05-18 09:50:36
DH-TPC-BF5601-B35,"DAHUA Thermal IP Bullet Camera.Thermal:640*512   Lens:35mm Support IVS,Fire detection Support SD card 128G Audio:1 in  Alarm:2 in/1 out",Uncategorised,122662.75,Units,0,2026-05-18 09:50:36
DH-M869,DAHUA Two way communication handset for MDVR,Miscellaneous,862.75,Units,0,2026-05-18 09:50:36
PFM820,"DAHUA UTC Controller -  Compact Controller Connects Analog Cameras to a Dahua DVR via the OSD
Supports HDCVI, AHD, HDTVI, and CVBS Formats
Indicators",NVR,288.55,Units,0,2026-05-18 09:50:36
DH-PFB604W,"DAHUA Wall mount for 14"" housing,  support ITC231",Miscellaneous,323.35,Units,0,2026-05-18 09:50:36
DH-PFA138-V2,DAHUA Water-proof Junction Box >Neat & Integrated design >Material: Aluminum & SECC > HDBW domes,Miscellaneous,288.55,Units,0,2026-05-18 09:50:36
DH-PFA134,DAHUA Water-proof Junction Box >Neat & Integrated design >Material: Aluminum & SECC > Mini Bullets & Motion Eye,Miscellaneous,180.82,Units,0,2026-05-18 09:50:36
DH-PFB203W,DAHUA Water-proof Wall Mount Bracket >Neat & Integrated design >Material: Aluminum & SECC,Miscellaneous,256.51,Units,0,2026-05-18 09:50:36
DHI-ARD323-W2(868),"DAHUA Wireless Door Detector • Detection gap up to 40mm
• 1-channel dry contact input
• Remote configuration, cloud upgrade and check status (via mobi",Sensors,700.35,Units,0,2026-05-18 09:50:36
DHI-ARD1233-W2(868),"DAHUA Wireless PIR • Detection Range: 12m/90°(2.2m mounting height)
• Up to 18KG pet immunity 
• Remote configuration, cloud upgrade and check status",Sensors,906.25,Units,0,2026-05-18 09:50:36
DHI-ARD822-W2(868),"DAHUA Wireless Panic Button • IP54 for easy handling of routine hassles.
• Supports multiple alarm modes, such as burglar, fire, gas, and more.
• Remo",Miscellaneous,433.55,Units,0,2026-05-18 09:50:36
DH-WR5210-IDC,DAHUA Wireless Router> AC1200 Dual-band Wi-Fi: 867 Mbps at 5 GHz band and 300 Mbps at 2.4 GHz band> Beamforming Technology: Auto detects connected dev,Routers,1268.75,Units,0,2026-05-18 09:50:36
DHI-NVR608H-64-XI,"DAHUA WizMind AI /64CH NVR Supports Smart H.265+, H.265, Smart H.264+, H.264 and MJPEG decoding formats.
Max. decoding capability: 32 × 1080p@30 fps.M",NVR,34445.26,Units,0,2026-05-18 09:50:36
DHI-NVR5864-I,"DAHUA WizMind AI /64CH NVR · AI technologies with deep learning algorithms that target people and vehicles, offer Face Recognition, ANPR, Metadata, Pe",NVR,28992.75,Units,0,2026-05-18 09:50:36
DHI-NVR5216-8P-I/L,"DAHUA WizMind AI 16CH NVR ·   AI technologies with deep learning algorithms that target people and vehicles, offer Face Recognition, ANPR, Metadata, P",NVR,16996.9,Units,0,2026-05-18 09:50:36
DHI-NVR608H-32-XI,"DAHUA WizMind AI 32CH NVR Supports Smart H.265+, H.265, Smart H.264+, H.264 and MJPEG decoding formats.
Max. decoding capability: 32 × 1080p@30 fps.Ma",NVR,29517.0,Units,0,2026-05-18 09:50:36
DHI-NVR5432-16P-I/L,"DAHUA WizMind AI 32CH NVR ·   AI technologies with deep learning algorithms that target people and vehicles, offer Face Recognition, ANPR, Metadata, P",NVR,23192.75,Units,0,2026-05-18 09:50:36
DH-TPC-DF1241-D7F8,"DAHUA WizSense (Thermal + Starlight ) Dual Lens Network Dome Camera · VOx uncooled thermal sensor technology· Athermalized lens (thermal camera), focu",Uncategorised,10618.35,Units,0,2026-05-18 09:50:36
DHI-TPC-BF1241-B7F8-DW-S2,DAHUA WizSense AI (Thermal + Starlight ) Dual Lens Network Bullet Camera · · VOx uncooled thermal sensor technology· Athermalized lens (thermal camera,Uncategorised,12839.75,Units,0,2026-05-18 09:50:36
DHI-TPC-BF1241-B10F12-DW-S2,DAHUA WizSense AI (Thermal + Starlight ) Dual Lens Network Bullet Camera · · VOx uncooled thermal sensor technology· Athermalized lens (thermal camera,Uncategorised,13864.42,Units,0,2026-05-18 09:50:36
DHI-NVR2116HS-I,"DAHUA WizSense AI 16CH NVR > New 4.0 user interface> Remote surveillance, live view and video play on mobile phone App> Max. decoding capability: 4×10",NVR,2674.38,Units,0,2026-05-18 09:50:36
DHI-NVR2108HS-I2,"DAHUA WizSense AI 8CH NVR > New 4.0 user interface> Remote surveillance, live view and video play on mobile phone App> Max. decoding capability: 4×108",NVR,2323.26,Units,0,2026-05-18 09:50:36
DHI-NVR2108HS-8P-I2,"DAHUA WizSense AI 8CH NVR●Smart H.265+/H.265/Smart H.264+/H.264/MJPEG decoding format
●Max. decoding capability: 6 × 1080p@30 fps. Supports adaptive d",NVR,3900.14,Units,0,2026-05-18 09:50:36
DH-XVR7108HE-4KL-I,"DAHUA WizSense AI 8CH XVR, new deep-learning algorithm,· H.265+/H.265 dual-stream video compression· Supports HDCVI/AHD/TVI/CVBS/IP video inputs · Sup",NVR,0.0,Units,0,2026-05-18 09:50:36
MC-DF4-DM4-3,DAHUA aviation cable. - M12 (D-Coding) Network Cable 3 meters,Miscellaneous,143.55,Units,0,2026-05-18 09:50:36
MC-DF4-DM4-6,DAHUA aviation cable. - M12 (D-Coding) Network Cable 6 meters,Miscellaneous,282.75,Units,0,2026-05-18 09:50:36
MC-AF4-AM4-12,"DAHUA aviation cable. 4-pin CVI cable: M12 A-Coding, 12 meter extension cable with female aviation connector to male aviation connector, for HDCVI cam",Miscellaneous,282.75,Units,0,2026-05-18 09:50:36
MC-AF4-AM4-6,"DAHUA aviation cable. 4-pin CVI cable: M12 A-Coding, 6 meter extension cable with female aviation connector to male aviation connector, for HDCVI came",Miscellaneous,143.55,Units,0,2026-05-18 09:50:36
DHI-ARA43-W2(868),"DAHUA wireless repeater • Connects up to 32 peripherals
• Automatic and manual pairing modes
• Automatic switch between two antennas to reduce blind a",Switches,1892.25,Units,0,2026-05-18 09:50:36
383610,DALI CONNECT STAND E-600 BLACK Pair,Miscellaneous,4346.96,Units,0,2026-05-18 09:50:36
383611,DALI CONNECT STAND E-600 WHITE,Miscellaneous,4346.96,Units,0,2026-05-18 09:50:36
OBERON 1 WAL,DALI OBERON 1 DARK WALNUT,Speakers,7817.39,Units,0,2026-05-18 09:50:36
OBERON 9 B,DALI OBERON 9 BLACK ASH,Speakers,36520.87,Units,0,2026-05-18 09:50:36
OBERON 9 WAL,DALI OBERON 9 DARK WALNUT,Speakers,36520.87,Units,0,2026-05-18 09:50:36
OPTICON 6 MK2 TO,DALI OPTICON 6 MK2 TOBACCO OAK,Speakers,34781.74,Units,0,2026-05-18 09:50:36
OPTICON LCR MK2 B,DALI OPTICON LCR MK2 BLACK,Speakers,14781.74,Units,0,2026-05-18 09:50:36
OPTICON LCR MK2 WH,DALI OPTICON LCR MK2 WHITE,Speakers,14781.74,Units,0,2026-05-18 09:50:36
SUB E-9 F BS,DALI SUB E-9 F BLACK SATIN 220-240 V,Subwoofers,9991.3,Units,0,2026-05-18 09:50:36
CON-10GEN-00,DB-9 MINI GENDER CHANGER (10-PACK),Miscellaneous,2060.0,Units,0,2026-05-18 09:50:36
CON-1GEN-00,DB-9 MINI GENDER CHANGER SINGLE,Miscellaneous,205.22,Units,0,2026-05-18 09:50:36
DC-F-Q,DC Female quick connector,Miscellaneous,11.59,Units,0,2026-05-18 09:50:36
DC-M-Q,DC Male quick connector,Miscellaneous,11.59,Units,0,2026-05-18 09:50:36
TERM-JACK,DC Terminal to 2.1mm Jack Adapter,Miscellaneous,8.0,Units,0,2026-05-18 09:50:36
DC-1F4M,DC cable with 1 female in + 4 male out,Miscellaneous,43.5,Units,0,2026-05-18 09:50:36
SOLAR-SUN-12K-SG04LP3-EU/AU,DEYE 12KW 3 phase inverter,Miscellaneous,59450.0,Units,0,2026-05-18 09:50:36
SOLAR-SUN-5K-SG01/03LP1,DEYE 5KW Inverter,Miscellaneous,26100.0,Units,0,2026-05-18 09:50:36
SOLAR-SUN-8K-SG01LP1-EU,DEYE 8KW Inverter,Miscellaneous,42775.0,Units,0,2026-05-18 09:50:36
DIN1,DIN rail mount 12V-5A PSU,Miscellaneous,1478.56,Units,0,2026-07-22 10:15:38
DMX-DRIVER1-00,DMX DRIVER WITH INTEGRATED POWER SUPPLY,Miscellaneous,4308.7,Units,0,2026-05-18 09:50:36
,DNU - Berna,Uncategorised,0.0,Units,0,2026-07-08 14:55:37
952020-0-0,DOGLEG PHANTOM SERIE ORANGE,Miscellaneous,1730.43,Units,0,2026-05-18 09:50:36
9155036,DOOR STATION DISPLAY,Intercom and Access Control,0.0,Units,0,2026-05-18 09:50:36
9155031B,DOOR STATION KEYPAD MODULE BLACK,Intercom and Access Control,9156.52,Units,0,2026-05-18 09:50:36
9155031,DOOR STATION KEYPAD MODULE SILVER,Intercom and Access Control,0.0,Units,0,2026-05-18 09:50:36
DRAGONTAILAND,DRAGON TAIL ANDROID,Miscellaneous,695.65,Units,0,2026-05-18 09:50:36
DRAGONTAIL,DRAGON TAIL USB EXTENDER,Miscellaneous,695.65,Units,0,2026-05-18 09:50:36
DRAGONFLYBLKG,DRAGONFLY DAC BLACK 1.5 Global,Miscellaneous,3304.35,Units,0,2026-05-18 09:50:36
DRAGONFLYREDG,DRAGONFLY DAC RED GLOBAL,Miscellaneous,6260.87,Units,0,2026-05-18 09:50:36
DSP8000XE,DSP Active Loudspeaker - per pair,Miscellaneous,2254037.27,Units,0,2026-07-22 10:15:42
DHI-DSSPro8-VDPApp-License,"DSS Agile VDP App license for DSS Professional V8, One license for one additional user, when exceeds 500 users. 
Supported: Call records, monitor, mes",Licenses,426.81,Units,0,2026-05-18 09:50:36
DHI-DSSPro8-ExtDatabase-License,"DSS Extend Database license for DSS Professional V8，One Extend Database for one system.
Support: maximum 30 million for one specified SQL database, ex",Licenses,297882.2,Units,0,2026-05-18 09:50:36
DHI-DSSPro8-MultiSite-License,"DSS Multi-site license for DSS Professional V8, supports to enable PC Clients to access other sites or be accessed by PC Clients of other sites.",Licenses,25532.76,Units,0,2026-05-18 09:50:36
DHI-DSSPro8-Door-Base-License,"DSS Professional V8 access control channel base package includes 16 door licenses and is a prerequisite for access control channel expansion. 
Note: F",Licenses,7655.2,Units,0,2026-05-18 09:50:36
DHI-DSSPro8-Video-Base-License,"DSS Professional V8 video surveillance base package includes 16 video channels and is a prerequisite for video channel expansion.
Supported: live view",Licenses,15170.0,Units,0,2026-05-18 09:50:36
3 Decoder DSTV Installation Bundle,"DSTV Hardware Bundle 100cm Galvanised Dish and Bracket, and all Cabcon required (Excluding Decoders)",DSTV,16992.13,Units,0,2026-07-28 15:06:34
SHA-B6BA-00,DUAL MOTOR MOUNT (BLACK ALUMINUM),Miscellaneous,10772.17,Units,0,2026-05-18 09:50:36
SHA-B6SA-00,DUAL MOTOR MOUNT (SILVER ALUMINUM),Miscellaneous,10772.17,Units,0,2026-05-18 09:50:36
C10501,DacMagic 100  Black Digital to Analogue Converter,Miscellaneous,5216.52,Units,0,2026-05-18 09:50:36
DH-PFM920I-5EUN-100,Dahua 100m UTP CAT5E Cable >100m UTP CAT5E;>Support PoE long-distance transmission;>Excellent OFC with 99.99% OFC(oxygen free copper) purity;>Environm,Miscellaneous,642.35,Units,0,2026-05-18 09:50:36
DH-PFM920I-6UN-C-100,"Dahua 100m UTP CAT6 Cable
100m UTP CAT6; >Support PoE long-distance transmission; >Excellent OFC with 99.97% OFC (oxygen free copper) purity; >Environ",Miscellaneous,1071.55,Units,0,2026-05-18 09:50:36
PFR4K-E120,"Dahua 120m Intrusion Detection Security Radar >  24/7 all-weather high-accuracy detection in
the range of 120m/120°. Support radar-PTZ smart tracking,",Miscellaneous,30620.81,Units,0,2026-05-18 09:50:36
DH-PFM113,"Dahua 128GB Micro SD card.  Class 10, UHS-I(reading speed: 90MB/s, writing speed: 20MB/s) Compatible with the devices which can support micro SDHC, mi",Miscellaneous,0.0,Units,0,2026-05-18 09:50:36
DH-PFS4218-16ET-190,"Dahua 16 Port Layer 2 management PoE switch, a dedicated PoE switch for security industry,. PoE management function realizes power control and real-ti",Switches,4334.05,Units,0,2026-05-18 09:50:36
DH-PFS4226-24ET-360,"Dahua 24 Port Layer 2 Managed PoE Switch. • Supports PoE, PoE+, and Hi-PoE (use with PFT1300 PoE Extender)• 360 W PoE Budget• 250 m (820 Ō ) PoE Trans",Switches,6904.9,Units,0,2026-05-18 09:50:36
DH-PFS4226-24ET-240,"Dahua 24 Port Layer 2 management PoE switch · PoE budget: 240W · Support PoE, PoE+, Hi-PoE · 'Orange port' support Hi-PoE, can be used with the PoE ex",Switches,5753.6,Units,0,2026-05-18 09:50:36
DHI-EVS5124S,"Dahua 24-HDD Enterprise Video Storage 64-bit high-performance multi-core processor.
●Max 320-ch IP camera inputs.
●Max 800 Mbps incoming/recording/for",Uncategorised,83427.2,Units,0,2026-05-18 09:50:36
DHI-EVS7124S,Dahua 24-HDD Enterprise Video Storage>●High performance multi-core processor and large capacity server memory to ensure stable processing of massive d,Hosts/Processors,106445.37,Units,0,2026-05-18 09:50:36
DH-PFS4428-24GT-370,"Dahua 24-Port PoE Gigabit Managed Switch. · Layer 2 network management PoE switch· Support IEEE802.3af, IEEE802.3at standard· Network Redundancy: STP/",Switches,10099.25,Units,0,2026-05-18 09:50:36
DHI-TPC-BF5441-B25F12-BM-S2,"Dahua 25mm Thermal Network Hybrid Bullet Camera> Vanadium oxide uncooled focal plane detector.> 1/1.8"" 4Megapixel progressive scan CMOS.> Heat detecti",Uncategorised,63352.53,Units,0,2026-05-18 09:50:36
PFR4K-D300,"Dahua 300m Intrusion Detection Security Radar > 24/7 all-weather high-accuracy detection in
the range of 300m/90°. Support radar-PTZ smart tracking, c",Miscellaneous,99513.43,Units,0,2026-05-18 09:50:36
DH-PFM920I-5EU-C,Dahua 305m UTP CAT5E Cable >305m UTP CAT5E;>Support PoE long-distance transmission;>Excellent OFC with 99.99% OFC(oxygen free copper) purity;>Environm,Miscellaneous,1877.75,Units,0,2026-05-18 09:50:36
DH-PFM923I-6U-C,"Dahua 305m UTP CAT6 Cable
>305m UTP CAT6; >Support PoE long-distance transmission; >Excellent OFC with 99.97% OFC (oxygen free copper) purity; >Enviro",Miscellaneous,3168.25,Units,0,2026-05-18 09:50:36
DH-PFM111,"Dahua 32GB Micro SD card.  Class 10, UHS-I(reading speed: 90MB/s, writing speed: 20MB/s) Compatible with the devices which can support micro SDHC, mic",Miscellaneous,288.55,Units,0,2026-05-18 09:50:36
DHI-TPC-BF5441-B35F,"Dahua 35mm Thermal Network Hybrid Bullet Camera> Vanadium oxide uncooled focal plane detector.> 1/1.8"" 4Megapixel progressive scan CMOS.> Heat detecti",Uncategorised,72738.09,Units,0,2026-05-18 09:50:36
DH-PFS3006-4ET-60,Dahua 4 Port Layer two PoE switch > Supports PoE power management> Supports wall-mount installation> Supports anti-theft lock hole> MAC auto learning,Switches,833.75,Units,0,2026-05-18 09:50:36
PFR4K-D450,"Dahua 450m Intrusion Detection Security Radar > 24/7 all-weather high-accuracy detection in
the range of 450m/90°. Support radar-PTZ smart tracking, c",Miscellaneous,122476.93,Units,0,2026-05-18 09:50:36
DH-PFR5QI-E60-PV,Dahua 4MP IR 60 m Sound & Light Visual Radar· Radar and video integration. · 60 GHz high frequency radar is not affected by severe weather.  Extremely,Miscellaneous,17363.75,Units,0,2026-05-18 09:50:36
PFR4K-E50,"Dahua 50m Intrusion Detection Security Radar >  24/7 all-weather high-accuracy detection in
the range of 50m/120°. Support radar-PTZ smart tracking, c",Miscellaneous,22965.61,Units,0,2026-05-18 09:50:36
DH-IPC-HFW3549T1P-AS-PV,"Dahua 5MP WizSense AI Full-color Active Deterrence Bullet Network Camera · 5MP, 1/2.7” CMOS image sensor, low illuminance, high image definition· Outp",Uncategorised,4190.5,Units,0,2026-05-18 09:50:36
DH-IPC-HDW3549H-AS-PV-S4,"Dahua 5MP WizSense AI Full-color Active Deterrence Dome Network Camera · 5MP, 1/2.7” CMOS image sensor, low illuminance, 5MP (2592 × 1944) @20 fps, an",Uncategorised,3907.75,Units,0,2026-05-18 09:50:36
DH-PFM112,"Dahua 64GB Micro SD card.  Class 10, UHS-I(reading speed: 90MB/s, writing speed: 20MB/s) Compatible with the devices which can support micro SDHC, mic",Miscellaneous,433.55,Units,0,2026-05-18 09:50:36
DH-PFS3010-8ET-96,Dahua 8 Port Layer two PoE switch > Supports PoE power management > Supports wall-mount installation > Supports anti-theft lock hole > MAC auto learni,Switches,1406.5,Units,0,2026-05-18 09:50:36
DHI-DSS7016DR-S2,"Dahua General Surveillance Management Center > >Support 1000 channels(Support 500 input devices)
Support 200 online users, unlimited user management.",Licenses,158381.33,Units,0,2026-05-18 09:50:36
DHI-DSS4004-S2,"Dahua General Surveillance Management Center > Max support 256 video channels
Support 100 online users, unlimited user management.
Support 350M transf",Licenses,61241.62,Units,0,2026-05-18 09:50:36
DHI-ASi120iE,Dahua Water-proof RFID Standalone,Video Distribution,1625.0,Units,0,2026-07-29 12:11:55
DH-PFS3211-8GT-120,"Dahua·8 Port Layer 2 Hardened Ethernet switch· MAC auto study and aging, MAC address list capacity is 4K · Conform IEEE802.3, IEEE802.3u, IEEE802.3ab/",Switches,3743.9,Units,0,2026-05-18 09:50:36
DAISY2,Dedicated 2 Way IEC Power Cable,Miscellaneous,100.0,Units,0,2026-05-18 09:50:36
DAISY3,Dedicated 3 Way IEC Power Cable,Miscellaneous,145.0,Units,0,2026-05-18 09:50:36
POWU,Dedicated 3 pin to Clover Cable,Miscellaneous,36.0,Units,0,2026-05-18 09:50:36
DN12BK,Definitive DN12 Subwoofer (Black),Subwoofers,20078.26,Units,0,2026-05-18 09:50:36
DELIVER,Deliver,Miscellaneous,1428.57,Units,0,2026-07-22 10:15:46
AHC630WBKEM,Denon AHC630W Earphones (Black),Miscellaneous,1216.52,Units,0,2026-05-18 09:50:36
AHC630WWTEM,Denon AHC630W Earphones (White),Miscellaneous,1216.52,Units,0,2026-05-18 09:50:36
AHC830NCWBKEM,Denon AHC830NCW Earphones (Black),Miscellaneous,2173.04,Units,0,2026-05-18 09:50:36
AHC830NCWWTEM,Denon AHC830NCW Earphones (White),Miscellaneous,2173.04,Units,0,2026-05-18 09:50:36
AHGC30BKEM,Denon AHGC30 Headphone (Black),Miscellaneous,5042.61,Units,0,2026-05-18 09:50:36
AHGC30WTEM,Denon AHGC30 Headphone (White),Miscellaneous,5042.61,Units,0,2026-05-18 09:50:36
AVCA1HBKE2,Denon AVCA1H AV Amplifier (Black),Amplifiers,165208.7,Units,0,2026-05-18 09:50:36
AVCX3800HBKE2,Denon AVCX3800H AV Amplifier (Black),Amplifiers,40252.17,Units,0,2026-05-18 09:50:36
AVCX4800HBKE2,Denon AVCX4800H AV Amplifier (Black),Amplifiers,59556.52,Units,0,2026-05-18 09:50:36
AVCX6800HBKE2,Denon AVCX6800H AV Amplifier (Black),Amplifiers,78252.17,Units,0,2026-05-18 09:50:36
AVCX8500HABKE2,Denon AVCX8500HA AV Amplifier (Black),Amplifiers,95643.48,Units,0,2026-05-18 09:50:36
AVRS670HBKE2,Denon AVRS670H AV Receiver (Black),AV Recieves,10426.09,Units,0,2026-05-18 09:50:36
AVRX1800HBKE2,Denon AVRX1800H AV Receiver (Black),AV Recieves,16513.04,Units,0,2026-05-18 09:50:36
AVRX2800HBKE2,Denon AVRX2800H AV Receiver (Black),AV Recieves,19991.3,Units,0,2026-05-18 09:50:36
AVS3BKEM,Denon AVS3 AV Switcher (Black),Miscellaneous,3469.57,Units,0,2026-05-18 09:50:36
DCD1700NEBKE2,Denon DCD1700NE CD Player (Black),Miscellaneous,32165.22,Units,0,2026-05-18 09:50:36
DCD1700NESPE2,Denon DCD1700NE CD Player (Silver),Miscellaneous,32165.22,Units,0,2026-05-18 09:50:36
DCD600NEBKE2,Denon DCD600NE CD Player (Black),Miscellaneous,7817.39,Units,0,2026-05-18 09:50:36
DCD900NEBKE2,Denon DCD900NE CD Player (Black),Miscellaneous,9556.52,Units,0,2026-05-18 09:50:36
DCD900NESPE2,Denon DCD900NE CD Player (Silver),Miscellaneous,9556.52,Units,0,2026-05-18 09:50:36
DCDA110GSE2,Denon DCDA110 CD Player (Gunmetal),Miscellaneous,86078.26,Units,0,2026-05-18 09:50:36
DHTS216BKE2,Denon DHTS216 Soundbar (Black),Speakers,4078.26,Units,0,2026-05-18 09:50:36
DHTS217BKE2,Denon DHTS217 Soundbar (Black),Speakers,4686.96,Units,0,2026-05-18 09:50:36
DHTS316BKE2,Denon DHTS316 Soundbar (Black),Speakers,4600.0,Units,0,2026-05-18 09:50:36
DHTS416BKE2,Denon DHTS416 Soundbar (Black),Speakers,5556.52,Units,0,2026-05-18 09:50:36
DHTS517BKE2,Denon DHTS517 Soundbar (Black),Speakers,6860.87,Units,0,2026-05-18 09:50:36
DL103EM,Denon DL103EM MC Cartridge,Miscellaneous,7382.61,Units,0,2026-05-18 09:50:36
DL103REM,Denon DL103REM MC Cartridge,Miscellaneous,9991.3,Units,0,2026-05-18 09:50:36
DL110EM,Denon DL110EM MC Cartridge,Miscellaneous,7382.61,Units,0,2026-05-18 09:50:36
DNP2000NEBKE2,Denon DNP2000NE Network Player (Black),Miscellaneous,37382.61,Units,0,2026-05-18 09:50:36
DP3000NEMEM,Denon DP3000NEMEM Turn Table,Miscellaneous,52165.22,Units,0,2026-05-18 09:50:36
DP400BKEM,Denon DP400 Turntable (Black),Miscellaneous,11034.78,Units,0,2026-05-18 09:50:36
DP450USBBKEM,Denon DP450USB Turntable (Black),Miscellaneous,12947.83,Units,0,2026-05-18 09:50:36
DRA900HBKE2,Denon DRA900H Network Receiver (Black),Receivers,17382.61,Units,0,2026-05-18 09:50:36
HEOSAMPHS2SRE2,Denon HEOSAMPHS2 Wireless Amp (Silver),Miscellaneous,13208.7,Units,0,2026-05-18 09:50:36
HEOSDRIVEHS2BKE,Denon HEOSDRIVEHS2 Multiroom Amp,Miscellaneous,55643.48,Units,0,2026-05-18 09:50:36
HEOSLINKHS2SRE2,Denon HEOSLINKHS2 Wireless PreAmp (Silve,Miscellaneous,9382.61,Units,0,2026-05-18 09:50:36
DENONHOME150BKE,Denon Home 150 Wireless Speaker (Black),Speakers,4339.13,Units,0,2026-05-18 09:50:36
DENONHOME150WTE,Denon Home 150 Wireless Speaker (White),Speakers,4339.13,Units,0,2026-05-18 09:50:36
DENONHOME250BKE,Denon Home 250 Wireless Speaker (Black),Speakers,7817.39,Units,0,2026-05-18 09:50:36
DENONHOME250WTE,Denon Home 250 Wireless Speaker (White),Speakers,7817.39,Units,0,2026-05-18 09:50:36
DENONHOME350BKE,Denon Home 350 Wireless Speaker (Black),Speakers,9991.3,Units,0,2026-05-18 09:50:36
DENONHOME350WTE,Denon Home 350 Wireless Speaker (White),Speakers,9991.3,Units,0,2026-05-18 09:50:36
DENONHOMESB550E,Denon Home SB550 Soundbar (Black),Speakers,10860.87,Units,0,2026-05-18 09:50:36
DENONHOMESUBBKE,Denon Home Subwoofer (Black),Subwoofers,8686.96,Units,0,2026-05-18 09:50:36
D-M41BKEpx,Denon M41 Mini HiFi System Kit,Miscellaneous,7991.3,Units,0,2026-05-18 09:50:36
DN10BKpx,Denon N10 Mini System with HEOS (Black),Miscellaneous,10426.09,Units,0,2026-05-18 09:50:36
DN10GYpx,Denon N10 Mini System with HEOS (Grey),Miscellaneous,10426.09,Units,0,2026-05-18 09:50:36
DN10WTpx,Denon N10 Mini System with HEOS (White),Miscellaneous,10426.09,Units,0,2026-05-18 09:50:36
PMA1700NEBKE2,Denon PMA1700NE Amplifier (Black),Amplifiers,43034.78,Units,0,2026-05-18 09:50:36
PMA600NEBKE2,Denon PMA600NE Amplifier (Black),Amplifiers,10947.83,Units,0,2026-05-18 09:50:36
PMA900HNEBKE2,Denon PMA900HNE Amplifier (Black),Amplifiers,19121.74,Units,0,2026-05-18 09:50:36
PMA900HNESPE2,Denon PMA900HNE Amplifier (Silver),Amplifiers,19121.74,Units,0,2026-05-18 09:50:36
AHC10PLBKEM,Denon PerL Earphone (Black),Miscellaneous,3042.61,Units,0,2026-05-18 09:50:36
AHC15PLBKEM,Denon PerL Pro Earphones (Black),Miscellaneous,5216.52,Units,0,2026-05-18 09:50:36
RCDM41BKE2,Denon RCDM41 CD Receiver ( Black),Receivers,5730.43,Units,0,2026-05-18 09:50:36
RCDN10BKE2,Denon RCDN10 CD Receiver (Black),Receivers,8686.96,Units,0,2026-05-18 09:50:36
RCDN10GYE2,Denon RCDN10 CD Receiver (Grey),Receivers,8686.96,Units,0,2026-05-18 09:50:36
RCDN10WTE2,Denon RCDN10 CD Receiver (White),Receivers,8686.96,Units,0,2026-05-18 09:50:36
Code & PDF Link,Description,Miscellaneous,0.0,Units,0,2026-05-18 09:50:36
Diffuse Screen 3930 W x 2375 H Roller 100,Diffuse Screen 3930 W x 2375 H Roller 100,Labour - Installation,19780.2,Units,0,2026-07-24 10:13:15
Diffuse Screen 3945 W x 2375 H Roller 100,Diffuse Screen 3945 W x 2375 H Roller 100,Labour - Installation,19780.2,Units,0,2026-07-24 10:17:54
DAC,Digital to Analogue Converter,Miscellaneous,1295.65,Units,0,2026-05-18 09:50:36
C11228K,Direct Drive Turntable with Bluetooth Aptx HD,Miscellaneous,52173.04,Units,0,2026-05-18 09:50:36
UA-Hub-Door-Mini,Door Hub Mini - Compact Access Control Hub for a single door.,Intercom and Access Control,2925.71,Units,0,2026-07-15 11:01:45
DLC,Door Lock Cable,Uncategorised,550.0,Units,0,2026-07-15 12:07:17
423860360,DoorBird 2Wire Ether PoE Converter A1071,Miscellaneous,8956.52,Units,0,2026-05-18 09:50:36
423872059,DoorBird IP Access Control Device A1121,Miscellaneous,13652.17,Units,0,2026-05-18 09:50:36
423872790,DoorBird IP Access Control Device A1122,Miscellaneous,13652.17,Units,0,2026-05-18 09:50:36
423860346,DoorBird IP I/O Door Controller A1081,Controllers,8956.52,Units,0,2026-05-18 09:50:36
423866744,DoorBird IP Video DoorStation D1101 Surf,Intercom and Access Control,14173.91,Units,0,2026-05-18 09:50:36
423871601,DoorBird IP Video DoorStation D1101KV-S,Intercom and Access Control,28043.48,Units,0,2026-05-18 09:50:36
423872738,DoorBird IPAccess Control Device A1122,Miscellaneous,13043.48,Units,0,2026-05-18 09:50:36
423872141,DoorBird IPVideo Door Station D1101FV,Intercom and Access Control,24260.87,Units,0,2026-05-18 09:50:36
423866768,DoorBird IPVideo Door Station D1102 Surf,Intercom and Access Control,16869.57,Units,0,2026-05-18 09:50:36
423866782,DoorBird IPVideo DoorStation D1101 Flush,Intercom and Access Control,17130.43,Units,0,2026-05-18 09:50:36
423872172,DoorBird IPVideo DoorStation D1101FV Flu,Intercom and Access Control,27130.43,Units,0,2026-05-18 09:50:36
423866805,DoorBird IPVideo DoorStation D1102 Flush,Intercom and Access Control,20260.87,Units,0,2026-05-18 09:50:36
423872295,DoorBird IPVideo DoorStation D1102FV Flu,Intercom and Access Control,29652.17,Units,0,2026-05-18 09:50:36
423871694,DoorBird IPVideo DoorStation D1102KV Fla,Intercom and Access Control,34434.78,Units,0,2026-05-18 09:50:36
423871663,DoorBird IPVideo DoorStation D1102KV Sur,Intercom and Access Control,31043.48,Units,0,2026-05-18 09:50:36
423872264,DoorBird IPVideo DoorStation D1102KVFM,Intercom and Access Control,31739.13,Units,0,2026-05-18 09:50:36
423872677,DoorBird IPVideo Indoor Station A1101 BL,Miscellaneous,12608.7,Units,0,2026-05-18 09:50:36
423860902,DoorBird IPVideo IndoorStation A1101 S/M,Miscellaneous,12608.7,Units,0,2026-05-18 09:50:36
423872684,DoorBird TableStand A8003 IPVideo Indoor,Miscellaneous,2347.83,Units,0,2026-05-18 09:50:36
423872028,Doorbird IPAccess Control Device A1121,Miscellaneous,13043.48,Units,0,2026-05-18 09:50:36
DRAGONFLYCOBG,DragonFly Cobalt  Global,Miscellaneous,8695.65,Units,0,2026-05-18 09:50:36
No 626,Dual-Monaural Preamplifier with Phono Stage and High-Res DAC (2025 Model),Miscellaneous,657391.3,Units,0,2026-07-22 10:15:51
C10935,Duo MC Phono Amplifier,Amplifiers,11303.48,Units,0,2026-05-18 09:50:36
E-80 SG,E-80 Square Grill,Miscellaneous,1129.57,Units,0,2026-05-18 09:50:36
5E1200UI,EATON 5E 1200VA USB IEC GEN2,Miscellaneous,2733.13,Units,0,2026-07-22 10:15:55
WP3-BK0002-00,ECHO AUXILIARY CONTROL BLACK,Miscellaneous,984.35,Units,0,2026-05-18 09:50:36
WP3-LA0002-00,ECHO AUXILIARY CONTROL LIGHT ALMOND,Miscellaneous,984.35,Units,0,2026-05-18 09:50:36
WP3-SW0002-00,ECHO AUXILIARY CONTROL SNOW WHITE,Miscellaneous,984.35,Units,0,2026-05-18 09:50:36
WPB-BKENGV-00,ECHO CONFIGURABLE KEYPAD ENGRAVING (BLACK),Keypads,685.22,Units,0,2026-05-18 09:50:36
WPB-LAENGV-00,ECHO CONFIGURABLE KEYPAD ENGRAVING (LIGHT ALMOND),Keypads,685.22,Units,0,2026-05-18 09:50:36
WPB-SWENGV-00,ECHO CONFIGURABLE KEYPAD ENGRAVING (SNOW WHITE),Keypads,685.22,Units,0,2026-05-18 09:50:36
WPK-LAENGV-00,ECHO DIAL KEYPAD ENGRAVING (LIGHT ALMOND),Keypads,685.22,Units,0,2026-05-18 09:50:36
WPK-SWENGV-00,ECHO DIAL KEYPAD ENGRAVING (SNOW WHITE),Keypads,685.22,Units,0,2026-05-18 09:50:36
WPB-BKLV06-00,ECHO LOW VOLTAGE CONFIGURABLE KEYPAD (BLACK),Keypads,6155.65,Units,0,2026-05-18 09:50:36
WPB-LALV06-00,ECHO LOW VOLTAGE CONFIGURABLE KEYPAD (LIGHT ALMOND),Keypads,6155.65,Units,0,2026-05-18 09:50:36
WPB-SWLV06-00,ECHO LOW VOLTAGE CONFIGURABLE KEYPAD (SNOW WHITE),Keypads,6155.65,Units,0,2026-05-18 09:50:36
WPK-BKLV05-00,ECHO LOW VOLTAGE DIAL KEYPAD (BLACK),Keypads,6155.65,Units,0,2026-05-18 09:50:36
WPK-LALV05-00,ECHO LOW VOLTAGE DIAL KEYPAD (LIGHT ALMOND),Keypads,6155.65,Units,0,2026-05-18 09:50:36
WPK-SWLV05-00,ECHO LOW VOLTAGE DIAL KEYPAD (SNOW WHITE),Keypads,6155.65,Units,0,2026-05-18 09:50:36
WPB-BKLV02-00,ECHO LOW VOLTAGE PADDLE KEYPAD (BLACK),Keypads,4308.7,Units,0,2026-05-18 09:50:36
WPB-LALV02-00,ECHO LOW VOLTAGE PADDLE KEYPAD (LIGHT ALMOND),Keypads,4308.7,Units,0,2026-05-18 09:50:36
WPB-SWLV02-00,ECHO LOW VOLTAGE PADDLE KEYPAD (SNOW WHITE),Keypads,4308.7,Units,0,2026-05-18 09:50:36
WPX-BKLV06-00,ECHO WIRELESS CONFIGURABLE KEYPAD WITH DMX CONTROL (BLACK),Keypads,13430.43,Units,0,2026-05-18 09:50:36
WPX-LALV06-00,ECHO WIRELESS CONFIGURABLE KEYPAD WITH DMX CONTROL (LIGHT ALMOND),Keypads,13430.43,Units,0,2026-05-18 09:50:36
WPX-SWLV06-00,ECHO WIRELESS CONFIGURABLE KEYPAD WITH DMX CONTROL (SNOW WHITE),Keypads,13430.43,Units,0,2026-05-18 09:50:36
EFC6215,EFC 6215 CEILING MOUNT KIT,Miscellaneous,3078.26,Units,0,2026-05-18 09:50:36
EFF8230,EFF 8230 TV Floor Stand,Speakers,5216.52,Units,0,2026-05-18 09:50:36
EFF8330,EFF 8330 TV Floor Stand,Speakers,5216.52,Units,0,2026-05-18 09:50:36
EFW8105,EFW 8105 Fixed TV Wall Mount,Miscellaneous,391.3,Units,0,2026-05-18 09:50:36
EFW8206,EFW 8206 Fixed TV Wall Mount,Miscellaneous,1182.61,Units,0,2026-05-18 09:50:36
EFW8305,EFW 8305 Fixed TV Wall Mount,Miscellaneous,1643.48,Units,0,2026-05-18 09:50:36
YT1,EGA Trunking 16mm x 16mm,Miscellaneous,18.0,Units,0,2026-05-18 09:50:36
YT2,EGA Trunking 25mm x 16mm,Miscellaneous,33.01,Units,0,2026-05-18 09:50:36
YT4,EGA Trunking 40mm x 25mm,Miscellaneous,75.0,Units,0,2026-05-18 09:50:36
YT5,EGA Trunking 40mm x 40mm,Miscellaneous,95.0,Units,0,2026-05-18 09:50:36
EWS850AP,ENGENIUS 11 a/b/g/n/ac/ax Dual Band Concurrent Outdoor Managed AP 2Tx+2Rx: 574+1200Mbps 1 x 10/100/,Miscellaneous,11239.13,Units,0,2026-05-18 09:50:36
EWS330AP,ENGENIUS 11ac Wave 2  5Ghz aand 24Ghs. EWS330AP is a compact Indoor AP that is also incredibly powe,Miscellaneous,3025.22,Units,0,2026-05-18 09:50:36
EWS355AP,ENGENIUS 11ac Wave 2  5Ghz aand 24Ghs. EWS355AP is a compact Indoor AP that is also incredibly powe,Miscellaneous,4427.83,Units,0,2026-05-18 09:50:36
EWS511AP,ENGENIUS 11ac/b/g/n Dual Band Concurrent Indoor Managed AP 2Tx+2Rx: 300+433Mbps 1 x 10/100/1000/250,Miscellaneous,2593.04,Units,0,2026-05-18 09:50:36
EWS860AP,ENGENIUS 2.4GHz/5GHz Dual Band Antenna External 3 x 5 dBi (2.4 GHz) 3 x 7 dBi (5GHz) Speed: 3 x 3 1,Dish,27921.74,Units,0,2026-05-18 09:50:36
EWS7926EFP,ENGENIUS 24 Port. 2 xSFP.10G POE + 410w. 50 x Managed AP.,Miscellaneous,17727.83,Units,0,2026-05-18 09:50:36
EWS7952FP,ENGENIUS 48 Port. 4 SFP. 1000Mbps PoE+ 740w. 104Gps Switching. L2 Managed PoE+ Switch features simp,Switches,30260.0,Units,0,2026-05-18 09:50:36
EWS5912FP,ENGENIUS 8 Port. 2 SFP. 1000Mbps PoE+ 130w. 24Gps Switching. L2 Managed PoE+ Switch features simpli,Switches,7564.35,Units,0,2026-05-18 09:50:36
EWS2910P,ENGENIUS 8 Port. 2 SFP. 1000Mbps PoE+ 61.6w. 802.3af. 20Gps Switching. L2 Managed features simplifi,Switches,4754.78,Units,0,2026-05-18 09:50:36
EWS385AP,ENGENIUS Band 2.4 GHz/5GHz TRI BAND Antenna Type: Internal 2 x 4 dBi  (2.4Ghz): Internal 4 x 5 dBi,Dish,6513.91,Units,0,2026-05-18 09:50:36
EWS357AP,ENGENIUS Band 2.4GHz/5GHz Dual Band Antenna 2 x3 dBi Speed 2 x 2 11ax,Dish,5403.48,Units,0,2026-05-18 09:50:36
ECW260,ENGENIUS Cloud Managed AP 11 a/b/g/n/ac/ax Dual Band Concurrent Outdoor AP 2Tx+2Rx: 574+1200Mbps 1,Miscellaneous,12535.65,Units,0,2026-05-18 09:50:36
ECS5512,ENGENIUS Cloud Managed Switch with 8 x 10G + 4 x SFP+ internal power supply 13inch 1U rack-mountabl,Switches,25937.39,Units,0,2026-05-18 09:50:36
ECS5512FP,ENGENIUS Cloud Managed Switch with 8 x 10G PoE + 4 x SFP+ IEEE802.3bt/at/af 240w PoE power budget i,Switches,32853.91,Units,0,2026-05-18 09:50:36
ECW115,ENGENIUS Cloud Managed Wall-Plate AP 11ac wave2 a/b/g/n 2Tx+2Rx: 400+867Mbps 2 x 10/100/1000Mbps LA,Panels,3414.78,Units,0,2026-05-18 09:50:36
ECW230,ENGENIUS Cloud Management AP 11 ax/ac/b/g/n Dual Band Concurrent Ceiling Mount AP 4Tx+4Rx: 1148+240,Miscellaneous,10158.26,Units,0,2026-05-18 09:50:36
ECW120,ENGENIUS Cloud Management AP 11ac wave2/a/b/g/n Dual Band Concurrent Ceiling Mount AP 1 x 10/100/10,Miscellaneous,3890.43,Units,0,2026-05-18 09:50:36
ECW160,ENGENIUS Cloud Management AP 11ac wave2/a/b/g/n Dual Band Concurrent Outdoor AP 1 x 10/100/1000 Mbp,Miscellaneous,6916.52,Units,0,2026-05-18 09:50:36
ECS1112FP,ENGENIUS Cloud Management Switch with 8 GE PoE + 2 GE + 2 GE SFP IEEE802.3at/af 130w PoE power budg,Switches,7564.35,Units,0,2026-05-18 09:50:36
EWS1025CAM,ENGENIUS Combines ultra-fast mesh Wi-Fi and clear surveillance in a simple space saving design. Eli,Miscellaneous,8446.09,Units,0,2026-05-18 09:50:36
ECS1528FP,ENGENIUS Coud Management Switch with 24 GE + 4 10GE SFP+ IEEE802.3at/af 410w PoE power budget inter,Switches,20317.39,Units,0,2026-05-18 09:50:36
ECS1528,ENGENIUS Coud Management Switch with 24 GE + 4 10GE SFP+ internal power supply 19inch 1U rack-mount,Switches,13184.35,Units,0,2026-05-18 09:50:36
ECS1552FP,ENGENIUS Coud Management Switch with 48 GE + 4 10GE SFP+ IEEE802.3at/af 740w PoE power budget inter,Switches,32421.74,Units,0,2026-05-18 09:50:36
Sky Key 1,ENGENIUS Management Platform with 1G LAN (PoE 802.3af/at) + 1G LAN DC 12V Input,Miscellaneous,3335.65,Units,0,2026-05-18 09:50:36
EWS7928P,ENGENIUS Ports: 24 Gigabit SFP Slots: 4 x 100/1000Mbps PoE Budget: 185w  Managed APs: 50,Miscellaneous,13833.04,Units,0,2026-05-18 09:50:36
SFP-GLC-LH-SM,ENGENIUS SFP Module - gigabit - Single Mode Fiber 10k Multimode Fiber 550m,Miscellaneous,731.3,Units,0,2026-05-18 09:50:36
EWS550AP,ENGENIUS Wall Mounted Advanced 11ac Wave 2 In room wofo operating on both 5 Ghz and 24 Ghz with 3 o,Miscellaneous,3890.43,Units,0,2026-05-18 09:50:36
ECS1008P,ENGENIUS Wireless Management Switch with 8 GE PoE IEEE802.3af PoE Budget 55w External Power Adapter,Switches,5403.48,Units,0,2026-05-18 09:50:36
STR601P,EOC (Ethernet over coax) coverter - Enable coaxial cable or power cable & etc to do transmission of the network signal up to 100 meters.  suitable for,Miscellaneous,578.55,Units,0,2026-05-18 09:50:36
STR601C,EOC (Ethernet over coax) coverter - Enable coaxial cable or power cable & etc to do transmission of the network signal up to 1200 meters.  suitable fo,Miscellaneous,2608.55,Units,0,2026-05-18 09:50:36
EPC6545,EPC 6545 Projector Ceiling Mount,Miscellaneous,3477.39,Units,0,2026-05-18 09:50:36
EPICON 2 RM,EPICON 2 RUBY MACAS BOOKSHELF SPEAKER,Speakers,83469.57,Units,0,2026-05-18 09:50:36
EPICON 2 WAL,EPICON 2 WALNUT BOOKSHELF SPEAKER,Speakers,83469.57,Units,0,2026-05-18 09:50:36
EPICON 6 RM,EPICON 6 RUBY MACAS FLOOR STANDING SPEAKER,Speakers,156513.04,Units,0,2026-05-18 09:50:36
EPICON 6 W,EPICON 6 WHITE FLOOR STANDING SPEAKER,Speakers,156513.04,Units,0,2026-05-18 09:50:36
EPICON 8 RM,EPICON 8 RUBY MACAS FLOOR STANDING SPEAKER,Speakers,260860.87,Units,0,2026-05-18 09:50:36
EPICON 8 WAL,EPICON 8 WALNUT FLOOR STANDING SPEAKER,Speakers,260860.87,Units,0,2026-05-18 09:50:36
EPICON 8 W,EPICON 8 WHITE FLOOR STANDING SPEAKER,Speakers,260860.87,Units,0,2026-05-18 09:50:36
EPICON STAND,EPICON STAND SPEAKER STAND,Miscellaneous,16513.04,Units,0,2026-05-18 09:50:36
EPICON VOK RM,EPICON VOKAL RUBY MACAS CENTER SPEAKER,Speakers,74781.74,Units,0,2026-05-18 09:50:36
EPICON VOK WAL,EPICON VOKAL WALNUT CENTER SPEAKER,Speakers,74773.91,Units,0,2026-05-18 09:50:36
EPICON VOK W,EPICON VOKAL WHITE CENTER SPEAKER,Speakers,74773.91,Units,0,2026-05-18 09:50:36
EPW6565,EPW 6565 Projector Wall Mount,Miscellaneous,4346.96,Units,0,2026-05-18 09:50:36
C5181,ES20 Incognito 5.25' Outdoor Speaker White,Speakers,7825.22,Units,0,2026-05-18 09:50:36
C6181,ES30 Incognito 6' Outdoor Speaker White,Speakers,10433.91,Units,0,2026-05-18 09:50:36
ESN-AVB12E-01,EXTREME NETWORKS 12 PORT AVB SWITCH,Switches,53416.52,Units,0,2026-05-18 09:50:36
ESN-AVB24E-01,EXTREME NETWORKS 24 PORT AVB SWITCH,Switches,71222.61,Units,0,2026-05-18 09:50:36
ESN-AVB24POE-01,EXTREME NETWORKS 24 PORT AVB SWITCH WITH POE,Switches,97930.43,Units,0,2026-05-18 09:50:36
EZI-PSU-12V-5A,EZI-PSU-12V-5A meanwell,Uncategorised,1724.98,Units,0,2026-07-17 10:25:56
DS-2CD2041G0-LIU 2.8MM,Eco 4MP hybrid-light bullet  2.8mm lens  up to 30m IR  microphone12VDC/POE,Miscellaneous,1561.0,Units,0,2026-07-22 10:15:59
DS-7108NI-Q1_C,Eco 8ch NVR  1 SATA  up to  4MP recording,Miscellaneous,1397.2,Units,0,2026-07-22 10:16:03
BRA-EC0,Economy Mast Bracket 38mm,Miscellaneous,75.0,Units,0,2026-05-18 09:50:36
C10925,Edge A Integrated Amplifier Dark Grey,Amplifiers,147825.22,Units,0,2026-05-18 09:50:36
C11214,Edge M Power Amplifier Luna Grey,Amplifiers,104346.96,Units,0,2026-05-18 09:50:36
C10927,Edge NQ Network Player Dark Grey,Miscellaneous,130433.91,Units,0,2026-05-18 09:50:36
C10926,Edge W Power Amplifier Dark Grey,Amplifiers,104346.96,Units,0,2026-05-18 09:50:36
EWS330AP-KIT,EnGenius 2x2 AV Wave 2 kit with 3 AP,Miscellaneous,7997.39,Units,0,2026-05-18 09:50:36
EWS377AP,EnGenius Band 2.4GHz/5GHz Dual Band Antenna 4 x3 dBi Speed 4 X 4 11ax,Dish,7780.87,Units,0,2026-05-18 09:50:36
SFP-GLC-SX-MM,EnGenius SFP Module - gigabit - Single Mode Fiber,Miscellaneous,731.3,Units,0,2026-05-18 09:50:36
EWS1200-28TFP,Engenius 24 Port Gigabit POE Managed switch,Switches,15778.26,Units,0,2026-05-18 09:50:36
LR1002,"EoC Passive Converter > Supports IEEE802.3, IEEE802.3u standards > Port: 1*RJ45 10/100Mbps, 1*BNC > Supports RG59 coaxial cable: 400m/100Mbps, 1000m/1",Miscellaneous,230.55,Units,0,2026-05-18 09:50:36
ESCORE16IC,Episode CORE16IC In-Ceiling Speaker,Speakers,3043.48,Units,0,2026-05-18 09:50:36
ESCORE16IW,Episode CORE16IW In-Wall Speaker,Speakers,4782.61,Units,0,2026-05-18 09:50:36
ESCORE18IC,Episode CORE18IC In-Ceiling Speaker,Speakers,4347.83,Units,0,2026-05-18 09:50:36
ESCORE38AWIC,Episode CORE38AWIC In-Ceiling Speaker,Speakers,7739.13,Units,0,2026-05-18 09:50:36
ESCORE38AWICDVC,Episode CORE38AWICDVC In-ceiling Speaker,Speakers,6782.61,Units,0,2026-05-18 09:50:36
ESCORE38IC,Episode CORE38IC In-Ceiling Speaker,Speakers,6347.83,Units,0,2026-05-18 09:50:36
ESCORE38ICDVCS,Episode CORE38ICDVCS In-ceiling Speaker,Speakers,5826.09,Units,0,2026-05-18 09:50:36
IRF-COVER,Episode IR Flasher Cover 10pck,Speakers,304.35,Units,0,2026-05-18 09:50:36
IRF1,Episode IRF1 12v IR Emitter,Miscellaneous,304.35,Units,0,2026-05-18 09:50:36
EA-300-LYNK,Episode Lynk-300 Audio Casting Interface,Miscellaneous,7295.65,Units,0,2026-05-18 09:50:36
EA-RSP-12D-100,Episode RSP12D100 12C Audio Matrix,Miscellaneous,56260.87,Units,0,2026-05-18 09:50:36
EA-RSP-16D-100,Episode RSP16D100 16C Audio Matrix,Miscellaneous,66434.78,Units,0,2026-05-18 09:50:36
EA-RSP-2D-200,Episode RSP2D200 2C Amplifier,Amplifiers,23913.04,Units,0,2026-05-18 09:50:36
EA-RSP-8D-100,Episode RSP8D100 8C Audio Matrix,Miscellaneous,46956.52,Units,0,2026-05-18 09:50:36
SIG76IWLCR,Episode SIG76IWLCR In-wall Speaker,Speakers,9565.22,Units,0,2026-05-18 09:50:36
SIG76POINT,Episode SIG76POINT In-ceiling Speaker,Speakers,11652.17,Units,0,2026-05-18 09:50:36
SIG-78-IC,Episode SIG78IC In-ceiling Speaker,Speakers,10260.87,Units,0,2026-05-18 09:50:36
SIG-78-IW,Episode SIG78IW In-wall Speaker,Speakers,10260.87,Units,0,2026-05-18 09:50:36
E10MTWW1BLK,Era 100 Mount WW (Black),Miscellaneous,1477.39,Units,0,2026-05-18 09:50:36
E10MTWW1,Era 100 Mount WW (White),Miscellaneous,1477.39,Units,0,2026-05-18 09:50:36
E10FSWW1BLK,Era 100 Stand WW (Black),Miscellaneous,3042.61,Units,0,2026-05-18 09:50:36
E10FSWW1,Era 100 Stand WW (White),Miscellaneous,3042.61,Units,0,2026-05-18 09:50:36
E30MTWW1BLK,Era 300 Mount WW (Black),Miscellaneous,1738.26,Units,0,2026-05-18 09:50:36
E30MTWW1,Era 300 Mount WW (White),Miscellaneous,1738.26,Units,0,2026-05-18 09:50:36
E30FSWW1BLK,Era 300 Stand WW (Black),Miscellaneous,3303.48,Units,0,2026-05-18 09:50:36
E30FSWW1,Era 300 Stand WW (White),Miscellaneous,3303.48,Units,0,2026-05-18 09:50:36
EUR,Euromate Plugtops,Miscellaneous,12.5,Units,0,2026-05-18 09:50:36
C11222,Evo 75 75 Watt All-In-One Player Black,Miscellaneous,60868.7,Units,0,2026-05-18 09:50:36
LENS-CSM,F1.4 CS mount Lens for Megapixel camera,Miscellaneous,129.05,Units,0,2026-05-18 09:50:36
FAU3125,FAU 3125 AUTOLOCK DISPLAY INTERFACE VESA MIS D-E + 20X20CM,Miscellaneous,1513.04,Units,0,2026-05-18 09:50:36
FAU3150,FAU 3150 AUTOLOCK DISPLAY INTERFACE VESA MIS-F,Miscellaneous,2904.35,Units,0,2026-05-18 09:50:36
FAU-D,FAU-D INTERFACE VESA MIS-D FOR PFC 915-918 PFA 9030,Miscellaneous,495.65,Units,0,2026-05-18 09:50:36
FAU-E,FAU-E Interface,Miscellaneous,513.04,Units,0,2026-05-18 09:50:36
FAZON LCR ST,FAZON LCR STAND DESKTOP SPEAKER STAND,Speakers,3643.48,Units,0,2026-05-18 09:50:36
FAZON M/W,FAZON MIKRO WHITE PR SATELLITE SPEAKER,Speakers,6773.91,Units,0,2026-05-18 09:50:36
FAZON LCR W,FAZON WHITE LEFT CENTER RIGHT,Miscellaneous,8686.96,Units,0,2026-05-18 09:50:36
FTK-F2000-01,FIBER TERMINATION KIT,Miscellaneous,34197.39,Units,0,2026-05-18 09:50:36
CON-FSFP10-00,FIBER TRANSCEIVER MODULE (10 PACK),Miscellaneous,22188.7,Units,0,2026-05-18 09:50:36
CON-FSFP1-00,FIBER TRANSCEIVER MODULE (SINGLE),Miscellaneous,2376.52,Units,0,2026-05-18 09:50:36
TVM 3205,FIXED MOUNT SMALL,Miscellaneous,868.7,Units,0,2026-05-18 09:50:36
EN61,FLDX 1.7‑ 2.5: 1 (EN61),Miscellaneous,81739.13,Units,0,2026-07-22 10:16:08
SHA-B4MANUALBA-00,FLOATING/OUTSIDE MOUNT(MANUAL): DRIVE SIDE (BLACK ALUMINUM),Miscellaneous,10700.87,Units,0,2026-05-18 09:50:36
SHA-B4MANUALSA-00,FLOATING/OUTSIDE MOUNT(MANUAL): DRIVE SIDE (SILVER ALUMINUM),Miscellaneous,10700.87,Units,0,2026-05-18 09:50:36
SHA-B4BA-00,FLOATING/OUTSIDE MOUNT: DRIVE SIDE (BLACK ALUMINUM),Miscellaneous,5073.91,Units,0,2026-05-18 09:50:36
SHA-B4BK-00,FLOATING/OUTSIDE MOUNT: DRIVE SIDE (BLACK),Miscellaneous,3382.61,Units,0,2026-05-18 09:50:36
SHA-B4SA-00,FLOATING/OUTSIDE MOUNT: DRIVE SIDE (SILVER ALUMINUM),Miscellaneous,4406.09,Units,0,2026-05-18 09:50:36
SHA-B4WH-00,FLOATING/OUTSIDE MOUNT: DRIVE SIDE (WHITE),Miscellaneous,2937.39,Units,0,2026-05-18 09:50:36
SHA-B3BA-00,FLOATING/OUTSIDE MOUNT: IDLER SIDE (BLACK ALUMINUM),Miscellaneous,5073.91,Units,0,2026-05-18 09:50:36
SHA-B3BK-00,FLOATING/OUTSIDE MOUNT: IDLER SIDE (BLACK),Miscellaneous,3382.61,Units,0,2026-05-18 09:50:36
SHA-B3SA-00,FLOATING/OUTSIDE MOUNT: IDLER SIDE (SILVER ALUMINUM),Miscellaneous,5073.91,Units,0,2026-05-18 09:50:36
SHA-B3WH-00,FLOATING/OUTSIDE MOUNT: IDLER SIDE (WHITE),Miscellaneous,2937.39,Units,0,2026-05-18 09:50:36
EPICON WAL,FLOOR STANDING SPEAKER,Speakers,74773.91,Units,0,2026-05-18 09:50:36
EPICON 6 WAL,FLOOR STANDING SPEAKER,Speakers,156513.04,Units,0,2026-05-18 09:50:36
9155015,FLUSH MOUNT BACKBOX FOR KEYPAD DOOR STATION,Intercom and Access Control,0.0,Units,0,2026-05-18 09:50:36
9155017,FLUSH MOUNT BOX FOR SINGLE HEIGHT DOOR STATION,Intercom and Access Control,0.0,Units,0,2026-05-18 09:50:36
DOR-FM0B-00,FLUSH MOUNT DOOR STATION BLACK,Intercom and Access Control,36628.7,Units,0,2026-05-18 09:50:36
DOR-FM0S-00,FLUSH MOUNT DOOR STATION SILVER,Intercom and Access Control,36628.7,Units,0,2026-05-18 09:50:36
DOR-FMB-00,FLUSH MOUNT SINGLE HEIGHT DOOR STATION BLACK,Intercom and Access Control,35611.3,Units,0,2026-05-18 09:50:36
DOR-FMS-00,FLUSH MOUNT SINGLE HEIGHT DOOR STATION SILVER,Intercom and Access Control,35611.3,Units,0,2026-05-18 09:50:36
V760149-00,FRONT GRILLE SUB E-9 F BLACK,Miscellaneous,773.91,Units,0,2026-05-18 09:50:36
TVM 3425,FULL MOTION MOUNT MEDIUM,Miscellaneous,3651.3,Units,0,2026-05-18 09:50:36
TVM 3225,FULL MOTION MOUNT SMALL,Miscellaneous,2520.87,Units,0,2026-05-18 09:50:36
TVM 3445,FULL MOTION+ MOUNT MED.,Miscellaneous,4694.78,Units,0,2026-05-18 09:50:36
TVM 3245,FULL MOTION+ MOUNT SMALL,Miscellaneous,3042.61,Units,0,2026-05-18 09:50:36
TVM 3625,FULL-MOTION MOUNT LARGE,Miscellaneous,4781.74,Units,0,2026-05-18 09:50:36
FAN-X4U,Fanvil 12SIP Gigabit Colour Screen PoE VoIP Phone | X4U,Miscellaneous,1585.0,Units,0,2026-05-18 09:50:36
FAN-X5U,Fanvil 16SIP Gigabit Bluetooth PoE VoIP Phone | X5U,Miscellaneous,1995.0,Units,0,2026-05-18 09:50:36
FAN-X7C,Fanvil 20SIP Gigabit Bluetooth PoE Video VoIP Phone | X7C,Miscellaneous,2850.0,Units,0,2026-05-18 09:50:36
FAN-X301P,Fanvil 2SIP Entry Level PoE VoIP Phone | X301P,Miscellaneous,750.0,Units,0,2026-05-18 09:50:36
FAN-X301,Fanvil 2SIP Entry Level VoIP Phone with PSU | X301,Miscellaneous,750.0,Units,0,2026-05-18 09:50:36
FAN-X301G,Fanvil 2SIP Gigabit Entry Level PoE VoIP Phone | X301G,Miscellaneous,825.0,Units,0,2026-05-18 09:50:36
FAN-X303P,Fanvil 4SIP Colour Screen PoE VoIP Phone | X303P,Miscellaneous,925.0,Units,0,2026-05-18 09:50:36
FAN-X303W,Fanvil 4SIP Colour Screen PoE WiFi VoIP Phone | X303W,Miscellaneous,1225.0,Units,0,2026-05-18 09:50:36
FAN-X303,Fanvil 4SIP Colour Screen VoIP Phone with PSU | X303,Miscellaneous,925.0,Units,0,2026-05-18 09:50:36
FAN-X303G,Fanvil 4SIP Gigabit Colour Screen PoE VoIP Phone | X303G,Miscellaneous,1145.0,Units,0,2026-05-18 09:50:36
FAN-W610W,Fanvil 4SIP Portable Dual Band WiFi VoIP Phone | W610W,Miscellaneous,2395.0,Units,0,2026-05-18 09:50:36
FAN-HT301,Fanvil Monaural RJ9 Headset with Microphone | HT301,Miscellaneous,450.0,Units,0,2026-05-18 09:50:36
FAN-WB108,Fanvil Wall Mount Accessory for Select Fanvil VoIP Phones | WB108,Miscellaneous,75.0,Units,0,2026-05-18 09:50:36
DC-CAB-F,Female DC connector with cable,Miscellaneous,5.79,Units,0,2026-05-18 09:50:36
ZA-FOC4.0-15M,Fiber Optical Cable OD 4.0-15 MTR,Miscellaneous,0.0,Units,0,2026-07-22 10:16:12
FIBREMAX100M,Fibre Optic MAX HDMI 100m,Miscellaneous,16086.96,Units,0,2026-05-18 09:50:36
FIBREMAX50M,Fibre Optic MAX HDMI 50m,Miscellaneous,12000.0,Units,0,2026-05-18 09:50:36
FIBREMAX75M,Fibre Optic MAX HDMI 75m,Miscellaneous,13913.04,Units,0,2026-05-18 09:50:36
FT-WIPE,Fibre Optic Wipes Low Lint Tissues,Miscellaneous,95.0,Units,0,2026-05-18 09:50:36
First Floor Dimensions 4000x2400 Diffuse,First Floor Dimensions 4000x2400 Diffuse,Uncategorised,18147.8,Units,0,2026-07-24 08:57:19
PFW910,Fixed Wall Bracket for FAU3125/3150,Miscellaneous,608.7,Units,0,2026-05-18 09:50:36
LENS-CS,Fixed lens CS mount,Miscellaneous,56.55,Units,0,2026-05-18 09:50:36
BRA-FM,Flush Mount Bracket Heavy Duty,Miscellaneous,550.0,Units,0,2026-05-18 09:50:36
Netman 208,For remote monitoring of the UPS via the computer network,Racks,3350.0,Units,0,2026-07-28 15:23:24
UVC-G6B,"G6 Bullet - All-weather 4K PoE camera with a 1/1.8"" 8MP image sensor, Multi-TOPS AI Engine, and long-range IR night vision.",Miscellaneous,5432.44,Units,0,2026-07-21 16:07:05
UVC-G6B-B,"G6 Bullet - All-weather 4K PoE camera with a 1/1.8"" 8MP image sensor, Multi-TOPS AI Engine, and long-range IR night vision.",Miscellaneous,5471.43,Units,0,2026-07-22 10:16:32
UVC-G6-Entry,G6 Entry - An intelligent door entry system with native UniFi Protect and UniFi Access integration.,Intercom and Access Control,7155.71,Units,0,2026-07-15 11:03:51
UVC-G6-Turret,"G6 Turret-All-weather, tamper-resistant 4K PoE camera with a 1/1.8"" 8MP image sensor, Multi-TOPS AI Engine, and 3-axis manual adjustment for flexible",Uncategorised,5106.67,Units,0,2026-07-15 11:05:47
UVC-G6T-B,"G6 Turret-All-weather, tamper-resistant 4K PoE camera with a 1/1.8"" 8MP image sensor, Multi-TOPS AI Engine, and 3-axis manual adjustment for flexible",Miscellaneous,5471.43,Units,0,2026-07-22 10:16:34
SHA-MGEIG200-00,GEIGER WIRED MOTOR WITH WIRED CONTROLS,Motors,14410.43,Units,0,2026-05-18 09:50:36
TPE115GI,GIGABIT POE+ INJECTOR,Miscellaneous,5278.26,Units,0,2026-05-18 09:50:36
GPS-AT4,GPS Personal tracker with magnet EXTENDED BATTERY,Miscellaneous,0.0,Units,0,2026-05-18 09:50:36
GPS-TRK2,GPS vehicle tracker with panic bottom /immobilizer relay/mic,Miscellaneous,0.0,Units,0,2026-05-18 09:50:36
SKIN-ORBIT-GREY,GREY SILICON SKIN FOR THE ORBIT CAMERA,Miscellaneous,741.74,Units,0,2026-05-18 09:50:36
RCC640-MK2-PCG-00,GRILLE FOR DUAL 320 SUBS (PRE CONSTRUCTION),Miscellaneous,5143.48,Units,0,2026-05-18 09:50:36
TUBE-1M,Galvanised 50mm Pole / Mast 1M,Miscellaneous,165.0,Units,0,2026-05-18 09:50:36
TUBE-2M,Galvanised 50mm Pole / Mast 2M,Miscellaneous,350.0,Units,0,2026-05-18 09:50:36
TUBE-3M,Galvanised 50mm Pole / Mast 3M,Miscellaneous,515.0,Units,0,2026-05-18 09:50:36
TUBE-6M,Galvanised 50mm Pole / Mast 6M,Miscellaneous,1050.0,Units,0,2026-05-18 09:50:36
Pole 100 x50 3M,Galvanised Pole,Miscellaneous,1922.86,Units,0,2026-07-22 10:16:38
AGA-03TXRM-OE,Garage Opening Kit,Miscellaneous,338.57,Units,0,2026-07-22 10:16:42
UA-Hub-Gate,Gate Hub - An advanced Gate Hub enabling seamless gate access control via connected Access readers or Intercom.,Intercom and Access Control,7578.57,Units,0,2026-07-15 11:06:28
GLU-GUN,Glue Gun,Miscellaneous,245.0,Units,0,2026-05-18 09:50:36
GLU-STI,Glue Sticks,Miscellaneous,7.5,Units,0,2026-05-18 09:50:36
IC50-4,Gooseneck - No Base Plate Stainless Steel,Miscellaneous,1324.29,Units,0,2026-07-22 10:16:46
Ground Floor Dimensions 3000x3705 Diffuse,Ground Floor Dimensions 3000x3705 Diffuse,Labour - Installation,17921.45,Units,0,2026-07-24 08:53:53
BRA-GM,Ground Mount Bracket 1000x50mm,Miscellaneous,295.0,Units,0,2026-05-18 09:50:36
LAB-HAUT,HD Anyware IR Remittance,Miscellaneous,248.46,Units,0,2026-07-22 10:16:50
HDASRX,HDA SRX Scaling Receiver,Receivers,6521.74,Units,0,2026-05-18 09:50:36
XTNDA300,HDANYWHERE  XTND 300m Audio Extender,Miscellaneous,5216.52,Units,0,2026-05-18 09:50:36
FIBRE-OPTICMAX8K20M,HDANYWHERE 20m 8K Ultra High Speed Fibre-Optic Max (48G),Miscellaneous,6520.87,Units,0,2026-05-18 09:50:36
HCX-4KHDR100-00,HDBASET EXTENDERS WITH 4K HDR UP TO 100M,Miscellaneous,26589.57,Units,0,2026-05-18 09:50:36
HCX-4KHDR40-00,HDBASET EXTENDERS WITH 4K HDR UP TO 40M,Miscellaneous,15736.52,Units,0,2026-05-18 09:50:36
HDCP2.2CON,HDCP Converter 2.2>1.4,Miscellaneous,1304.35,Units,0,2026-05-18 09:50:36
BNC-GLI,"HDCVI / AHD / HDTV TURBO HD /  CVBS Ground loop isolator - Clear ground loop interference on video and auido, for CAT-5 cable or coax cable etc.",Miscellaneous,187.05,Units,0,2026-05-18 09:50:36
BALUN-HD,"HDCVI / AHD / HDTVI TURBO HD / CVBS Balun connector set - 1 Pair (2pcs) Passive Video Transceiver over CAT5 for HDCVI, AHD, HDTVI Turbo HD, CVBS  high",Miscellaneous,85.55,Units,0,2026-05-18 09:50:36
CAB-HDMI-1.8M,HDMI 1.8M CABLE,Miscellaneous,56.55,Units,0,2026-05-18 09:50:36
CAB-HDMI-10M,HDMI 10M CABLE,Miscellaneous,0.0,Units,0,2026-05-18 09:50:36
CAB-HDMI-15M,HDMI 15M CABLE,Miscellaneous,477.05,Units,0,2026-05-18 09:50:36
SPK615/8805/N,HDMI 2.1 Upgrade Kit for AV8805,Miscellaneous,16686.96,Units,0,2026-05-18 09:50:36
CAB-HDMI-20M,HDMI 20M CABLE,Miscellaneous,651.05,Units,0,2026-05-18 09:50:36
CAB-HDMI-5M,HDMI 5M CABLE,Miscellaneous,129.05,Units,0,2026-05-18 09:50:36
OPADPWW1BLK,HDMI ARC to Optical Adaptor,Miscellaneous,1477.39,Units,0,2026-05-18 09:50:36
SIGNALMANAGER,HDMI Signal and Audio Manager,Miscellaneous,6955.65,Units,0,2026-05-18 09:50:36
HDCPDONGLE,HDanywhere HDCP Dongle,Miscellaneous,1304.35,Units,0,2026-05-18 09:50:36
DOR-HDFLBRICK-00,HEAVY DUTY GATE STATION FLUSH MOUNT KIT FOR BRICK INSTALLATION,Miscellaneous,4312.17,Units,0,2026-05-18 09:50:36
DOR-HDFLPLAST-00,HEAVY DUTY GATE STATION FLUSH MOUNT KIT FOR PLASTER INSTALLATION,Miscellaneous,3487.83,Units,0,2026-05-18 09:50:36
DOR-HDSMKB-00,HEAVY DUTY SURFACE MOUNT GATE STATION WITH KEYPAD - BLACK,Keypads,44767.83,Units,0,2026-05-18 09:50:36
CBL-HDMI2M1-00,HIGH SPEED CATEGORY HDMI 2.0 CABLE (1 METER),Miscellaneous,229.57,Units,0,2026-05-18 09:50:36
CBL-HDMI2M2-00,HIGH SPEED CATEGORY HDMI 2.0 CABLE (2 METER),Miscellaneous,306.09,Units,0,2026-05-18 09:50:36
CBL-HDMI2M3-00,HIGH SPEED CATEGORY HDMI 2.0 CABLE (3 METER),Miscellaneous,382.61,Units,0,2026-05-18 09:50:36
CBL-HDMI2IN12F-00,HIGH SPEED HDMI 2.0 FLAT CABLE (12 INCHES),Miscellaneous,957.39,Units,0,2026-05-18 09:50:36
CBL-HDMI2IN6F-00,HIGH SPEED HDMI 2.0 FLAT CABLE (6 INCHES),Miscellaneous,765.22,Units,0,2026-05-18 09:50:36
NET-HOOK-12X200-BLK,HOOK7LOOP WRAP STRAP 12X200MM,Miscellaneous,427.14,Units,0,2026-07-22 10:16:55
YT7,Half Moon Trunking 70mm x 10mm,Miscellaneous,250.0,Units,0,2026-05-18 09:50:36
A23+S,Halo A23+ Power Amplifier Silver,Amplifiers,51295.65,Units,0,2026-05-18 09:50:36
PA-1727H,Heavy Duty Roller Shutter Mag,Uncategorised,399.0,Units,0,2026-07-15 11:09:27
Heimdall+,"Heimdall+ is everything you ever wanted in a home cinema projector... A stunning native 4K picture with full REC2020 color gamut. RGB laser with 6,000",Miscellaneous,1326956.53,Units,0,2026-07-22 10:16:59
DS-2CD2626G2-IZS (2.8-12)_C,"High quality imaging with 2MP resolution, Excellent low-light performance with powere-by-DarkFighter technology, Clear imaging against strong back lig",Miscellaneous,5402.09,Units,0,2026-07-22 10:17:03
HS-TF-L2/256G/P,Hikvision 256GB surveillance SD card,Miscellaneous,759.4,Units,0,2026-07-22 10:17:07
DS-K4H258S,Hikvision 280KG maglock with LED  12/24VDC,Miscellaneous,544.5,Units,0,2026-07-22 10:17:08
DS-2CD3T46G2H-LISU/SL 4MM,"Hikvision AcuSense 4MP bullet, 4mm lens , 60m IR, 120dB WDR, strobe & siren, 12VDC/POE",Miscellaneous,4584.59,Units,0,2026-07-22 10:17:12
DS-QAZ1307G1T,Hikvision Network Horn,Miscellaneous,6601.43,Units,0,2026-07-22 10:17:17
DS-2CD2T47G2H-LI 2.8MM,Hybrid ColorVu 4MP bullet 2.8mm lens 60m hybrid IR/white light 130dB WDR 12VDC/POE,CCTV,4764.08,Units,0,2026-07-24 12:39:28
IC206FG,IC 206 Flat Grill,Miscellaneous,4078.26,Units,0,2026-05-18 09:50:36
IC208FG,IC 208 Flat Grill,Miscellaneous,4339.13,Units,0,2026-05-18 09:50:36
IC404SLM,IC 404 Slim In-ceiling speaker,Speakers,7208.7,Units,0,2026-05-18 09:50:36
IC604SLM,IC 604 Slim In-ceiling speaker,Speakers,8686.96,Units,0,2026-05-18 09:50:36
IC206LCRFG,IC206LCR Flat Grill,Miscellaneous,3469.57,Units,0,2026-05-18 09:50:36
IC408LCRFGII,IC408LCR Flat Grill v2,Miscellaneous,5208.7,Units,0,2026-05-18 09:50:36
IC606FGII,IC606 v2 (Flat Grill),Miscellaneous,7556.52,Units,0,2026-05-18 09:50:36
IC608LCRFGII,IC608LCR Flat Grill v2,Miscellaneous,6339.13,Units,0,2026-05-18 09:50:36
IC610LCRFGII,IC610LCRFGII In-ceiling LCR,Speakers,11295.65,Units,0,2026-05-18 09:50:36
IC95CAN,IC95 Back can Pair,Miscellaneous,4520.87,Units,0,2026-05-18 09:50:36
IC95,IC95 Pair Miller&Kreisel,Miscellaneous,13042.61,Units,0,2026-05-18 09:50:36
HD10TBSATA,ICREALTIME 10TB Surveillance Grade Recorder Hard Drive,Miscellaneous,22804.35,Units,0,2026-05-18 09:50:36
NVR-EL128-4U12MP1,ICREALTIME 128 CH. EMBEDDED 4K NVR NO HDD ENHANCED H.265 SUPPORTS UP TO 12MP (No HDD Included).  (M,Miscellaneous,323665.22,Units,0,2026-05-18 09:50:36
ICIP-D8123-IR,ICREALTIME 12MP 4K IP Indoor/Outdoor Full Size Vandal Dome. Varifocal 4.1-16.4 Motorized Lens (105°,Uncategorised,27560.87,Units,0,2026-05-18 09:50:36
IPEL-B12V-IRW2,ICREALTIME 12MP IP INDOOR/OUTDOOR FULL SIZE BULLET. VARIFOCAL 2.7 - 12MM MOTORIZED LENS (103Â° - 44,Uncategorised,43934.78,Units,0,2026-05-18 09:50:36
IPEL-F12F-IRW1,ICREALTIME 12MP IP Indoor/Outdoor 360Â° Spherical Dome. 1.5mm Fisheye Lens (360Â°). 30 ft IR. Built,Uncategorised,33072.17,Units,0,2026-05-18 09:50:36
NVR-7516K,ICREALTIME 16 CH. EMBEDDED 4K 2U NVR ENHANCED H.264 16 POE PORTS SUPPORTS UPTO 8MP (No HDD Included,Miscellaneous,58020.87,Units,0,2026-05-18 09:50:36
NVR-6016K,ICREALTIME 16 Channel 2U 4K NVR - Supports 12MP Resolution - 320Mbps throughput - H.264 - HDM,NVR,65608.7,Units,0,2026-05-18 09:50:36
NVR-MX16POE-1U4K1,ICREALTIME 16CH IP 1U SHELFMOUNT NVR - 2HDD - IP RESOLUTION UP TO 8MP/30FPS (128MBPS) - 16 PORT EMB,NVR,34757.39,Units,0,2026-05-18 09:50:36
HD1TBSATA,ICREALTIME 1TB Surveillance Grade Recorder Hard Drive,Miscellaneous,3422.61,Units,0,2026-05-18 09:50:36
IPEL-M40F-IRW1,ICREALTIME 2 x 2MP Dual Lens IP Wedge Dome. I-Sniper. 2 x 2.8 Fixed Lenses (110°). 66 Feet of IR. B,Uncategorised,15669.57,Units,0,2026-05-18 09:50:36
THIP-B2078FL-IR,ICREALTIME 256 X 192 THERMAL IP INDOOR/OUTDOOR FULL SIZE HYBRID BULLET. 7MM / 8MM FIXED LENS (24Â°,Uncategorised,44293.91,Units,0,2026-05-18 09:50:36
THIP-P2078FM-IR,ICREALTIME 256 X 192 THERMAL IP INDOOR/OUTDOOR HYBRID PTZ. 7MM / 8MM FIXED LENS (24Â° / 40Â° ). FIR,Uncategorised,65448.7,Units,0,2026-05-18 09:50:36
IPEL-P2030X-IRS1,ICREALTIME 2MP IP Full Size Anti-Corrosion PTZ. 30X Optical Zoom. I-SnIPer. POE +. Basic Intelligen,Uncategorised,144332.17,Units,0,2026-05-18 09:50:36
ICIP-2501HD-IR,ICREALTIME 2MP IP Full Size PTZ. 25X Optical Zoom. 450 Feet Smart IR. AI (Advanced Intelligence) On,Uncategorised,50829.57,Units,0,2026-05-18 09:50:36
IPFX-P2030X-IRW1,ICREALTIME 2MP IP Full Size PTZ. 30X Optical Zoom. 656 Feet Smart IR. AI (Advanced Intelligence) On,Uncategorised,67322.61,Units,0,2026-05-18 09:50:36
IPEL-P2045X-IRW1,ICREALTIME 2MP IP Full Size PTZ. 40X Optical Zoom. I-SnIPer. 1500 Feet Smart Laser. Hi-POE Capable.,Uncategorised,164115.65,Units,0,2026-05-18 09:50:36
IPEL-B2012X-IRW2,ICREALTIME 2MP IP INDOOR/OUTDOOR FULL SIZE BULLET. VARIFOCAL 5.3 - 64MM MOTORIZED LENS (59° - 34°).,Uncategorised,26946.96,Units,0,2026-05-18 09:50:36
IPEG-B20V-IRW2,ICREALTIME 2MP IP INDOOR/OUTDOOR MID SIZE BULLET. VARIFOCAL 2.8-12MM MOTORIZED LENS (106Â° - 33Â°).,Uncategorised,5813.91,Units,0,2026-05-18 09:50:36
IPEG-B20F-IRW1,ICREALTIME 2MP IP INDOOR/OUTDOOR SMALL SIZE BULLET. FIXED 2.8MM LENS (93Â°). 98 FEET IR. POE CAPABL,Uncategorised,2779.13,Units,0,2026-05-18 09:50:36
IPEG-D20F-IRW1,ICREALTIME 2MP IP INDOOR/OUTDOOR SMALL SIZE VANDAL DOME. FIXED 2.8MM LENS (110Â°). 98 FEET IR. POE,Uncategorised,3260.0,Units,0,2026-05-18 09:50:36
IPEG-E20F-IRW1,ICREALTIME 2MP IP INDOOR/OUTDOOR SMALL SIZE VANDAL EYEBALL DOME. FIXED 2.8MM LENS (110Â°). 98 FEET,Uncategorised,2779.13,Units,0,2026-05-18 09:50:36
IPFX-S20F-W1,ICREALTIME 2MP IP Indoor Mini Pinhole. 2.8mm Lens. POE Capable. AI On-Board Analytics.,Uncategorised,13401.74,Units,0,2026-05-18 09:50:36
ICIP-D2022-28-C,ICREALTIME 2MP IP Indoor Recessed Mount Starlight Dome. Fixed 2.8mm Lens (110°). Built-In MIC POE C,Uncategorised,11174.78,Units,0,2026-05-18 09:50:36
IPEL-D20V-IRS1,ICREALTIME 2MP IP Indoor/Outdoor Full Size Anti-Corrosion Vandal Dome. I-SnIPer. Varifocal 4.1-16.4,Uncategorised,37938.26,Units,0,2026-05-18 09:50:36
ICIP-D2048SL,ICREALTIME 2MP IP Indoor/Outdoor Full Size Vandal Dome. I-SnIPer. Varifocal 4-8mm Motorized Lens (1,Uncategorised,11540.87,Units,0,2026-05-18 09:50:36
IPFX-B20V-IRW1,ICREALTIME 2MP IP Indoor/Outdoor Mid Size Bullet. Varifocal 2.8-12mm Motorized Lens (98° - 30°). 90,Uncategorised,8947.83,Units,0,2026-05-18 09:50:36
IPFX-D20V-IRW1,ICREALTIME 2MP IP Indoor/Outdoor Mid Size Vandal Dome. Varifocal 2.8-12mm Motorized Lens (98° - 30°,Uncategorised,7873.91,Units,0,2026-05-18 09:50:36
ICIP-MC2028,ICREALTIME 2MP IP Indoor/Outdoor Mobile Vandal Dome. Fixed 2.8mm Lens (86°). 90 Feet IR. POE Capabl,Uncategorised,13649.57,Units,0,2026-05-18 09:50:36
IPMX-B20F-IRB2,ICREALTIME 2MP IP Indoor/Outdoor Small Size Bullet. Fixed 2.8mm Lens (106Â°). 164 Feet IR. POE Capa,Uncategorised,7795.65,Units,0,2026-05-18 09:50:36
IPFX-E20V-IRW1,ICREALTIME 2MP IP Indoor/Outdoor Small Size Vandal Eyeball Dome. Vaifocal 2.7 - 13.5 mm Lens (108 -,Uncategorised,10814.78,Units,0,2026-05-18 09:50:36
ICIP-P2012T,ICREALTIME 2MP IP Mid Size PTZ. 12X Optical Zoom. POE + Capable. (Flush Mount Included).,Uncategorised,31092.17,Units,0,2026-05-18 09:50:36
ICIP-P2012S,ICREALTIME 2MP IP Mid Size PTZ. 12X Optical Zoom. POE + Capable. (Gooseneck Wall Mount Included).,Uncategorised,26762.61,Units,0,2026-05-18 09:50:36
Orbit,ICREALTIME 2MP Indoor Pan Tilt WiFi security Camera Built-In Microphone And Speaker 33ft IR distanc,Uncategorised,3006.96,Units,0,2026-05-18 09:50:36
Flooder,ICREALTIME 2MP WiFi Floodlight Camera. Fixed 2.8mm Lens .2000 lm Brightness 3000K Color temperature,Uncategorised,10453.04,Units,0,2026-05-18 09:50:36
Dinger,ICREALTIME 2MP WiFi Video Doorbell. Fixed 1.9mm Lens (79Â°). Maximum IR LED Length 5 m (16.50 ft).,Intercom and Access Control,6773.04,Units,0,2026-05-18 09:50:36
HD2TBSATA,ICREALTIME 2TB Surveillance Grade Recorder Hard Drive,Miscellaneous,4659.13,Units,0,2026-05-18 09:50:36
NVR-6032K,ICREALTIME 32 CH. EMBEDDED 4K 2U NVR 3TB ENHANCED H.264 SUPPORTS UPTO 12MP (No HDD Included).,Miscellaneous,89279.13,Units,0,2026-05-18 09:50:36
IPEL-D30V-IRW1,ICREALTIME 3MP IP Indoor/Outdoor Full Size Vandal Dome. I-SnIPer. Varifocal 2.8-12mm Motorized Lens,Uncategorised,23752.17,Units,0,2026-05-18 09:50:36
HD3TBSATA,ICREALTIME 3TB Surveillance Grade Recorder Hard Drive,Miscellaneous,7009.57,Units,0,2026-05-18 09:50:36
IPEL-M80V-IRW1,ICREALTIME 4 x 2MP Multi Lens IP Dome. I-Sniper. 4 x 2.7 - 12 mm Motorized Lens (105°). 98 Feet of,Uncategorised,15620.87,Units,0,2026-05-18 09:50:36
IPMX-B40F-IRW1-A1,ICREALTIME 4MP IP AI series Indoor/Outdoor Mid Size Bullet. 2.8mm Fixed Lens (113° AOV). 131 Feet S,Uncategorised,12256.52,Units,0,2026-05-18 09:50:36
IPEG-D40V-IRW2,ICREALTIME 4MP IP INDOOR/OUTDOOR MID SIZE VANDAL DOME. VARIFOCAL 2.8-12MM MOTORIZED LENS (98° - 31°,Uncategorised,9057.39,Units,0,2026-05-18 09:50:36
IPEG-B40F-IRW1,ICREALTIME 4MP IP INDOOR/OUTDOOR SMALL SIZE BULLET. FIXED 2.8MM LENS (101Â°). 98 FEET SMART IR. POE,Uncategorised,5707.83,Units,0,2026-05-18 09:50:36
IPEG-E40F-IRW1,ICREALTIME 4MP IP INDOOR/OUTDOOR SMALL SIZE EYEBALL DOME. FIXED 2.8MM LENS (102Â°). 98 FEET SMART I,Uncategorised,5812.17,Units,0,2026-05-18 09:50:36
IPEG-D40F-IRW1,ICREALTIME 4MP IP INDOOR/OUTDOOR SMALL SIZE VANDAL DOME. FIXED 2.8MM LENS (104Â°). 98 FEET SMART IR,Uncategorised,6307.83,Units,0,2026-05-18 09:50:36
IPMX-W40F-IRW2,ICREALTIME 4MP IP INDOOR/OUTDOOR SMALL SIZE VANDAL DOME. FIXED 2.8MM LENS (106Â°). 90 FEET IR. POE,Uncategorised,7309.57,Units,0,2026-05-18 09:50:36
IPMX-E40F-IRB2,ICREALTIME 4MP IP INDOOR/OUTDOOR SMALL SIZE VANDAL EYEBALL BLACK DOME. FIXED 2.8MM LENS (103Â°). 16,Uncategorised,7610.43,Units,0,2026-05-18 09:50:36
IPEL-B40V-IRW1-AI,ICREALTIME 4MP IP Indoor/Outdoor Full Size Bullet. Varifocal 2.7-12mm Motorized Lens (100Â° - 33Â°),Uncategorised,26901.74,Units,0,2026-05-18 09:50:36
IPEL-D40V-IRW1,ICREALTIME 4MP IP Indoor/Outdoor Full Size Vandal Dome. Varifocal 2.7-12mm Motorized Lens (100° - 3,Uncategorised,23010.43,Units,0,2026-05-18 09:50:36
IPEL-D40V-IRW1-AI,ICREALTIME 4MP IP Indoor/Outdoor Full Size Vandal Dome. Varifocal 2.7-12mm Motorized Lens (114° - 4,Uncategorised,24742.61,Units,0,2026-05-18 09:50:36
IPEG-B40V-IRW2,ICREALTIME 4MP IP Indoor/Outdoor Mid Size Bullet. Varifocal 2.7-12mm Motorized Lens (100° - 33°). 1,Uncategorised,8786.96,Units,0,2026-05-18 09:50:36
IPFX-B40V-IRW2,ICREALTIME 4MP IP Indoor/Outdoor Mid Size Bullet. Varifocal 2.7-13.5mm Motorized Lens (100Â° - 33Â°,Uncategorised,12216.52,Units,0,2026-05-18 09:50:36
IPFX-D40V-IRW2,ICREALTIME 4MP IP Indoor/Outdoor Mid Size Vandal Dome. Varifocal 2.7-13.5mm Motorized Lens (100Â° -,Uncategorised,12436.52,Units,0,2026-05-18 09:50:36
IPMX-B40F-IRW2,ICREALTIME 4MP IP Indoor/Outdoor Small Size Bullet. Fixed 2.8mm Lens (104Â°). 98 Feet Smart IR. POE,Uncategorised,7910.43,Units,0,2026-05-18 09:50:36
IPMX-E40F-IRW2,ICREALTIME 4MP IP Indoor/Outdoor Small Size Eyeball Dome. Fixed 2.8mm Lens (103Â°). 164 Feet Smart,Uncategorised,7610.43,Units,0,2026-05-18 09:50:36
IPMX-E40F-IRW1-AI,ICREALTIME 4MP IP Indoor/Outdoor Small Size Eyeball Dome. Fixed 2.8mm Lens (113°). 131 Feet Smart I,Uncategorised,11216.52,Units,0,2026-05-18 09:50:36
IPMX-D40F-IRW2,ICREALTIME 4MP IP Indoor/Outdoor Small Size Vandal Dome. Fixed 2.8mm Lens (104Â°). 98 Feet Smart IR,Uncategorised,8010.43,Units,0,2026-05-18 09:50:36
IPFX-E40V-IRW1,ICREALTIME 4MP IP Indoor/Outdoor Small Size Vandal Eyeball Dome. Varifocal 2.7 - 13.5 mm Lens (104,Uncategorised,11133.91,Units,0,2026-05-18 09:50:36
IPFX-P4030X-IRW1,ICREALTIME 4MP IP Mid Size PTZ. 30X Optical Zoom. 240 Feet Smart IR. POE + Capable. AI (Advanced In,Uncategorised,62515.65,Units,0,2026-05-18 09:50:36
HD4TBSATA,ICREALTIME 4TB Surveillance Grade Recorder Hard Drive,Miscellaneous,9278.26,Units,0,2026-05-18 09:50:36
IPEL-MB80F-IRW1,ICREALTIME 4X 2MP (8MP Total) IP 180° Panoramic Full Size Bullet. I-Sniper. 4X 2.8mm Fixed Lens (18,Uncategorised,55959.13,Units,0,2026-05-18 09:50:36
IPEL-M80F-IRW2,ICREALTIME 4x 2MP (8MP Total) IP 180 Panoramic Dome 4x 2.8mm Fixed Lens (180 AOV) 98 ft Smart IR PO,Uncategorised,81156.52,Units,0,2026-05-18 09:50:36
IPEL-M80F-IRW1,ICREALTIME 4x 2MP (8MP Total) IP 180° Panoramic Dome. I-SnIPer. 4x 3.0mm Fixed Lens (180°). 98 Feet,Uncategorised,46291.3,Units,0,2026-05-18 09:50:36
IPEL-P5030X-IRW1,ICREALTIME 5MP IP Full Size PTZ. 30X Optical Zoom. 300 Feet Smart IR. Hi-POE Capable. AI (Advanced,Uncategorised,74216.52,Units,0,2026-05-18 09:50:36
IPEL-F50F-W1,ICREALTIME 5MP Indoor 360° Spherical Dome. 1.18mm Fisheye Lens (360°). Built in Microphone. POE Cap,Uncategorised,14156.52,Units,0,2026-05-18 09:50:36
IPEL-F50F-W2,ICREALTIME 5MP Indoor/outdoor 360Â° Spherical Dome. 1.4mm Fisheye Lens (360Â°). Built in Microphone,Uncategorised,24919.13,Units,0,2026-05-18 09:50:36
NVR-6064K,ICREALTIME 64 CH. EMBEDDED 4K 2U NVR 4TB ENHANCED H.264 SUPPORTS UPTO 12MP (No HDD Included).,Miscellaneous,111588.7,Units,0,2026-05-18 09:50:36
HD6TBSATA,ICREALTIME 6TB Surveillance Grade Recorder Hard Drive,Miscellaneous,13938.26,Units,0,2026-05-18 09:50:36
NVR-208NS,ICREALTIME 8 Channel 1U Shelfmount NVR. Integrated 8 Port POE Switch. Up to 8MP IP Camera Support.,NVR,8529.57,Units,0,2026-05-18 09:50:36
NVR-FX08POE-1U4K1,ICREALTIME 8CH IP 1U RACKMOUNT NVR - 2HDD - IP RESOLUTION UP TO 8MP/30FPS (128MBPS) - 8 PORT EMBEDD,NVR,31046.96,Units,0,2026-05-18 09:50:36
NVR-MX08POE-1U4K1,ICREALTIME 8CH IP 1U SHELFMOUNT NVR - 2HDD - IP RESOLUTION UP TO 8MP/30FPS (128MBPS) - 8 PORT EMBED,NVR,22996.52,Units,0,2026-05-18 09:50:36
IPFX-B80V-IRW1,ICREALTIME 8MP IP INDOOR/OUTDOOR MID SIZE BULLET. VARIFOCAL 2.7-13.5MM MOTORIZED LENS (113Â° - 31Â°,Uncategorised,17078.26,Units,0,2026-05-18 09:50:36
IPEL-E80F-IRW2,ICREALTIME 8MP IP INDOOR/OUTDOOR MID SIZE EYEBALL DOME. FIXED 2.8MM LENS (108Â°). 98.4 FEET SMART I,Uncategorised,10746.96,Units,0,2026-05-18 09:50:36
IPEL-E80V-IRW1,ICREALTIME 8MP IP Indoor/Outdoor Small Size Varifocal Eyeball Dome. 2.7 - 13.5 mm Lens (113 - 31Â°),Uncategorised,33826.09,Units,0,2026-05-18 09:50:36
HD8TBSATA,ICREALTIME 8TB Surveillance Grade Recorder Hard Drive,Miscellaneous,18556.52,Units,0,2026-05-18 09:50:36
ICM-7100SE,ICREALTIME Central Management Server. 1U Rackmount. Dedicated Enterprise Video Management System Ap,Miscellaneous,89279.13,Units,0,2026-05-18 09:50:36
IPEL-B2012X-IRW2 LPR SETUP,ICREALTIME LPR CONVERSION: 2MP IP Indoor/Outdoor Full Size Bullet. Varifocal 5.3 - 64mm Motorized L,Uncategorised,24660.0,Units,0,2026-05-18 09:50:36
Singer,ICREALTIME Wireless Door Chime For DINGER With Multiple Ringtones Options WiFi Connection,Miscellaneous,1731.3,Units,0,2026-05-18 09:50:36
RCC320-MK2-PC,IN-WALL SUB 320V2 (PRE CONSTRUCTION),Subwoofers,21254.78,Units,0,2026-05-18 09:50:36
RCC320-MK2-R,IN-WALL SUB 320V2 (RETROFIT),Subwoofers,22672.17,Units,0,2026-05-18 09:50:36
IRB-1006-00,INFRARED (IR) EMITTER 6 PACK,Miscellaneous,2153.91,Units,0,2026-05-18 09:50:36
INS-TAPE-BL 2M,INS-TAPE-BL 20M,Miscellaneous,41.43,Units,0,2026-07-22 10:17:21
SHA-B2MANUALBA-00,INSIDE/JAMB MOUNT(MANUAL): DRIVE SIDE (BLACK ALUMINUM),Miscellaneous,7887.83,Units,0,2026-05-18 09:50:36
SHA-B2MANUALSA-00,INSIDE/JAMB MOUNT(MANUAL): DRIVE SIDE (SILVER ALUMINUM),Miscellaneous,7887.83,Units,0,2026-05-18 09:50:36
SHA-B2MANUALWH-00,INSIDE/JAMB MOUNT(MANUAL): DRIVE SIDE (WHITE),Miscellaneous,3151.3,Units,0,2026-05-18 09:50:36
SHA-B2MINBA-00,INSIDE/JAMB MOUNT(MINI): DRIVE SIDE (BLACK ALUMINUM),Miscellaneous,3916.52,Units,0,2026-05-18 09:50:36
SHA-B2MINBK-00,INSIDE/JAMB MOUNT(MINI): DRIVE SIDE (BLACK),Miscellaneous,1798.26,Units,0,2026-05-18 09:50:36
SHA-B2MINSA-00,INSIDE/JAMB MOUNT(MINI): DRIVE SIDE (SILVER ALUMINUM),Miscellaneous,3916.52,Units,0,2026-05-18 09:50:36
SHA-B2MINWH-00,INSIDE/JAMB MOUNT(MINI): DRIVE SIDE (WHITE),Miscellaneous,1798.26,Units,0,2026-05-18 09:50:36
SHA-B1MINBA-00,INSIDE/JAMB MOUNT(MINI): IDLER SIDE (BLACK ALUMINUM),Miscellaneous,3916.52,Units,0,2026-05-18 09:50:36
SHA-B1MINBK-00,INSIDE/JAMB MOUNT(MINI): IDLER SIDE (BLACK),Miscellaneous,1798.26,Units,0,2026-05-18 09:50:36
SHA-B1MINSA-00,INSIDE/JAMB MOUNT(MINI): IDLER SIDE (SILVER ALUMINUM),Miscellaneous,3916.52,Units,0,2026-05-18 09:50:36
SHA-B1MINWH-00,INSIDE/JAMB MOUNT(MINI): IDLER SIDE (WHITE),Miscellaneous,1798.26,Units,0,2026-05-18 09:50:36
SHA-B2BA-00,INSIDE/JAMB MOUNT: DRIVE SIDE (BLACK ALUMINUM),Miscellaneous,3015.65,Units,0,2026-05-18 09:50:36
SHA-B2BK-00,INSIDE/JAMB MOUNT: DRIVE SIDE (BLACK),Miscellaneous,1566.09,Units,0,2026-05-18 09:50:36
SHA-B2SA-00,INSIDE/JAMB MOUNT: DRIVE SIDE (SILVER ALUMINUM),Miscellaneous,3015.65,Units,0,2026-05-18 09:50:36
SHA-B2WH-00,INSIDE/JAMB MOUNT: DRIVE SIDE (WHITE),Miscellaneous,1798.26,Units,0,2026-05-18 09:50:36
SHA-B1BA-00,INSIDE/JAMB MOUNT: IDLER SIDE (BLACK ALUMINUM),Miscellaneous,3471.3,Units,0,2026-05-18 09:50:36
SHA-B1SA-00,INSIDE/JAMB MOUNT: IDLER SIDE (SILVER ALUMINUM),Miscellaneous,3471.3,Units,0,2026-05-18 09:50:36
SHA-B1WH-00,INSIDE/JAMB MOUNT: IDLER SIDE (WHITE),Miscellaneous,1798.26,Units,0,2026-05-18 09:50:36
HST-SIPA1SM-00,IP AUDIO 1 WITH INTEGRATED HOST AND SAVANT MUSIC 2.0,Hosts/Processors,22609.57,Units,0,2026-05-18 09:50:36
PAV-SIPA125SM-10,IP AUDIO 125 WITH SAVANT MUSIC SERVER,Miscellaneous,106066.96,Units,0,2026-05-18 09:50:36
PAV-AOMBAL8C-10,IP AUDIO 16 CHANNEL BALANCED AUDIO OUTPUT IP RECEIVER WITH CONTROL,Receivers,44479.13,Units,0,2026-05-18 09:50:36
PAV-SIPA50SMV2-05,IP AUDIO 50 V2 WITH SAVANT MUSIC SERVER,Miscellaneous,70711.3,Units,0,2026-05-18 09:50:36
EDG-4-SAT-R-00,IP AUDIO MICRO APERTURE 4: ADD-ON PAIR (ROUND),Miscellaneous,5086.96,Units,0,2026-05-18 09:50:36
EDG-4-SAT-S-00,IP AUDIO MICRO APERTURE 4: ADD-ON PAIR (SQUARE),Miscellaneous,5086.96,Units,0,2026-05-18 09:50:36
EDG-4-AVB-R-00,IP AUDIO MICRO APERTURE 4: SPEAKER SET (ROUND),Speakers,10173.91,Units,0,2026-05-18 09:50:36
EDG-4-AVB-S-00,IP AUDIO MICRO APERTURE 4: SPEAKER SET (SQUARE),Speakers,10173.91,Units,0,2026-05-18 09:50:36
RMB-PAVAM2F-00,IP AUDIO MODULES AND SMART HOSTS (FRONT),Miscellaneous,1604.35,Units,0,2026-05-18 09:50:36
PAV-SMS2001-10,IP AUDIO MUSIC SERVER,Miscellaneous,21213.04,Units,0,2026-05-18 09:50:36
PAV-AIO1C-00,IP AUDIO SINGLE IN AND OUT,Miscellaneous,11119.13,Units,0,2026-05-18 09:50:36
HST-STUDIO46BG-2CH-00,IP AUDIO STUDIO 46 WITH INTEGRATED HOST AND GRILLE - BLACK,Hosts/Processors,30523.48,Units,0,2026-05-18 09:50:36
HST-STUDIO55BG-2CH-00,IP AUDIO STUDIO 55 WITH INTEGRATED HOST AND GRILLE - BLACK,Hosts/Processors,32558.26,Units,0,2026-05-18 09:50:36
PAV-AOMWS1C-00,IP AUDIO WISA BRIDGE (STEREO),Miscellaneous,14826.09,Units,0,2026-05-18 09:50:36
PAV-VIMAP4S-10,IP VIDEO 4 INPUT TRANSMITTER 4K UHD WITH AUDIO PROCESSING AND CONTROL,Miscellaneous,271305.22,Units,0,2026-05-18 09:50:36
PAV-VIMAP8S-10,IP VIDEO 8 INPUT TRANSMITTER 4K UHD WITH AUDIO PROCESSING AND CONTROL,Miscellaneous,478773.91,Units,0,2026-05-18 09:50:36
PAV-VIM1CP2-00,IP VIDEO SINGLE INPUT TRANSMITTER 4K UHD WITH CONTROL (COPPER W/POE),Miscellaneous,22974.78,Units,0,2026-05-18 09:50:36
PAV-VIM1C-01,IP VIDEO SINGLE INPUT TRANSMITTER 4K UHD WITH CONTROL NO POE,Miscellaneous,24622.61,Units,0,2026-05-18 09:50:36
PAV-VIMVP1CP2-00,IP VIDEO SINGLE INPUT TRANSMITTER 4K WITH POE+ (COPPER),Miscellaneous,50693.04,Units,0,2026-05-18 09:50:36
PAV-VOM1CP2-00,IP VIDEO SINGLE OUTPUT RECEIVER 4K UHD WITH CONTROL (COPPER W/POE),Receivers,20946.96,Units,0,2026-05-18 09:50:36
PAV-VOMVP1F2-00,IP VIDEO SINGLE OUTPUT RECEIVER 4K WITH CONTROL (FIBER),Receivers,46085.22,Units,0,2026-05-18 09:50:36
PAV-VOMVP1CP2-00,IP VIDEO SINGLE OUTPUT RECEIVER 4K WITH POE+ (COPPER),Receivers,41895.65,Units,0,2026-05-18 09:50:36
271,"IP controlled Digital Theatre Controller, 16ch Analogue & Digital input",Miscellaneous,84596.27,Units,0,2026-07-22 10:17:25
72353,IPORT CONNECT PRO BaseStation White,Miscellaneous,8778.26,Units,0,2026-05-18 09:50:36
72301,IPORT CONNECT PRO Case 10.2 White for iPad 10.2-inch 9th gen|8th gen |7th gen,Miscellaneous,8778.26,Units,0,2026-05-18 09:50:36
72310,IPORT CONNECT PRO Case Mini Black for iPad mini 4th-5th Gen,Miscellaneous,17557.39,Units,0,2026-05-18 09:50:36
72311,IPORT CONNECT PRO Case Mini White for iPad mini 4-5,Miscellaneous,17557.39,Units,0,2026-05-18 09:50:36
72351,IPORT CONNECT PRO WallStation White,Miscellaneous,8778.26,Units,0,2026-05-18 09:50:36
72106,IPORT CONNECT PoE+ Injector,Miscellaneous,2759.13,Units,0,2026-05-18 09:50:36
72109,IPORT CONNECT PoE+ Upgrade,Miscellaneous,2759.13,Units,0,2026-05-18 09:50:36
70720,IPORT GLASS MOUNTING KIT works with iPad Mini iPad Air iPad Pro 10.5 and iPad Pro 12.9,Miscellaneous,752.17,Units,0,2026-05-18 09:50:36
70310,IPORT IPORT POWER SUPPLY 15V 2A - BLACK,Miscellaneous,1404.35,Units,0,2026-05-18 09:50:36
70311,IPORT IPORT POWER SUPPLY 15V 2A - WHITE,Miscellaneous,1404.35,Units,0,2026-05-18 09:50:36
70314,IPORT IPORT POWER WALL PLATE,Panels,500.87,Units,0,2026-05-18 09:50:36
70304,IPORT LAUNCH AM.2 SLEEVE BLACK works with iPad Mini iPad Mini 2 iPad Mini 3 iPad Mini 4 and iPad Mi,Miscellaneous,6320.87,Units,0,2026-05-18 09:50:36
70390,IPORT LAUNCH CASE 10.2 10.5 BLACK,Miscellaneous,6320.87,Units,0,2026-05-18 09:50:36
70316,IPORT LAUNCH WALLSTATION FASCIA BLACK,Miscellaneous,500.87,Units,0,2026-05-18 09:50:36
70315,IPORT LAUNCH WALLSTATION FASCIA WHITE,Miscellaneous,500.87,Units,0,2026-05-18 09:50:36
71000,IPORT LUXE BASESTATION BLACK,Miscellaneous,15801.74,Units,0,2026-05-18 09:50:36
71002,IPORT LUXE BASESTATION WHITE,Miscellaneous,15801.74,Units,0,2026-05-18 09:50:36
71014,IPORT LUXE CASE AIR 1 I 2 I 9.7 WHITE,Miscellaneous,12415.65,Units,0,2026-05-18 09:50:36
71009,IPORT LUXE CASE MINI4 I MINI 5th GEN BLACK,Miscellaneous,12290.43,Units,0,2026-05-18 09:50:36
71010,IPORT LUXE CASE MINI4 I MINI 5th GEN SILVER,Miscellaneous,12290.43,Units,0,2026-05-18 09:50:36
71011,IPORT LUXE CASE MINI4 I MINI 5th GEN WHITE,Miscellaneous,12290.43,Units,0,2026-05-18 09:50:36
71019,IPORT LUXE USB CHARGE MODULE SILVER  - While Supplies Last,Miscellaneous,4263.48,Units,0,2026-05-18 09:50:36
71020,IPORT LUXE USB CHARGE MODULE WHITE - While Supplies Last,Miscellaneous,4263.48,Units,0,2026-05-18 09:50:36
71021,IPORT LUXE USB POWER SUPPLY 5V 2.4A BLACK,Miscellaneous,1404.35,Units,0,2026-05-18 09:50:36
71023,IPORT LUXE USB POWER SUPPLY 5V 2.4A WHITE,Miscellaneous,1404.35,Units,0,2026-05-18 09:50:36
71006,IPORT LUXE WALL ADAPTER KIT BLACK,Miscellaneous,2106.96,Units,0,2026-05-18 09:50:36
71007,IPORT LUXE WALL ADAPTER KIT SILVER,Miscellaneous,2106.96,Units,0,2026-05-18 09:50:36
71008,IPORT LUXE WALL ADAPTER KIT WHITE,Miscellaneous,2106.96,Units,0,2026-05-18 09:50:36
71005,IPORT LUXE WALLSTATION WHITE,Miscellaneous,14046.09,Units,0,2026-05-18 09:50:36
71017,IPORT LX CASE WHITE works with iPad Air 3rd gen 10.5-inch | iPad 7th gen. 10.2-inch,Miscellaneous,12290.43,Units,0,2026-05-18 09:50:36
70719,IPORT POE INJECTOR works with all Bezels,Miscellaneous,2006.09,Units,0,2026-05-18 09:50:36
70718,IPORT POE SPLITTER works with all Bezels,Miscellaneous,5266.96,Units,0,2026-05-18 09:50:36
70791,IPORT POE SURFACE MOUNT DATA CABLE,Miscellaneous,752.17,Units,0,2026-05-18 09:50:36
70796,IPORT SURFACE MOUNT BEZEL BLACK works with iPad Air 3rd gen 10.5-inch | iPad 7th gen. 10.2,Miscellaneous,12290.43,Units,0,2026-05-18 09:50:36
70722,IPORT SURFACE MOUNT BEZEL BLACK works with iPad Mini 4 and iPad Mini 5th Gen,Miscellaneous,10534.78,Units,0,2026-05-18 09:50:36
70703,IPORT SURFACE MOUNT BEZEL BLACK works with iPad Pro 9.7 Air 2 and iPad Air,Miscellaneous,13685.22,Units,0,2026-05-18 09:50:36
70797,IPORT SURFACE MOUNT BEZEL SILVER works with iPad Air 3rd gen 10.5-inch | iPad 7th gen. 10.2,Miscellaneous,12290.43,Units,0,2026-05-18 09:50:36
70701,IPORT SURFACE MOUNT BEZEL SILVER works with iPad Mini 3 Mini 2 and Mini - While Supplies Last,Miscellaneous,11587.83,Units,0,2026-05-18 09:50:36
70723,IPORT SURFACE MOUNT BEZEL SILVER works with iPad Mini 4 and iPad Mini 5th Gen,Miscellaneous,10534.78,Units,0,2026-05-18 09:50:36
70744,IPORT SURFACE MOUNT BEZEL SILVER works with iPad Pro 12.9  - While Supplies Last,Miscellaneous,19975.65,Units,0,2026-05-18 09:50:36
70798,IPORT SURFACE MOUNT BEZEL WHITE works with iPad Air 3rd gen 10.5-inch | iPad 7th gen. 10.2,Miscellaneous,12290.43,Units,0,2026-05-18 09:50:36
70702,IPORT SURFACE MOUNT BEZEL WHITE works with iPad Mini 3 Mini 2 and Mini - While Supplies Last,Miscellaneous,11587.83,Units,0,2026-05-18 09:50:36
70724,IPORT SURFACE MOUNT BEZEL WHITE works with iPad Mini 4 and iPad Mini 5th Gen,Miscellaneous,10534.78,Units,0,2026-05-18 09:50:36
70705,IPORT SURFACE MOUNT BEZEL WHITE works with iPad Pro 9.7  Air 2 and iPad Air,Miscellaneous,13685.22,Units,0,2026-05-18 09:50:36
IRDONGA4KPRO,IR Dongle Type A 4K Pro (Yellow),Miscellaneous,765.22,Units,0,2026-05-18 09:50:36
IRDONGB4K,IR Dongle Type B 4K (Green),Miscellaneous,765.22,Units,0,2026-05-18 09:50:36
CEISP32AHRSAE,ISP 3D.32 Elite Analog AV Processor,Hosts/Processors,391303.48,Units,0,2026-05-18 09:50:36
IW1060SW,IW1060SW 10 In-wall Subwoofer,Subwoofers,6339.13,Units,0,2026-05-18 09:50:36
IW150A,IW150 Miller & Kreisel,Miscellaneous,23477.39,Units,0,2026-05-18 09:50:36
IW150,IW150 Miller & Kreisel,Miscellaneous,32173.04,Units,0,2026-05-18 09:50:36
IW150T,IW150T Pair Black Miller & Kreisel,Miscellaneous,43477.39,Units,0,2026-05-18 09:50:36
IW28S,IW28S Subwoofer,Subwoofers,20868.7,Units,0,2026-05-18 09:50:36
IW300,IW300 Miller&Kreisel,Miscellaneous,59129.57,Units,0,2026-05-18 09:50:36
IW408FGII,IW408 V 2 Flat Grill,Miscellaneous,9469.57,Units,0,2026-05-18 09:50:36
IW5,IW5 Miller&Kreisel,Miscellaneous,10433.91,Units,0,2026-05-18 09:50:36
IW5SG,IW5 Square Grill,Miscellaneous,869.57,Units,0,2026-05-18 09:50:36
IW95,IW95 Miller&Kreisel,Miscellaneous,17390.43,Units,0,2026-05-18 09:50:36
IW950,IW950 Miller&Kreisel,Miscellaneous,19129.57,Units,0,2026-05-18 09:50:36
LK421-2,Idemia MorphoSmart MSO 330 Enrollment Device - USB MSO 330,Miscellaneous,9765.71,Units,0,2026-07-22 10:17:29
LK419,Idemia Sigma Lite - Bio MA Sigma Lite WR Bio,Miscellaneous,10597.14,Units,0,2026-07-22 10:17:33
3SBL,In/Outdoor 3 Stereo,Miscellaneous,5643.48,Units,0,2026-05-18 09:50:36
3SWH,In/Outdoor 3 Stereo,Miscellaneous,5643.48,Units,0,2026-05-18 09:50:36
IO-6BL,In/Outdoor 6 Black,Miscellaneous,9208.7,Units,0,2026-05-18 09:50:36
UA-G3-Intercom,Indoor/outdoor intercom terminal for managing residential and commercial building entry requests with Touch Pass support.,Uncategorised,11362.86,Units,0,2026-07-09 09:37:33
SC-FLEXI,Inspection flexi camera with built-in WIFI,Uncategorised,2898.55,Units,0,2026-05-18 09:50:36
INSTALL,Installation of Equipment,Miscellaneous,1000.0,Units,0,2026-07-22 10:17:37
DRX2.4M2BMMA,Integra DRX-2.4 7.2-Channel Network AV Receiver,AV Recieves,32173.04,Units,0,2026-05-18 09:50:36
DRX3.4M2BMMA,Integra DRX-3.4 9.2-Channel Network AV Receiver,AV Recieves,39999.13,Units,0,2026-05-18 09:50:36
DRX5.4M2BMMA,Integra DRX-5.4 9.2-Channel Network AV Receiver,AV Recieves,52173.04,Units,0,2026-05-18 09:50:36
DRX8.4BMMM,Integra DRX-8.4 11.4-Channel Network AV Receiver,AV Recieves,86955.65,Units,0,2026-05-18 09:50:36
PFB3419,Interface Bar 1915mm - Connect-It,Miscellaneous,5738.26,Units,0,2026-05-18 09:50:36
PFB3407,Interface Bar 715mm - Connect-It,Miscellaneous,2346.96,Units,0,2026-05-18 09:50:36
PFB3409,Interface bar 915mm - Connect-It,Miscellaneous,2738.26,Units,0,2026-05-18 09:50:36
SUNDRY IN7004852500000,Intesis protocol translator with Serial and IP support - 250 points,Miscellaneous,50990.0,Units,0,2026-07-20 15:59:55
DHI-Software-Data Migration-License/Per Day,"It is used for hardware transfer and different industry software version upgrade.
Supported: 
1. Data migration planning.
2. Data migration.
3. Offers",Licenses,38273.91,Units,0,2026-05-18 09:50:36
SHA-MGEIGSACONV-00,J-GEIGER MOTOR FINISH 10 PACK (SILVER ALUMINUM),Miscellaneous,5222.61,Units,0,2026-05-18 09:50:36
SHA-MGEIGWHCONV-00,J-GEIGER MOTOR FINISH 10 PACK (WHITE),Miscellaneous,1305.22,Units,0,2026-05-18 09:50:36
8200-231,"JABRA - PANACAST 50, EMEA, BLACK; 180° FIELD OF VIEW, REAL-TIME WHITEBOARD STREAMING, PLUG-AND-PLAY, OPTIMIZED FOR ALL LEADING UC PLATFORMS, INCLUDING",Miscellaneous,33644.81,Units,0,2026-07-21 10:06:49
Y79311,JAMO SUB 210 AMP MODULE,Miscellaneous,1645.55,Units,0,2026-05-18 09:50:36
CONTROL 28-1,"JBL - CONTROL 28-1 - CONTROL 28-1 - 8"" TWO-WAY VENTED LOUDSPEAKER, INVISIBALLÂ® INSTALLATION SYSTEM (PLUS U-BRACKET ATTACHMENT POINTS). 45 HZ - 20 KHZ",Speakers,11461.53,Units,0,2026-07-09 12:38:46
JC2BP,JC2 BP Pre-Amplfier with H/T Bypass,Miscellaneous,130426.09,Units,0,2026-05-18 09:50:36
JC3+,JC3 Phono Preamplifier,Miscellaneous,104339.13,Units,0,2026-05-18 09:50:36
JITTERBUGFMJ,JITTERBUG FMJ,Miscellaneous,1913.04,Units,0,2026-05-18 09:50:36
JKF9119TFFRM16X09,"JK Fixed Thin Frame Screen, 119"", 16:9 Aspect Ratio, Matt White Fabric",Miscellaneous,9725.71,Units,0,2026-07-22 10:17:41
DLA-NZ8BE,JVC DLA NZ-8  8K E-SHIFT LASER,Miscellaneous,434781.74,Units,0,2026-05-18 09:50:36
DLA-NP5BE,JVC DLA-NP5 NATIVE 4K,Miscellaneous,217390.43,Units,0,2026-05-18 09:50:36
LX-NZ30BG,JVC LX-NZ3 DLP 4K UHD/HDR Home Theatre Projector,Projectors,86955.65,Units,0,2026-05-18 09:50:36
IC610LCRFG,Jamo IC610LCR FG - Centre,Speakers,11295.65,Units,0,2026-05-18 09:50:36
J12SUBBL,Jamo J12 SUB Black,Subwoofers,9556.52,Units,0,2026-05-18 09:50:36
JL10SW,Jamo JL-10 Subwoofer,Subwoofers,20860.87,Units,0,2026-05-18 09:50:36
JL4SAT,Jamo JL-4 Satellite outdoor speaker,Speakers,3121.74,Units,0,2026-05-18 09:50:36
JGS10,Jamo JL-4 Stake,Miscellaneous,860.87,Units,0,2026-05-18 09:50:36
JR-4GR,Jamo Rock 4 Granite,Miscellaneous,3382.61,Units,0,2026-05-18 09:50:36
JR-4SA,Jamo Rock 4 Sandstone,Miscellaneous,3382.61,Units,0,2026-05-18 09:50:36
JR-5GR,Jamo Rock 5 Granite,Miscellaneous,5382.61,Units,0,2026-05-18 09:50:36
JR-5SA,Jamo Rock 5 Sandstone,Miscellaneous,5382.61,Units,0,2026-05-18 09:50:36
JR-8SWGR,Jamo Rock 8 Subwoofer Granite,Subwoofers,9469.57,Units,0,2026-05-18 09:50:36
JR-8SWSA,Jamo Rock 8 Subwoofer Sandstone,Subwoofers,9469.57,Units,0,2026-05-18 09:50:36
1071179,Jamo Studio 7 S15B Bookshelf Surround Speaker Blue Fjord,Speakers,6955.65,Units,0,2026-05-18 09:50:36
1071180,Jamo Studio 7 S15B Bookshelf Surround Speaker Grey Cloud,Speakers,6955.65,Units,0,2026-05-18 09:50:36
1071181,Jamo Studio 7 S17B Bookshelf Speaker Blue Fjord,Speakers,8694.78,Units,0,2026-05-18 09:50:36
1071182,Jamo Studio 7 S17B Bookshelf Speaker Grey Cloud,Speakers,8694.78,Units,0,2026-05-18 09:50:36
1071183,Jamo Studio 7 S25C Centre Channel Speaker Blue Fjord,Speakers,5216.52,Units,0,2026-05-18 09:50:36
1071184,Jamo Studio 7 S25C Centre Channel Speaker Grey Cloud,Speakers,5216.52,Units,0,2026-05-18 09:50:36
1071185,Jamo Studio 7 S25F Floorstanding Speaker Blue Fjord,Speakers,12607.83,Units,0,2026-05-18 09:50:36
1071187,Jamo Studio 7 S27F Floorstanding Speaker Blue Fjord,Speakers,15216.52,Units,0,2026-05-18 09:50:36
1071188,Jamo Studio 7 S27F Floorstanding Speaker Grey Cloud,Speakers,15216.52,Units,0,2026-05-18 09:50:36
1071189,Jamo Studio 7 S43C Center Channel Speaker Blue Fjord,Speakers,5216.52,Units,0,2026-05-18 09:50:36
1071190,Jamo Studio 7 S43C Center Channel Speaker Grey Cloud,Speakers,5216.52,Units,0,2026-05-18 09:50:36
K-MOVIE,K-Movie,Miscellaneous,34781.74,Units,0,2026-05-18 09:50:36
1063967A,KLIPSCH - 1063967A -  REFERENCE PREMIERE PRO-180-RPC WHITE IN-CEILING SPEAKER,Speakers,9730.43,Units,0,2026-07-08 14:46:13
1070647,KLIPSCH SUBWOOFER RP-1200SW EUA BLACK SUBWOOFER,Speakers,21721.74,Units,0,2026-07-29 13:09:03
CAB-KETTLE,Kettle cord cable for PSU,Miscellaneous,42.05,Units,0,2026-05-18 09:50:36
46KB6W,Kicker 46KB6W Full Range White Speakers,Miscellaneous,3477.39,Units,0,2026-05-18 09:50:36
1066277,Klipsch Passive Soundbar Heritage Theater Bar 6580 Passive Soundbar,Speakers,88852.17,Units,0,2026-07-08 14:47:28
1063968A,Klipsch Reference Premiere PRO-180-RPC-LCR White In-Ceiling Speaker,Miscellaneous,10971.43,Units,0,2026-07-22 10:17:45
1070022,Klipsch Reference Premiere RP-404C II Ebony Center Speaker,Miscellaneous,11179.39,Units,0,2026-07-22 10:17:49
1070015,Klipsch Reference Premiere RP-5000F II Ebony Floorstanding Speaker,Miscellaneous,22358.76,Units,0,2026-07-22 10:17:53
1070020,Klipsch Reference Premiere RP-502S II Ebony Surround Speaker,Miscellaneous,18632.8,Units,0,2026-07-22 10:17:58
1070643,Klipsch Subwoofer RP-1000SW EUA Black Subwoofer,Miscellaneous,19095.66,Units,0,2026-07-22 10:18:02
BRA-WS,L-Bracket 400x200x38mm,Miscellaneous,175.0,Units,0,2026-05-18 09:50:36
BRA-WX,L-Bracket 500x1000x50mm,Miscellaneous,475.0,Units,0,2026-05-18 09:50:36
BRA-WL,L-Bracket 500x500x50mm,Miscellaneous,395.0,Units,0,2026-05-18 09:50:36
70141,LAUNCH BASESTATION - SILVER,Miscellaneous,8427.83,Units,0,2026-05-18 09:50:36
CON-F2010-00,LC MULTIMODE OM3 FIBER CONNECTORS (10 PACK),Miscellaneous,8716.52,Units,0,2026-05-18 09:50:36
LCR750B,LCR750 Black Pair,Miscellaneous,23477.39,Units,0,2026-05-18 09:50:36
LCR750CB,LCR750C Black,Miscellaneous,11303.48,Units,0,2026-05-18 09:50:36
LCR950B,LCR950 Black,Miscellaneous,15651.3,Units,0,2026-05-18 09:50:36
LCRDM-IW-KIT,LCRDM INWALL KIT,Miscellaneous,16414.78,Units,0,2026-05-18 09:50:36
LCRDMIWKIT-PCB,LCRDM-IW PRE-CONSTRUCTION BRAC,Miscellaneous,3646.96,Units,0,2026-05-18 09:50:36
CNV-LKV3061,LENGKENG CNV-LKV3061,Miscellaneous,1542.86,Units,0,2026-07-22 10:18:06
CNV-LKV312HDR.V3.0,LENKEN 1X12 HDMI SPLITTER,Miscellaneous,921.43,Units,0,2026-07-22 10:18:10
ADA-MHDMI-HDMI-L,LINDY MICRO HDMI F TO HDMI M ADAPTER,Miscellaneous,349.79,Units,0,2026-07-22 10:18:14
CAB-TOSLINK-20M-L,LINDY TOSLINK SPDIF OPTICAL DIGITAL AUDIO CABLE - 20M,Miscellaneous,74.29,Units,0,2026-07-22 10:18:18
CAB-HDMI-MM-3M-LQ: LINKQNET 3M 4K 60HZ,LINKQNET 3M 4K,Miscellaneous,92.86,Units,0,2026-07-22 10:18:22
UPS-ONL-3KVA-XRT-K,"LINKQNET MP 3KVA XRT 2U RM ONLINE UPS - NO BATT,.",Miscellaneous,6857.14,Units,0,2026-07-22 10:18:26
UPS-ONL-1KVA-K,LINKQNET TRUE ONLINE PURE SINEWAVE TOWER SERIES UPS 1KVA,Miscellaneous,3991.94,Units,0,2026-07-22 10:18:37
UPS-ONL-1KVA-X-K- G4 -02-03,LINKQNET TWR XR 1KVA,Miscellaneous,4135.71,Units,0,2026-07-22 10:18:39
DMX-DRIVER3-00,LOW VOLTAGE DMX DRIVER WITH 10A EXTERNAL POWER SUPPLY,Miscellaneous,10772.17,Units,0,2026-05-18 09:50:36
PWM-PENC3-00,LOW VOLTAGE POWER MODULE ENCLOSURE,Miscellaneous,11490.43,Units,0,2026-05-18 09:50:36
LCB-LEINT-00,LUTRON LEAP ADVANCED INTEGRATION BRIDGE,Miscellaneous,16414.78,Units,0,2026-05-18 09:50:36
D000346,Lambda Cat 5e LSZH Cat 5e 500m Drum,Miscellaneous,4221.43,Units,0,2026-07-22 10:18:43
F001157,Lambda SFP Module 1.25G LC,Miscellaneous,543.83,Units,0,2026-07-22 10:18:47
LX-NZ3,Lazer 4K UHD Projector 4K (3840 x 2160) images HDR support 3000 lumens 20000 Hours light source,Projectors,69564.35,Units,0,2026-05-18 09:50:36
R9802623,Lens Holder Adapter for Heimdall,Miscellaneous,0.0,Units,0,2026-07-22 10:18:51
LENS-BD,Lens for board camera,Miscellaneous,42.05,Units,0,2026-05-18 09:50:36
LTP-1,Lightning protector for DVR,NVR,201.55,Units,0,2026-05-18 09:50:36
LTP-LAN,Lightning protector for Ethernet,Miscellaneous,191.4,Units,0,2026-05-18 09:50:36
LTP-3,Lightning protector for PTZ camera,Uncategorised,450.95,Units,0,2026-05-18 09:50:36
LTP-2,Lightning protector for camera,Uncategorised,275.5,Units,0,2026-05-18 09:50:36
LDNGLWW1BLK,Line-In Adapter WW (Black),Miscellaneous,520.87,Units,0,2026-05-18 09:50:36
LDNGLWW1,Line-In Adapter WW (White),Miscellaneous,520.87,Units,0,2026-05-18 09:50:36
FLY-1S,Linkbasic 1 Metre FTP Cat5e Flylead Blue,Miscellaneous,40.0,Units,0,2026-05-18 09:50:36
FLY-1B,Linkbasic 1 Metre UTP Cat5e Flylead Blue,Miscellaneous,22.0,Units,0,2026-05-18 09:50:36
FLY-1G,Linkbasic 1 Metre UTP Cat5e Flylead Green,Miscellaneous,22.0,Units,0,2026-05-18 09:50:36
FLY-1,Linkbasic 1 Metre UTP Cat5e Flylead Grey,Miscellaneous,22.0,Units,0,2026-05-18 09:50:36
FLY-1R,Linkbasic 1 Metre UTP Cat5e Flylead Red,Miscellaneous,22.0,Units,0,2026-05-18 09:50:36
FLY-1Y,Linkbasic 1 Metre UTP Cat5e Flylead Yellow,Miscellaneous,22.0,Units,0,2026-05-18 09:50:36
FLY-6-1B,Linkbasic 1 Metre UTP Cat6 Flylead Blue,Miscellaneous,28.0,Units,0,2026-05-18 09:50:36
FLY-6-1G,Linkbasic 1 Metre UTP Cat6 Flylead Green,Miscellaneous,28.0,Units,0,2026-05-18 09:50:36
FLY-6-1,Linkbasic 1 Metre UTP Cat6 Flylead Grey,Miscellaneous,28.0,Units,0,2026-05-18 09:50:36
FLY-6-1R,Linkbasic 1 Metre UTP Cat6 Flylead Red,Miscellaneous,28.0,Units,0,2026-05-18 09:50:36
FLY-6-1Y,Linkbasic 1 Metre UTP Cat6 Flylead Yellow,Miscellaneous,28.0,Units,0,2026-05-18 09:50:36
FLY-6A-1,Linkbasic 1 Metre UTP Cat6a Flylead Grey,Miscellaneous,45.0,Units,0,2026-05-18 09:50:36
FLY-10,Linkbasic 10 Metre UTP Cat5e Flylead Grey,Miscellaneous,140.0,Units,0,2026-05-18 09:50:36
FLY-6-10,Linkbasic 10 Metre UTP Cat6 Flylead Grey,Miscellaneous,185.0,Units,0,2026-05-18 09:50:36
CAB-P10,Linkbasic 10 Way Aluminium Moulded Rack Mount PDU,Miscellaneous,695.0,Units,0,2026-05-18 09:50:36
UTP-100,Linkbasic 100M Box Cat5e Solid Grey UTP Cable,Miscellaneous,850.0,Units,0,2026-05-18 09:50:36
UTP-6100,Linkbasic 100M Box Cat6 Solid Grey UTP Cable,Miscellaneous,1150.0,Units,0,2026-05-18 09:50:36
UTP-6100A,Linkbasic 100M Drum Cat6a Solid Grey UTP Cable,Miscellaneous,1225.0,Units,0,2026-05-18 09:50:36
TC-100,Linkbasic 100M Shielded UV Protected Cat5e Cable,Miscellaneous,1195.0,Units,0,2026-05-18 09:50:36
TC-6100,Linkbasic 100M Shielded UV Protected Cat6 Cable,Miscellaneous,1475.0,Units,0,2026-05-18 09:50:36
TC-FLY10,Linkbasic 10M Shielded UV Protected Cat5e Flylead,Miscellaneous,215.0,Units,0,2026-05-18 09:50:36
CAB-12UR,Linkbasic 12U Desktop Open Rack,Racks,515.0,Units,0,2026-05-18 09:50:36
CAB-12U,Linkbasic 12U Fixed Wall Box,Miscellaneous,2295.0,Units,0,2026-05-18 09:50:36
CAB-12US,Linkbasic 12U Swing Frame Wall Box,Miscellaneous,2750.0,Units,0,2026-05-18 09:50:36
TC-FLY15,Linkbasic 15M Shielded UV Protected Cat5e Flylead,Miscellaneous,295.0,Units,0,2026-05-18 09:50:36
CAB-15U6,Linkbasic 15U 600 Deep Cabinet 2 Fans & 2 Shelves,Racks,4745.0,Units,0,2026-05-18 09:50:36
CAB-15U,Linkbasic 15U Fixed Wall Box,Miscellaneous,2475.0,Units,0,2026-05-18 09:50:36
CAB-15US,Linkbasic 15U Swing Frame Wall Box,Miscellaneous,3125.0,Units,0,2026-05-18 09:50:36
CAB-18U6,Linkbasic 18U 600 Deep Cabinet 2 Fans & 2 Shelves,Racks,5450.0,Units,0,2026-05-18 09:50:36
CAB-B1,Linkbasic 19-inch Rack Mount 1U Blank Panel,Miscellaneous,95.0,Units,0,2026-05-18 09:50:36
CAB-B2,Linkbasic 19-inch Rack Mount 2U Blank Panel,Miscellaneous,130.0,Units,0,2026-05-18 09:50:36
CAB-B4,Linkbasic 19-inch Rack Mount 4U Blank Panel,Miscellaneous,175.0,Units,0,2026-05-18 09:50:36
BRUSH,Linkbasic 19-inch Rack Mount Brush Panel,Miscellaneous,140.0,Units,0,2026-05-18 09:50:36
BRUSHU,Linkbasic 19-inch Rack Mount Silver Brush Panel,Miscellaneous,135.0,Units,0,2026-05-18 09:50:36
FLY-2B,Linkbasic 2 Metre UTP Cat5e Flylead Blue,Miscellaneous,36.0,Units,0,2026-05-18 09:50:36
FLY-2G,Linkbasic 2 Metre UTP Cat5e Flylead Green,Miscellaneous,36.0,Units,0,2026-05-18 09:50:36
FLY-2,Linkbasic 2 Metre UTP Cat5e Flylead Grey,Miscellaneous,36.0,Units,0,2026-05-18 09:50:36
FLY-2R,Linkbasic 2 Metre UTP Cat5e Flylead Red,Miscellaneous,36.0,Units,0,2026-05-18 09:50:36
FLY-2Y,Linkbasic 2 Metre UTP Cat5e Flylead Yellow,Miscellaneous,36.0,Units,0,2026-05-18 09:50:36
FLY-6-2B,Linkbasic 2 Metre UTP Cat6 Flylead Blue,Miscellaneous,43.0,Units,0,2026-05-18 09:50:36
FLY-6-2G,Linkbasic 2 Metre UTP Cat6 Flylead Green,Miscellaneous,43.0,Units,0,2026-05-18 09:50:36
FLY-6-2,Linkbasic 2 Metre UTP Cat6 Flylead Grey,Miscellaneous,43.0,Units,0,2026-05-18 09:50:36
FLY-6-2R,Linkbasic 2 Metre UTP Cat6 Flylead Red,Miscellaneous,43.0,Units,0,2026-05-18 09:50:36
FLY-6-2Y,Linkbasic 2 Metre UTP Cat6 Flylead Yellow,Miscellaneous,43.0,Units,0,2026-05-18 09:50:36
FLY-6A-2,Linkbasic 2 Metre UTP Cat6a Flylead Grey,Miscellaneous,65.0,Units,0,2026-05-18 09:50:36
TC-FLY20,Linkbasic 20M Shielded UV Protected Cat5e Flylead,Miscellaneous,420.0,Units,0,2026-05-18 09:50:36
CAB-22U6,Linkbasic 22U 600 Deep Cabinet 2 Fans & 2 Shelves,Racks,6025.0,Units,0,2026-05-18 09:50:36
CAB-22UR,Linkbasic 22U 600 Deep Open Rack & 2 Shelves,Racks,3050.0,Units,0,2026-05-18 09:50:36
FLY-0.2BL,Linkbasic 22cm UTP Cat5e Flylead Black,Miscellaneous,16.0,Units,0,2026-05-18 09:50:36
FLY-0.2B,Linkbasic 22cm UTP Cat5e Flylead Blue,Miscellaneous,16.0,Units,0,2026-05-18 09:50:36
FLY-0.2G,Linkbasic 22cm UTP Cat5e Flylead Green,Miscellaneous,16.0,Units,0,2026-05-18 09:50:36
FLY-0.2,Linkbasic 22cm UTP Cat5e Flylead Grey,Miscellaneous,16.0,Units,0,2026-05-18 09:50:36
FLY-0.2O,Linkbasic 22cm UTP Cat5e Flylead Orange,Miscellaneous,16.0,Units,0,2026-05-18 09:50:36
FLY-0.2R,Linkbasic 22cm UTP Cat5e Flylead Red,Miscellaneous,16.0,Units,0,2026-05-18 09:50:36
FLY-0.2W,Linkbasic 22cm UTP Cat5e Flylead White,Miscellaneous,16.0,Units,0,2026-05-18 09:50:36
FLY-0.2Y,Linkbasic 22cm UTP Cat5e Flylead Yellow,Miscellaneous,16.0,Units,0,2026-05-18 09:50:36
FLY-6-0.2,Linkbasic 22cm UTP Cat6 Patch Cable Grey,Miscellaneous,22.0,Units,0,2026-05-18 09:50:36
LB-PP24,Linkbasic 24 Port Cat5e Rack Mount Patch Panel,Panels,420.0,Units,0,2026-05-18 09:50:36
LB-PP246,Linkbasic 24 Port Cat6 Rack Mount Patch Panel,Panels,615.0,Units,0,2026-05-18 09:50:36
LB-PP246A,Linkbasic 24 Port Cat6a Rack Mount Patch Panel,Panels,750.0,Units,0,2026-05-18 09:50:36
LB-PP24S,Linkbasic 24 Port Shielded Rack Mount Patch Panel,Panels,650.0,Units,0,2026-05-18 09:50:36
CAB-T275,Linkbasic 275mm 19-inch Rear Supported Tray,Miscellaneous,275.0,Units,0,2026-05-18 09:50:36
CAB-27U1M,Linkbasic 27U 1M Deep Cabinet 4 Fans & 2 Shelves,Racks,8895.0,Units,0,2026-05-18 09:50:36
CAB-27U,Linkbasic 27U 800 Deep Cabinet 4 Fans & 2 Shelves,Racks,8050.0,Units,0,2026-05-18 09:50:36
CAB-27UPD,Linkbasic 27U Perforated Door for 800mm or 1M Deep Cabinet,Miscellaneous,1425.0,Units,0,2026-05-18 09:50:36
TC-FLY02,Linkbasic 2M Shielded UV Protected Cat5e Flylead,Miscellaneous,60.0,Units,0,2026-05-18 09:50:36
CAB-2URW,Linkbasic 2U Wall Mount Open Rack,Miscellaneous,430.0,Units,0,2026-05-18 09:50:36
FLY-3S,Linkbasic 3 Metre FTP Cat5e Flylead Blue,Miscellaneous,75.0,Units,0,2026-05-18 09:50:36
FLY-3B,Linkbasic 3 Metre UTP Cat5e Flylead Blue,Miscellaneous,50.0,Units,0,2026-05-18 09:50:36
FLY-3G,Linkbasic 3 Metre UTP Cat5e Flylead Green,Miscellaneous,50.0,Units,0,2026-05-18 09:50:36
FLY-3,Linkbasic 3 Metre UTP Cat5e Flylead Grey,Miscellaneous,50.0,Units,0,2026-05-18 09:50:36
FLY-3R,Linkbasic 3 Metre UTP Cat5e Flylead Red,Miscellaneous,50.0,Units,0,2026-05-18 09:50:36
FLY-3Y,Linkbasic 3 Metre UTP Cat5e Flylead Yellow,Miscellaneous,50.0,Units,0,2026-05-18 09:50:36
FLY-6-3B,Linkbasic 3 Metre UTP Cat6 Flylead Blue,Miscellaneous,60.0,Units,0,2026-05-18 09:50:36
FLY-6-3G,Linkbasic 3 Metre UTP Cat6 Flylead Green,Miscellaneous,60.0,Units,0,2026-05-18 09:50:36
FLY-6-3,Linkbasic 3 Metre UTP Cat6 Flylead Grey,Miscellaneous,60.0,Units,0,2026-05-18 09:50:36
FLY-6-3R,Linkbasic 3 Metre UTP Cat6 Flylead Red,Miscellaneous,60.0,Units,0,2026-05-18 09:50:36
FLY-6-3Y,Linkbasic 3 Metre UTP Cat6 Flylead Yellow,Miscellaneous,60.0,Units,0,2026-05-18 09:50:36
FLY-6A-3,Linkbasic 3 Metre UTP Cat6a Flylead Grey,Miscellaneous,85.0,Units,0,2026-05-18 09:50:36
CAB-T300,Linkbasic 300mm 19-inch Front Mount Tray,Miscellaneous,395.0,Units,0,2026-05-18 09:50:36
UTP-305B,Linkbasic 305M Box Cat5e Solid Blue UTP Cable,Miscellaneous,2475.0,Units,0,2026-05-18 09:50:36
UTP-305,Linkbasic 305M Box Cat5e Solid Grey UTP Cable,Miscellaneous,2475.0,Units,0,2026-05-18 09:50:36
UTP-305R,Linkbasic 305M Box Cat5e Solid Red UTP Cable,Miscellaneous,2475.0,Units,0,2026-05-18 09:50:36
UTP-F,Linkbasic 305M Box Cat5e Stranded Grey UTP Cable,Miscellaneous,3295.0,Units,0,2026-05-18 09:50:36
UTP-6305,Linkbasic 305M Box Cat6 Solid Grey UTP Cable,Miscellaneous,3375.0,Units,0,2026-05-18 09:50:36
UTP-305S,Linkbasic 305M Drum Cat5e Solid Shielded Grey FTP Cable,Miscellaneous,2995.0,Units,0,2026-05-18 09:50:36
UTP-6305A,Linkbasic 305M Drum Cat6a Solid Grey UTP Cable,Miscellaneous,3595.0,Units,0,2026-05-18 09:50:36
TC-305,Linkbasic 305M Shielded UV Protected Cat5e Cable,Miscellaneous,3495.0,Units,0,2026-05-18 09:50:36
TC-6305,Linkbasic 305M Shielded UV Protected Cat6 Cable,Miscellaneous,4250.0,Units,0,2026-05-18 09:50:36
TC-FLY30,Linkbasic 30M Shielded UV Protected Cat5e Flylead,Miscellaneous,575.0,Units,0,2026-05-18 09:50:36
CAB-T350S,Linkbasic 350mm 19-Inch Rear Supported Sliding Tray,Miscellaneous,750.0,Units,0,2026-05-18 09:50:36
CAB-T350,Linkbasic 350mm 19-inch Rear Supported Tray,Miscellaneous,295.0,Units,0,2026-05-18 09:50:36
CAB-42U1M,Linkbasic 42U 1M Deep Cabinet 4 Fans & 3 Shelves,Racks,11045.0,Units,0,2026-05-18 09:50:36
CAB-42U1P,Linkbasic 42U 1M Deep Cabinet 4 Fans 3 Shelves & Perforated Steel Doors,Racks,14095.0,Units,0,2026-05-18 09:50:36
CAB-42U,Linkbasic 42U 800 Deep Cabinet 4 Fans & 3 Shelves,Racks,10050.0,Units,0,2026-07-09 08:49:34
CAB-4U,Linkbasic 4U Preassembled Fixed Wall Box,Miscellaneous,1375.0,Units,0,2026-05-18 09:50:36
CAB-4URW,Linkbasic 4U Wall Mount Open Rack,Miscellaneous,650.0,Units,0,2026-05-18 09:50:36
FLY-5B,Linkbasic 5 Metre UTP Cat5e Flylead Blue,Miscellaneous,78.0,Units,0,2026-05-18 09:50:36
FLY-5G,Linkbasic 5 Metre UTP Cat5e Flylead Green,Miscellaneous,78.0,Units,0,2026-05-18 09:50:36
FLY-5,Linkbasic 5 Metre UTP Cat5e Flylead Grey,Miscellaneous,78.0,Units,0,2026-05-18 09:50:36
FLY-5R,Linkbasic 5 Metre UTP Cat5e Flylead Red,Miscellaneous,78.0,Units,0,2026-05-18 09:50:36
FLY-5Y,Linkbasic 5 Metre UTP Cat5e Flylead Yellow,Miscellaneous,78.0,Units,0,2026-05-18 09:50:36
FLY-6-5B,Linkbasic 5 Metre UTP Cat6 Flylead Blue,Miscellaneous,95.0,Units,0,2026-05-18 09:50:36
FLY-6-5G,Linkbasic 5 Metre UTP Cat6 Flylead Green,Miscellaneous,95.0,Units,0,2026-05-18 09:50:36
FLY-6-5,Linkbasic 5 Metre UTP Cat6 Flylead Grey,Miscellaneous,95.0,Units,0,2026-05-18 09:50:36
FLY-6-5R,Linkbasic 5 Metre UTP Cat6 Flylead Red,Miscellaneous,95.0,Units,0,2026-05-18 09:50:36
FLY-6-5Y,Linkbasic 5 Metre UTP Cat6 Flylead Yellow,Miscellaneous,95.0,Units,0,2026-05-18 09:50:36
FLY-6A-5,Linkbasic 5 Metre UTP Cat6a Flylead Grey,Miscellaneous,145.0,Units,0,2026-05-18 09:50:36
UTP-500,Linkbasic 500M Drum Cat5e Solid Grey UTP Cable,Miscellaneous,3995.0,Units,0,2026-05-18 09:50:36
UTP-6500,Linkbasic 500M Drum Cat6 Solid Grey UTP Cable,Miscellaneous,5450.0,Units,0,2026-05-18 09:50:36
TC-500,Linkbasic 500M Shielded UV Protected Cat5e Cable,Miscellaneous,5750.0,Units,0,2026-05-18 09:50:36
TC-6500,Linkbasic 500M Shielded UV Protected Cat6 Cable,Miscellaneous,6895.0,Units,0,2026-05-18 09:50:36
TC-FLY50,Linkbasic 50M Shielded UV Protected Cat5e Flylead,Miscellaneous,950.0,Units,0,2026-05-18 09:50:36
FLY-0.5BL,Linkbasic 50cm UTP Cat5e Flylead Black,Miscellaneous,17.5,Units,0,2026-05-18 09:50:36
FLY-0.5B,Linkbasic 50cm UTP Cat5e Flylead Blue,Miscellaneous,17.5,Units,0,2026-05-18 09:50:36
FLY-0.5G,Linkbasic 50cm UTP Cat5e Flylead Green,Miscellaneous,17.5,Units,0,2026-05-18 09:50:36
FLY-0.5,Linkbasic 50cm UTP Cat5e Flylead Grey,Miscellaneous,17.5,Units,0,2026-05-18 09:50:36
FLY-0.5O,Linkbasic 50cm UTP Cat5e Flylead Orange,Miscellaneous,17.5,Units,0,2026-05-18 09:50:36
FLY-0.5R,Linkbasic 50cm UTP Cat5e Flylead Red,Miscellaneous,17.5,Units,0,2026-05-18 09:50:36
FLY-0.5W,Linkbasic 50cm UTP Cat5e Flylead White,Miscellaneous,17.5,Units,0,2026-05-18 09:50:36
FLY-0.5Y,Linkbasic 50cm UTP Cat5e Flylead Yellow,Miscellaneous,17.5,Units,0,2026-05-18 09:50:36
FLY-6-0.5,Linkbasic 50cm UTP Cat6 Flylead Grey,Miscellaneous,23.0,Units,0,2026-05-18 09:50:36
CAB-T550,Linkbasic 550mm 19-inch Rear Supported Tray,Miscellaneous,395.0,Units,0,2026-05-18 09:50:36
TC-FLY05,Linkbasic 5M Shielded UV Protected Cat5e Flylead,Miscellaneous,120.0,Units,0,2026-05-18 09:50:36
CAB-P06,Linkbasic 6 Way Aluminium Moulded Rack Mount PDU,Miscellaneous,430.0,Units,0,2026-05-18 09:50:36
CAB-6U,Linkbasic 6U Fixed Wall Box,Miscellaneous,1775.0,Units,0,2026-05-18 09:50:36
CAB-6UB,Linkbasic 6U Preassembled Fixed Wall Box,Miscellaneous,1795.0,Units,0,2026-05-18 09:50:36
CAB-6US,Linkbasic 6U Swing Frame Wall Box,Miscellaneous,2375.0,Units,0,2026-05-18 09:50:36
CAB-6URW,Linkbasic 6U Wall Mount Open Rack,Miscellaneous,850.0,Units,0,2026-05-18 09:50:36
CAB-T700,Linkbasic 700mm 19-inch Rear Supported Tray,Miscellaneous,550.0,Units,0,2026-05-18 09:50:36
CAB-9U,Linkbasic 9U Fixed Wall Box,Miscellaneous,1885.0,Units,0,2026-05-18 09:50:36
CAB-9UB,Linkbasic 9U Preassembled Fixed Wall Box,Miscellaneous,1950.0,Units,0,2026-05-18 09:50:36
CAB-9US,Linkbasic 9U Swing Frame Wall Box,Miscellaneous,2525.0,Units,0,2026-05-18 09:50:36
SFP-AOC5,Linkbasic Active Optical Cable 5m 10G SFP+ Uplink Cable,Miscellaneous,715.0,Units,0,2026-05-18 09:50:36
RJ45B-BL,Linkbasic Black Boots RJ45,Miscellaneous,0.95,Units,0,2026-05-18 09:50:36
RJ45B-6FTPBL,Linkbasic Black Boots for RJ45-6FTP,Miscellaneous,1.5,Units,0,2026-05-18 09:50:36
RJ45B-B,Linkbasic Blue Boots RJ45,Miscellaneous,0.95,Units,0,2026-05-18 09:50:36
SFP-DQB100,Linkbasic Breakout Cable 1M 1 QSFP28 to 4 SFP28 Uplink Cable,Miscellaneous,1580.0,Units,0,2026-05-18 09:50:36
SFP-DQB4,Linkbasic Breakout Cable 3m 1 QSFP to 4 SFP+ Uplink Cable,Miscellaneous,1225.0,Units,0,2026-05-18 09:50:36
LB-SM2,Linkbasic Cat5e Double Surface Mount Box,Miscellaneous,50.0,Units,0,2026-05-18 09:50:36
LB-KEY45S,Linkbasic Cat5e Shielded UTP Keystone Jack,Miscellaneous,36.0,Units,0,2026-05-18 09:50:36
LB-SM1,Linkbasic Cat5e Single Surface Mount Box,Miscellaneous,30.0,Units,0,2026-05-18 09:50:36
LB-KEY45,Linkbasic Cat5e UTP Keystone Jack,Miscellaneous,20.0,Units,0,2026-05-18 09:50:36
LB-SM4,Linkbasic Cat6 Double Surface Mount Box,Miscellaneous,55.0,Units,0,2026-05-18 09:50:36
LB-SM3,Linkbasic Cat6 Single Surface Mount Box,Miscellaneous,40.0,Units,0,2026-05-18 09:50:36
LB-KEY6,Linkbasic Cat6 UTP Keystone Jack,Miscellaneous,23.0,Units,0,2026-05-18 09:50:36
LB-SM6,Linkbasic Cat6a Double Surface Mount Box,Miscellaneous,85.0,Units,0,2026-05-18 09:50:36
LB-SM5,Linkbasic Cat6a Single Surface Mount Box,Miscellaneous,50.0,Units,0,2026-05-18 09:50:36
LB-KEY6A,Linkbasic Cat6a UTP Keystone Jack,Miscellaneous,40.0,Units,0,2026-05-18 09:50:36
SFP-DQ1,Linkbasic Direct Attached 1m 40G QSFP+ Uplink Cable,Miscellaneous,675.0,Units,0,2026-05-18 09:50:36
SFP-DC1,Linkbasic Direct Attached Copper 1m 10G SFP+ Uplink Cable,Miscellaneous,250.0,Units,0,2026-05-18 09:50:36
SFP-DC3,Linkbasic Direct Attached Copper 3m 10G SFP+ Uplink Cable,Miscellaneous,325.0,Units,0,2026-05-18 09:50:36
SFP-DC5,Linkbasic Direct Attached Copper 5m 10G SFP+ Uplink Cable,Miscellaneous,490.0,Units,0,2026-05-18 09:50:36
SFP-D100G1,Linkbasic Direct Attached QSFP28 1m 100G Uplink Cable,Miscellaneous,950.0,Units,0,2026-05-18 09:50:36
SFP-D25G1,Linkbasic Direct Attached SFP28 1m 25G Uplink Cable,Miscellaneous,430.0,Units,0,2026-05-18 09:50:36
CAB-MAN,Linkbasic Front Cable Management Panel,Miscellaneous,115.0,Units,0,2026-05-18 09:50:36
RJ45B-G,Linkbasic Green Boots RJ45,Miscellaneous,0.95,Units,0,2026-05-18 09:50:36
RJ45B,Linkbasic Grey Boots RJ45,Miscellaneous,0.95,Units,0,2026-05-18 09:50:36
RJ45B-6FTP,Linkbasic Grey Boots for RJ45-6FTP,Miscellaneous,1.5,Units,0,2026-05-18 09:50:36
CAB-MR27,Linkbasic Network Cabinet 27U Mounting Rail,Racks,315.0,Units,0,2026-05-18 09:50:36
CAB-MR42,Linkbasic Network Cabinet 42U Mounting Rail,Racks,395.0,Units,0,2026-05-18 09:50:36
LB-FM1,Linkbasic One Port Faceplate 115 x 70mm,Panels,9.0,Units,0,2026-05-18 09:50:36
CAB-FAN,Linkbasic Panel Fan with Finger Guard,Miscellaneous,185.0,Units,0,2026-05-18 09:50:36
CAB-MANC,Linkbasic Plastic Cable Management Clip,Miscellaneous,30.0,Units,0,2026-05-18 09:50:36
RJ45CB-BL,Linkbasic RJ45 Black Crimp Boot,Miscellaneous,0.95,Units,0,2026-05-18 09:50:36
RJ45CB-B,Linkbasic RJ45 Blue Crimp Boot,Miscellaneous,0.95,Units,0,2026-05-18 09:50:36
RJ45-FTP,Linkbasic RJ45 Cat5e Shielded FTP Modular Plug,Miscellaneous,3.94,Units,0,2026-05-18 09:50:36
RJ-45,Linkbasic RJ45 Cat5e UTP Modular Plug,Miscellaneous,1.5,Units,0,2026-05-18 09:50:36
RJ45-6FTP,Linkbasic RJ45 Cat6 Shielded FTP Modular Plug,Miscellaneous,9.95,Units,0,2026-05-18 09:50:36
RJ45-CAT6,Linkbasic RJ45 Cat6 UTP Modular Plug,Miscellaneous,3.0,Units,0,2026-05-18 09:50:36
RJ45-6A,Linkbasic RJ45 Cat6a UTP Modular Plug,Miscellaneous,7.25,Units,0,2026-05-18 09:50:36
RJ45CB,Linkbasic RJ45 Grey Crimp Boot,Miscellaneous,0.95,Units,0,2026-05-18 09:50:36
RJ45CB-O,Linkbasic RJ45 Orange Crimp Boot,Miscellaneous,0.95,Units,0,2026-05-18 09:50:36
RJ45CB-R,Linkbasic RJ45 Red Crimp Boot,Miscellaneous,0.95,Units,0,2026-05-18 09:50:36
CAB-MAN2,Linkbasic Rear Cable Management Panel,Miscellaneous,50.0,Units,0,2026-05-18 09:50:36
RJ45B-R,Linkbasic Red Boots RJ45,Miscellaneous,0.95,Units,0,2026-05-18 09:50:36
CAB-CT10M,Linkbasic Reusable Cable Tie 10000x15mm,Miscellaneous,110.0,Units,0,2026-05-18 09:50:36
CAB-CT200,Linkbasic Reusable Cable Tie 200x12mm 12 Pack,Miscellaneous,30.0,Units,0,2026-05-18 09:50:36
CAB-SLOCK,Linkbasic Side Door Lock for Linkbasic Cabinets,Miscellaneous,40.0,Units,0,2026-05-18 09:50:36
LB-FM2,Linkbasic Two Port Faceplate 115 x 70mm,Panels,9.0,Units,0,2026-05-18 09:50:36
TOOL-STRIP,Linkbasic UTP Cable Stripper Tool,Miscellaneous,45.0,Units,0,2026-05-18 09:50:36
TOOL-TEST,Linkbasic UTP Cable Tester,Miscellaneous,180.0,Units,0,2026-05-18 09:50:36
TOOL-CRIMP,Linkbasic UTP Combo Crimp Tool RJ11/RJ12/RJ45,Miscellaneous,175.0,Units,0,2026-05-18 09:50:36
TOOL-KRONE,Linkbasic UTP Krone Tool,Miscellaneous,50.0,Units,0,2026-05-18 09:50:36
UTP-PM,Linkbasic UTP Solid Cat5e Cable per Metre,Miscellaneous,10.5,Units,0,2026-05-18 09:50:36
RJ45B-Y,Linkbasic Yellow Boots RJ45,Miscellaneous,0.95,Units,0,2026-05-18 09:50:36
LBB2,Little Black Box 10 Front Ends Aria and Alba,Miscellaneous,12833.91,Units,0,2026-05-18 09:50:36
UACC-Pro-Bullet-Enhancer-W,"Long-range IR LED, floodlight, and radar detection accessory for the G6 Pro Bullet",Uncategorised,4950.0,Units,0,2026-07-15 11:10:32
SC-1-MN,Lutron 1 Gang Cover Plate  Midnight,Miscellaneous,278.26,Units,0,2026-05-18 09:50:36
SC-1-SW,Lutron 1 Gang Cover Plate  Snow,Miscellaneous,278.26,Units,0,2026-05-18 09:50:36
LFGR-1-CWH,Lutron 1Gang Faceplate US Clear Wh Glass,Panels,1304.35,Units,0,2026-05-18 09:50:36
LWT-S-A-SN,Lutron 1Gang Palladiom FacePlate (Nickel,Panels,3391.3,Units,0,2026-05-18 09:50:36
LWT-U-P-CWH,Lutron 1Gang faceplate kits (Clear Wh),Panels,2956.52,Units,0,2026-05-18 09:50:36
LWT-U-P-GR,Lutron 1Gang faceplate kits (Grey),Panels,1043.48,Units,0,2026-05-18 09:50:36
SC-2-MN,Lutron 2 Gang Cover Plate  Midnight,Miscellaneous,391.3,Units,0,2026-05-18 09:50:36
SC-2-SW,Lutron 2 Gang Cover Plate  Snow,Miscellaneous,391.3,Units,0,2026-05-18 09:50:36
HQWT-S-P2RW-CWH,Lutron 2But Left RL Right w/Eng Credit,Miscellaneous,24869.57,Units,0,2026-05-18 09:50:36
HQWT-U-P2W-BE-E,Lutron 2Button PreEng Beige Polymer,Miscellaneous,8608.7,Units,0,2026-05-18 09:50:36
HQWT-U-P2W-WH-E,Lutron 2Button PreEng White Polymer,Miscellaneous,8608.7,Units,0,2026-05-18 09:50:36
LWT-S-AA-WH,Lutron 2Gang Palladiom FacePlate (White),Panels,1652.17,Units,0,2026-05-18 09:50:36
LWT-U-PP-GR,Lutron 2Gang faceplate kits (Grey),Panels,1565.22,Units,0,2026-05-18 09:50:36
RKA-W3BSRLN-WHE,Lutron 3BRL SeeTouch Button Kit White,Keypads,0.0,Units,0,2026-05-18 09:50:36
HQWT-U-P3W-AL-E,Lutron 3But w/ RandL PreEng Almond Polymer,Miscellaneous,8608.7,Units,0,2026-05-18 09:50:36
HQWT-U-PRW-GR-E,Lutron 3But w/ RandL PreEng Grey Polymer,Miscellaneous,8608.7,Units,0,2026-05-18 09:50:36
SC-3-MN,Lutron 3Gang Faceplate Matte Black,Panels,547.83,Units,0,2026-05-18 09:50:36
SC-3-SW,Lutron 3Gang Faceplate Matte White,Panels,547.83,Units,0,2026-05-18 09:50:36
LWT-S-AAA-WH,Lutron 3Gang Palladiom FacePlate (White),Panels,2608.7,Units,0,2026-05-18 09:50:36
LWT-S-PPPP-BL,Lutron 4 Gang Faceplate Black,Panels,3913.04,Units,0,2026-05-18 09:50:36
LWT-S-PPPP-GR,Lutron 4 Gang Faceplate Grey,Panels,3913.04,Units,0,2026-05-18 09:50:36
HQWT-S-P42W-PGE,Lutron 4But 2But PreEng Polish Graphite,Miscellaneous,22608.7,Units,0,2026-05-18 09:50:36
HQWT-S-P44W-SBE,Lutron 4But 4But PreEng Satin Brass,Miscellaneous,17478.26,Units,0,2026-05-18 09:50:36
HQWT-B-P4W-CBLE,Lutron 4Button Keypad Black Glass,Keypads,9130.43,Units,0,2026-05-18 09:50:36
HQWT-S-P4W-BB-E,Lutron 4Button PreEng BrightBrass,Miscellaneous,11391.3,Units,0,2026-05-18 09:50:36
PD8-64-F,Lutron 64In Low Volt Section,Miscellaneous,28347.83,Units,0,2026-05-18 09:50:36
HQWA-W6BRLN-CLA,Lutron 6But w/ RandL Clear Anodized Alum,Miscellaneous,12521.74,Units,0,2026-05-18 09:50:36
HW-NW-KP-S1-ABE,Lutron Alisse S1 Keypad (Aged Brass),Keypads,9130.43,Units,0,2026-05-18 09:50:36
HW-NW-KP-S1-AZE,Lutron Alisse S1 Keypad (Aged Bronze),Keypads,9217.39,Units,0,2026-05-18 09:50:36
HW-NW-KP-S1-AWH,Lutron Alisse S1 Keypad (Arch White),Keypads,9565.22,Units,0,2026-07-09 09:01:31
HW-NW-KP-S1-BCE,Lutron Alisse S1 Keypad (Bright Chrome),Keypads,9217.39,Units,0,2026-05-18 09:50:36
HW-NW-KP-S1-BWH,Lutron Alisse S1 Keypad (Brill White),Keypads,8608.7,Units,0,2026-05-18 09:50:36
HW-NW-KP-S1-BRB,Lutron Alisse S1 Keypad (Brushed Brass),Keypads,9826.09,Units,0,2026-05-18 09:50:36
HW-NW-KP-S1-CPE,Lutron Alisse S1 Keypad (Champagne),Keypads,12086.96,Units,0,2026-05-18 09:50:36
HW-NW-KP-S1-GPE,Lutron Alisse S1 Keypad (Graphite),Keypads,10347.83,Units,0,2026-05-18 09:50:36
HW-NW-KP-S1-BLE,Lutron Alisse S1 Keypad (Matte Black),Keypads,8086.96,Units,0,2026-05-18 09:50:36
HW-NW-KP-S1-SNE,Lutron Alisse S1 Keypad (Satin Nickel),Keypads,10782.61,Units,0,2026-07-09 09:12:16
HW-NW-KP-S1-SWH,Lutron Alisse S1 Keypad (Snow White),Keypads,8608.7,Units,0,2026-05-18 09:50:36
HW-NW-KP-S2-ABE,Lutron Alisse S2 Keypad (Aged Brass),Keypads,12869.57,Units,0,2026-05-18 09:50:36
HW-NW-KP-S2-AZE,Lutron Alisse S2 Keypad (Aged Bronze),Keypads,14956.52,Units,0,2026-05-18 09:50:36
HW-NW-KP-S2-AWH,Lutron Alisse S2 Keypad (Arch White),Keypads,13652.17,Units,0,2026-07-09 09:06:02
HW-NW-KP-S2-BCE,Lutron Alisse S2 Keypad (Bright Chrome),Keypads,12869.57,Units,0,2026-05-18 09:50:36
HW-NW-KP-S2-BWH,Lutron Alisse S2 Keypad (Brill White),Keypads,12347.83,Units,0,2026-05-18 09:50:36
HW-NW-KP-S2-BRB,Lutron Alisse S2 Keypad (Brushed Brass),Keypads,13565.22,Units,0,2026-05-18 09:50:36
HW-NW-KP-S2-CPE,Lutron Alisse S2 Keypad (Champagne),Keypads,16260.87,Units,0,2026-05-18 09:50:36
HW-NW-KP-S2-GPE,Lutron Alisse S2 Keypad (Graphite),Keypads,16260.87,Units,0,2026-05-18 09:50:36
HW-NW-KP-S2-BLE,Lutron Alisse S2 Keypad (Matte Black),Keypads,11565.22,Units,0,2026-05-18 09:50:36
HW-NW-KP-S2-SNE,Lutron Alisse S2 Keypad (Satin Nickel),Keypads,14956.52,Units,0,2026-05-18 09:50:36
HW-NW-KP-S2-SWH,Lutron Alisse S2 Keypad (Snow White),Keypads,12347.83,Units,0,2026-05-18 09:50:36
HW-NW-KP-S3-ABE,Lutron Alisse S3 Keypad (Aged Brass),Keypads,16347.83,Units,0,2026-05-18 09:50:36
HW-NW-KP-S3-AZE,Lutron Alisse S3 Keypad (Aged Bronze),Keypads,16347.83,Units,0,2026-05-18 09:50:36
HW-NW-KP-S3-AWH,Lutron Alisse S3 Keypad (Arch White),Keypads,17739.13,Units,0,2026-07-15 11:13:08
HW-NW-KP-S3-BCE,Lutron Alisse S3 Keypad (Bright Chrome),Keypads,16347.83,Units,0,2026-05-18 09:50:36
HW-NW-KP-S3-BWH,Lutron Alisse S3 Keypad (Brill White),Keypads,16086.96,Units,0,2026-05-18 09:50:36
HW-NW-KP-S3-CPE,Lutron Alisse S3 Keypad (Champagne),Keypads,20347.83,Units,0,2026-05-18 09:50:36
HW-NW-KP-S3-GPE,Lutron Alisse S3 Keypad (Graphite),Keypads,17478.26,Units,0,2026-05-18 09:50:36
HW-NW-KP-S3-BLE,Lutron Alisse S3 Keypad (Matte Black),Keypads,15130.43,Units,0,2026-05-18 09:50:36
HW-NW-KP-S3-SNE,Lutron Alisse S3 Keypad (Satin Nickel),Keypads,19043.48,Units,0,2026-07-09 09:13:10
HW-NW-KP-S3-SWH,Lutron Alisse S3 Keypad (Snow White),Keypads,17739.13,Units,0,2026-05-18 09:50:36
RKA-W2BSI-WH-E,Lutron Arch 2BSI BTN Kit White Engraved,Miscellaneous,1739.13,Units,0,2026-05-18 09:50:36
RKA-W4BSI-WH-E,Lutron Arch 4BSI BTN Kit White Engraved,Miscellaneous,1739.13,Units,0,2026-05-18 09:50:36
RKA-W5BI-WH-E,Lutron Arch 5BI BTN Kit White Engraved,Miscellaneous,1739.13,Units,0,2026-05-18 09:50:36
RKA-W5BRLN-BL-E,Lutron Arch 5BRL N/Ins BTN Kit Blk Eng,Miscellaneous,1739.13,Units,0,2026-05-18 09:50:36
RKA-W5BRLN-WH-E,Lutron Arch 5BRL N/Ins BTN Kit White Eng,Miscellaneous,1739.13,Units,0,2026-05-18 09:50:36
RKA-W5BRLI-WH-E,Lutron Arch 5BSRLI BTN Kit White Engrave,Miscellaneous,1739.13,Units,0,2026-05-18 09:50:36
RKA-W6BRLI-WH-E,Lutron Arch 6BSRLI BTN Kit White Engrave,Miscellaneous,1739.13,Units,0,2026-05-18 09:50:36
HQWT-B-P2W-QB-E,Lutron Base Pal 1Col 2B Antique Brass,Miscellaneous,9913.04,Units,0,2026-05-18 09:50:36
HQWT-B-P3W-QB-E,Lutron Base Pal 1Col 3B Antique Brass,Miscellaneous,9913.04,Units,0,2026-05-18 09:50:36
HQWT-B-P4W-QB-E,Lutron Base Pal 1Col 4B Antique Brass,Miscellaneous,9913.04,Units,0,2026-05-18 09:50:36
HQWT-B-P22W-QBE,Lutron Base Pal 2Col 2B Antique Brass,Miscellaneous,15652.17,Units,0,2026-05-18 09:50:36
HQWT-B-P2RW-QBE,Lutron Base Pal 2Col 2B3BRL Antique Bras,Miscellaneous,15652.17,Units,0,2026-05-18 09:50:36
HQWT-B-P24W-QBE,Lutron Base Pal 2Col 2B4B Antique Brass,Miscellaneous,15652.17,Units,0,2026-05-18 09:50:36
HQWT-B-PRRW-QBE,Lutron Base Pal 2Col 3BRL Antique Brass,Miscellaneous,15652.17,Units,0,2026-05-18 09:50:36
HQWT-B-PR4W-QBE,Lutron Base Pal 2Col 3BRL2B Antique Bras,Miscellaneous,15652.17,Units,0,2026-05-18 09:50:36
HQWT-B-PR2W-QBE,Lutron Base Pal 2Col 3BRL2B Antique Bras,Miscellaneous,15652.17,Units,0,2026-05-18 09:50:36
HQWT-B-P42W-QBE,Lutron Base Pal 2Col 4B2B Antique Brass,Miscellaneous,15652.17,Units,0,2026-05-18 09:50:36
HQWT-B-P4RW-QBE,Lutron Base Pal 2Col 4B3BRL AntiqueBrass,Miscellaneous,15652.17,Units,0,2026-05-18 09:50:36
HQWT-B-P44W-QBE,Lutron Base Pal 2Col 4B4B Antique Brass,Miscellaneous,15652.17,Units,0,2026-05-18 09:50:36
HQWT-S-P44W-GRE,Lutron Base Unit 4B4B Black PreEng,Miscellaneous,12608.7,Units,0,2026-05-18 09:50:36
HQWT-B-P44W-GRE,Lutron Base Unit 4B4B Grey PreEng,Miscellaneous,10869.57,Units,0,2026-05-18 09:50:36
HW-QS-B-R1,Lutron Base Unit RD BB,Miscellaneous,5130.43,Units,0,2026-05-18 09:50:36
HW-QS-B-R3,Lutron Base Unit RD BB 3 Column,Miscellaneous,5130.43,Units,0,2026-05-18 09:50:36
HW-QS-B-S1,Lutron Base unit SQ BB,Miscellaneous,5391.3,Units,0,2026-05-18 09:50:36
HW-QS-B-S3,Lutron Base unit SQ BB three column,Miscellaneous,5391.3,Units,0,2026-05-18 09:50:36
DV-BI-BL,Lutron Blank Insert (Gloss Black),Miscellaneous,173.91,Units,0,2026-05-18 09:51:48
DV-BI-WH,Lutron Blank Insert (Gloss White),Miscellaneous,173.91,Units,0,2026-05-18 09:51:48
SC-BI-MN,Lutron Blank Insert Satin Midnight,Miscellaneous,234.78,Units,0,2026-05-18 09:51:48
SC-BI-SW,Lutron Blank Insert Satin White,Miscellaneous,234.78,Units,0,2026-05-18 09:51:48
LBI,Lutron Blinds Installation,Miscellaneous,84812.5,Units,0,2026-07-15 11:13:49
LBP,Lutron Blinds Programming,Miscellaneous,0.0,Units,0,2026-07-15 11:14:36
CW-1-BL,Lutron CW1 Faceplate (Black),Panels,121.74,Units,0,2026-05-18 09:51:48
CW-1-WH,Lutron CW1 Faceplate (White),Panels,130.43,Units,0,2026-05-18 09:51:48
CW-2-BL,Lutron CW2 Faceplate (Black),Panels,234.78,Units,0,2026-05-18 09:51:48
CW-2-SS,Lutron CW2 Faceplate (Stainless Steel),Panels,495.65,Units,0,2026-05-18 09:51:48
CW-2-WH,Lutron CW2 Faceplate (White),Panels,260.87,Units,0,2026-05-18 09:51:48
CW-3-BL,Lutron CW3 Faceplate (Black),Panels,347.83,Units,0,2026-05-18 09:51:48
CW-3-SS,Lutron CW3 Faceplate (Stainless Steel),Panels,695.65,Units,0,2026-05-18 09:51:48
CW-3-WH,Lutron CW3 Faceplate (White),Panels,347.83,Units,0,2026-05-18 09:51:48
CW-4-BL,Lutron CW4 Faceplate (Black),Panels,478.26,Units,0,2026-05-18 09:51:48
CW-4-SS,Lutron CW4 Faceplate (Stainless Steel),Panels,956.52,Units,0,2026-05-18 09:51:48
CW-4-WH,Lutron CW4 Faceplate (White),Panels,478.26,Units,0,2026-05-18 09:51:48
PICO-CARVISORCL,Lutron Car Visor Clip,Miscellaneous,208.7,Units,0,2026-05-18 09:51:48
QSMX-4W-C,Lutron Connects to 4 wired sensors,Miscellaneous,4956.52,Units,0,2026-05-18 09:51:48
LMK-CC01-24-B,Lutron Contact Closure Output RF module,Miscellaneous,3043.48,Units,0,2026-05-18 09:51:48
PICO-CORDMOUNT,Lutron Cord Mount PICO Wireless Control,Miscellaneous,2434.78,Units,0,2026-05-18 09:51:48
PDW-T-1,Lutron DIN Panel 0-10V Wire Harness,Miscellaneous,1043.48,Units,0,2026-05-18 09:51:48
PD-BLANK-1,Lutron DIN Panel Blanking Plate 1 Piece,Miscellaneous,582.61,Units,0,2026-05-18 09:51:48
PDW-QS-10,Lutron DIN Panel PD10 QS Wire Harness,Miscellaneous,6173.91,Units,0,2026-05-18 09:51:48
QSE-CI-DMX,Lutron DMX control interface Low Voltage,Miscellaneous,19391.3,Units,0,2026-05-18 09:51:48
LQSE-4M-D,Lutron Din Rail Motor Control,Miscellaneous,16521.74,Units,0,2026-05-18 09:51:48
LQSE-4T10-D,Lutron Dinrail Power Module 010V Dim,Miscellaneous,15565.22,Units,0,2026-05-18 09:51:48
LOS-CDT-1000R-W,Lutron Dual Tech 1000 sq ft Sensor,Sensors,5391.3,Units,0,2026-05-18 09:51:48
LOS-CDT-500R-WH,Lutron Dual Tech 500 sq ft Sensor,Sensors,4260.87,Units,0,2026-05-18 09:51:48
EBB-1-SQ,Lutron Euro Backbox Round - Metal,Miscellaneous,434.78,Units,0,2026-05-18 09:51:48
EBB-15-SQ,Lutron Euro Backbox Round - Metal (15),Miscellaneous,2521.74,Units,0,2026-05-18 09:51:48
EBB-1-RD,Lutron Euro Backbox Round - Plastic,Miscellaneous,434.78,Units,0,2026-05-18 09:51:48
EBB-15-RD,Lutron Euro Backbox Round - Plastic (15),Miscellaneous,1565.22,Units,0,2026-05-18 09:51:48
GRX-CBL-46L-500,Lutron GRXCBL46L Keypad Cable (500ft),Keypads,32434.78,Units,0,2026-05-18 09:51:48
HQK-REP1,Lutron HQKREP1 Hybrid System Repeater,Miscellaneous,10695.65,Units,0,2026-05-18 09:51:48
HQK-T10CRL-SW,Lutron HQKT10CRL W/Keypad (Snow White),Keypads,16000.0,Units,0,2026-05-18 09:51:48
HQP7-1,Lutron HQP71 Homeworks Processor,Lighting Control Processors,30782.61,Units,0,2026-07-09 08:39:32
HQP7-2,Lutron HQP72 Homeworks Processor,Lighting Control Processors,38608.7,Units,0,2026-05-18 09:51:48
HQRK-R25NE-240,Lutron HQRKR25NE240 Reverse phase dimmer,Miscellaneous,4434.78,Units,0,2026-05-18 09:51:48
HQRK-R6ANS-240,Lutron HQRKR6ANS240 Switching module,Miscellaneous,4434.78,Units,0,2026-05-18 09:51:48
HQWIS-NB-NONE,Lutron HQWISNBNONE,Miscellaneous,7739.13,Units,0,2026-05-18 09:51:48
HQW-NB-NONE,Lutron HQWNBNONE,Miscellaneous,6608.7,Units,0,2026-05-18 09:51:48
HQWT-B-P2RW-GRE,Lutron HQWTBP2RW Keypad Custom (Grey),Keypads,11391.3,Units,0,2026-05-18 09:51:48
HQWT-B-P2W-CWH,Lutron HQWTBP2W Keypad Custom (CWH),Keypads,13043.48,Units,0,2026-05-18 09:51:48
HQWT-B-P4RW-CWH,Lutron HQWTBP4RW Keypad (CWH),Keypads,21652.17,Units,0,2026-05-18 09:51:48
HQWT-B-P4W-CWH,Lutron HQWTBP4W Keypad Custom (CWH),Keypads,13043.48,Units,0,2026-05-18 09:51:48
HQWT-S-P2RW-GR-,Lutron HQWTSP2RW Keypad (Grey),Keypads,19304.35,Units,0,2026-05-18 09:51:48
HQWT-S-P44W-BLE,Lutron HQWTSP44W Keypad Custom (Black),Keypads,12608.7,Units,0,2026-05-18 09:51:48
HQWT-S-P44W-WHE,Lutron HQWTSP44W Keypad Custom (White),Keypads,13913.04,Units,0,2026-05-18 09:51:48
HQWT-S-P44W-SNE,Lutron HQWTSP44W Keypad Custom(S/Nickel),Keypads,19304.35,Units,0,2026-05-18 09:51:48
HQWT-S-P44W-CBL,Lutron HQWTSP44W keypad Black Glass,Keypads,24869.57,Units,0,2026-05-18 09:51:48
HQWT-S-P4RW-SN,Lutron HQWTSP4RW Keypad (Satin Nickel),Keypads,24869.57,Units,0,2026-05-18 09:51:48
HQWT-S-P4RW-WH,Lutron HQWTSP4RW Keypad (White),Keypads,19304.35,Units,0,2026-05-18 09:51:48
HQWT-S-P4RW-WHE,Lutron HQWTSP4RW Keypad Custom (White),Keypads,12608.7,Units,0,2026-05-18 09:51:48
HQWT-S-P4W-BB,Lutron HQWTSP4W Keypad (B/Brass),Keypads,15130.43,Units,0,2026-05-18 09:51:48
HQWT-S-P4W-BL,Lutron HQWTSP4W Keypad (Black),Keypads,11652.17,Units,0,2026-05-18 09:51:48
HQWT-S-P4W-SN,Lutron HQWTSP4W Keypad (Satin Nickel),Keypads,15130.43,Units,0,2026-05-18 09:51:48
HQWT-S-P4W-WH,Lutron HQWTSP4W Keypad (White),Keypads,11652.17,Units,0,2026-05-18 09:51:48
HQWT-S-P4W-BL-E,Lutron HQWTSP4W Keypad Custom (Black),Keypads,8434.78,Units,0,2026-05-18 09:51:48
HQWT-S-P4W-CWHE,Lutron HQWTSP4W Keypad Custom (CWH),Keypads,11391.3,Units,0,2026-05-18 09:51:48
HQWT-S-P4W-SN-E,Lutron HQWTSP4W Keypad Custom (S/Nickel),Keypads,12608.7,Units,0,2026-05-18 09:51:48
HQWT-S-P4W-WH-E,Lutron HQWTSP4W Keypad Custom (White),Keypads,8434.78,Units,0,2026-05-18 09:51:48
HQWT-S-P4W-CBL,Lutron HQWTSP4W keypad Black Glass,Keypads,15130.43,Units,0,2026-05-18 09:51:48
HQWT-S-PR4WBB,Lutron HQWTSPR4W Keypad (B/Brass),Keypads,24869.57,Units,0,2026-05-18 09:51:48
HQWT-S-PR4WCBLE,Lutron HQWTSPR4W Keypad Custom (CBL),Keypads,17478.26,Units,0,2026-05-18 09:51:48
HQWT-S-PR4W-WHE,Lutron HQWTSPR4W Keypad Custom (White),Keypads,12608.7,Units,0,2026-05-18 09:51:48
HQWT-T-HW-BL-A,Lutron HQWTTHW Thermostat (Black),Miscellaneous,16260.87,Units,0,2026-05-18 09:51:48
HQWT-T-HW-CBL-A,Lutron HQWTTHW Thermostat (CBL),Miscellaneous,21391.3,Units,0,2026-05-18 09:51:48
HQWT-T-HW-WH-A,Lutron HQWTTHW Thermostat (White),Miscellaneous,16260.87,Units,0,2026-05-18 09:51:48
HQWT-T-HW-CWH-A,Lutron HQWTTHWCWHA Thermostat Clear WG,Miscellaneous,21391.3,Units,0,2026-05-18 09:51:48
HQWT-U-P2W-CWH,Lutron HQWTUP2W Keypad (CWH),Keypads,15304.35,Units,0,2026-05-18 09:51:48
HQWT-U-P2W-BL-E,Lutron HQWTUP2W Keypad Custom (Black),Keypads,8608.7,Units,0,2026-05-18 09:51:48
HQWT-U-P2W-SC-E,Lutron HQWTUP2W Keypad Custom (S/Chrome),Keypads,11652.17,Units,0,2026-05-18 09:51:48
HQWT-U-P3W-BL-E,Lutron HQWTUP3W Keypad Custom (Black),Keypads,8608.7,Units,0,2026-05-18 09:51:48
HQWT-U-P3WCWH-E,Lutron HQWTUP3W Keypad Custom (CWH),Keypads,11652.17,Units,0,2026-05-18 09:51:48
HQWT-U-P3W-SC-E,Lutron HQWTUP3W Keypad Custom (S/Chrome),Keypads,11652.17,Units,0,2026-05-18 09:51:48
HQWT-U-P3W-WH-E,Lutron HQWTUP3W Keypad Custom (White),Keypads,8608.7,Units,0,2026-05-18 09:51:48
HQWT-U-P4W-BL,Lutron HQWTUP4W Keypad (Black),Keypads,11826.09,Units,0,2026-05-18 09:51:48
HQWT-U-P4W-CWH,Lutron HQWTUP4W Keypad (CWH),Keypads,15304.35,Units,0,2026-05-18 09:51:48
HQWT-U-P4W-SC,Lutron HQWTUP4W Keypad (S/Chrome),Keypads,15304.35,Units,0,2026-05-18 09:51:48
HQWT-U-P4W-WH,Lutron HQWTUP4W Keypad (White),Keypads,11826.09,Units,0,2026-05-18 09:51:48
HQWT-U-P4W-BL-E,Lutron HQWTUP4W Keypad Custom (Black),Keypads,8608.7,Units,0,2026-05-18 09:51:48
HQWT-U-P4W-CBLE,Lutron HQWTUP4W Keypad Custom (CBL),Keypads,11652.17,Units,0,2026-05-18 09:51:48
HQWT-U-P4WGRE,Lutron HQWTUP4W Keypad Custom (Grey),Keypads,8608.7,Units,0,2026-05-18 09:51:48
HQWT-U-P4W-SC-E,Lutron HQWTUP4W Keypad Custom (S/Chrome),Keypads,11652.17,Units,0,2026-05-18 09:51:48
HQWT-U-P4WWHE,Lutron HQWTUP4W Keypad Custom (White),Keypads,8608.7,Units,0,2026-05-18 09:51:48
HQWT-U-PRW-SC,Lutron HQWTUPRW Keypad (S/Chrome),Keypads,15304.35,Units,0,2026-05-18 09:51:48
HQWT-U-PRW-GRE,Lutron HQWTUPRW Keypad Custom (Grey),Keypads,8608.7,Units,0,2026-05-18 09:51:48
HQWT-U-PRW-SC-E,Lutron HQWTUPRW Keypad Custom (S/Chrome),Keypads,11652.17,Units,0,2026-05-18 09:51:48
HQWT-U-PRW-WH-E,Lutron HQWTUPRW Keypad Custom (White),Keypads,8608.7,Units,0,2026-05-18 09:51:48
HWI-MI-230,Lutron HWIMI230 Interface Module,Miscellaneous,20260.87,Units,0,2026-05-18 09:51:48
HWI-Q96,Lutron HWIQ96,Miscellaneous,27217.39,Units,0,2026-05-18 09:51:48
HWIS-10BRL-F-AW,Lutron HWIS10BRLF Keypad (Artic White),Keypads,2086.96,Units,0,2026-05-18 09:51:48
HWIS-10BRL-F-MC,Lutron HWIS10BRLF Keypad (Mica),Keypads,2521.74,Units,0,2026-05-18 09:51:48
HWIS-2B-F-AW,Lutron HWIS2BF Keypad (Artic White),Keypads,2086.96,Units,0,2026-05-18 09:51:48
HWIS-5BRL-F-AW,Lutron HWIS5BRLF Keypad (Artic White),Keypads,2086.96,Units,0,2026-05-18 09:51:48
HWIS-5BRL-F-MC,Lutron HWIS5BRLF Keypad (Mica),Keypads,2521.74,Units,0,2026-05-18 09:51:48
HWIS-6BRL-F-AW,Lutron HWIS6BRLF Keypad (Artic White),Keypads,2086.96,Units,0,2026-05-18 09:51:48
HWIS-6BRL-F-MC,Lutron HWIS6BRLF Keypad (Mica),Keypads,2521.74,Units,0,2026-05-18 09:51:48
HWIS-8BRL-F-AW,Lutron HWIS8BRLF Keypad (Artic White),Keypads,2086.96,Units,0,2026-05-18 09:51:48
HWIS-8BRL-F-MC,Lutron HWIS8BRLF Keypad (Mica),Keypads,2521.74,Units,0,2026-05-18 09:51:48
SMC55-HWQS,Lutron HWQS DIN rail HVAC controller,Controllers,10695.65,Units,0,2026-05-18 09:51:48
HW-RPM-4R,Lutron HWRPM4R Switching Module,Miscellaneous,23217.39,Units,0,2026-05-18 09:51:48
PD-BLANK-5,Lutron Homework Empty module cover plate,Miscellaneous,2347.83,Units,0,2026-05-18 09:51:48
HQK-REP1,Lutron Hybrid Repeater,Miscellaneous,0.0,Units,0,2026-07-22 12:43:06
LOS-CIR-1500-WH,Lutron Infrared 1500 sq ft Active High,Miscellaneous,4782.61,Units,0,2026-05-18 09:51:48
LQSE-4A5-230-D,Lutron LED+ 4 Channel Dimming Module,Miscellaneous,24260.87,Units,0,2026-05-18 09:51:48
LFGP-S1-CWH,Lutron LFGPS1CWH (Clear White Glass),Miscellaneous,1826.09,Units,0,2026-05-18 09:51:48
LFGP-S2-CWH,Lutron LFGPS2CWH (Clear White Glass),Miscellaneous,1826.09,Units,0,2026-05-18 09:51:48
LFK-T10CRL-SW-E,Lutron LFKT10CRLSWE,Miscellaneous,2086.96,Units,0,2026-05-18 09:51:48
L-LV14-230,Lutron LLV14230,Miscellaneous,7217.39,Units,0,2026-05-18 09:51:48
L-LV21-230,Lutron LLV21230,Miscellaneous,14347.83,Units,0,2026-05-18 09:51:48
LMK-16R-DV-B,Lutron LMK16RDVB,Miscellaneous,4434.78,Units,0,2026-05-18 09:51:48
L-PED1-BL,Lutron LPED1BL Pedestal (Black),Miscellaneous,495.65,Units,0,2026-05-18 09:51:48
L-PED1-WH,Lutron LPED1WH Pedestal (White),Miscellaneous,321.74,Units,0,2026-05-18 09:51:48
L-PED2-BL,Lutron LPED2BL Pedestal (Black),Miscellaneous,791.3,Units,0,2026-05-18 09:51:48
L-PED2-WH,Lutron LPED2WH Pedestal (White),Miscellaneous,600.0,Units,0,2026-05-18 09:51:48
LPFP-S1-TBL,Lutron LPFPS1 Faceplate (Black),Panels,321.74,Units,0,2026-05-18 09:51:48
LPFP-S1-BC,Lutron LPFPS1 Faceplate (Bright Chrome),Panels,2000.0,Units,0,2026-05-18 09:51:48
LPFP-S1-SB,Lutron LPFPS1 Faceplate (Satin Brass),Panels,2000.0,Units,0,2026-05-18 09:51:48
LPFP-S1-SN,Lutron LPFPS1 Faceplate (Satin Nickel),Panels,2000.0,Units,0,2026-05-18 09:51:48
LPFP-S1-TAW,Lutron LPFPS1 Faceplate (White),Panels,321.74,Units,0,2026-05-18 09:51:48
LPFP-S2-TBL,Lutron LPFPS2 Faceplate (Black),Panels,321.74,Units,0,2026-05-18 09:51:48
LPFP-S2-BC,Lutron LPFPS2 Faceplate (Bright Chrome),Panels,2000.0,Units,0,2026-05-18 09:51:48
LPFP-S2-SB,Lutron LPFPS2 Faceplate (Satin Brass),Panels,2000.0,Units,0,2026-05-18 09:51:48
LPFP-S2-SN,Lutron LPFPS2 Faceplate (Satin Nickel),Panels,2000.0,Units,0,2026-05-18 09:51:48
LPFP-S2-TAW,Lutron LPFPS2 Faceplate (White),Panels,321.74,Units,0,2026-05-18 09:51:48
LQSE-4A1-D,Lutron LQSE4A1D,Miscellaneous,19130.43,Units,0,2026-07-09 08:40:29
LQSE-4S10-D,Lutron LQSE4S10D,Miscellaneous,13217.39,Units,0,2026-05-18 09:51:48
LQSE-4S5-230-D,Lutron LQSE4S5230D,Miscellaneous,10000.0,Units,0,2026-07-09 08:41:20
LRF3-OCR2B-P-WH,Lutron LRF3OCR2BPWH,Miscellaneous,2304.35,Units,0,2026-05-18 09:51:48
LRF3-OKLB-P-WH,Lutron LRF3OKLBP WH,Miscellaneous,2086.96,Units,0,2026-05-18 09:51:48
LRF3-OWLB-P,Lutron LRF3OWLBP,Miscellaneous,2086.96,Units,0,2026-05-18 09:51:48
LRF3-SSM-WH,Lutron LRF3SSMWH,Miscellaneous,8782.61,Units,0,2026-05-18 09:51:48
L-LV14-230,Lutron LV Panel - LUTRON - Power Supplies (Wired),Miscellaneous,0.0,Units,0,2026-07-22 12:43:06
HQ-HWI-KP-SW,Lutron License Link for HWI keypad,Keypads,19669.57,Units,0,2026-05-18 09:51:48
HQ-HWI-GRX-SW,Lutron License Link for WPM,Licenses,28608.7,Units,0,2026-05-18 09:51:48
HQWA-W4SN-AU,Lutron No Insert KP Gold,Miscellaneous,11304.35,Units,0,2026-05-18 09:51:48
LOS-CIR-450-WH,Lutron Occupancy/Vacancy Sensor 114Diame,Sensors,3304.35,Units,0,2026-05-18 09:51:48
LOS-WDT-R-WH,Lutron Occupancy/Vacancy Sensor Wall,Sensors,5652.17,Units,0,2026-05-18 09:51:48
PICO-WBX-ADAPT,Lutron PICO 2x4 Wall Adapter,Miscellaneous,234.78,Units,0,2026-05-18 09:51:48
LMK-5T-DV-B,Lutron PWM/010V RF dimming module,Miscellaneous,5826.09,Units,0,2026-05-18 09:51:48
HQWT-U-PRW-CBLE,Lutron Palladiom 3But R/L BlackGlass Eng,Miscellaneous,11652.17,Units,0,2026-05-18 09:51:48
HQWT-B-P44W-BLE,Lutron Palladiom Base 4But4But Black,Miscellaneous,10869.57,Units,0,2026-05-18 09:51:48
HQWT-B-P42W-CBL,Lutron Palladiom Base Unit 4 Button Righ,Miscellaneous,21652.17,Units,0,2026-05-18 09:51:48
LWT-S-A-BE,Lutron Palladiom FacePlate 1 Gang Beige,Panels,1391.3,Units,0,2026-05-18 09:51:48
LWT-S-P-BE,Lutron Palladiom FacePlate 1Column Beige,Panels,1043.48,Units,0,2026-05-18 09:51:48
LWT-S-P-BL,Lutron Palladiom FacePlate 1Column Black,Panels,1043.48,Units,0,2026-05-18 09:51:48
LWT-S-P-WH,Lutron Palladiom FacePlate 1Column White,Panels,1043.48,Units,0,2026-05-18 09:51:48
LWT-S-PP-BE,Lutron Palladiom FacePlate 2Column Beige,Panels,1565.22,Units,0,2026-05-18 09:51:48
LWT-S-PP-SN,Lutron Palladiom FacePlate 2Column SN,Panels,3739.13,Units,0,2026-05-18 09:51:48
LWT-S-AA-BE,Lutron Palladiom FacePlate 2Gang Beige,Panels,1652.17,Units,0,2026-05-18 09:51:48
LWT-S-PPP-BE,Lutron Palladiom FacePlate 3Gang Beige,Panels,2695.65,Units,0,2026-05-18 09:51:48
LWT-S-AAA-BE,Lutron Palladiom FacePlate 3Gang Beige,Panels,2608.7,Units,0,2026-05-18 09:51:48
LWT-S-P-SN,Lutron Palladiom FacePlate Satin Nickel,Panels,2956.52,Units,0,2026-05-18 09:51:48
LWT-S-PPP-WH,Lutron Palladiom Square FacePlate 3Gang,Panels,2695.65,Units,0,2026-05-18 09:51:48
PD9-64-RU10-2L4,Lutron Panel 10A in 9DIN mods 3Phse,Miscellaneous,74695.65,Units,0,2026-05-18 09:51:48
PD8-64-RU10-2L4,Lutron Panel 10A in for 8DIN mods 3Phse,Miscellaneous,70608.7,Units,0,2026-05-18 09:51:48
PD-36-DOOR,Lutron Panel door for PD-36panels,Miscellaneous,11478.26,Units,0,2026-05-18 09:51:48
PK2-2B-TBL-P02,Lutron Pico 2B Bedside (Black),Miscellaneous,1826.09,Units,0,2026-05-18 09:51:48
PK2-2B-TAW-P02,Lutron Pico 2B Bedside (White),Miscellaneous,1826.09,Units,0,2026-05-18 09:51:48
PK2-2B-TBL-P01,Lutron Pico 2B Entrance (Black),Miscellaneous,1826.09,Units,0,2026-05-18 09:51:48
PK2-2B-TAW-P01,Lutron Pico 2B Entrance (White),Miscellaneous,1826.09,Units,0,2026-05-18 09:51:48
PK2-2B-TBL-L01,Lutron Pico 2B Light Icon (Black),Miscellaneous,1130.43,Units,0,2026-05-18 09:51:48
PK2-2B-TAW-L01,Lutron Pico 2B Light Icon (White),Miscellaneous,1130.43,Units,0,2026-05-18 09:51:48
PK2-2BRL-TBLL01,Lutron Pico 2B R/L light icons (Black),Miscellaneous,1130.43,Units,0,2026-05-18 09:51:48
PK2-2BRL-TAWL01,Lutron Pico 2B R/L light icons (White),Miscellaneous,1130.43,Units,0,2026-05-18 09:51:48
PK2-3B-TBL-L01,Lutron Pico 3B Light Icons (Black),Miscellaneous,1130.43,Units,0,2026-05-18 09:51:48
PK2-3B-TAW-L01,Lutron Pico 3B Light Icons (White),Miscellaneous,1130.43,Units,0,2026-05-18 09:51:48
PK2-3BRL-TBLS07,Lutron Pico 3B R/L Shade icons,Miscellaneous,2000.0,Units,0,2026-05-18 09:51:48
PK2-3BRL-TAWS01,Lutron Pico 3B R/L Shade icons,Miscellaneous,0.0,Units,0,2026-07-22 12:43:06
PK2-3BRL-TAWS01,Lutron Pico 3B R/L Shade icons,Miscellaneous,2000.0,Units,0,2026-05-18 09:51:48
PK2-3BRL-TBLS01,Lutron Pico 3B R/L Shade icons,Miscellaneous,2000.0,Units,0,2026-05-18 09:51:48
PK2-3BRL-TBLS02,Lutron Pico 3B R/L Shade icons,Miscellaneous,2000.0,Units,0,2026-05-18 09:51:48
PK2-3BRL-TBLS09,Lutron Pico 3B R/L Shades Black,Miscellaneous,2000.0,Units,0,2026-05-18 09:51:48
PK2-3BRL-TBLA01,Lutron Pico 3B R/L audio icons (Black),Miscellaneous,1826.09,Units,0,2026-05-18 09:51:48
PK2-3BRL-TAWA01,Lutron Pico 3B R/L audio icons (White),Miscellaneous,1826.09,Units,0,2026-05-18 09:51:48
PK2-3BRL-TBLL01,Lutron Pico 3B R/L light icons (Black),Miscellaneous,1130.43,Units,0,2026-05-18 09:51:48
PK2-3BRL-TAWL01,Lutron Pico 3B R/L light icons (White),Miscellaneous,1130.43,Units,0,2026-05-18 09:51:48
PK2-3BRL-TAWS09,Lutron Pico 3B Shades (White),Miscellaneous,2000.0,Units,0,2026-05-18 09:51:48
PK2-4B-TBL-S21,Lutron Pico 4B 2 Group Shades (Black),Miscellaneous,2000.0,Units,0,2026-05-18 09:51:48
PK2-4B-TAW-S21,Lutron Pico 4B 2 Group Shades (White),Miscellaneous,2000.0,Units,0,2026-05-18 09:51:48
PK2-4B-TBL-L21,Lutron Pico 4B 2Group Lights (Black),Miscellaneous,1826.09,Units,0,2026-05-18 09:51:48
PK2-4B-TAW-L21,Lutron Pico 4B 2Group Lights (White),Miscellaneous,1826.09,Units,0,2026-05-18 09:51:48
PK2-4B-TBL-L41,Lutron Pico 4B 4Group Lights (Black),Miscellaneous,1826.09,Units,0,2026-05-18 09:51:48
PK2-4B-TAW-L41,Lutron Pico 4B 4Group Lights (White),Miscellaneous,1826.09,Units,0,2026-05-18 09:51:48
PK2-4B-TBL-P03,Lutron Pico 4B Any Room (Black),Miscellaneous,1826.09,Units,0,2026-05-18 09:51:48
PK2-4B-TAW-P03,Lutron Pico 4B Any Room (White),Miscellaneous,1826.09,Units,0,2026-05-18 09:51:48
PK2-4B-TBL-P02,Lutron Pico 4B Kitchen (Black),Miscellaneous,1826.09,Units,0,2026-05-18 09:51:48
PK2-4B-TAW-P02,Lutron Pico 4B Kitchen (White) PL2-4B-TAW-PO2,Miscellaneous,1826.09,Units,0,2026-05-18 09:51:48
PK2-4B-TBL-P01,Lutron Pico 4B Living Room (Black),Miscellaneous,1826.09,Units,0,2026-05-18 09:51:48
PK2-4B-TAW-P01,Lutron Pico 4B Living Room (White),Miscellaneous,2130.43,Units,0,2026-05-18 09:51:48
PK2-4B-TBL-L31,Lutron Pico 4B Scene Lights (Black),Miscellaneous,1826.09,Units,0,2026-05-18 09:51:48
PK2-4B-TAW-L31,Lutron Pico 4B Scene Lights (White),Miscellaneous,1826.09,Units,0,2026-05-18 09:51:48
PK2-4B-TAW-S01,Lutron Pico 4B Shades (White),Miscellaneous,2000.0,Units,0,2026-05-18 09:51:48
PK2-4B-TBL-P04,Lutron Pico 4B Universal Room (Black),Miscellaneous,1826.09,Units,0,2026-05-18 09:51:48
PK2-4B-TAW-P04,Lutron Pico 4B Universal Room (White),Miscellaneous,1826.09,Units,0,2026-05-18 09:51:48
PK2-4B-TBL-L01,Lutron Pico 4B Zone Lights (Black),Miscellaneous,1826.09,Units,0,2026-05-18 09:51:48
PK2-4B-TAW-L01,Lutron Pico 4B Zone Lights (White),Miscellaneous,1826.09,Units,0,2026-05-18 09:51:48
PK2-4B-TBL-LS21,Lutron Pico 4B2G Shade 2G Light (Black),Miscellaneous,2000.0,Units,0,2026-05-18 09:51:48
PK2-4B-TAW-LS21,Lutron Pico 4B2G Shade 2G Light (White),Miscellaneous,2000.0,Units,0,2026-05-18 09:51:48
RRK-P20-240F-BL,Lutron Plug-In Lamp Dimmer Black,Miscellaneous,3478.26,Units,0,2026-05-18 09:51:48
RRK-P20-240F-AW,Lutron Plug-In Lamp Dimmer White,Miscellaneous,3478.26,Units,0,2026-05-18 09:51:48
,Lutron Power Supply for Processor - LUTRON - Power Supplies (Wired),Miscellaneous,0.0,Units,0,2026-07-23 14:07:36
QSPS-DH-1-75-H,Lutron QS 75W Link PS w/Harness,Miscellaneous,7478.26,Units,0,2026-07-09 08:38:17
PDW-QS-4,Lutron QS Link wiring harness with 5 con,Miscellaneous,3217.39,Units,0,2026-05-18 09:51:48
HQRK-P20-240FBL,Lutron QS Plug in lamp dimmer (BL),Miscellaneous,4434.78,Units,0,2026-05-18 09:51:48
HQRK-P20-240FAW,Lutron QS Plug in lamp dimmer (WH),Miscellaneous,4434.78,Units,0,2026-05-18 09:51:48
QSE-CI-NWK-E,Lutron QS RS232/Ethernet Interface,Miscellaneous,23478.26,Units,0,2026-05-18 09:51:48
QSE-CI-WCI,Lutron QS Wall box Closure Interface - 8in,Miscellaneous,8086.96,Units,0,2026-07-09 08:43:52
PDW-QS-9,Lutron QS link wiring harness with 10 co,Miscellaneous,5391.3,Units,0,2026-05-18 09:51:48
PDW-QS-5,Lutron QS link wiring harness with 6 con,Miscellaneous,3739.13,Units,0,2026-05-18 09:51:48
QSE-IO,Lutron QSEIO,Miscellaneous,10260.87,Units,0,2026-07-09 08:52:20
PDW-QS-8,Lutron QSLink -9 Wiring Harness,Miscellaneous,4869.57,Units,0,2026-05-18 09:51:48
QSM3-XW-C,Lutron QSM Module - LUTRON - Power Supplies (Wired),Miscellaneous,0.0,Units,0,2026-07-22 12:43:06
QSM3-4W-C,Lutron QSM34WC,Miscellaneous,5043.48,Units,0,2026-05-18 09:51:48
QSM3-XW-C,Lutron QSM3XWC,Miscellaneous,4173.91,Units,0,2026-05-18 09:51:48
QSPS-10PNL,Lutron QSPS10PNL,Miscellaneous,41478.26,Units,0,2026-05-18 09:51:48
QSPS-P2-1-35V,Lutron QSPSP2135V,Miscellaneous,5478.26,Units,0,2026-05-18 09:51:48
QS-WLB,Lutron QSWLB,Miscellaneous,1826.09,Units,0,2026-05-18 09:51:48
QSWS2-5BRLN-WH,Lutron QSWS25BRLNWH,Miscellaneous,7739.13,Units,0,2026-05-18 09:51:48
RRK-SEL-REP2-BL,Lutron RA2 Select Main Processor 868,Hosts/Processors,7652.17,Units,0,2026-05-18 09:51:48
RRK-SEL-REP2-BL,Lutron RA2 Select Main Repeater,Miscellaneous,0.0,Units,0,2026-07-22 12:43:06
LK-REPPRO-BL,Lutron RA2 Select Wireless Repeater 868,Miscellaneous,6347.83,Units,0,2026-05-18 09:51:48
RK-T10CRL-SW-E,Lutron RKT10CRLSWE,Miscellaneous,2695.65,Units,0,2026-05-18 09:51:48
RRK-R25NE-240,Lutron RRKR25NE240,Miscellaneous,3913.04,Units,0,2026-05-18 09:51:48
RRK-R6ANS-240,Lutron RRKR6ANS240,Miscellaneous,3913.04,Units,0,2026-05-18 09:51:48
LRF3-DCRB-WH,Lutron Radio Wireless Daylight Sensor,Sensors,2956.52,Units,0,2026-05-18 09:51:48
PD10-64-F,Lutron Rough in panel for 10 DIN rail mo,Miscellaneous,30000.0,Units,0,2026-05-18 09:51:48
PD5-36-F,Lutron Rough in panel for 5 DIN rail mod,Miscellaneous,17130.43,Units,0,2026-05-18 09:51:48
PD9-64-F,Lutron Rough in panel for 9 DIN rail mod,Miscellaneous,29913.04,Units,0,2026-05-18 09:51:48
SIB-2B-AW-E,Lutron SIB2BAWE,Miscellaneous,1652.17,Units,0,2026-05-18 09:51:48
EBB-1-3COL,Lutron SQ 3Col Thermostat backbox,Miscellaneous,1130.43,Units,0,2026-05-18 09:51:48
EBB-15-3COL,Lutron SQ 3Col Thermostat backbox (15),Miscellaneous,14608.7,Units,0,2026-05-18 09:51:48
LWT-S-P-QB,Lutron SQ Faceplate 1 Gang Antique Brass,Panels,4173.91,Units,0,2026-05-18 09:51:48
LWT-S-PP-QB,Lutron SQ Faceplate 2 Gang Antique Brass,Panels,5304.35,Units,0,2026-05-18 09:51:48
LWT-S-PPP-QB,Lutron SQ Faceplate 3 Gang Antique Brass,Panels,9478.26,Units,0,2026-05-18 09:51:48
LWT-S-PPPP-QB,Lutron SQ Faceplate 4 Gang Antique Brass,Panels,11478.26,Units,0,2026-05-18 09:51:48
HQWT-S-P2W-QB-E,Lutron SQ Pal 1Col 2B Antique Brass,Miscellaneous,14434.78,Units,0,2026-05-18 09:51:48
HQWT-S-P3W-QB-E,Lutron SQ Pal 1Col 3B Antique Brass,Miscellaneous,14434.78,Units,0,2026-05-18 09:51:48
HQWT-S-PRW-QB-E,Lutron SQ Pal 1Col 3BRL Antique Brass,Miscellaneous,14434.78,Units,0,2026-05-18 09:51:48
HQWT-S-PRW-SN-E,Lutron SQ Pal 1Col 3BRL Satin Nickel,Miscellaneous,11391.3,Units,0,2026-05-18 09:51:48
HQWT-S-P4W-QB-E,Lutron SQ Pal 1Col 4B Antique Brass,Miscellaneous,14434.78,Units,0,2026-05-18 09:51:48
HQWT-S-P22W-QBE,Lutron SQ Pal 2Col 2B2B Antique Brass,Miscellaneous,20782.61,Units,0,2026-05-18 09:51:48
HQWT-S-P2RW-QBE,Lutron SQ Pal 2Col 2B3BRL Antique Brass,Miscellaneous,20782.61,Units,0,2026-05-18 09:51:48
HQWT-S-P24W-QBE,Lutron SQ Pal 2Col 2B4B Antique Brass,Miscellaneous,20782.61,Units,0,2026-05-18 09:51:48
HQWT-S-PRRW-QBE,Lutron SQ Pal 2Col 3BRL Antique Brass,Miscellaneous,22869.57,Units,0,2026-05-18 09:51:48
HQWT-S-PR2W-QBE,Lutron SQ Pal 2Col 3BRL2B Antique Brass,Miscellaneous,20782.61,Units,0,2026-05-18 09:51:48
HQWT-S-PR4W-QBE,Lutron SQ Pal 2Col 3BRL4B Antique Brass,Miscellaneous,20782.61,Units,0,2026-05-18 09:51:48
HQWT-S-P42W-QBE,Lutron SQ Pal 2Col 4B2B Antique Brass,Miscellaneous,20782.61,Units,0,2026-05-18 09:51:48
HQWT-S-P4RW-QBE,Lutron SQ Pal 2Col 4B3BRL Antique Brass,Miscellaneous,20782.61,Units,0,2026-05-18 09:51:48
HQWT-S-PR4W-CWH,Lutron SQ Pal 2Col3BRL4B ClearWhiteGlass,Miscellaneous,24869.57,Units,0,2026-05-18 09:51:48
NT-C71-NFB-SN,Lutron SeeT NoInsert Cov Plate (Nickel),Miscellaneous,5130.43,Units,0,2026-05-18 09:51:48
HQWA-W1BN-QZ,Lutron SeeTouch 1B N/Ins AntiqueBronze,Keypads,11304.35,Units,0,2026-05-18 09:51:48
HQWA-W2BSN-QZ,Lutron SeeTouch 2B N/Ins AntiqueBronze,Keypads,11304.35,Units,0,2026-05-18 09:51:48
HQWA-W3BSN-QZ,Lutron SeeTouch 3B N/Ins AntiqueBronze,Keypads,11304.35,Units,0,2026-05-18 09:51:48
HQWA-W3BDN-QZ,Lutron SeeTouch 3B3B N/Ins AntiqueBronze,Keypads,11304.35,Units,0,2026-05-18 09:51:48
HQWA-W4BSN-QB,Lutron SeeTouch 4 Button Antique Brass,Keypads,11304.35,Units,0,2026-05-18 09:51:48
HQWA-W4BSN-QZ,Lutron SeeTouch 4B N/Ins AntiqueBronze,Keypads,11304.35,Units,0,2026-05-18 09:51:48
HQWA-W4SN-QZ,Lutron SeeTouch 4BRL N/Ins AntiqueBronze,Keypads,11304.35,Units,0,2026-05-18 09:51:48
HQWA-W5BN-QZ,Lutron SeeTouch 5B N/Ins AntiqueBronze,Keypads,11304.35,Units,0,2026-05-18 09:51:48
HQWA-W6BN-QZ,Lutron SeeTouch 6B N/Ins AntiqueBronze,Keypads,11304.35,Units,0,2026-05-18 09:51:48
HQWA-W7BN-QZ,Lutron SeeTouch 7B N/Ins Antique Bronze,Keypads,11304.35,Units,0,2026-05-18 09:51:48
HQWA-W2RLDN-QZ,Lutron SeeTouch N/Ins AntiqueBronze,Keypads,11304.35,Units,0,2026-05-18 09:51:48
HQWA-W1RLDN-QZ,Lutron SeeTouch N/Ins AntiqueBronze,Keypads,11304.35,Units,0,2026-05-18 09:51:48
SKA-7B-NI-BL-E,Lutron SeeTouch Wired Keypad button Kit,Keypads,3478.26,Units,0,2026-05-18 09:51:48
SKA-6BRL-NI-WHE,Lutron SeeTouch Wired keypad Button Kit,Keypads,3478.26,Units,0,2026-05-18 09:51:48
HQWA-W3BSRLN-BL,Lutron Seetouch 3B W/RL (Black),Keypads,9652.17,Units,0,2026-05-18 09:51:48
HQWA-W3BSRLN-WH,Lutron Seetouch 3B W/RL (White),Keypads,9652.17,Units,0,2026-05-18 09:51:48
HQWA-W5BRLN-BL,Lutron Seetouch 5B W/RL (Black),Keypads,9652.17,Units,0,2026-05-18 09:51:48
HQWA-W5BRLN-WH,Lutron Seetouch 5BRL (White),Keypads,9652.17,Units,0,2026-05-18 09:51:48
HQWA-W5BRLN-QZ,Lutron Seetouch 5BRL N/Ins AntiqueBronze,Keypads,11304.35,Units,0,2026-05-18 09:51:48
HQWA-W6BRLN-BL,Lutron Seetouch 6B W/RL (Black),Keypads,9652.17,Units,0,2026-05-18 09:51:48
HQWA-W6BRLN-WH,Lutron Seetouch 6BRL (White),Keypads,9652.17,Units,0,2026-05-18 09:51:48
HQWA-W6BRLN-QZ,Lutron Seetouch 6BRL N/Ins AntiqueBronze,Keypads,11304.35,Units,0,2026-05-18 09:51:48
HQWA-W7BN-WH,Lutron Seetouch 7B (White),Keypads,9652.17,Units,0,2026-05-18 09:51:48
HW-C37-NFB-GR,Lutron Seetouch Faceplate 6BNR/L (Grey),Panels,1826.09,Units,0,2026-05-18 09:51:48
SM-CK-DEMO,Lutron Signature Metal Chip  Demo Allise,Miscellaneous,18173.91,Units,0,2026-05-18 09:51:48
PD4-36-F,Lutron Small DINRail Panel Enclosure,Miscellaneous,17130.43,Units,0,2026-05-18 09:51:48
HQWT-S-P2W-CWHE,Lutron Square 2Button PreEng White Glass,Miscellaneous,11391.3,Units,0,2026-05-18 09:51:48
PDT-ED-1,Lutron Terminal Kit for DALI Module,Miscellaneous,1478.26,Units,0,2026-05-18 09:51:48
HQWT-T-HW-QB-A,Lutron Thermostat Antique Brass,Miscellaneous,32347.83,Units,0,2026-05-18 09:51:48
LWT-U-P-QB,Lutron US Faceplate 1 Gang Antique Brass,Panels,4869.57,Units,0,2026-05-18 09:51:48
LWT-U-PP-QB,Lutron US Faceplate 2 Gang Antique Brass,Panels,5565.22,Units,0,2026-05-18 09:51:48
LWT-U-PPP-QB,Lutron US Faceplate 3 Gang Antique Brass,Panels,7304.35,Units,0,2026-05-18 09:51:48
LWT-U-PPPP-QB,Lutron US Faceplate 4 Gang Antique Brass,Panels,11043.48,Units,0,2026-05-18 09:51:48
HQWT-U-P2W-QB-E,Lutron US Pal 1Col 2B Antique Brass,Miscellaneous,14434.78,Units,0,2026-05-18 09:51:48
HQWT-U-P3W-QB-E,Lutron US Pal 1Col 3B Antique Brass,Miscellaneous,14434.78,Units,0,2026-05-18 09:51:48
HQWT-U-PRW-QB-E,Lutron US Pal 1Col 3BRL Antique Brass,Miscellaneous,14434.78,Units,0,2026-05-18 09:51:48
HQWT-U-P4W-QB-E,Lutron US Pal 1Col 4B Antique Brass,Miscellaneous,14434.78,Units,0,2026-05-18 09:51:48
HQWT-U-P4W-CBL,Lutron US Palladiom 4Button w Engraving,Miscellaneous,15304.35,Units,0,2026-05-18 09:51:48
LWT-U-PP-CBL,Lutron US Palladiom Faceplate 2Gang,Panels,3739.13,Units,0,2026-05-18 09:51:48
LQSE-2DALUNV-D,Lutron Universal Dali Module - Tuneable,Miscellaneous,34869.57,Units,0,2026-07-09 08:42:43
PDW-ED-1,Lutron Wiring Harness for DALI Module,Miscellaneous,739.13,Units,0,2026-05-18 09:51:48
PDW-D-1,Lutron Wiring Harness for Dimming Module,Miscellaneous,739.13,Units,0,2026-05-18 09:51:48
PDW-S-1,Lutron Wiring Harness for Switch Module,Switches,739.13,Units,0,2026-05-18 09:51:48
PD5-36-BU10-2L4,Lutron panel 10Ain breakers5DIN mod 3P,Miscellaneous,31217.39,Units,0,2026-05-18 09:51:48
PD-64-DOOR,Lutron panel door for PD-64 panels,Miscellaneous,14347.83,Units,0,2026-05-18 09:51:48
PD10-64-BU10-2L,Lutron panel10Ain breakers 10DIN mod 3P,Miscellaneous,56260.87,Units,0,2026-05-18 09:51:48
PD4-36-BU10-2L4,Lutron panel10Ain breakers 4DIN mod 3P,Miscellaneous,31217.39,Units,0,2026-05-18 09:51:48
PD8-64-BU10-2L4,Lutron panel10Ain breakers8DIN mod3P,Miscellaneous,56260.87,Units,0,2026-05-18 09:51:48
PD9-64-BU10-2L4,Lutron panel10Ain breakers9DIN mod3P,Miscellaneous,59391.3,Units,0,2026-05-18 09:51:48
Tweeter LCR 750,M&K Tweeter LCR 750,Speakers,22607.83,Units,0,2026-05-18 09:51:48
V8 AMP,M&K V8 AMP MODULE,Miscellaneous,16947.83,Units,0,2026-05-18 09:51:48
MU9D3SO/A,M4 Mac Mini,Video Distribution,12173.04,Units,0,2026-07-21 09:52:11
M40TB,M40T Black Pair,Miscellaneous,17390.43,Units,0,2026-05-18 09:51:48
M40TW,M40T White Pair,Miscellaneous,17390.43,Units,0,2026-05-18 09:51:48
M4TW,M4T White Pair,Miscellaneous,14773.91,Units,0,2026-05-18 09:51:48
M5B,M5 Black,Miscellaneous,7390.43,Units,0,2026-05-18 09:51:48
M5W,M5 White,Miscellaneous,7390.43,Units,0,2026-05-18 09:51:48
M70B,M70 Black,Miscellaneous,10426.09,Units,0,2026-05-18 09:51:48
M70 Tweeter,M70 Tweeter,Speakers,10426.09,Units,0,2026-05-18 09:51:48
M70W,M70 White,Miscellaneous,10426.09,Units,0,2026-05-18 09:51:48
RAWLB,M8 Rawl Bolt Shielded Zinc (8x65),Miscellaneous,8.5,Units,0,2026-05-18 09:51:48
M90B,M90 Black,Miscellaneous,17390.43,Units,0,2026-05-18 09:51:48
GPG6R,MA PG6-R Premium In-Ceiling Grille,Miscellaneous,1391.3,Units,0,2026-05-18 09:51:48
MA1000,MA1000-A1 Fixed TV Wall Mount,Miscellaneous,191.3,Units,0,2026-05-18 09:51:48
MA1010,MA1010-A1 Tilting TV Wall Mount,Miscellaneous,339.13,Units,0,2026-05-18 09:51:48
MA2000,MA2000-A1 Fixed TV Wall Mount,Miscellaneous,600.0,Units,0,2026-05-18 09:51:48
MA2010,MA2010-A1 Tilting TV Wall Mount,Miscellaneous,408.7,Units,0,2026-05-18 09:51:48
MA2030,MA2030-A1 Full-Motion TV Wall Mount,Miscellaneous,573.91,Units,0,2026-05-18 09:51:48
MA2040,MA2040-A1 Full-Motion TV Wall Mount,Miscellaneous,956.52,Units,0,2026-05-18 09:51:48
MA3000,MA3000-A1 Fixed TV Wall Mount,Miscellaneous,513.04,Units,0,2026-05-18 09:51:48
MA3010,MA3010-A1 Tilting TV Wall Mount,Miscellaneous,608.7,Units,0,2026-05-18 09:51:48
MA3030,MA3030-A1 Full-Motion TV Wall Mount,Miscellaneous,1391.3,Units,0,2026-05-18 09:51:48
MA3040,MA3040-A1 Full-Motion TV Wall Mount,Miscellaneous,1704.35,Units,0,2026-05-18 09:51:48
MA4000,MA4000-A1 Fixed TV Wall Mount,Miscellaneous,826.09,Units,0,2026-05-18 09:51:48
MA4010,MA4010-A1 Tilting TV Wall Mount,Miscellaneous,721.74,Units,0,2026-05-18 09:51:48
360163-2-0,MAIN 2 AMP,Miscellaneous,513.04,Units,0,2026-05-18 09:51:48
370039-0-0,MAINS ADAPTER KATCH IN BOX,Miscellaneous,513.04,Units,0,2026-05-18 09:51:48
93608,MARINER MX62 BLACK,Miscellaneous,18037.27,Units,0,2026-07-22 10:18:55
93612,MARINER MX86 BLACK | SONANCE MX 86 OUTDOOR SPEAKER BLACK (1PAIR),Miscellaneous,24515.26,Units,0,2026-07-21 11:20:45
M-LCRDM-MK2,MASTERPIECE LCR-DM MK2,Speakers,47481.74,Units,0,2026-05-18 09:51:48
A-BQ10-B01200,MEGANE CABLE TIES BLACK,Miscellaneous,82.7,Units,0,2026-07-22 10:18:59
A-BH25-B00250,MEGANET CABLE 500M | MEGANET CABLE SOLD CAT5,Miscellaneous,1024.25,Units,0,2026-07-22 10:19:04
A-BQ10-B00850,MEGANET TAPE NITTO BLACK,Miscellaneous,28.86,Units,0,2026-07-22 10:19:08
A-BH13-COO100,MEGANNET Cs CABLE SOLID CATS 6 GREY,Miscellaneous,1157.04,Units,0,2026-07-22 10:19:12
A-BB13-B01070,MEGAnet Cs CABLE SM SSA MINI 75m 24-OD 5.6mm (100m),CCTV,1669.08,Units,0,2026-07-28 15:34:05
A-BE28-B00400,MEGAnet QS RACK 42U Assembled,Miscellaneous,8830.42,Units,0,2026-07-22 10:19:16
A-bh19-B00155,MEGAnet Qs CABLE SOLID U/UTP CAT5e,Miscellaneous,785.42,Units,0,2026-07-22 10:19:20
A-BH19-B00150,MEGAnet Qs CABLE SOLID U/UTP CAT5e V2 - Grey,Miscellaneous,868.31,Units,0,2026-07-22 10:19:24
A-BH19-B00175,MEGAnet Qs Cable Solid CAT%E V Yello,Miscellaneous,858.56,Units,0,2026-07-22 10:19:28
SHA-FBINDMERMET-01,MERMET BINDERS FOR SAMPLES OF ALL MERMET FABRIC SAVANT IS OFFERING,Miscellaneous,8054.78,Units,0,2026-05-18 09:51:48
MEZZ-8-SURR-PCB,MEZZANINE - PRE-CONSTRUCTION B,Miscellaneous,82.61,Units,0,2026-05-18 09:51:48
MEZZ-8-G-SQ,MEZZANINE - SQUARE GRILLE,Miscellaneous,1823.48,Units,0,2026-05-18 09:51:48
MEZZ-8-SURR,MEZZANINE SURROUND SATELLITES,Miscellaneous,13188.7,Units,0,2026-05-18 09:51:48
MFL100,MFL 100 Fixed TV Wall Mount,Miscellaneous,782.61,Units,0,2026-05-18 09:51:48
MFM80,MFM 80 Fixed TV Wall Mount,Miscellaneous,443.48,Units,0,2026-05-18 09:51:48
MHUB41140,MHUB (4x1+1) (EU),Miscellaneous,19999.13,Units,0,2026-05-18 09:51:48
MHUBMAX(4x4),MHUB MAX 4x4 HDMI Matrix,Miscellaneous,13042.61,Units,0,2026-05-18 09:51:48
MHUBMAX,MHUB MAX 4x4 HDMI Matrix,Miscellaneous,22600.0,Units,0,2026-05-18 09:51:48
MHUBPRO(4X4)40,MHUB PRO (4X4) 40,Miscellaneous,43478.26,Units,0,2026-05-18 09:51:48
MHUBPRO2.0-4X4,MHUB PRO 2.0 (4X4),Miscellaneous,86955.65,Units,0,2026-05-18 09:51:48
MHUBPRO2.0-8X8,MHUB PRO 2.0 (8X8),Miscellaneous,208694.78,Units,0,2026-05-18 09:51:48
MHUBPRORACKEAR,MHUB PRO Rack Ear Pair,Racks,304.35,Units,0,2026-05-18 09:51:48
MHUBPRORX,MHUB PRO Receiver,Receivers,6521.74,Units,0,2026-05-18 09:51:48
MHUBPROSERCAB,MHUB PRO Serial Cable DB9-DB9,Miscellaneous,330.43,Units,0,2026-05-18 09:51:48
MHUB431UREC,MHUB Receiver V4 (uControl),Receivers,4339.13,Units,0,2026-05-18 09:51:48
MHUBS161616100A,MHUB S (16+16x16) 100A,Miscellaneous,235699.39,Units,0,2026-07-22 10:19:32
MHUB431V3PSU,MHUB431 PSU 24V 1A,Miscellaneous,1295.65,Units,0,2026-05-18 09:51:48
MHUBS(8+8x8)100,MHUBS(8+8x8)100,Miscellaneous,130433.91,Units,0,2026-05-18 09:51:48
MHUBUREC,MHUBUREC,Miscellaneous,4339.13,Units,0,2026-05-18 09:51:48
C10934,MM Phono Preamplifier with Auto Power Down,Miscellaneous,6520.87,Units,0,2026-05-18 09:51:48
MNT100,MNT 100 Fixed TV Wall Mount,Miscellaneous,347.83,Units,0,2026-05-18 09:51:48
MNT102,MNT 102 Tilting TV Wall Mount,Miscellaneous,417.39,Units,0,2026-05-18 09:51:48
MNT104,MNT 104 Full-Motion TV Wall Mount,Miscellaneous,617.39,Units,0,2026-05-18 09:51:48
MNT108,MNT 108 Full-Motion TV Wall Mount,Miscellaneous,1034.78,Units,0,2026-05-18 09:51:48
MNT200,MNT 200 Fixed TV Wall Mount,Miscellaneous,417.39,Units,0,2026-05-18 09:51:48
MNT202,MNT 202 Tilting TV Wall Mount,Miscellaneous,443.48,Units,0,2026-05-18 09:51:48
MNT204,MNT 204 Full-Motion TV Wall Mount,Miscellaneous,1243.48,Units,0,2026-05-18 09:51:48
MNT208,MNT 208 Full-Motion TV Wall Mount,Miscellaneous,1878.26,Units,0,2026-05-18 09:51:48
MNT300,MNT 300 Fixed TV Wall Mount,Miscellaneous,617.39,Units,0,2026-05-18 09:51:48
MNT302,MNT 302 Tilting TV Wall Mount,Miscellaneous,721.74,Units,0,2026-05-18 09:51:48
MNT50,MNT 50 Fixed TV Wall Mount,Miscellaneous,208.7,Units,0,2026-05-18 09:51:48
MNT52,MNT 52 Tilting TV Wall Mount,Miscellaneous,313.04,Units,0,2026-05-18 09:51:48
M360-B-VOLF,MOTION SENSOR 360 BLACK- VOLT FREE (DRY CONTACT),Miscellaneous,2448.71,Units,0,2026-07-22 10:19:37
M360-W-VOLF,MOTION SENSOR 360 WHITE- VOLT FREE (DRY CONTACT),Panels,2482.08,Units,0,2026-07-15 11:16:32
RMB-PAVAM2-00,MOUNT FOR IP AUDIO MODULES AND SMART HOSTS (REAR),Miscellaneous,2297.39,Units,0,2026-05-18 09:51:48
MP150L,MP150 Left Black,Miscellaneous,31303.48,Units,0,2026-05-18 09:51:48
MP150LW,MP150 Left White,Miscellaneous,30433.91,Units,0,2026-05-18 09:51:48
MP150R/CB,MP150 Richt/C Black,Miscellaneous,31303.48,Units,0,2026-05-18 09:51:48
MP150R/CW,MP150 Richt/C White,Miscellaneous,30433.91,Units,0,2026-05-18 09:51:48
MP300L,MP300 Left Black,Miscellaneous,60868.7,Units,0,2026-05-18 09:51:48
MP300LW,MP300 Left White,Miscellaneous,60868.7,Units,0,2026-05-18 09:51:48
MP300R/C,MP300 Right/C Black,Miscellaneous,60868.7,Units,0,2026-05-18 09:51:48
MP300R/CW,MP300 Right/C White,Miscellaneous,60868.7,Units,0,2026-05-18 09:51:48
MP950B,MP950 Black,Miscellaneous,16520.87,Units,0,2026-05-18 09:51:48
MP950W,MP950 White,Miscellaneous,16520.87,Units,0,2026-05-18 09:51:48
MPA-201,MPA-201 Power Amp,Amplifiers,9208.7,Units,0,2026-05-18 09:51:48
REM-2000I-00,MULTI ROOM REMOTE TOUCH SCREEN END OF LIFE,Touch Panels,20891.3,Units,0,2026-05-18 09:51:48
CLI-W210B-01,MULTISTAT SMART THERMOSTAT - BLACK,Miscellaneous,18056.52,Units,0,2026-05-18 09:51:48
CLI-W210W-01,MULTISTAT SMART THERMOSTAT - WHITE,Miscellaneous,18056.52,Units,0,2026-05-18 09:51:48
MACBOOK-AIR-13-M4-256GB,MacBook Air 13-inch | Apple M4 - 256gb,Miscellaneous,27949.07,Units,0,2026-07-22 10:19:41
DC-CAB,Male DC connector with cable,Miscellaneous,5.79,Units,0,2026-05-18 09:51:48
IEC-MALE,Male IEC 10A Connector,Miscellaneous,36.0,Units,0,2026-05-18 09:51:48
LENS-VS0615,Manual iris vari-focal CS mounted lens,Miscellaneous,114.55,Units,0,2026-05-18 09:51:48
AMP10/N1B,Marantz AMP10 Power Amplifier (Black),Amplifiers,182600.0,Units,0,2026-05-18 09:51:48
AV10/N1B,Marantz AV10 AV Processor (Black),Hosts/Processors,182600.0,Units,0,2026-05-18 09:51:48
AV7706/N1B,Marantz AV7706 AV Processor (Black),Hosts/Processors,69556.52,Units,0,2026-05-18 09:51:48
AV8805A/N1B,Marantz AV8805A AV Processor (Black),Hosts/Processors,104339.13,Units,0,2026-05-18 09:51:48
CD50N/N1B,Marantz CD50N Network CDPlayer (Black),Miscellaneous,33556.52,Units,0,2026-05-18 09:51:48
CD50N/N1SG,Marantz CD50N Network CDPlayer (Silver),Miscellaneous,43469.57,Units,0,2026-05-18 09:51:48
CD60/N1B,Marantz CD60 CD Player (Black),Miscellaneous,18686.96,Units,0,2026-05-18 09:51:48
CD60/N1SG,Marantz CD60 CD Player (Silver),Miscellaneous,26600.0,Units,0,2026-05-18 09:51:48
CD6007/N1B,Marantz CD6007 CD Player (Black),Miscellaneous,13904.35,Units,0,2026-05-18 09:51:48
CD6007/N1SG,Marantz CD6007 CD Player (Silver),Miscellaneous,13904.35,Units,0,2026-05-18 09:51:48
CINEMA30/N1B,Marantz CINEMA30 AV Amplifier (Black),Amplifiers,95382.61,Units,0,2026-05-18 09:51:48
CINEMA40/N1B,Marantz CINEMA40 AV Amplifier (Black),Amplifiers,59382.61,Units,0,2026-05-18 09:51:48
CINEMA40/N1SG,Marantz CINEMA40 AV Amplifier (Silver),Amplifiers,77904.35,Units,0,2026-05-18 09:51:48
CINEMA50/N1B,Marantz CINEMA50 AV Amplifier (Black),Amplifiers,45121.74,Units,0,2026-05-18 09:51:48
CINEMA50/N1SG,Marantz CINEMA50 AV Amplifier (Silver),Amplifiers,55643.48,Units,0,2026-05-18 09:51:48
CINEMA60/N1B,Marantz CINEMA60 AV Receiver (Black),AV Recieves,38252.17,Units,0,2026-05-18 09:51:48
CINEMA60/N1SG,Marantz CINEMA60 AV Receiver (Silver),AV Recieves,38252.17,Units,0,2026-05-18 09:51:48
CINEMA70S/N1B,Marantz CINEMA70 AV Receiver (Black),AV Recieves,27817.39,Units,0,2026-05-18 09:51:48
CINEMA70S/N1SG,Marantz CINEMA70 AV Receiver (Silver),AV Recieves,27817.39,Units,0,2026-05-18 09:51:48
MCR612/N1B,Marantz MCR612 CD Network System (Black),Miscellaneous,15208.7,Units,0,2026-05-18 09:51:48
MCR612/N1SG,Marantz MCR612 CD Network System(Silver),Miscellaneous,15208.7,Units,0,2026-05-18 09:51:48
MM7025/N1B,Marantz MM7025 Power Amp (Black),Amplifiers,29469.57,Units,0,2026-05-18 09:51:48
MM7055/N1B,Marantz MM7055 Power Amp (Black),Amplifiers,39991.3,Units,0,2026-05-18 09:51:48
MM8077/N1B,Marantz MM8077 Power Amp (Black),Amplifiers,59991.3,Units,0,2026-05-18 09:51:48
MODELM1/N1B,Marantz MODEL M1 Network Amp (Black),Uncategorised,20974.34,Units,0,2026-07-15 11:51:35
MODEL30/N1B,Marantz MODEL30 Amplifier (Black),Amplifiers,76078.26,Units,0,2026-05-18 09:51:48
MODEL30/N1SG,Marantz MODEL30 Amplifier (Silver),Amplifiers,76078.26,Units,0,2026-05-18 09:51:48
MODEL40N/N1B,Marantz MODEL40N Network Amp (Black),Miscellaneous,46686.96,Units,0,2026-05-18 09:51:48
MODEL40N/N1SG,Marantz MODEL40N Network Amp (Silver),Miscellaneous,58686.96,Units,0,2026-05-18 09:51:48
MODEL50/N1B,Marantz MODEL50 Amplifier (Black),Amplifiers,33556.52,Units,0,2026-05-18 09:51:48
MODEL50/N1SG,Marantz MODEL50 Amplifier (Silver),Amplifiers,43469.57,Units,0,2026-05-18 09:51:48
MODELM4/EX1B,Marantz Model M4 Streaming Amp (Black),Uncategorised,68804.79,Units,0,2026-07-15 11:52:05
PM10S1/N1B,Marantz PM10S1 Amplifier (Black),Amplifiers,242078.26,Units,0,2026-05-18 09:51:48
PM10S1/N1G,Marantz PM10S1 Amplifier (Silver),Amplifiers,242078.26,Units,0,2026-05-18 09:51:48
PM12SE/N1B,Marantz PM12SE Amplifier (Black),Amplifiers,85643.48,Units,0,2026-05-18 09:51:48
PM12SE/N1G,Marantz PM12SE Amplifier (Silver),Amplifiers,85643.48,Units,0,2026-05-18 09:51:48
PM6007/N1B,Marantz PM6007 Amplifier (Black),Amplifiers,13904.35,Units,0,2026-05-18 09:51:48
PM6007/N1SG,Marantz PM6007 Amplifier (Silver),Amplifiers,13904.35,Units,0,2026-05-18 09:51:48
PM7000N/N1B,Marantz PM7000N Network Amp (Black),Miscellaneous,26078.26,Units,0,2026-05-18 09:51:48
PM7000N/N1SG,Marantz PM7000N Network Amp (Silver),Miscellaneous,26078.26,Units,0,2026-05-18 09:51:48
SA10S1/N1B,Marantz SA10S1 SACD Player (Black),Miscellaneous,191730.43,Units,0,2026-05-18 09:51:48
SA10S1/N1G,Marantz SA10S1 SACD Player (Silver),Miscellaneous,191730.43,Units,0,2026-05-18 09:51:48
SA12SE/N1B,Marantz SA12SE SACD Player (Black),Miscellaneous,85643.48,Units,0,2026-05-18 09:51:48
SA12SE/N1G,Marantz SA12SE SACD Player (Silver),Miscellaneous,85643.48,Units,0,2026-05-18 09:51:48
SACD30N/N1B,Marantz SACD30N SACD Player (Black),Miscellaneous,76078.26,Units,0,2026-05-18 09:51:48
SACD30N/N1SG,Marantz SACD30N SACD Player (Silver),Miscellaneous,76078.26,Units,0,2026-05-18 09:51:48
STEREO70S/N1B,Marantz STEREO70S Receiver (Black),Receivers,24339.13,Units,0,2026-05-18 09:51:48
VS3003/M1B,Marantz VS3003/M1B HDMI Switch 3/1,Switches,4339.13,Units,0,2026-05-18 09:51:48
93617,Mariner MX62 SST White,Miscellaneous,15421.11,Units,0,2026-07-22 10:19:45
MHUB4K431REM,Master Remote for mHub 4K (4x3+1) Old Type V3,Remotes,434.78,Units,0,2026-05-18 09:51:48
MHUB4K862REM,Master Remote for mHub 4K (8x6+2) Old Type V3,Remotes,434.78,Units,0,2026-05-18 09:51:48
MHUBMASTERREM4,Master Remote for mHub PRO/431U New,Remotes,434.78,Units,0,2026-05-18 09:51:48
MHUBMASTERREM8,Master Remote for mHub PRO/862U New,Remotes,434.78,Units,0,2026-05-18 09:51:48
CBOX-MS,"Medium Slim (330 x 330 x 140) Slab Box, fits 8"" Ceiling  Speaker",Miscellaneous,428.57,Units,0,2026-07-22 10:19:49
A-BB13-B01850,Meganet Cs Cable SM NHD CST 24 1.150M,Miscellaneous,2455.44,Units,0,2026-07-22 10:19:53
RB-4011SRM,MikroTik 10 Port Gigabit 1SFP+ 4 Core L5 Rack-Mount Router | RB4011iGS+RM,Routers,5075.0,Units,0,2026-05-18 09:51:48
RB-FTCXG,MikroTik 10Gbps Fibre to Copper Converter | FTC11XG,Miscellaneous,3225.0,Units,0,2026-05-18 09:51:48
RB-1100AHX4,MikroTik 13 Port Gigabit 4 Core L6 Rack-Mount Router | RB1100x4,Routers,7175.0,Units,0,2026-05-18 09:51:48
RB-951UI2,MikroTik 2.4GHz 2.5dBi 5 Port Ethernet WiFi Router | RB951Ui-2HnD,Routers,1395.0,Units,0,2026-05-18 09:51:48
RB-5009UPSIN,MikroTik 7 Gigabit 1x 2.5Gbps 1SFP+ 4 Core PoE Router | RB5009UPr+S+IN,Routers,7195.0,Units,0,2026-05-18 09:51:48
RB-5009UGSIN,MikroTik 7 Gigabit 1x 2.5Gbps 1SFP+ 4 Core Router | RB5009UG+S+IN,Routers,4995.0,Units,0,2026-05-18 09:51:48
RB-5009UPSO,MikroTik 7 Port Gigabit 1x 2.5Gbps 1SFP+ 4 Core Outdoor PoE Router | RB5009UPr+S+OUT,Routers,7595.0,Units,0,2026-05-18 09:51:48
RB-L009UGSRM,MikroTik 8 Gigabit 1x2.5Gbps SFP Dual Core Router | L009UiGS-RM,Routers,2775.0,Units,0,2026-05-18 09:51:48
RB-L009UGSAX,MikroTik 8 Gigabit 1x2.5Gbps SFP Dual Core WiFi 6 Router | L009UiGS-2HaxD-IN,Routers,2995.0,Units,0,2026-05-18 09:51:48
RB-ATL18,MikroTik ATL18 Kit LTE18 Wide Band Outdoor CPE | ATLGM&EG18-EA,Miscellaneous,6595.0,Units,0,2026-05-18 09:51:48
RB-GPS,MikroTik Active GPS antenna for LtAP mini LTE Kit | ACGPSA,Dish,165.0,Units,0,2026-05-18 09:51:48
RB-SXTSQM,MikroTik Adjustable SXTsq Mount | SXTsq-mount,Miscellaneous,175.0,Units,0,2026-05-18 09:51:48
RB-AUD52,MikroTik Audience Tri-band PoE Mesh AP | RBD25G-5HPacQD2HPnD,Miscellaneous,2975.0,Units,0,2026-05-18 09:51:48
RB-BASEBOX2,MikroTik BaseBox 2 Gigabit USB WiFi Router | RB912UAG-2HPnD-OUT,Routers,1995.0,Units,0,2026-05-18 09:51:48
RB-BASEBOX5,MikroTik BaseBox 5 Gigabit USB WiFi Router | RB912UAG-5HPnD-OUT,Routers,2095.0,Units,0,2026-05-18 09:51:48
TR-MTCNA,MikroTik Certified Network Associate,Miscellaneous,7469.25,Units,0,2026-05-18 09:51:48
RB-CHAT5G,MikroTik Chateau 5G WiFi 5 Dual Band 5 Port Gigabit Router | D53G-5HacD2HnD-TC&RG520F-EU,Routers,10995.0,Units,0,2026-05-18 09:51:48
RB-CHATLTE6,MikroTik Chateau LTE6 WiFi 5 Dual Band 5 Port Gigabit Router | D53G-5HacD2HnD-TC&FG621-EA,Routers,3295.0,Units,0,2026-05-18 09:51:48
RB-CCR2116P,MikroTik Cloud Core 12 Port Gigabit 4SFP+ 16 Core Router | CCR2116-12G-4S+,Routers,22995.0,Units,0,2026-05-18 09:51:48
RB-CCR2004SP,MikroTik Cloud Core 12 Port SFP+ 2 SFP28 4 Core Router | CCR2004-1G-12S+2XS,Routers,13775.0,Units,0,2026-05-18 09:51:48
RB-CCR2216SP,MikroTik Cloud Core 12 Port SFP28 2 QSFP28 16 Core Router | CCR2216-1G-12XS-2XQ,Routers,65150.0,Units,0,2026-05-18 09:51:48
RB-CCR2004P,MikroTik Cloud Core 16 Port Gigabit 2SFP+ 4 Core Router | CCR2004-16G-2S+,Routers,10780.0,Units,0,2026-05-18 09:51:48
RB-CCR2004PC,MikroTik Cloud Core 16 Port Gigabit 2SFP+ Passive Cooling Router | CCR2004-16G-2S+PC,Routers,10780.0,Units,0,2026-05-18 09:51:48
RB-CCR2004PCIE,MikroTik Cloud Core 2 Port SFP28 4 Core Smart PCIe NIC | CCR2004-1G-2XS-PCIe,Miscellaneous,4595.0,Units,0,2026-05-18 09:51:48
RB-CRS317,MikroTik Cloud Router Switch 16 Port SFP+ | CRS317-1G-16S+RM,Routers,11645.0,Units,0,2026-05-18 09:51:48
RB-CRS518S,MikroTik Cloud Router Switch 16 Port SFP28 2 QSFP28 | CRS518-16XS-2XQ-RM,Routers,37095.0,Units,0,2026-05-18 09:51:48
RB-CRS328S,MikroTik Cloud Router Switch 20 Port SFP 4SFP+ 4 Gigabit/SFP Ports | CRS328-4C-20S-4S+RM,Routers,10495.0,Units,0,2026-05-18 09:51:48
RB-CRS326G,MikroTik Cloud Router Switch 24 Port 2.5Gbps 4SFP+ Combo Ports 2xQSFP+ | CRS326-4C+20G+2Q+RM,Routers,22995.0,Units,0,2026-05-18 09:51:48
RB-CRS326,MikroTik Cloud Router Switch 24 Port Gigabit 2SFP+ | CRS326-24G-2S+RM,Routers,4950.0,Units,0,2026-05-18 09:51:48
RB-CRS328,MikroTik Cloud Router Switch 24 Port PoE 450W 4SFP+| CRS328-24P-4S+RM,Routers,12650.0,Units,0,2026-05-18 09:51:48
RB-CRS326Q,MikroTik Cloud Router Switch 24 Port SFP+ 2QSFP+ | CRS326-24S+2Q+RM,Routers,14050.0,Units,0,2026-05-18 09:51:48
RB-CRS305S,MikroTik Cloud Router Switch 4 Port SFP+ | CRS305-1G-4S+IN,Routers,3425.0,Units,0,2026-05-18 09:51:48
RB-CRS354Q,MikroTik Cloud Router Switch 48 Port Gigabit 4SFP+ 2 QSFP+ | CRS354-48G-4S+2Q+RM,Routers,14495.0,Units,0,2026-05-18 09:51:48
RB-CRS354QP,MikroTik Cloud Router Switch 48 Port PoE 700W 4SFP+ 2 QSFP+ | CRS354-48P-4S+2Q+RM,Routers,23575.0,Units,0,2026-05-18 09:51:48
RB-CRS106,MikroTik Cloud Router Switch 5 Port SFP 1 PoE/SFP Port | CRS106-1C-5S,Routers,1375.0,Units,0,2026-05-18 09:51:48
RB-CRS310S,MikroTik Cloud Router Switch 5 Port SFP 4 SFP+ | CRS310-1G-5S-4S+IN,Routers,4595.0,Units,0,2026-05-18 09:51:48
RB-CRS312,MikroTik Cloud Router Switch 8 Port 10Gbps 4SFP+/10Gbps Ports | CRS312-4C+8XG-RM,Routers,16530.0,Units,0,2026-05-18 09:51:48
RB-CRS310,MikroTik Cloud Router Switch 8 Port 2.5Gbps Ethernet 2SFP+ | CRS310-8G+2S+IN,Routers,5075.0,Units,0,2026-05-18 09:51:48
RB-CRS1128P,MikroTik Cloud Router Switch 8 Port PoE 4SFP | CRS112-8P-4S-IN,Routers,4950.0,Units,0,2026-05-18 09:51:48
RB-CRS309S,MikroTik Cloud Router Switch 8 Port SFP+ with PoE Input | CRS309-1G-8S+IN,Routers,6325.0,Units,0,2026-05-18 09:51:48
RB-CRS510S,MikroTik Cloud Router Switch 8 Port SFP28 2 QSFP28 | CRS510-8XS-2XQ-IN,Routers,18680.0,Units,0,2026-05-18 09:51:48
RB-CUBE60P,MikroTik Cube Pro60 AC 60GHz/5GHz Outdoor CPE | CubeG-5ac60ay,Miscellaneous,4445.0,Units,0,2026-05-18 09:51:48
RB-CUBE60PS,MikroTik CubeSA 60Pro ac 60GHz 60° Integrated Sector | CubeG-5ac60ay-SA,Miscellaneous,4595.0,Units,0,2026-05-18 09:51:48
ANT-O25,MikroTik Dual Band High Gain Outdoor Whip Antenna | HGO-antenna-OUT,Dish,205.0,Units,0,2026-05-18 09:51:48
RB-FBPLUS,MikroTik FiberBox Plus 4 SFP+ Outdoor Switch | CRS305-1G-4S+OUT,Switches,5030.0,Units,0,2026-05-18 09:51:48
RB-FLEX,MikroTik Flex-Guide 0.5M RPSMA-RPSMA Cable | ACRPSMA,Miscellaneous,235.0,Units,0,2026-05-18 09:51:48
RB-GPEN21,MikroTik GPEN21 Smart Media Converter with PoE Pass-through | GPEN21,Miscellaneous,950.0,Units,0,2026-05-18 09:51:48
RB-FTC,MikroTik Gigabit Fibre to Copper Converter | RBFTC11,Miscellaneous,895.0,Units,0,2026-05-18 09:51:48
RB-GPER,MikroTik Gigabit Passive Ethernet Repeater | GPeR,Miscellaneous,650.0,Units,0,2026-05-18 09:51:48
RB-GROOVEA52,MikroTik GrooveA 52 Dual Band L4 Outdoor WiFi Radio | RBGrooveA-52HPn,Miscellaneous,1845.0,Units,0,2026-05-18 09:51:48
RB-GPERO,MikroTik IP67 Outdoor Enclosure for RB-GPER | GPeR-IP67-Case,Miscellaneous,135.0,Units,0,2026-05-18 09:51:48
RB-GESPIN,MikroTik Indoor Gigabit PoE Injector with Surge Protection | GESP+POE-IN,Miscellaneous,350.0,Units,0,2026-05-18 09:51:48
RB-TAG-IN,MikroTik Indoor IoT Bluetooth Tag | TG-BT5-IN,Miscellaneous,250.0,Units,0,2026-05-18 09:51:48
RB-LHG5-3,MikroTik LHG 5 Tripack 24.5dBi PtP CPE | RBLHG5kit,Miscellaneous,4775.0,Units,0,2026-05-18 09:51:48
RB-LHG60,MikroTik LHG 60GHz PtP CPE | RBLHGG-60ad,Miscellaneous,3595.0,Units,0,2026-05-18 09:51:48
RB-LHGLTE6,MikroTik LHG LTE6 Kit 17dBi Outdoor CPE | LHGGR&FG621-EA,Miscellaneous,4295.0,Units,0,2026-05-18 09:51:48
RB-LHGM,MikroTik LHG Series Metal Pole Mount Adapter | LHGMount,Miscellaneous,315.0,Units,0,2026-05-18 09:51:48
RB-LHGSM,MikroTik LHG Series Metal Pole Mount Bracket | solidMOUNT,Miscellaneous,695.0,Units,0,2026-05-18 09:51:48
RB-LHG60KIT,MikroTik LHG Wireless Wire Dish 60GHz PtP Kit | RBLHGG-60adkit,Dish,7195.0,Units,0,2026-05-18 09:51:48
RB-LHG5ACXL4,MikroTik LHG XL 5 ac 27dBi PtP CPE 4 Pack | RBLHGG-5acD-XL4pack,Miscellaneous,11295.0,Units,0,2026-05-18 09:51:48
RB-LHGHP5XL4,MikroTik LHG XL HP5 27dBi PtP CPE 4 Pack | RBLHG-5HPnD-XL4pack,Miscellaneous,9715.0,Units,0,2026-05-18 09:51:48
ANT-LORA,MikroTik LoRa 6.5dBi Antenna Kit | 868_Omni_antenna,Dish,1195.0,Units,0,2026-05-18 09:51:48
RB-LTDM,MikroTik LtAP DINRail Pro Mounting Bracket | DRP-LTM,Miscellaneous,175.0,Units,0,2026-05-18 09:51:48
RB-LTAPHDLTE6,MikroTik LtAP LTE6 Kit 3 SIM 2 mPCIe and GPS Router | LtAP-2HnD&FG621-EA,Routers,4675.0,Units,0,2026-05-18 09:51:48
RB-LTAP,MikroTik LtAP Mini LTE Kit Dual SIM and GPS Router | RB912R-2nD-LTm&R11e-LTE,Routers,3450.0,Units,0,2026-05-18 09:51:48
RB-NETBOX5,MikroTik NetBox 5 Outdoor WiFi Router | RB911G-5HPacD-NB,Routers,2515.0,Units,0,2026-05-18 09:51:48
RB-NETBOX5AX,MikroTik NetBox 5 ax Outdoor WiFi 6 Router | L11UG-5HaxD-NB,Routers,2595.0,Units,0,2026-05-18 09:51:48
RB-NETMETAL,MikroTik NetMetal 5SHP AC 1SFP Outdoor WiFi Router | RB921UAGS-5SHPacD-NM,Routers,3525.0,Units,0,2026-05-18 09:51:48
RB-OMNITIK5AC,MikroTik OmniTIK 5ac 7.5dBi PoE Outdoor WiFi Omni AP | RBOmniTikPG-5HacD,Miscellaneous,3350.0,Units,0,2026-05-18 09:51:48
RB-GESP,MikroTik Outdoor Gigabit Surge Protector with PoE | GESP,Miscellaneous,715.0,Units,0,2026-05-18 09:51:48
RB-TAG-OUT,MikroTik Outdoor IoT Bluetooth Tag | TG-BT5-OUT,Miscellaneous,420.0,Units,0,2026-05-18 09:51:48
RB-PBPRO,MikroTik PowerBox Pro 5 Port Gigabit 1SFP Outdoor Router | RB960PGS-PB,Routers,2575.0,Units,0,2026-05-18 09:51:48
RB-QMPLHG,MikroTik QuickMount Pro for Light Head Grid | QMP-LHG,Miscellaneous,145.0,Units,0,2026-05-18 09:51:48
RB-QMP,MikroTik QuickMount Pro for Sectors and SXT | QMP,Miscellaneous,145.0,Units,0,2026-05-18 09:51:48
RB-QM,MikroTik QuickMount for Small Pole Mount Devices | QM,Miscellaneous,85.0,Units,0,2026-05-18 09:51:48
RB-5009RMKIT,MikroTik RB-5009 Rack Mount Kit | K-79,Routers,175.0,Units,0,2026-05-18 09:51:48
RB-SXTLTE6,MikroTik SXT LTE6 Kit 9dBi PoE Outdoor CPE | SXTR&FG621-EA,Miscellaneous,2790.0,Units,0,2026-05-18 09:51:48
RB-SXTG5ACSA,MikroTik SXT SA5 ac 14dBi 90' Integrated Sector | RBSXTG-5HPacD-SA,Miscellaneous,2775.0,Units,0,2026-05-18 09:51:48
RB-SXTSQ5AC,MikroTik SXTsq 5 ac 16dBi Dual Chain Outdoor CPE | RBSXTsqG-5acD,Miscellaneous,1495.0,Units,0,2026-05-18 09:51:48
RB-SXTSQ2,MikroTik SXTsq Lite 2 10dBi Outdoor CPE | RBSXTsq2nD,Miscellaneous,895.0,Units,0,2026-05-18 09:51:48
RB-CSS326,MikroTik SwOS Smart Switch 24 Port Gigabit 2SFP+ | CSS326-24G-2S+RM,Switches,3775.0,Units,0,2026-05-18 09:51:48
RB-260GSP,MikroTik SwOS Smart Switch 5 Port Gigabit 1SFP PoE Out | CSS106-1G-4P-1S,Switches,1295.0,Units,0,2026-05-18 09:51:48
RB-260GS,MikroTik SwOS Smart Switch 5 Port Gigabit 1SFP | CSS106-5G-1S,Switches,995.0,Units,0,2026-05-18 09:51:48
RB-CSS610,MikroTik SwOS Smart Switch 8 Port Gigabit 2SFP+ PoE Input | CSS610-8G-2S+IN,Switches,2775.0,Units,0,2026-05-18 09:51:48
RB-CSS610P,MikroTik SwoS Cloud Switch 8 Port PoE 2 SFP+ | CSS610-8P-2S+IN,Switches,5295.0,Units,0,2026-05-18 09:51:48
RB-L4,MikroTik WISP Level 4 License,Licenses,825.0,Units,0,2026-05-18 09:51:48
RB-CUBE60PKIT,MikroTik Wireless Wire Cube Pro 60GHz/5GHz Outdoor Kit | CubeG-5ac60aypair,Miscellaneous,6895.0,Units,0,2026-05-18 09:51:48
RB-CAPLITE,MikroTik cAP Lite 300Mbps WiFi 4 Ceiling AP | RbcAPL-2nD,Miscellaneous,665.0,Units,0,2026-05-18 09:51:48
RB-CAPACXL,MikroTik cAP XL ac Dual Band 1200Mbps WiFi 5 Ceiling AP | RBcAPGi-5acD2nD-XL,Miscellaneous,2350.0,Units,0,2026-05-18 09:51:48
RB-CAPAC,MikroTik cAP ac Dual Band 1200Mbps WiFi 5 Ceiling AP | RbcAPGi-5acD2nD,Miscellaneous,1950.0,Units,0,2026-05-18 09:51:48
RB-CAPAX,MikroTik cAP ax Dual Band WiFi 6 1800Mbps Ceiling AP | cAPGi-5HaxD2HaxD,Miscellaneous,2995.0,Units,0,2026-05-18 09:51:48
RB-HAP,MikroTik hAP 5 Port Ethernet 300Mbps WiFi 4 Router | RB951Ui-2nD,Routers,1050.0,Units,0,2026-05-18 09:51:48
RB-HAPL,MikroTik hAP Lite 4 Port Ethernet 300Mbps WiFi 4 Router | RB941-2nD,Routers,595.0,Units,0,2026-05-18 09:51:48
RB-HAPLTC,MikroTik hAP Lite Tower 4 Port Ethernet 300Mbps WiFi 4 Router | RB941-2nD-TC,Routers,595.0,Units,0,2026-05-18 09:51:48
RB-HAPACL,MikroTik hAP ac Lite 5 Port Ethernet 750Mbps WiFi 5 Router | RB952Ui-5ac2nD,Routers,1325.0,Units,0,2026-05-18 09:51:48
RB-HAPACLTC,MikroTik hAP ac Lite Tower 5 Port Ethernet 750Mbps WiFi 5 Router | RB952Ui-5ac2nD-TC,Routers,1325.0,Units,0,2026-05-18 09:51:48
RB-HAPAC2,MikroTik hAP ac2 5 Port Gigabit 1200Mbps WiFi 5 Router | RBD52G-5HacD2HnD-TC,Routers,1825.0,Units,0,2026-05-18 09:51:48
RB-HAPAXL,MikroTik hAP ax lite 4 Port Gigabit 600Mbps WiFi 6 Router | L41G-2axD,Routers,1325.0,Units,0,2026-05-18 09:51:48
RB-HAPAXLLTE6,MikroTik hAP ax lite LTE6 4 Port Gigabit 600Mbps WiFi 6 Router | L41G-2axD&FG621-EA,Routers,2350.0,Units,0,2026-05-18 09:51:48
RB-HAPAX2,MikroTik hAP ax2 5 Port Gigabit 1800Mbps WiFi 6 Router | C52iG-5HaxD2HaxD-TC,Routers,2295.0,Units,0,2026-05-18 09:51:48
RB-HAPAX3,MikroTik hAP ax3 4 Gigabit 1 Port 2.5G PoE 1800Mbps WiFi 6 Router | C53UiG+5HPaxD2HPaxD,Routers,3295.0,Units,0,2026-05-18 09:51:48
RB-HEX,MikroTik hEX 5 Port Gigabit Desktop Router | RB750Gr3,Routers,1395.0,Units,0,2026-05-18 09:51:48
RB-HEXLITE,MikroTik hEX Lite 5 Port Ethernet Desktop Router | RB750r2,Routers,995.0,Units,0,2026-05-18 09:51:48
RB-HEXPOE,MikroTik hEX PoE 5 Port Gigabit 1SFP PoE Out Desktop Router | RB960PGS,Routers,2095.0,Units,0,2026-05-18 09:51:48
RB-HEXPOEL,MikroTik hEX PoE Lite 5 Port Ethernet 4 PoE Router | RB750UPr2,Routers,1425.0,Units,0,2026-05-18 09:51:48
RB-HEXS,MikroTik hEX S 5 Port Gigabit 1SFP Desktop Router| RB760iGS,Routers,1825.0,Units,0,2026-05-18 09:51:48
ANT-MLTE,MikroTik mANT LTE 5o 5dBi Omni Antenna | MTAO-LTE-5D-SQ,Dish,450.0,Units,0,2026-05-18 09:51:48
ANT-D530PA,MikroTik mANT30 5.8GHz 30dBi Precision Alignment Dish | MTAD-5G-30D3-PA,Dish,5450.0,Units,0,2026-05-18 09:51:48
ANT-D530,MikroTik mANT30 5GHz 30dBi Dish Antenna | MTAD-5G-30D3,Dish,4165.0,Units,0,2026-05-18 09:51:48
RB-MANTBOX12,MikroTik mANTBox 2 12s 12dBi 120' Integrated Sector | RB911G-2HPnD-12S,Miscellaneous,2375.0,Units,0,2026-05-18 09:51:48
RB-MANTBOX15AX,MikroTik mANTBox ax 15s WiFi 6 Integrated Sector | L22UGS-5HaxD2HaxD-15S,Miscellaneous,4475.0,Units,0,2026-05-18 09:51:48
RB-MAP,MikroTik mAP 2.4GHz  1.2dBi USB PoE WiFi AP | RbmAP2nD,Wireless Access Points,1050.0,Units,0,2026-05-18 09:51:48
RB-NETPOWER16P,MikroTik netPower 16P 16 PoE Output 2 SFP+ Outdoor Switch | CRS318-16P-2S+OUT,Switches,6575.0,Units,0,2026-05-18 09:51:48
RB-NETPOWERL7R,MikroTik netPower Lite 7R 1 PoE out 7 PoE input Switch | CSS610-1Gi-7R-2S+OUT,Switches,3295.0,Units,0,2026-05-18 09:51:48
RB-QMX,MikroTik quickMOUNT X Pole Mount Bracket for SXTSQ | QM-X,Miscellaneous,70.0,Units,0,2026-05-18 09:51:48
RB-WAPLORA8,MikroTik wAP LR8 Kit 2.4Ghz 2dBi LoraWAN Gateway | RBwAPR-2nD&R11e-LR8,Miscellaneous,3950.0,Units,0,2026-05-18 09:51:48
RB-WAPLTE,MikroTik wAP LTE Kit 2.4GHz Wireless Router with LTE Modem | wAPR-2nD&EC200A-EU,Routers,2375.0,Units,0,2026-05-18 09:51:48
RB-WAPAC,MikroTik wAP ac Dual Band 2.5dBi Outdoor WiFi Router | RBwAPG-5HacD2HnD,Routers,2095.0,Units,0,2026-05-18 09:51:48
RB-WAPLTEAC,MikroTik wAP ac LTE Kit Dual Band Router with LTE Modem | wAPGR-5HacD2HnD&EC200A-EU,Routers,3925.0,Units,0,2026-05-18 09:51:48
RB-WAPLTE6AC,MikroTik wAP ac LTE6 Kit Dual Band Router with LTE6 Modem | RBwAPGR-5HacD2HnD&R11e-LTE6,Routers,4850.0,Units,0,2026-05-18 09:51:48
Mogami 8-Channel DB25 to DB25,Mogami 8-Channel DB25 to DB25 Analogue Snake Cable - 2 Meter,Miscellaneous,4658.39,Units,0,2026-07-22 10:19:57
SP8INCH-OS,Monitor Audio 8' (Round) Off Shutter,Speakers,217.39,Units,0,2026-05-18 09:51:48
SAX10W,Monitor Audio A10 Satellite (White),Speakers,9730.43,Units,0,2026-05-18 09:51:48
SAXSTB,Monitor Audio A10 Speaker stands (Black),Speakers,6078.26,Units,0,2026-05-18 09:51:48
SAXSTW,Monitor Audio A10 Speaker stands (White),Speakers,7382.61,Units,0,2026-05-18 09:51:48
SAX40B,Monitor Audio A40 LCR (Black),Speakers,16860.87,Units,0,2026-05-18 09:51:48
SAX40W,Monitor Audio A40 LCR (White),Speakers,16860.87,Units,0,2026-05-18 09:51:48
G20PKAWC6SQ,Monitor Audio AWC 6 Square Grille,Miscellaneous,339.13,Units,0,2026-05-18 09:51:48
G20PKAWC8SQ,Monitor Audio AWC 8 Square Grille,Miscellaneous,426.09,Units,0,2026-05-18 09:51:48
SAWC265,Monitor Audio AWC265 In-ceiling,Speakers,6426.09,Units,0,2026-05-18 09:51:48
SAWC265T2,Monitor Audio AWC265T2 Stereo In-ceiling,Speakers,8773.91,Units,0,2026-05-18 09:51:48
SAWC280,Monitor Audio AWC280 In-ceiling,Speakers,8773.91,Units,0,2026-05-18 09:51:48
SAWC280T2,Monitor Audio AWC280T2 Stereo In-ceiling,Speakers,10947.83,Units,0,2026-05-18 09:51:48
SANTHW10BG,Monitor Audio Anthra W10 (Black),Speakers,38252.17,Units,0,2026-05-18 09:51:48
SANTHW12BG,Monitor Audio Anthra W12 (Black),Speakers,43469.57,Units,0,2026-05-18 09:51:48
SANTHW15BG,Monitor Audio Anthra W15 (Black),Speakers,56513.04,Units,0,2026-05-18 09:51:48
AXSTB,Monitor Audio Apex Floorstand (Black),Speakers,7382.61,Units,0,2026-05-18 09:51:48
SB6G100B,Monitor Audio Bronze 100 (Black),Speakers,7730.43,Units,0,2026-05-18 09:51:48
SB6G100WN,Monitor Audio Bronze 100 (Walnut),Speakers,7730.43,Units,0,2026-05-18 09:51:48
SB6G100W,Monitor Audio Bronze 100 (White),Speakers,7730.43,Units,0,2026-05-18 09:51:48
MASYS1Bpx,Monitor Audio Bronze 100/Denon AVRX1800H 5.1 System (Black),Speakers,42165.22,Units,0,2026-05-18 09:51:48
MASYS1WNpx,Monitor Audio Bronze 100/Denon AVRX1800H 5.1 System (Walnut),Speakers,42165.22,Units,0,2026-05-18 09:51:48
MASYS1Wpx,Monitor Audio Bronze 100/Denon AVRX1800H 5.1 System (White),Speakers,42165.22,Units,0,2026-05-18 09:51:48
SB6G200B,Monitor Audio Bronze 200 (Black),Speakers,13382.61,Units,0,2026-05-18 09:51:48
SB6G200WN,Monitor Audio Bronze 200 (Walnut),Speakers,13382.61,Units,0,2026-05-18 09:51:48
SB6G200W,Monitor Audio Bronze 200 (White),Speakers,13382.61,Units,0,2026-05-18 09:51:48
MASYS2Bpx,Monitor Audio Bronze 200/Denon AVRX1800H 5.1 System (Black),Speakers,47991.3,Units,0,2026-05-18 09:51:48
MASYS2WNpx,Monitor Audio Bronze 200/Denon AVRX1800H 5.1 System (Walnut),Speakers,47991.3,Units,0,2026-05-18 09:51:48
MASYS2Wpx,Monitor Audio Bronze 200/Denon AVRX1800H 5.1 System (White),Speakers,47991.3,Units,0,2026-05-18 09:51:48
SB6G50B,Monitor Audio Bronze 50 (Black),Speakers,6252.17,Units,0,2026-05-18 09:51:48
SB6G50WN,Monitor Audio Bronze 50 (Walnut),Speakers,6252.17,Units,0,2026-05-18 09:51:48
SB6G50W,Monitor Audio Bronze 50 (White),Speakers,6252.17,Units,0,2026-05-18 09:51:48
SB6G500B,Monitor Audio Bronze 500 (Black),Speakers,18426.09,Units,0,2026-05-18 09:51:48
SB6G500WN,Monitor Audio Bronze 500 (Walnut),Speakers,18426.09,Units,0,2026-05-18 09:51:48
SB6G500W,Monitor Audio Bronze 500 (White),Speakers,18426.09,Units,0,2026-05-18 09:51:48
MASYS3Bpx,Monitor Audio Bronze 500/Denon AVRX2800H 5.1 System (Black),Speakers,55556.52,Units,0,2026-05-18 09:51:48
MASYS3WNpx,Monitor Audio Bronze 500/Denon AVRX2800H 5.1 System (Walnut),Speakers,55556.52,Units,0,2026-05-18 09:51:48
MASYS3Wpx,Monitor Audio Bronze 500/Denon AVRX2800H 5.1 System (White),Speakers,55556.52,Units,0,2026-05-18 09:51:48
SB6GAMSB,Monitor Audio Bronze AMS (Black),Speakers,7208.7,Units,0,2026-05-18 09:51:48
SB6GAMSW,Monitor Audio Bronze AMS (White),Speakers,7208.7,Units,0,2026-05-18 09:51:48
SB6GC150B,Monitor Audio Bronze C150 (Black),Speakers,4165.22,Units,0,2026-05-18 09:51:48
SB6GC150WN,Monitor Audio Bronze C150 (Walnut),Speakers,4165.22,Units,0,2026-05-18 09:51:48
SB6GC150W,Monitor Audio Bronze C150 (White),Speakers,4165.22,Units,0,2026-05-18 09:51:48
SB6GFXB,Monitor Audio Bronze FX (Black),Speakers,7208.7,Units,0,2026-05-18 09:51:48
SB6GFXW,Monitor Audio Bronze FX (White),Speakers,7208.7,Units,0,2026-05-18 09:51:48
SB7GOWB,Monitor Audio Bronze On-Wall 7G (Black),Miscellaneous,5208.7,Units,0,2026-07-22 10:20:01
SB7GOWW,Monitor Audio Bronze On-Wall 7G (White),Miscellaneous,4739.91,Units,0,2026-07-22 10:20:05
SB6GW10B,Monitor Audio Bronze W10 (Black),Speakers,12860.87,Units,0,2026-05-18 09:51:48
SB6GW10WN,Monitor Audio Bronze W10 (Walnut),Speakers,12860.87,Units,0,2026-05-18 09:51:48
SB6GW10W,Monitor Audio Bronze W10 (White),Speakers,12860.87,Units,0,2026-05-18 09:51:48
SCC165,Monitor Audio C165 In-ceiling,Speakers,2600.0,Units,0,2026-05-18 09:51:48
SCC165T2,Monitor Audio C165T2 Stereo In-ceiling,Speakers,3208.7,Units,0,2026-05-18 09:51:48
SCC180,Monitor Audio C180 In-ceiling,Speakers,3382.61,Units,0,2026-05-18 09:51:48
SCF230,Monitor Audio CF230 Mini In-ceiling,Speakers,6513.04,Units,0,2026-05-18 09:51:48
CFB3R,Monitor Audio CFB3R Mini In-ceiling Kit,Speakers,947.83,Units,0,2026-05-18 09:51:48
CFB3SQ,Monitor Audio CFB3SQ Mini In-ceiling Kit,Speakers,947.83,Units,0,2026-05-18 09:51:48
IA1254,Monitor Audio CI Amp IA125-4,Miscellaneous,36252.17,Units,0,2026-05-18 09:51:48
IA1508C,Monitor Audio CI Amp IA1508C,Miscellaneous,84165.22,Units,0,2026-05-18 09:51:48
IA604,Monitor Audio CI Amp IA60-4,Miscellaneous,24339.13,Units,0,2026-05-18 09:51:48
IA6012,Monitor Audio CI Amp IA6012,Miscellaneous,38773.91,Units,0,2026-05-18 09:51:48
IA7502,Monitor Audio CI Amp IA750-2,Miscellaneous,48252.17,Units,0,2026-05-18 09:51:48
IA7504,Monitor Audio CI Amp IA750-4,Miscellaneous,72860.87,Units,0,2026-05-18 09:51:48
G20PKCP8SQ,Monitor Audio CP8 Square Grille,Miscellaneous,260.87,Units,0,2026-05-18 09:51:48
SCPC120SW,Monitor Audio CPC120 In-ceiling (S/White,Speakers,2165.22,Units,0,2026-05-18 09:51:48
SCPIW260X,Monitor Audio CPIW260X In-wall,Speakers,21295.65,Units,0,2026-05-18 09:51:48
SCPIW460X,Monitor Audio CPIW460X In-wall,Speakers,32513.04,Units,0,2026-05-18 09:51:48
SCSS230,Monitor Audio CSS230 Slim In-ceiling,Speakers,6339.13,Units,0,2026-05-18 09:51:48
G20PKCT6SQ,Monitor Audio CT 6 Square Grille,Miscellaneous,139.13,Units,0,2026-05-18 09:51:48
G20PKCPCT6S,Monitor Audio CT165 Square Grille,Miscellaneous,186.96,Units,0,2026-05-18 09:51:48
SCIN100,Monitor Audio Cinergy 100,Speakers,42165.22,Units,0,2026-05-18 09:51:48
SCIN200,Monitor Audio Cinergy 200,Speakers,65556.52,Units,0,2026-05-18 09:51:48
SCIN300,Monitor Audio Cinergy 300,Speakers,74947.83,Units,0,2026-05-18 09:51:48
SCINSUB15,Monitor Audio Cinergy Subwoofer 15,Subwoofers,37469.57,Units,0,2026-05-18 09:51:48
SCL50B,Monitor Audio Climate 50 Outdoor (Black),Speakers,8600.0,Units,0,2026-05-18 09:51:48
SCL50W,Monitor Audio Climate 50 Outdoor (White),Speakers,8600.0,Units,0,2026-05-18 09:51:48
SCL60B,Monitor Audio Climate 60 Outdoor (Black),Speakers,10947.83,Units,0,2026-05-18 09:51:48
SCL60W,Monitor Audio Climate 60 Outdoor (White),Speakers,10947.83,Units,0,2026-05-18 09:51:48
SCL80B,Monitor Audio Climate 80 Outdoor (Black),Speakers,14078.26,Units,0,2026-05-18 09:51:48
SCL80W,Monitor Audio Climate 80 Outdoor (White),Speakers,14078.26,Units,0,2026-05-18 09:51:48
SCL2MB,Monitor Audio Climate CL2M (3G) (Black),Miscellaneous,11713.61,Units,0,2026-07-22 10:20:10
SCL2MW,Monitor Audio Climate CL2M (3G) (White),Miscellaneous,10763.86,Units,0,2026-07-22 10:20:14
SCL2SB,Monitor Audio Climate CL2S (3G) (Black),Miscellaneous,10427.33,Units,0,2026-07-22 10:20:24
SCLG140BR,Monitor Audio Climate G140 Sat (Brown),Speakers,7904.35,Units,0,2026-05-18 09:51:48
SCLG160BR,Monitor Audio Climate G160 Sat (Brown),Speakers,10165.22,Units,0,2026-05-18 09:51:48
SCLGW10BR,Monitor Audio Climate GW10 Sub (Brown),Miscellaneous,34252.17,Units,0,2026-05-18 09:51:48
SCLGW12BR,Monitor Audio Climate GW12 Sub (Brown),Miscellaneous,46773.91,Units,0,2026-05-18 09:51:48
BCLGMBR,Monitor Audio Climate Garden Sat Mount,Miscellaneous,726.09,Units,0,2026-05-18 09:51:48
CLGSPR,Monitor Audio Climate Garden Spike,Miscellaneous,686.96,Units,0,2026-05-18 09:51:48
SCSC1L,Monitor Audio Creator C1L In-ceiling,Speakers,6173.91,Units,0,2026-05-18 09:51:48
SCSC1M,Monitor Audio Creator C1M In-ceiling,Speakers,5304.35,Units,0,2026-05-18 09:51:48
SCSC1S,Monitor Audio Creator C1S In-ceiling,Speakers,4347.83,Units,0,2026-05-18 09:51:48
SCSC2L,Monitor Audio Creator C2L In-ceiling,Speakers,7739.13,Units,0,2026-05-18 09:51:48
SCSC2LT2X,Monitor Audio Creator C2LT2X In-ceiling,Speakers,8608.7,Units,0,2026-05-18 09:51:48
SCSC2M,Monitor Audio Creator C2M In-ceiling,Speakers,6782.61,Units,0,2026-05-18 09:51:48
SCSC2MT2X,Monitor Audio Creator C2MT2X In-ceiling,Speakers,7739.13,Units,0,2026-05-18 09:51:48
SCSC2S,Monitor Audio Creator C2S In-ceiling,Speakers,6173.91,Units,0,2026-05-18 09:51:48
SCSC3L,Monitor Audio Creator C3L In-ceiling,Speakers,12869.57,Units,0,2026-05-18 09:51:48
SCSC3LA,Monitor Audio Creator C3LA LCRIn-ceiling,Speakers,16260.87,Units,0,2026-05-18 09:51:48
SCSC3M,Monitor Audio Creator C3M In-ceiling,Speakers,11043.48,Units,0,2026-05-18 09:51:48
SCSW1M,Monitor Audio Creator W1M In-wall,Speakers,6782.61,Units,0,2026-05-18 09:51:48
SCSW1ME,Monitor Audio Creator W1ME In-wall,Speakers,4956.52,Units,0,2026-05-18 09:51:48
SCSW2M,Monitor Audio Creator W2M In-wall,Speakers,9826.09,Units,0,2026-05-18 09:51:48
SCSW3M,Monitor Audio Creator W3M In-wall,Speakers,17217.39,Units,0,2026-05-18 09:51:48
SG6GOWBG,Monitor Audio Gold On-wall (Black),Miscellaneous,18626.09,Units,0,2026-07-22 10:20:41
SG5G100B,Monitor Audio Gold100 Bookshelf (Black),Speakers,37121.74,Units,0,2026-05-18 09:51:48
SG5G100E,Monitor Audio Gold100 Bookshelf (Ebony),Speakers,37121.74,Units,0,2026-05-18 09:51:48
SG5G100WN,Monitor Audio Gold100 Bookshelf (Walnut),Speakers,37121.74,Units,0,2026-05-18 09:51:48
SG5G100W,Monitor Audio Gold100 Bookshelf (White),Speakers,37121.74,Units,0,2026-05-18 09:51:48
SG5G200B,Monitor Audio Gold200 F/Stander (Black),Speakers,76513.04,Units,0,2026-05-18 09:51:48
SG5G200E,Monitor Audio Gold200 F/Stander (Ebony),Speakers,76513.04,Units,0,2026-05-18 09:51:48
SG5G200WN,Monitor Audio Gold200 F/Stander (Walnut),Speakers,76513.04,Units,0,2026-05-18 09:51:48
SG5G200W,Monitor Audio Gold200 F/Stander (White),Speakers,76513.04,Units,0,2026-05-18 09:51:48
SG5G300B,Monitor Audio Gold300 F/Stander (Black),Speakers,106165.22,Units,0,2026-05-18 09:51:48
SG5G300E,Monitor Audio Gold300 F/Stander (Ebony),Speakers,106165.22,Units,0,2026-05-18 09:51:48
SG5G300WN,Monitor Audio Gold300 F/Stander (Walnut),Speakers,106165.22,Units,0,2026-05-18 09:51:48
SG5GC250B,Monitor Audio GoldC250 Centre (Black),Speakers,28600.0,Units,0,2026-05-18 09:51:48
SG5GC250E,Monitor Audio GoldC250 Centre (Ebony),Speakers,28600.0,Units,0,2026-05-18 09:51:48
SG5GC250WN,Monitor Audio GoldC250 Centre (Walnut),Speakers,28600.0,Units,0,2026-05-18 09:51:48
SG5GC250W,Monitor Audio GoldC250 Centre (White),Speakers,28600.0,Units,0,2026-05-18 09:51:48
SG5GFXB,Monitor Audio GoldFX Surround (Black),Speakers,45034.78,Units,0,2026-05-18 09:51:48
SG5GFXE,Monitor Audio GoldFX Surround (Ebony),Speakers,45034.78,Units,0,2026-05-18 09:51:48
SG5GFXWN,Monitor Audio GoldFX Surround (Walnut),Speakers,45034.78,Units,0,2026-05-18 09:51:48
SG5GW12E,Monitor Audio GoldW12 Subwoofer (Ebony),Subwoofers,55382.61,Units,0,2026-05-18 09:51:48
SG5GW12WN,Monitor Audio GoldW12 Subwoofer (Walnut),Subwoofers,55382.61,Units,0,2026-05-18 09:51:48
SHYPHNW,Monitor Audio Hyphn Pure Satin White,Speakers,1434782.61,Units,0,2026-05-18 09:51:48
SICS8,Monitor Audio ICS8 In-celing Subwoofer,Subwoofers,14947.83,Units,0,2026-05-18 09:51:48
IMS4,Monitor Audio IMS4 Music Streamer,Speakers,44773.91,Units,0,2026-05-18 09:51:48
SIV140,Monitor Audio IV140 Invisible In-wall,Speakers,12513.04,Units,0,2026-05-18 09:51:48
IWA250,Monitor Audio IWA250 Subwoofer Amplifier,Subwoofers,8513.04,Units,0,2026-05-18 09:51:48
IWB10,Monitor Audio IWB10 back box for IWS10,Speakers,3295.65,Units,0,2026-05-18 09:51:48
IWS10,Monitor Audio IWS10 In-wall Subwoofer,Subwoofers,8513.04,Units,0,2026-05-18 09:51:48
CFB3KIT,Monitor Audio Mini Inceling Retrofit Kit,Speakers,947.83,Units,0,2026-05-18 09:51:48
SCPPC,Monitor Audio Platinum In-ceiling II,Speakers,27730.43,Units,0,2026-05-18 09:51:48
SP3G100B,Monitor Audio Platinum100 B/Shelf(Black),Speakers,86947.83,Units,0,2026-05-18 09:51:48
SP3G200B,Monitor Audio Platinum200 F/Stand(Black),Miscellaneous,173904.35,Units,0,2026-05-18 09:51:48
SP3G200E,Monitor Audio Platinum200 F/Stand(Ebony),Miscellaneous,173904.35,Units,0,2026-05-18 09:51:48
SP3G300B,Monitor Audio Platinum300 F/Stand(Black),Miscellaneous,226078.26,Units,0,2026-05-18 09:51:48
SP3G300E,Monitor Audio Platinum300 F/Stand(Ebony),Miscellaneous,226078.26,Units,0,2026-05-18 09:51:48
SP3GC250B,Monitor Audio PlatinumC250 Centre(Black),Speakers,77382.61,Units,0,2026-05-18 09:51:48
SPRO80,Monitor Audio Pro80 (Pack of 5),Speakers,10869.57,Units,0,2026-05-18 09:51:48
RADSTW,Monitor Audio Radius  Stand (White),Miscellaneous,4165.22,Units,0,2026-05-18 09:51:48
SRAD390BL,Monitor Audio Radius 390 (Black Gloss),Speakers,17991.3,Units,0,2026-05-18 09:51:48
RADSTBL,Monitor Audio Radius Stand (Black),Miscellaneous,4165.22,Units,0,2026-05-18 09:51:48
SRAD200BL,Monitor Audio Radius200 Centre (Black),Speakers,5817.39,Units,0,2026-05-18 09:51:48
SRAD200SW,Monitor Audio Radius200 Centre (White),Speakers,5817.39,Units,0,2026-05-18 09:51:48
SRAD225BL,Monitor Audio Radius225 LCR (Black),Speakers,8426.09,Units,0,2026-05-18 09:51:48
SRAD225SW,Monitor Audio Radius225 LCR (White),Speakers,8426.09,Units,0,2026-05-18 09:51:48
SRAD270BL,Monitor Audio Radius270 F/Stander(Black),Speakers,21295.65,Units,0,2026-05-18 09:51:48
SRAD270SW,Monitor Audio Radius270 F/Stander(White),Speakers,21295.65,Units,0,2026-05-18 09:51:48
SRAD380SW,Monitor Audio Radius380 Sub (White),Miscellaneous,14860.87,Units,0,2026-05-18 09:51:48
SRAD390SW,Monitor Audio Radius390 Sub (White),Miscellaneous,17991.3,Units,0,2026-05-18 09:51:48
SRAD90BL,Monitor Audio Radius90 Sat (Black),Speakers,10339.13,Units,0,2026-05-18 09:51:48
SRAD90SW,Monitor Audio Radius90 Sat (White),Speakers,10339.13,Units,0,2026-05-18 09:51:48
SRAD1SW,Monitor Audio RadiusONE L/C/R (White),Speakers,14860.87,Units,0,2026-05-18 09:51:48
BSB,Monitor Audio SB  Bracket,Miscellaneous,600.0,Units,0,2026-05-18 09:51:48
SB2B,Monitor Audio SB2 Soundbar (Black),Speakers,13208.7,Units,0,2026-05-18 09:51:48
SB3B,Monitor Audio SB3 Soundbar (Black),Speakers,16513.04,Units,0,2026-05-18 09:51:48
SB4B,Monitor Audio SB4 Soundbar (Black),Speakers,19643.48,Units,0,2026-05-18 09:51:48
SSF1BI,Monitor Audio SF 1 In-wall (Black Gloss),Speakers,14078.26,Units,0,2026-05-18 09:51:48
SSF1B,Monitor Audio SF 1 On-wall (Black Gloss),Speakers,14078.26,Units,0,2026-05-18 09:51:48
SSF1W,Monitor Audio SF 1 On-wall (White Gloss),Speakers,14078.26,Units,0,2026-05-18 09:51:48
SSF2WI,Monitor Audio SF 2 In-wall (White Gloss),Speakers,14078.26,Units,0,2026-05-18 09:51:48
SSF2B,Monitor Audio SF 2 On-wall (Black Gloss),Speakers,14078.26,Units,0,2026-05-18 09:51:48
SSF2W,Monitor Audio SF 2 On-wall (White Gloss),Speakers,14078.26,Units,0,2026-05-18 09:51:48
SSF3B,Monitor Audio SF 3 On-Wall (Black Gloss),Speakers,7121.74,Units,0,2026-05-18 09:51:48
SSF3W,Monitor Audio SF3 On-Wall (White),Speakers,7121.74,Units,0,2026-05-18 09:51:48
SWSSIWSPK,Monitor Audio SWS130/230/430 In-wall Box,Speakers,517.39,Units,0,2026-05-18 09:51:48
SS7G100BL,Monitor Audio Silver100 B/Shelf (Black),Speakers,14773.91,Units,0,2026-05-18 09:51:48
SS7G100BG,Monitor Audio Silver100 B/Shelf (GBlack),Speakers,14773.91,Units,0,2026-05-18 09:51:48
SS7G100WN,Monitor Audio Silver100 B/Shelf (Walnut),Speakers,14773.91,Units,0,2026-05-18 09:51:48
SS7G100W,Monitor Audio Silver100 B/Shelf (White),Speakers,14773.91,Units,0,2026-05-18 09:51:48
MASYS4Bpx,Monitor Audio Silver100/Denon AVRX2800H 5.1 System (Black),Speakers,65034.78,Units,0,2026-05-18 09:51:48
MASYS4GBpx,Monitor Audio Silver100/Denon AVRX2800H 5.1 System (GBlack),Speakers,65034.78,Units,0,2026-05-18 09:51:48
MASYS4WNpx,Monitor Audio Silver100/Denon AVRX2800H 5.1 System (Walnut),Speakers,65034.78,Units,0,2026-05-18 09:51:48
MASYS4Wpx,Monitor Audio Silver100/Denon AVRX2800H 5.1 System (White),Speakers,65034.78,Units,0,2026-05-18 09:51:48
SS7G200BL,Monitor Audio Silver200 F/Stander(Black),Speakers,23469.57,Units,0,2026-05-18 09:51:48
SS7G200W,Monitor Audio Silver200 F/Stander(White),Speakers,23469.57,Units,0,2026-05-18 09:51:48
MASYS5Bpx,Monitor Audio Silver200/Denon AVRX2800H 5.1 System (Black),Speakers,72860.87,Units,0,2026-05-18 09:51:48
MASYS5GBpx,Monitor Audio Silver200/Denon AVRX2800H 5.1 System (GBlack),Speakers,72860.87,Units,0,2026-05-18 09:51:48
MASYS5WNpx,Monitor Audio Silver200/Denon AVRX2800H 5.1 System (Walnut),Speakers,72860.87,Units,0,2026-05-18 09:51:48
MASYS5Wpx,Monitor Audio Silver200/Denon AVRX2800H 5.1 System (White),Speakers,72860.87,Units,0,2026-05-18 09:51:48
SS7G200BG,Monitor Audio Silver200F/Stander(GBlack),Speakers,23469.57,Units,0,2026-05-18 09:51:48
SS7G200WN,Monitor Audio Silver200F/Stander(Walnut),Speakers,23469.57,Units,0,2026-05-18 09:51:48
SS7G300BL,Monitor Audio Silver300 F/Stander(Black),Speakers,29991.3,Units,0,2026-05-18 09:51:48
SS7G300W,Monitor Audio Silver300 F/Stander(White),Speakers,29991.3,Units,0,2026-05-18 09:51:48
MASYS6Bpx,Monitor Audio Silver300/AVCX3800H 5.1 System (Black),Speakers,96078.26,Units,0,2026-05-18 09:51:48
MASYS6GBpx,Monitor Audio Silver300/AVCX3800H 5.1 System (GBlack),Speakers,96078.26,Units,0,2026-05-18 09:51:48
MASYS6WNpx,Monitor Audio Silver300/AVCX3800H 5.1 System (Walnut),Speakers,96078.26,Units,0,2026-05-18 09:51:48
MASYS6Wpx,Monitor Audio Silver300/AVCX3800H 5.1 System (White),Speakers,96078.26,Units,0,2026-05-18 09:51:48
SS7G300BG,Monitor Audio Silver300F/Stander(GBlack),Speakers,29991.3,Units,0,2026-05-18 09:51:48
SS7G300WN,Monitor Audio Silver300F/Stander(Walnut),Speakers,29991.3,Units,0,2026-05-18 09:51:48
SS7G50BL,Monitor Audio Silver50 B/Shelf (Black),Speakers,11295.65,Units,0,2026-05-18 09:51:48
SS7G50BG,Monitor Audio Silver50 B/Shelf (GBlack),Speakers,11295.65,Units,0,2026-05-18 09:51:48
SS7G50WN,Monitor Audio Silver50 B/Shelf (Walnut),Speakers,11295.65,Units,0,2026-05-18 09:51:48
SS7G50W,Monitor Audio Silver50 B/Shelf (White),Speakers,11295.65,Units,0,2026-05-18 09:51:48
SS7G500BL,Monitor Audio Silver500 F/Stander(Black),Speakers,34773.91,Units,0,2026-05-18 09:51:48
SS7G500W,Monitor Audio Silver500 F/Stander(White),Speakers,34773.91,Units,0,2026-05-18 09:51:48
MASYS7Bpx,Monitor Audio Silver500/AVCX3800H 5.1 System (Black),Speakers,107817.39,Units,0,2026-05-18 09:51:48
MASYS7GBpx,Monitor Audio Silver500/AVCX3800H 5.1 System (GBlack),Speakers,107817.39,Units,0,2026-05-18 09:51:48
MASYS7WNpx,Monitor Audio Silver500/AVCX3800H 5.1 System (Walnut),Speakers,107817.39,Units,0,2026-05-18 09:51:48
MASYS7Wpx,Monitor Audio Silver500/AVCX3800H 5.1 System (White),Speakers,107817.39,Units,0,2026-05-18 09:51:48
SS7G500BG,Monitor Audio Silver500F/Stander(GBlack),Speakers,34773.91,Units,0,2026-05-18 09:51:48
SS7G500WN,Monitor Audio Silver500F/Stander(Walnut),Speakers,34773.91,Units,0,2026-05-18 09:51:48
SS7GAMSBG,Monitor Audio SilverAMS ATM/Sur (GBlack),Speakers,13034.78,Units,0,2026-05-18 09:51:48
SS7GAMSW,Monitor Audio SilverAMS ATM/Sur (White),Speakers,13034.78,Units,0,2026-05-18 09:51:48
SS7GC250BL,Monitor Audio SilverC250 Centre (Black),Speakers,12165.22,Units,0,2026-05-18 09:51:48
SS7GC250BG,Monitor Audio SilverC250 Centre (GBlack),Speakers,12165.22,Units,0,2026-05-18 09:51:48
SS7GC250WN,Monitor Audio SilverC250 Centre (Walnut),Speakers,12165.22,Units,0,2026-05-18 09:51:48
SS7GC250W,Monitor Audio SilverC250 Centre (White),Speakers,12165.22,Units,0,2026-05-18 09:51:48
SS7GFXBG,Monitor Audio SilverFX Surround (GBlack),Speakers,12165.22,Units,0,2026-05-18 09:51:48
SS7GFXW,Monitor Audio SilverFX Surround (White),Speakers,12165.22,Units,0,2026-05-18 09:51:48
MASMB,Monitor Audio Speaker Mount (Black),Miscellaneous,426.09,Units,0,2026-05-18 09:51:48
MASMS,Monitor Audio Speaker Mount (Silver),Miscellaneous,426.09,Units,0,2026-05-18 09:51:48
MASMW,Monitor Audio Speaker Mount (White),Miscellaneous,426.09,Units,0,2026-05-18 09:51:48
STANDW,Monitor Audio Stand (White),Miscellaneous,8339.13,Units,0,2026-05-18 09:51:48
SV240B,Monitor Audio Vecta 240 Sat (Black),Speakers,7556.52,Units,0,2026-05-18 09:51:48
SV240W,Monitor Audio Vecta 240 Sat (White),Speakers,7556.52,Units,0,2026-05-18 09:51:48
BVMB,Monitor Audio Vecta Bracket (Black),Miscellaneous,686.96,Units,0,2026-05-18 09:51:48
BVMW,Monitor Audio Vecta Bracket (White),Miscellaneous,686.96,Units,0,2026-05-18 09:51:48
BVMBC,Monitor Audio Vecta Corner Brkt (Black),Speakers,686.96,Units,0,2026-05-18 09:51:48
SCW165,Monitor Audio W165 In-wall,Speakers,3121.74,Units,0,2026-05-18 09:51:48
SCW180,Monitor Audio W180 In-wall,Speakers,3817.39,Units,0,2026-05-18 09:51:48
SWSS130,Monitor Audio WSS130 Super Slim In-wall,Speakers,5469.57,Units,0,2026-05-18 09:51:48
SWSS230,Monitor Audio WSS230 Super Slim In-wall,Speakers,7034.78,Units,0,2026-05-18 09:51:48
SWSS430,Monitor Audio WSS430 Super Slim In-wall,Speakers,9817.39,Units,0,2026-05-18 09:51:48
UA-Intercom-Viewer,Monitor for UniFi Access door intercom,Intercom and Access Control,5217.39,Units,0,2026-07-15 11:20:55
MWIFI,Monthly WIfi prorate March 2026,Licenses,336.67,Units,0,2026-05-18 09:51:48
MVCHBEU1BLK,Move Charging Base EU (Black) 8519.8990.90,Miscellaneous,1477.39,Units,0,2026-05-18 09:51:48
MVCHBEU1,Move Charging Base EU (White) 8504.40.82,Miscellaneous,1477.39,Units,0,2026-05-18 09:51:48
MVBATWW1BLK,Move Replacement Battery Kit WW (Black) 8507.60.00,Miscellaneous,1121.73,Units,0,2026-05-18 09:51:48
MVBATWW1,Move Replacement Battery Kit WW (White) 8507.60.00,Miscellaneous,1121.73,Units,0,2026-05-18 09:51:48
MP-02WIEC,Multi Plug 1x16A 1x5A 0.5m IEC Cord,Miscellaneous,65.0,Units,0,2026-05-18 09:51:48
MP-06W,Multi Plug 3x16A 3x5A 0.5m Cord,Miscellaneous,95.0,Units,0,2026-05-18 09:51:48
MP-06WIEC,Multi Plug 3x16A 3x5A 0.5m IEC Cord,Miscellaneous,115.0,Units,0,2026-05-18 09:51:48
MP-08WU,Multi Plug 4x16A 4x5A 2xUSB 0.5m Cord,Miscellaneous,190.0,Units,0,2026-05-18 09:51:48
MP-10W,Multi Plug 5x16A 5x5A 0.5m Cord,Miscellaneous,145.0,Units,0,2026-05-18 09:51:48
MP-10WIEC,Multi Plug 5x16A 5x5A 0.5m IEC Cord,Miscellaneous,145.0,Units,0,2026-05-18 09:51:48
MP-10W3M,Multi Plug 5x16A 5x5A 3m Cord,Miscellaneous,215.0,Units,0,2026-05-18 09:51:48
MP-10W5M,Multi Plug 5x16A 5x5A 5m Cord,Miscellaneous,275.0,Units,0,2026-05-18 09:51:48
Multi Territory PSU 24V 1A,Multi Territory PSU 24V 1A,Miscellaneous,478.26,Units,0,2026-05-18 09:51:48
MZMA,Multi Zone Matrix Amp (6x4) 55,Miscellaneous,69564.35,Units,0,2026-05-18 09:51:48
DHI-DSSExpress8-MultiSite-License,"Multi-site ability license for DSS Express V8, supports to be accessed by DSS Professional PC Clients remotely.",Licenses,25532.76,Units,0,2026-05-18 09:51:48
DH-GSFP-850-MMF,"Multiple mode double fiber;
LC port;
850nm sending, and 850nm receiving;
Transmission distance up to 550m;",Miscellaneous,651.78,Units,0,2026-05-18 09:51:48
MYLAR4CCORE1M,Mylar 4 core 1m,Lighting Control Modules,9.9,Units,0,2026-07-24 15:16:30
NANO-BP-P5,NANO BACKPACK P5,Miscellaneous,21765.22,Units,0,2026-05-18 09:51:48
DLA-NZ7,NATIVE 4K (4096 x 2160)/ 1900lm/ Native Contrast Ratio of 80000:1 (Dynamic Contrast Ratio 800000,Miscellaneous,347825.22,Units,0,2026-05-18 09:51:48
STP-NEONACC-00,NEON ACCESSORY PACK,Miscellaneous,861.74,Units,0,2026-05-18 09:51:48
STP-NEON10MOD-00,NEON LIGHT STRIP - OUTDOOR (10M),Miscellaneous,19389.57,Units,0,2026-05-18 09:51:48
NEXT7345,NEXT 7345 DesignMount,Miscellaneous,9469.57,Units,0,2026-05-18 09:51:48
NEXT7346,NEXT 7346 LG OLED Mount,Miscellaneous,9556.52,Units,0,2026-05-18 09:51:48
NEXT7355,NEXT 7355 MotionMount EU,Miscellaneous,20513.04,Units,0,2026-05-18 09:51:48
NEXT7356,NEXT 7356 MotionMount Universal OLED EU,Miscellaneous,21643.48,Units,0,2026-05-18 09:51:48
NEXT7825,NEXT 7825 AV Support,Miscellaneous,2078.26,Units,0,2026-05-18 09:51:48
NEXT7840,NEXT 7840 Cable Cover,Miscellaneous,2078.26,Units,0,2026-05-18 09:51:48
NEXT8365,NEXT 8365 SoundMount EU,Miscellaneous,1938.26,Units,0,2026-05-18 09:51:48
NEXT8375,NEXT 8375 MotionSoundMount EU,Miscellaneous,26408.7,Units,0,2026-05-18 09:51:48
NEXTOP1,NEXT OP1 TV Floorstand Light Oak,Speakers,26955.65,Units,0,2026-05-18 09:51:48
NEXTOP2,NEXT OP2 TV Floorstand Light Oak,Speakers,30433.91,Units,0,2026-05-18 09:51:48
NEXTOPHANG,NEXT OPHANG Console Holder,Miscellaneous,2313.04,Units,0,2026-05-18 09:51:48
VID-NTSCPAL,NTSC / PAL converter,Miscellaneous,723.55,Units,0,2026-05-18 09:51:48
GSM4210PD-100EUS,Netgear GSM4210PD 8x1G PoE+ 110W 1x1G and 1xSFP Managed Switch,Miscellaneous,15035.71,Units,0,2026-07-22 10:20:45
Network Point,Network Point Panel,Panels,0.0,Units,0,2026-07-15 14:32:31
NP,Network Point Wireless,Wireless Access Points,550.0,Units,0,2026-07-15 11:22:14
CL2250BV2,New Classic 2250 v2 Black,Miscellaneous,54773.91,Units,0,2026-05-18 09:51:48
GPS-OB22,OBD VEHICLE TRACKER (plug & play)  with compact design,Miscellaneous,0.0,Units,0,2026-05-18 09:51:48
OBERON 1 B,OBERON 1 BLACK BOOKSHELF SPEAKER,Speakers,7817.39,Units,0,2026-05-18 09:51:48
OBERON 1 W,OBERON 1 WHITE BOOKSHELF SPEAKER,Speakers,7817.39,Units,0,2026-05-18 09:51:48
OBERON 3 B,OBERON 3 BLACK BOOKSHELF SPEAKER,Speakers,10426.09,Units,0,2026-05-18 09:51:48
OBERON 3 DWAL,OBERON 3 DARK WALNUT BOOKSHELF SPEAKER,Speakers,10426.09,Units,0,2026-05-18 09:51:48
OBERON 3 W,OBERON 3 WHITE BOOKSHELF SPEAKER,Speakers,10426.09,Units,0,2026-05-18 09:51:48
OBERON 5 B,OBERON 5 BLACK FLOOR STANDING SPEAKER,Speakers,15643.48,Units,0,2026-05-18 09:51:48
OBERON 5 WAL,OBERON 5 DARK WALNUT FLOOR STANDING SPEAKER,Speakers,15643.48,Units,0,2026-05-18 09:51:48
OBERON 5 W,OBERON 5 WHITE FLOOR STANDING SPEAKER,Speakers,15643.48,Units,0,2026-05-18 09:51:48
OBERON 5 WO,OBERON 5 WHITE OAK FLOOR STANDING SPEAKER,Speakers,15643.48,Units,0,2026-05-18 09:51:48
OBERON 7 B,OBERON 7 BLACK FLOOR STANDING SPEAKER,Speakers,21738.26,Units,0,2026-05-18 09:51:48
OBERON 7 DWAL,OBERON 7 DARK WALNUT FLOOR STANDING SPEAKER,Speakers,21738.26,Units,0,2026-05-18 09:51:48
OBERON 7 W,OBERON 7 WHITE FLOOR STANDING SPEAKER test,Speakers,21738.26,Units,0,2026-05-18 09:51:48
OBERON OW B,OBERON ON-WALL BLACK,Miscellaneous,11303.48,Units,0,2026-05-18 09:51:48
OBERON OW DWAL,OBERON ON-WALL DARK WALLNUT,Miscellaneous,11303.48,Units,0,2026-05-18 09:51:48
OBERON OW W,OBERON ON-WALL WHITE,Miscellaneous,11303.48,Units,0,2026-05-18 09:51:48
OBERON VOK B,OBERON VOKAL BLACK,Miscellaneous,7295.65,Units,0,2026-05-18 09:51:48
OBERON VOK DWAL,OBERON VOKAL DARK WALLNUT,Miscellaneous,7295.65,Units,0,2026-05-18 09:51:48
OBERON VOK W,OBERON VOKAL WHITE,Miscellaneous,7295.65,Units,0,2026-05-18 09:51:48
SEN-OCC24V-00,OCCUPANCY SENSOR 24V CONTACT,Sensors,4924.35,Units,0,2026-05-18 09:51:48
OPADBWW1BLK,OPTICAL ADAPTER 5-PACK,Miscellaneous,1477.39,Units,0,2026-05-18 09:51:48
OPTICON 2 B,OPTICON 2 BLACK BOOKSHELF SPEAKER,Speakers,20868.7,Units,0,2026-05-18 09:51:48
OPTICON 5 W,OPTICON 5 WHITE FLOOR STANDING SPEAKER,Speakers,26947.83,Units,0,2026-05-18 09:51:48
OPTICON 8 B,OPTICON 8 BLACK FLOOR STANDING SPEAKER,Speakers,58260.0,Units,0,2026-05-18 09:51:48
OPTICON 8 MK2 B,OPTICON 8 BLACK FLOOR STANDING SPEAKER,Speakers,58260.0,Units,0,2026-05-18 09:51:48
OPTICON VOK B,OPTICON VOKAL BLACK CENTER SPEAKER,Speakers,10426.09,Units,0,2026-05-18 09:51:48
OPTICON VOK W,OPTICON VOKAL WHITE CENTER SPEAKER,Speakers,10426.09,Units,0,2026-05-18 09:51:48
OPTICON LCR W,OPTICON WHITE LEFT CENTER RIGHT,Miscellaneous,12600.0,Units,0,2026-05-18 09:51:48
SKIN-GUARDIAN-BUCK,ORANGE SILICON SKIN FOR THE GUARDIAN CAMERA,Miscellaneous,648.7,Units,0,2026-05-18 09:51:48
SKIN-ORBIT-ORANGE,ORANGE SILICON SKIN FOR THE ORBIT CAMERA,Miscellaneous,741.74,Units,0,2026-05-18 09:51:48
SST-OTEMP1-00,OUTDOOR REMOTE TEMPERATURE SENSOR,Sensors,2412.17,Units,0,2026-05-18 09:51:48
OMI,Offsite Monitoring Integration,CCTV,1.0,Units,0,2026-07-15 14:10:26
OLARM MAX,Olarm MAX empowers you to monitor and manage a broad spectrum of security peripherals conveniently from your phone with the Olarm APP.,Uncategorised,1129.57,Units,0,2026-07-29 12:07:54
DHI-DSSPro8-GroupTalk-Module-License,One Group Talk license for DSS Professional V8. Prerequisite: Video surveillance base package and MPT devices access. If there are more than 16 MPT de,Licenses,63831.9,Units,0,2026-05-18 09:51:48
DHI-DSSPro8-LEDScreen-Device-License,"One LED Screen device license for DSS Professional V8.
Prerequisite: Video surveillance base package, parking module license.",Licenses,1278.32,Units,0,2026-05-18 09:51:48
DHI-DSSPro8-Lift Controller-License,"One Lift controller channel license for DSS Professional V8, no prerequisite.",Licenses,2127.73,Units,0,2026-05-18 09:51:48
DHI-DSSPro8-POS-Channel-License,"One POS channel license for DSS Professional V8, no prerequisite.",Licenses,1150.07,Units,0,2026-05-18 09:51:48
DHI-DSSPro8-Parkingspace-License,"One Parking Spacing license for DSS Professional V8.
Prerequisite: Video surveillance base package, parking module license, and smart video parking de",Licenses,86.2,Units,0,2026-05-18 09:51:48
DHI-DSSPro8-SSM-Device-License,"One Security Screening Machine device license for DSS Professional V8, no prerequisite.",Licenses,34043.68,Units,0,2026-05-18 09:51:48
DHI-DSSPro8-WMD-Device-License,"One Walk-through Metal Detector device license for DSS Professional V8, no prerequisite.",Licenses,12766.38,Units,0,2026-05-18 09:51:48
DHI-DSSExpress8-Door-Channel-License,"One access control channel license for DSS Express V8, no prerequisite.
Note: For access control devices with video channels, the video channel licens",Licenses,384.76,Units,0,2026-05-18 09:51:48
DHI-DSSExpress8-Alarm-Device-License,"One alarm controller device license for DSS Express V8, no prerequisite.",Licenses,1150.07,Units,0,2026-05-18 09:51:48
DHI-DSSPro8-Alarm-Device-License,"One alarm controller device license for DSS Professional V8, no prerequisite.",Licenses,2298.03,Units,0,2026-05-18 09:51:48
DHI-DSSPro8-Attendance-Module-License,"One attendance management module license for DSS Professional V8. 
Prerequisite: Access control channel base package. If there are more than 16 access",Licenses,20669.68,Units,0,2026-05-18 09:51:48
DHI-DSSPro8-Emergency-Device-License,"One emergency call device license for DSS Professional V8, no prerequisite.",Licenses,4593.96,Units,0,2026-05-18 09:51:48
DHI-DSSPro8-Radar-Device-License,"One radar device license for DSS Professional V8, no prerequisite.",Licenses,4593.96,Units,0,2026-05-18 09:51:48
DHI-DSSPro8-Bridge Connector-License,One third-party system event synchronization license for DSS Professional V8,Licenses,42554.6,Units,0,2026-05-18 09:51:48
DHI-DSSExpress8-Parking-Module-License,"One vehicle entrance and exit management module license for DSS Express V8. 
Supported:  vehicle entrance and exit rule management, calling center fro",Licenses,13779.79,Units,0,2026-05-18 09:51:48
DHI-DSSPro8-Parking-Module-License,"One vehicle entrance and exit management module license for DSS Professional V8. 
Prerequisite: Video surveillance base package. If there are more tha",Licenses,13779.79,Units,0,2026-05-18 09:51:48
DHI-DSSExpress8-Video-Channel-License,"One video channel license for DSS Express V8, no prerequisite.
Note: It can support up to 65 video channels by purchasing one video license.",Licenses,767.41,Units,0,2026-05-18 09:51:48
DHI-DSSExpress8-VDP-Device-License,"One video intercom device license for DSS Express V8, no prerequisite, supported video intercom device includes VTO, VTH, VTS, etc.",Licenses,384.76,Units,0,2026-05-18 09:51:48
DHI-DSSPro8-VDP-Device-License,"One video intercom device license for DSS Professional V8, no prerequisite, supported video intercom devices include VTO, VTH, VTS, etc.",Licenses,576.09,Units,0,2026-05-18 09:51:48
DHI-DSSExpress8-Care-License/Per year,"One year care service license of one channel or device for DSS Express V8.
Supported: bug fix, delivery patch to the customer, the third-party develop",Licenses,77.79,Units,0,2026-05-18 09:51:48
DHI-DSSPro8-Care-License/Per year,"One year care service license of one channel or device for DSS Professional V8.
Supported: bug fix, delivery patch to the customer, the third-party de",Licenses,153.48,Units,0,2026-05-18 09:51:48
OA62,OneAcoustic 6.5inch In-ceiling Speaker Pair,Speakers,2173.04,Units,0,2026-05-18 09:51:48
OA82,OneAcoustic 8inch In-ceiling Speaker Pair,Speakers,2868.7,Units,0,2026-05-18 09:51:48
TXNR5100M2BMMP,Onkyo TX-NR5100 7.2-Channel Network 8K AV Receiver,AV Recieves,16086.09,Units,0,2026-05-18 09:51:48
TXNR6100M2BMMP,Onkyo TX-NR6100 7.2-Channel THX Certified Network 8K AV Receiver,AV Recieves,19999.13,Units,0,2026-05-18 09:51:48
TX-NR7100,Onkyo TX-NR7100 9.2-Channel THX Certified 8K AV Receiver,AV Recieves,28694.78,Units,0,2026-05-18 09:51:48
TX-RZ50,Onkyo TX-RZ50 9.2-Channel THX Certified AV Receiver,AV Recieves,39129.57,Units,0,2026-05-18 09:51:48
TXNR6100BMMP,Onkyo TXNR6100 7.2-Channel THX Certified AV Reciever,Miscellaneous,20868.7,Units,0,2026-05-18 09:51:48
TXNR696M3BMMP,Onkyo TXNR696 7.2-Cannel Network AV Receiver,AV Recieves,19129.57,Units,0,2026-05-18 09:51:48
TXSR494DABBMMP,Onkyo TXSR494 Bluetooth Reciever Dolby Atmoas and DTS:X,Miscellaneous,13912.17,Units,0,2026-05-18 09:51:48
OPTSPL,Optical Splitter HDANYWHERE,Miscellaneous,607.83,Units,0,2026-05-18 09:51:48
DS-UPS1000/SA,Oversea UPS,Miscellaneous,1616.21,Units,0,2026-07-22 10:20:49
FNIP-6x2AD,P5 - FNIP-6X2AD - 6 CHANNEL ETHERNET SMART DIMMER WITH ENERGY METERING,Miscellaneous,18933.91,Units,0,2026-07-24 15:13:13
FNIP-12XPWM,P5 12 Channel Ethernet Low-Voltage Led Dimmer,Miscellaneous,11360.0,Units,0,2026-05-18 09:51:48
FNIP-12XMZT,P5 12 Zone Ethernet Thermostat,Miscellaneous,13884.35,Units,0,2026-05-18 09:51:48
FNIP-RGB&010,P5 4 Channel Ethernet Low Voltage LED Dimmer and 0-10v Output module,Miscellaneous,9466.96,Units,0,2026-05-18 09:51:48
FNIP-4XSH,P5 4 Channel Ethernet Window Shading Controller,Controllers,9466.96,Units,0,2026-05-18 09:51:48
FNIP-8x16A.v4,P5 8 channel relay unit,Miscellaneous,9466.96,Units,0,2026-07-17 10:12:02
PA-1265,PA-469 SWIVEL MOUNT BRACKET,Miscellaneous,121.71,Units,0,2026-07-22 10:20:54
PB050,PB 050 DISPLAY TABLE STAND,Miscellaneous,4346.96,Units,0,2026-05-18 09:51:48
PB150,PB 150 DISPLAY TROLLEY 150CM,TVs,9390.43,Units,0,2026-05-18 09:51:48
PB175,PB 175 DISPLAY TROLLEY 175CM,TVs,10173.04,Units,0,2026-05-18 09:51:48
STR601PV-HD,PEOC (Power & Ethernet over coax) coverter  - Enable Power & Ethernet over coax coverter 400m,Miscellaneous,723.55,Units,0,2026-05-18 09:51:48
PFA9001,PFA 9001 TURN&TILT UNIT,Miscellaneous,2539.13,Units,0,2026-05-18 09:51:48
PFA9002,PFA 9002 DUAL TURN&TILT UNIT,Miscellaneous,2539.13,Units,0,2026-05-18 09:51:48
PFA9003,PFA 9003 EXTENSION POLE 150CM,Miscellaneous,1913.04,Units,0,2026-05-18 09:51:48
PFA9004,PFA 9004 EXTENSION POLE 300CM,Miscellaneous,2773.91,Units,0,2026-05-18 09:51:48
PFA9006,PFA 9006 STABILISATION KIT,Miscellaneous,1530.43,Units,0,2026-05-18 09:51:48
PFA9007,PFA 9007 JOIST ADAPTER,Miscellaneous,669.57,Units,0,2026-05-18 09:51:48
PFA9008,PFA 9008 ANTI-THEFT LOCK SET FOR FAU 3125/3150,Miscellaneous,278.26,Units,0,2026-05-18 09:51:48
PFA9010,PFA 9010 CEILING PLATE,Miscellaneous,278.26,Units,0,2026-05-18 09:51:48
PFA9011,PFA 9011 DISPLAY FIXED FLOOR STAND,Speakers,11400.0,Units,0,2026-05-18 09:51:48
PFA9015,PFA 9015 EXTENSION POLE 80CM,Miscellaneous,1295.65,Units,0,2026-05-18 09:51:48
PFA9016,PFA 9016 EXTENSION POLE 30CM,Miscellaneous,721.74,Units,0,2026-05-18 09:51:48
PFA9023,PFA 9023 POLE COUPLER 9000 SERIES,Miscellaneous,1643.48,Units,0,2026-05-18 09:51:48
PFA9028,PFA 9028 FLOOR PLATE 9000 SERIES,Miscellaneous,947.83,Units,0,2026-05-18 09:51:48
PFA9030,PFA 9030 TURN&TILT UNIT,Miscellaneous,1295.65,Units,0,2026-05-18 09:51:48
PFA9033,PFA 9033 ACCESSORY SHELF,Miscellaneous,3999.13,Units,0,2026-05-18 09:51:48
PFA9034,PFA 9034 LOCKING CABINET,Racks,6694.78,Units,0,2026-05-18 09:51:48
PFA9038,PFA 9038 ACCESSORY SHELF FOR PFA POLES PFF 1550/1570 & PFA 9011,Miscellaneous,4086.09,Units,0,2026-05-18 09:51:48
PFA9052,PFA 9052 LOCKING CABINET LARGE,Racks,9303.48,Units,0,2026-05-18 09:51:48
PFA9100,PFA 9100 MOUNTING KIT INSERTS M5/M8,Miscellaneous,113.04,Units,0,2026-05-18 09:51:48
PFA9101,PFA 9101 CONNECT-IT SMALL FLOOR PLATE,Miscellaneous,582.61,Units,0,2026-05-18 09:51:48
PFA9102,PFA 9102 DUAL MONITOR ADAPTER,TVs,4086.09,Units,0,2026-05-18 09:51:48
PFA9103,PFA 9103 CONNECT-IT LARGE FLOOR PLATE,Miscellaneous,955.65,Units,0,2026-05-18 09:51:48
PFA9104,PFA 9104 CONNECT-IT LARGE  BAR COUPLER,Miscellaneous,1303.48,Units,0,2026-05-18 09:51:48
PFA9105,PFA 9105 WHITE POLE COVERS FOR PUC 23XX SERIES,Miscellaneous,52.17,Units,0,2026-05-18 09:51:48
PFA9106,PFA 9106 WHITE CEILING COVERS FOR PUC 21XX AND 23XX SERIES,Miscellaneous,42.61,Units,0,2026-05-18 09:51:48
PFA9107,PFA 9107 WHITE POLE COVERS FOR PUC 25XX SERIES,Miscellaneous,120.87,Units,0,2026-05-18 09:51:48
PFA9108,PFA 9108 WHITE CEILING COVERS FOR PUC 25XX SERIES,Miscellaneous,77.39,Units,0,2026-05-18 09:51:48
PFA9109,PFA 9109 PADLOCK FOR PFS 33XX,Miscellaneous,207.83,Units,0,2026-05-18 09:51:48
PFA9112,PFA 9112 CONNECT-IT LOCKING CABINET SMALL,Racks,9042.61,Units,0,2026-05-18 09:51:48
PFA9113,PFA 9113 CONNECT-IT LOCKING CABINET LARGE,Racks,9390.43,Units,0,2026-05-18 09:51:48
PFA9114,PFA 9114 WHEELS HEAVY DUTY,Miscellaneous,3477.39,Units,0,2026-05-18 09:51:48
PFA9115,PFA 9115 BACK COVERS 42-47 INCH BLACK,Miscellaneous,7825.22,Units,0,2026-05-18 09:51:48
PFA9116,PFA 9116 BACK COVERS 50-55 INCH BLACK,Miscellaneous,9042.61,Units,0,2026-05-18 09:51:48
PFA9117,PFA 9117 WALL MOUNT SUPPORT FOR PFWE 7150,Miscellaneous,5825.22,Units,0,2026-05-18 09:51:48
PFA9118,PFA 9118 PC HOLDER FOR PFTE 7112,Miscellaneous,2607.83,Units,0,2026-05-18 09:51:48
PFA9119,PFA 9119 ELECTRONIC SAFETY STRIP,Miscellaneous,4346.96,Units,0,2026-05-18 09:51:48
PFA9120,PFA 9120 BACK COVERS 42-47 INCH PORTRAIT,Miscellaneous,8607.83,Units,0,2026-05-18 09:51:48
PFA9121,PFA 9121 BACK COVERS 50-55 INCH PORTRAIT,Miscellaneous,9825.22,Units,0,2026-05-18 09:51:48
PFA9122,PFA 9122 Z-BRACKET,Miscellaneous,1477.39,Units,0,2026-05-18 09:51:48
PFA9123,PFA 9123 MOUNTING KIT PFB 34XX TO PUC 23XX,Miscellaneous,139.13,Units,0,2026-05-18 09:51:48
PFA9124,PFA 9124 TROLLEY GRIP,Miscellaneous,520.87,Units,0,2026-05-18 09:51:48
PFA9125,PFA 9125 DUAL DESK MOUNT ADAPTER,Miscellaneous,3651.3,Units,0,2026-05-18 09:51:48
PFA9126,PFA 9126 PFB 34XX BRACKET KIT,Miscellaneous,416.52,Units,0,2026-05-18 09:51:48
PFA9127,PFA 9127 ACCESSORY CLAMP,Miscellaneous,1477.39,Units,0,2026-05-18 09:51:48
PFA9128,PFA 9128 CABLE CLIP PFB 34xx 20PCS/BOX,Miscellaneous,955.65,Units,0,2026-05-18 09:51:48
PFA9129,PFA 9129 CONNECT-IT VIDEO WALL CROSS BAR 1150MM,Miscellaneous,5129.57,Units,0,2026-05-18 09:51:48
PFA9130,PFA 9130 CONNECT-IT VIDEO WALL CROSS BAR 1500MM,Miscellaneous,5912.17,Units,0,2026-05-18 09:51:48
PFA9131,PFA 9131 CONNECT-IT POLE COUPLER FOR PUC 29xx,Miscellaneous,1721.74,Units,0,2026-05-18 09:51:48
PFA9132,PFA 9132 CONNECT-IT FLOOR / CEILING SUPPORT,Miscellaneous,3477.39,Units,0,2026-05-18 09:51:48
PFA9133,PFA 9133 CONNECT-IT WALL SUPPORT SLIDING BRACKET,Miscellaneous,2686.96,Units,0,2026-05-18 09:51:48
PFA9134,PFA 9134 WALL BRACKET MOTORIZED DISPLAY LIFT,Miscellaneous,1382.61,Units,0,2026-05-18 09:51:48
PFA9136,PFA 9136 UNISEE MOUNTING ADAPTER 9  PCS,Miscellaneous,7129.57,Units,0,2026-05-18 09:51:48
PFA9137,PFA 9137 UNISEE MOUNTING BOX,Miscellaneous,781.74,Units,0,2026-05-18 09:51:48
PFA9138,PFA 9138 UNISEE SPACER STRAIGHT VIDEO WALL,Miscellaneous,1825.22,Units,0,2026-05-18 09:51:48
PFA9139,PFA 9139 ANGLED ADAPTER FOR PFW 6875,Miscellaneous,6121.74,Units,0,2026-05-18 09:51:48
PFA9140,PFA 9140 UNISEE SPACER CURVED VIDEO WALL 0-10 DEGREE,Miscellaneous,51303.48,Units,0,2026-05-18 09:51:48
PFA9145,PFA 9145 COLUMN CLAMP CONNECT-IT,Miscellaneous,4520.87,Units,0,2026-05-18 09:51:48
PFA9146,PFA 9146 INTERFACE EXTENDER 800x400,Miscellaneous,1704.35,Units,0,2026-05-18 09:51:48
PFA9147,PFA 9147 COVER FOR PFI 3061/3062,Miscellaneous,1704.35,Units,0,2026-05-18 09:51:48
PFA9150,PFA 9150 UNISEE PORTRAIT EVEN,Miscellaneous,40868.7,Units,0,2026-05-18 09:51:48
PFA9151,PFA 9151 UNISEE SPACER PORTRAIT UNEVEN,Miscellaneous,40868.7,Units,0,2026-05-18 09:51:48
PFA9031,PFA9031 Column Clamp,Miscellaneous,2947.83,Units,0,2026-05-18 09:51:48
PFB3402B,PFB 3402 INTERFACE BAR 290MM BLACK,Miscellaneous,1104.35,Units,0,2026-05-18 09:51:48
PFB3402,PFB 3402 INTERFACE BAR 290MM SILVER,Miscellaneous,1529.57,Units,0,2026-05-18 09:51:48
PFB3405B,PFB 3405 INTERFACE BAR 515MM BLACK,Miscellaneous,1400.0,Units,0,2026-05-18 09:51:48
PFB3407B,PFB 3407 INTERFACE BAR 715MM BLACK,Miscellaneous,1686.96,Units,0,2026-05-18 09:51:48
PFB3409B,PFB 3409 INTERFACE BAR 915MM BLACK,Miscellaneous,1956.52,Units,0,2026-05-18 09:51:48
PFB3411B,PFB 3411 INTERFACE BAR 1175MM BLACK,Miscellaneous,2373.91,Units,0,2026-05-18 09:51:48
PFB3419B,PFB 3419 INTERFACE BAR 1915MM BLACK,Miscellaneous,5738.26,Units,0,2026-05-18 09:51:48
PFB3427B,PFB 3427 INTERFACE BAR 2765MM BLACK,Miscellaneous,5165.22,Units,0,2026-05-18 09:51:48
PFB3433B,PFB 3433 INTERFACE BAR 3315MM BLACK,Miscellaneous,8694.78,Units,0,2026-05-18 09:51:48
PFC555,PFC 555 DISPLAY CEILING KIT,Miscellaneous,4695.0,Units,0,2026-05-18 09:51:48
PFC585,PFC 585 DISPLAY CEILING KIT,Miscellaneous,5390.0,Units,0,2026-05-18 09:51:48
PFD8522,PFD 8522 DESK MOUNT 2 PIVOTS,Miscellaneous,4607.83,Units,0,2026-05-18 09:51:48
PFD8523,PFD 8523 DESK MOUNT 3 PIVOTS,Miscellaneous,4868.7,Units,0,2026-05-18 09:51:48
PFD8541,PFD 8541 DESK MOUNT GAS SPRING LIGHT - MEDIUM,Miscellaneous,6955.65,Units,0,2026-05-18 09:51:48
PFD8543,PFD 8543 DESK MOUNT GAS SPRING MEDIUM - HEAVY,Miscellaneous,6955.65,Units,0,2026-05-18 09:51:48
PFF1550,PFF 1550 DISPLAY FLOOR STAND 150CM,Speakers,15765.22,Units,0,2026-05-18 09:51:48
PFF1570,PFF 1570 DISPLAY FLOOR STAND 170CM,Speakers,16904.35,Units,0,2026-05-18 09:51:48
PFF2420,PFF 2420 DISPLAY FLOOR STAND,Speakers,26520.87,Units,0,2026-05-18 09:51:48
PFF5100,PFF 5100 VIDEO CONFERENCING FURNITURE,Miscellaneous,83216.52,Units,0,2026-05-18 09:51:48
PFF5211,PFF 5211 VIDEO CONFERENCING FURNITURE,Miscellaneous,86955.65,Units,0,2026-05-18 09:51:48
PFF7020,PFF 7020 FLOOR PLATE LARGE Black,Miscellaneous,7825.22,Units,0,2026-05-18 09:51:48
PFF7025,PFF 7025 FLOOR PLATE LARGE BLACK,Miscellaneous,5286.96,Units,0,2026-05-18 09:51:48
PFF7030,PFF 7030 FLOOR PLATE EXTRA LARGE Black,Miscellaneous,10694.78,Units,0,2026-05-18 09:51:48
PFF7040,PFF 7040 FLOOR PLATE BACK TO BACK LARGE Black,Miscellaneous,9564.35,Units,0,2026-05-18 09:51:48
PFF7050,PFF 7050 FLOOR PLATE BACK TO BACK EXTRA LARGE Black,Miscellaneous,9156.52,Units,0,2026-05-18 09:51:48
PFF7060,PFF 7060 FLOOR MOUNTING PLATE Black,Miscellaneous,2173.04,Units,0,2026-05-18 09:51:48
PFF7805,PFF 7805 VIDEO WALL FLOOR STAND 2X2 FOR 46-55 INCH,Speakers,111486.96,Units,0,2026-05-18 09:51:48
PFF7810,PFF 7810 VIDEO WALL FLOOR STAND 3X3 FOR 46 INCH,Speakers,156626.09,Units,0,2026-05-18 09:51:48
PFF7920,PFF 7920 CONNECT-IT VIDEO WALL FLOOR STAND BASE,Speakers,8694.78,Units,0,2026-05-18 09:51:48
PFF7960,PFF 7960 CONNECT-IT FLOOR MOUNTING PLATE,Miscellaneous,4617.39,Units,0,2026-05-18 09:51:48
PFF7965,PFF 7965 FLOOR PLATE ADJUSTABLE,Miscellaneous,9564.35,Units,0,2026-05-18 09:51:48
PFFE7105,PFFE 7105 MOTORIZED DISPLAY LIFT 50CM,TVs,11678.26,Units,0,2026-05-18 09:51:48
PFFE7106,PFFE 7106 MOTORIZED DISPLAY LIFT 60CM,TVs,12373.91,Units,0,2026-05-18 09:51:48
PFFE7109,PFFE 7109 MOTORIZED DISPLAY LIFT 99CM,TVs,18843.48,Units,0,2026-05-18 09:51:48
PFFE7131,PFFE 7131 MOTORIZED DISPLAY LIFT,TVs,23365.22,Units,0,2026-05-18 09:51:48
PFI3015,PFI 3015 INTERFACE 50X50 75X75 100X100,Miscellaneous,1216.52,Units,0,2026-05-18 09:51:48
PFI3035,PFI 3035 (TO BE REPLACED WITH PFI 3045),Miscellaneous,1643.48,Units,0,2026-05-18 09:51:48
PFI3045,PFI 3045 INTERFACE 200X100 200X200,Miscellaneous,1564.35,Units,0,2026-05-18 09:51:48
PFI3061,PFI 3061 INTERFACE BOX FOR PFFE 7105 / 7106,Miscellaneous,7295.65,Units,0,2026-05-18 09:51:48
PFI3062,PFI 3062  INTERFACE BOX FOR for PFFE 7109,Miscellaneous,7295.65,Units,0,2026-05-18 09:51:48
PFS3204,PFS 3204 INTERFACE DISPLAY STRIP 160 KG,Miscellaneous,2173.04,Units,0,2026-05-18 09:51:48
PFS3208,PFS 3208 INTERFACE DISPLAY STRIP 160 KG,Miscellaneous,2868.7,Units,0,2026-05-18 09:51:48
PFS3302,PFS 3302 INTERFACE DISPLAY STRIPS 300MM,Miscellaneous,1738.26,Units,0,2026-05-18 09:51:48
PFS3304,PFS 3304 INTERFACE DISPLAY STRIPS 450MM,Miscellaneous,1912.17,Units,0,2026-05-18 09:51:48
PFS3306,PFS 3306 INTERFACE DISPLAY STRIPS 630MM,Miscellaneous,2173.04,Units,0,2026-05-18 09:51:48
PFS3308,PFS 3308 INTERFACE DISPLAY STRIPS 830MM,Miscellaneous,2433.91,Units,0,2026-05-18 09:51:48
PFS3311,PFS 3311 INTERFACE DISPLAY STRIP 1130MM,Miscellaneous,3042.61,Units,0,2026-05-18 09:51:48
PFS3504,PFS 3504 INTERFACE 3-D ADJUSTABLE DISPLAY STRIP,Miscellaneous,3477.39,Units,0,2026-05-18 09:51:48
PFS3508,PFS 3508 INTERFACE 3-D ADJUSTABLE DISPLAY STRIP,Miscellaneous,4955.65,Units,0,2026-05-18 09:51:48
PFT2515,PFT 2515 DISPLAY TROLLEY 59-64CM,TVs,21564.35,Units,0,2026-05-18 09:51:48
PFT2520,PFT 2520 DISPLAY TROLLEY 113-177CM,TVs,26433.91,Units,0,2026-05-18 09:51:48
PFT8520,PFT 8520 TROLLEY FRAME LARGE Black,Miscellaneous,8346.96,Units,0,2026-05-18 09:51:48
PFT8525,PFT 8525 TROLLEY FRAME LARGE BLACK,Miscellaneous,5486.96,Units,0,2026-05-18 09:51:48
PFT8530,PFT 8530 TROLLEY FRAME EXTRA LARGE Black,Miscellaneous,10955.65,Units,0,2026-05-18 09:51:48
PFT8810,PFT 8810 VIDEO WALL TROLLEY 3X3,Miscellaneous,93043.48,Units,0,2026-05-18 09:51:48
PFT8920,PFT 8920 CONNECT-IT VIDEO WALL TROLLEY BASE,Miscellaneous,9477.39,Units,0,2026-05-18 09:51:48
PFTE7111,PFTE 7111 MOTORIZED DISPLAY TROLLEY WITH CABINET,Racks,73042.61,Units,0,2026-05-18 09:51:48
PFTE7112,PFTE 7112 MOTORIZED DISPLAY TROLLEY,TVs,54781.74,Units,0,2026-05-18 09:51:48
PFTE7121,PFTE 7121 TOUCH TABLE MOTORIZED CABINET,Racks,113042.61,Units,0,2026-05-18 09:51:48
PFW1030,PFW 1030 DISPLAY WALL MOUNT TURN &TILT,Miscellaneous,1912.17,Units,0,2026-05-18 09:51:48
PFW1040,PFW 1040 DISPLAY WALL MOUNT TURN &TILT,Miscellaneous,2346.96,Units,0,2026-05-18 09:51:48
PFW2020,PFW 2020 DISPLAY WALL MOUNT TURN AND TILT,Miscellaneous,1564.35,Units,0,2026-05-18 09:51:48
PFW2030,PFW 2030 DISPLAY WALL MOUNT TURN AND TILT,Miscellaneous,2086.09,Units,0,2026-05-18 09:51:48
PFW2040,PFW 2040 DISPLAY WALL MOUNT TURN AND TILT,Miscellaneous,2781.74,Units,0,2026-05-18 09:51:48
PFW3030,PFW 3030 DISPLAY WALL MOUNT TURN AND TILT,Miscellaneous,2955.65,Units,0,2026-05-18 09:51:48
PFW3040,PFW 3040 DISPLAY WALL MOUNT TURN AND TILT,Miscellaneous,4520.87,Units,0,2026-05-18 09:51:48
PFW4200,PFW 4200 WALL MOUNT,Miscellaneous,860.86,Units,0,2026-05-18 09:54:05
PFW4210,PFW 4210 WALL MOUNT TILT,Miscellaneous,694.78,Units,0,2026-05-18 09:54:05
PFW4500,PFW 4500 DISPLAY WALL MOUNT FLAT,Miscellaneous,1216.52,Units,0,2026-05-18 09:54:05
PFW4510,PFW 4510 DISPLAY WALL MOUNT TILT,Miscellaneous,1738.26,Units,0,2026-05-18 09:54:05
PFW4700,PFW 4700 DISPLAY WALL MOUNT FLAT,Miscellaneous,2086.09,Units,0,2026-05-18 09:54:05
PFW4710,PFW 4710 DISPLAY WALL MOUNT TILT,Miscellaneous,2346.96,Units,0,2026-05-18 09:54:05
PFW5808,PFW 5808 INTERFACE WALL PLATE XL 800MM,Panels,2373.91,Units,0,2026-05-18 09:54:05
PFW5810,PFW 5810 INTERFACE WALL PLATE XL 1050 MM,Panels,2834.78,Units,0,2026-05-18 09:54:05
PFW5814,PFW 5814 INTERFACE WALL PLATE XL 1450MM,Panels,3147.83,Units,0,2026-05-18 09:54:05
PFW5870,PFW 5870 VIDEO WALL MODULE FIXED,Miscellaneous,8520.87,Units,0,2026-05-18 09:54:05
PFW5908,PFW 5908 INTERFACE DISPLAY STRIP SET XL 800MM,Miscellaneous,3904.35,Units,0,2026-05-18 09:54:05
PFW5909,PFW 5909 INTERFACE DISPLAY STRIP SET XL 1050MM,Miscellaneous,4460.87,Units,0,2026-05-18 09:54:05
PFW5914,PFW 5914 INTERFACE DISPLAY STRIP SET XL 1450MM,Miscellaneous,5686.96,Units,0,2026-05-18 09:54:05
PFW6400,PFW 6400 DISPLAY WALL MOUNT FIXED,Miscellaneous,2433.91,Units,0,2026-05-18 09:54:05
PFW6410,PFW 6410 DISPLAY WALL MOUNT TILT,Miscellaneous,3216.52,Units,0,2026-05-18 09:54:05
PFW6800,PFW 6800 DISPLAY WALL MOUNT FIXED,Miscellaneous,2868.7,Units,0,2026-05-18 09:54:05
PFW6810,PFW 6810 DISPLAY WALL MOUNT TILT,Miscellaneous,3651.3,Units,0,2026-05-18 09:54:05
PFW6815,PFW 6815 DISPLAY WALL MOUNT PORTRAIT FIXED,Miscellaneous,3216.52,Units,0,2026-05-18 09:54:05
PFW6850,PFW 6850 DISPLAY WALL MOUNT ULTRA FLAT TURN & TILT 45KG,Miscellaneous,14346.96,Units,0,2026-05-18 09:54:05
PFW6851,PFW 6851 DISPLAY WALL MOUNT TURN & TILT 80KG,Miscellaneous,9564.35,Units,0,2026-05-18 09:54:05
PFW6852,PFW 6852 DISPLAY WALL MOUNT TURN & TILT 136KG,Miscellaneous,16520.87,Units,0,2026-05-18 09:54:05
PFW6854,PFW 6854 DISPLAY WALL MOUNT ROTATING,Miscellaneous,6139.13,Units,0,2026-05-18 09:54:05
PFW6855,PFW 6855 DISPLAY WALL MOUNT TURN & TILT 227KG,Miscellaneous,30955.65,Units,0,2026-05-18 09:54:05
PFW6858,PFW 6858 DISPLAY WALL MOUNT ROTATE 90°,Miscellaneous,9390.43,Units,0,2026-05-18 09:54:05
PFW6870,PFW 6870 VIDEO WALL POP-OUT MODULE,Miscellaneous,11999.13,Units,0,2026-05-18 09:54:05
PFW6875,PFW 6875 VIDEO WALL POP OUT MODULE PORTRAIT,Miscellaneous,13738.26,Units,0,2026-05-18 09:54:05
PFW6880,PFW 6880 VIDEO WALL POP-OUT MODULE SLIM,Miscellaneous,13042.61,Units,0,2026-05-18 09:54:05
PFW6885,PFW 6885 VIDEO WALL POP-OUT MODULE PORTRAIT SLIM,Miscellaneous,14346.96,Units,0,2026-05-18 09:54:05
PFW6910,PFW 6910 DISPLAY WALL MOUNT TILT XXL,Miscellaneous,8173.04,Units,0,2026-05-18 09:54:05
PFW950,PFW 950 RIGHT-ANGLED DISPLAY WALL MOUNT,Miscellaneous,6513.04,Units,0,2026-05-18 09:54:05
PFW952,PFW 952 RIGHT-ANGLED DISPLAY WALL MOUNT FOR 2 DISPLAYS BACK-TO-BACK,Miscellaneous,7121.74,Units,0,2026-05-18 09:54:05
PFW3240,PFW3240 LCD Wall Support,Miscellaneous,1947.83,Units,0,2026-05-18 09:54:05
PFWE7150,PFWE 7150 MOTORIZED DISPLAY WALL MOUNT,Miscellaneous,44346.96,Units,0,2026-05-18 09:54:05
PHA500,PHA 500 Cable sleeve,Miscellaneous,200.0,Units,0,2026-05-18 09:54:05
PHA600,PHA 600 Cable Cover,Miscellaneous,391.3,Units,0,2026-05-18 09:54:05
PHA700,PHA 700 AV Support,Miscellaneous,756.52,Units,0,2026-05-18 09:54:05
PHAN E-60,PHANTOM E-60 ROUND IN-CEILING SPEAKER,Speakers,5208.7,Units,0,2026-05-18 09:54:05
E-60 S,PHANTOM E-60 S,Miscellaneous,4346.96,Units,0,2026-05-18 09:54:05
PHAN E-80,PHANTOM E-80 ROUND IN-CEILING SPEAKER,Speakers,7295.65,Units,0,2026-05-18 09:54:05
PHAN H-60,PHANTOM H-60 SQUARE IN-CEILING SPEAKER,Speakers,10426.09,Units,0,2026-05-18 09:54:05
PHAN S-80,PHANTOM S-80 IN-WALL SPEAKER,Speakers,26947.83,Units,0,2026-05-18 09:54:05
PHW100L,PHW 100 L Fixed TV Wall Mount,Miscellaneous,1469.57,Units,0,2026-05-18 09:54:05
PHW100M,PHW 100 M Fixed TV Wall Mount,Miscellaneous,756.52,Units,0,2026-05-18 09:54:05
PHW100S,PHW 100 S Fixed TV Wall Mount,Miscellaneous,426.09,Units,0,2026-05-18 09:54:05
PHW200L,PHW 200 L Tilting TV Wall Mount,Miscellaneous,1730.43,Units,0,2026-05-18 09:54:05
PHW200M,PHW 200 M Tilting TV Wall Mount,Miscellaneous,1260.87,Units,0,2026-05-18 09:54:05
PHW200S,PHW 200 S Tilting TV Wall Mount,Miscellaneous,756.52,Units,0,2026-05-18 09:54:05
PHW300L,PHW 300 L Full-Motion TV Wall Mount,Miscellaneous,3208.7,Units,0,2026-05-18 09:54:05
PHW300M,PHW 300 M Full-Motion TV Wall Mount,Miscellaneous,2513.04,Units,0,2026-05-18 09:54:05
PHW300S,PHW 300 S Full-Motion TV Wall Mount,Miscellaneous,1469.57,Units,0,2026-05-18 09:54:05
PHW400L,PHW 400 L  Full-Motion TV Wall Mount,Miscellaneous,4339.13,Units,0,2026-05-18 09:54:05
PHW400M,PHW 400 M Full-Motion TV Wall Mount,Miscellaneous,3469.57,Units,0,2026-05-18 09:54:05
PHW400S,PHW 400 S Full-Motion TV Wall Mount,Miscellaneous,2252.17,Units,0,2026-05-18 09:54:05
PICTURESLIDE R65,PICTURESLIDE R65,Accessories,19200.0,Units,0,2026-07-15 14:06:39
PLA1001,PLA 1001 ACTUATOR BASE SET,Miscellaneous,26243.48,Units,0,2026-05-18 09:54:05
PLA1002,PLA 1002 ACTUATOR EXTENSION SET,Miscellaneous,13104.35,Units,0,2026-05-18 09:54:05
PLA8105,PLA 8105 LED MOUNTING BOLTS M5 4 PCS,Miscellaneous,929.57,Units,0,2026-05-18 09:54:05
PLA8106,PLA 8106 LED MOUNTING BOLTS M6 4 PCS,Miscellaneous,929.57,Units,0,2026-05-18 09:54:05
PLA8108,PLA 8108 LED MOUNTING BOLTS M8 4 PCS,Miscellaneous,782.61,Units,0,2026-05-18 09:54:05
PLA8110,PLA 8110 LED MOUNTING BOLTS M10 4 PCS,Miscellaneous,782.61,Units,0,2026-05-18 09:54:05
PLA8201,PLA 8201 LED INTERFACE T/B,Miscellaneous,1052.17,Units,0,2026-05-18 09:54:05
PLA8202,PLA 8202 LED INTERFACE T/B,Miscellaneous,1052.17,Units,0,2026-05-18 09:54:05
PLA8203,PLA 8203 LED INTERFACE T/B,Miscellaneous,1052.17,Units,0,2026-05-18 09:54:05
PLA8204,PLA 8204 LED INTERFACE T/B,Miscellaneous,1052.17,Units,0,2026-05-18 09:54:05
PLA8205,PLA 8205 LED INTERFACE T/B,Miscellaneous,1052.17,Units,0,2026-05-18 09:54:05
PLA8206,PLA 8206 LED INTERFACE T/B,Miscellaneous,1052.17,Units,0,2026-05-18 09:54:05
PLA8207,PLA 8207 LED INTERFACE T/B,Miscellaneous,1052.17,Units,0,2026-05-18 09:54:05
PLA8208,PLA 8208 LED INTERFACE T/B,Miscellaneous,1052.17,Units,0,2026-05-18 09:54:05
PLA8209,PLA 8209 LED INTERFACE T/B,Miscellaneous,1052.17,Units,0,2026-05-18 09:54:05
PLA8210,PLA 8210 LED INTERFACE T/B,Miscellaneous,1052.17,Units,0,2026-05-18 09:54:05
PLA8211,PLA 8211 LED INTERFACE T/B,Miscellaneous,1052.17,Units,0,2026-05-18 09:54:05
PLA8301,PLA 8301 LED INTERFACE MIDDLE,Miscellaneous,1052.17,Units,0,2026-05-18 09:54:05
PLA8302,PLA 8302 LED INTERFACE MIDDLE,Miscellaneous,1052.17,Units,0,2026-05-18 09:54:05
PLA8303,PLA 8303 LED INTERFACE MIDDLE,Miscellaneous,1052.17,Units,0,2026-05-18 09:54:05
PLA8304,PLA 8304 LED INTERFACE MIDDLE,Miscellaneous,1052.17,Units,0,2026-05-18 09:54:05
PLA8305,PLA 8305 LED INTERFACE MIDDLE,Miscellaneous,1052.17,Units,0,2026-05-18 09:54:05
PLA8306,PLA 8306 LED INTERFACE MIDDLE,Miscellaneous,1243.48,Units,0,2026-05-18 09:54:05
PLA8307,PLA 8307 LED INTERFACE MIDDLE,Miscellaneous,1243.48,Units,0,2026-05-18 09:54:05
PLA8308,PLA 8308 LED INTERFACE MIDDLE,Miscellaneous,1052.17,Units,0,2026-05-18 09:54:05
PLA8309,PLA 8309 LED INTERFACE MIDDLE,Miscellaneous,1052.17,Units,0,2026-05-18 09:54:05
PLA8310,PLA 8310 LED INTERFACE MIDDLE,Miscellaneous,1052.17,Units,0,2026-05-18 09:54:05
PLA8311,PLA 8311 LED INTERFACE MIDDLE,Miscellaneous,1052.17,Units,0,2026-05-18 09:54:05
PLA8705,PLA 8705 LED MOUNTING BOLTS M5 EXTENDED 4PCS,Miscellaneous,1347.83,Units,0,2026-05-18 09:54:05
PLA8706,PLA 8706 LED MOUNTING BOLTS M6 EXTENDED 4PCS,Miscellaneous,1347.83,Units,0,2026-05-18 09:54:05
PLA8708,PLA 8708 LED MOUNTING BOLTS M8 EXTENDED 4PCS,Miscellaneous,1347.83,Units,0,2026-05-18 09:54:05
PLA8710,PLA 8710 LED MOUNTING BOLTS M5 EXTENDED 4PCS,Miscellaneous,1347.83,Units,0,2026-05-18 09:54:05
PLA8901,PLA 8901 LED BRACKET KIT PLA 83XX,Miscellaneous,1139.13,Units,0,2026-05-18 09:54:05
12BSPKP10,PLANETWAVES 12AWG Speaker Connector,Miscellaneous,1361.74,Units,0,2026-05-18 09:54:05
14BSPKP10,PLANETWAVES 14AWG Speaker Connector,Miscellaneous,1361.74,Units,0,2026-05-18 09:54:05
16BSPKP10,PLANETWAVES 16AWG Speaker Connector,Miscellaneous,1361.74,Units,0,2026-05-18 09:54:05
BCBNCP10,PLANETWAVES BNC Connectors-Male,Miscellaneous,1634.78,Units,0,2026-05-18 09:54:05
CITK01,PLANETWAVES Cutter/Screwdriver Tool Kit,Miscellaneous,837.39,Units,0,2026-05-18 09:54:05
BCFP10,PLANETWAVES F Connectors-Male,Miscellaneous,1005.22,Units,0,2026-05-18 09:54:05
CXSCHD250,PLANETWAVES HD Coax-Black,Miscellaneous,5421.74,Units,0,2026-05-18 09:54:05
CXSCHD250B,PLANETWAVES HD Coax-Blue,Miscellaneous,5421.74,Units,0,2026-05-18 09:54:05
CXSCHD250G,PLANETWAVES HD Coax-Green,Miscellaneous,5421.74,Units,0,2026-05-18 09:54:05
CXSCHD250R,PLANETWAVES HD Coax-Red,Miscellaneous,5421.74,Units,0,2026-05-18 09:54:05
CXSCHD250W,PLANETWAVES HD Coax-White,Miscellaneous,5421.74,Units,0,2026-05-18 09:54:05
CXDCHD250,PLANETWAVES HD Dual Coax-bLACK,Miscellaneous,10988.7,Units,0,2026-05-18 09:54:05
PSDNE,PLANETWAVES HDMI Port Saver Right Angle Down,Miscellaneous,258.26,Units,0,2026-05-18 09:54:05
PSLTE,PLANETWAVES HDMI Port Saver Right Angle Left,Miscellaneous,260.0,Units,0,2026-05-18 09:54:05
PSUPE,PLANETWAVES HDMI Port Saver Right Angle Up,Miscellaneous,260.0,Units,0,2026-05-18 09:54:05
PW-OPT-05,PLANETWAVES Optical Cable-5',Miscellaneous,324.35,Units,0,2026-05-18 09:54:05
CXSCP500,PLANETWAVES Pre-Wire Coax-Single-Black,Miscellaneous,3254.78,Units,0,2026-05-18 09:54:05
BCRCAFP10,PLANETWAVES RCA Connectors-Female,Miscellaneous,1047.83,Units,0,2026-05-18 09:54:05
STRCAP10,PLANETWAVES RCA Connectors-Male,Miscellaneous,654.78,Units,0,2026-05-18 09:54:05
BCRCAP50,PLANETWAVES RCA Connectors-Male,Miscellaneous,4945.22,Units,0,2026-05-18 09:54:05
BCRCAP10,PLANETWAVES RCA Connectors-Male,Miscellaneous,1079.13,Units,0,2026-05-18 09:54:05
RCAP50,PLANETWAVES RCA Connectors-Male,Miscellaneous,3405.22,Units,0,2026-05-18 09:54:05
STRCAP50,PLANETWAVES ST Series Gold Plated RCA 50 Pack,Miscellaneous,6664.35,Units,0,2026-05-18 09:54:05
CBLT01,PLANETWAVES Universal Remote Tester,Remotes,665.22,Units,0,2026-05-18 09:54:05
PFIXPLANO-00066,PLANO - 113 - Vision Acoustik 16:9,Miscellaneous,26752.17,Units,0,2026-05-18 09:54:05
PFIXPLANO-00544,PLANO- 128 - Amb Grey 16:9,Miscellaneous,25473.91,Units,0,2026-05-18 09:54:05
PFIXPLANO-00063,PLANO-99-Ref White 16:9,Miscellaneous,14884.35,Units,0,2026-05-18 09:54:05
PLAY1EU1,PLAY:1 WHITE,Miscellaneous,3477.39,Units,0,2026-05-18 09:54:05
PL5G2EU1BLK,PLAY:5 (gen2) EU (Black),Miscellaneous,9556.52,Units,0,2026-05-18 09:54:05
PL5G2EU1,PLAY:5 (gen2) EU (White),Miscellaneous,9564.35,Units,0,2026-05-18 09:54:05
PBAR1EU1BLK,PLAYBAR EU (Black),Miscellaneous,12173.04,Units,0,2026-05-18 09:54:05
PBRWMWW1,PLAYBAR WALLMOUNT,Miscellaneous,520.87,Units,0,2026-05-18 09:54:05
PBASEEU1BLK,PLAYBASE BLACK,Miscellaneous,12173.04,Units,0,2026-05-18 09:54:05
PBASEEU1,PLAYBASE WHITE,Miscellaneous,12173.04,Units,0,2026-05-18 09:54:05
CLI-PLEN1C-00,PLENUM REMOTE SENSOR COMMERCIAL,Sensors,3327.83,Units,0,2026-05-18 09:54:05
CLI-PLEN1R-00,PLENUM REMOTE SENSOR RESIDENTIAL,Sensors,3327.83,Units,0,2026-05-18 09:54:05
PLM8030,PLM8030 Vertical Profile 3m,Miscellaneous,5390.43,Units,0,2026-05-18 09:54:05
PLS8001,PLS 8001 LED VERTICAL PROFILE MOUNTING STRIP,Miscellaneous,2433.91,Units,0,2026-05-18 09:54:05
PLW1001,PLW 1001 1X2 LED VIDEO WALL MOUNT,Miscellaneous,1610260.87,Units,0,2026-05-18 09:54:05
PLW1002,PLW 1002 2X2 LED VIDEO WALL MOUNT,Miscellaneous,2283739.13,Units,0,2026-05-18 09:54:05
PLW1003,PLW 1003 1X3 LED VIDEO WALL MOUNT,Miscellaneous,172765.22,Units,0,2026-05-18 09:54:05
PLW1004,PLW 1004 2X3 LED VIDEO WALL MOUNT,Miscellaneous,238565.22,Units,0,2026-05-18 09:54:05
PMA7901,PMA 7901 MEDICALL WALL BOX,Miscellaneous,2478.26,Units,0,2026-05-18 09:54:05
PMW7014,PMW 7014 MEDICAL WALL MOUNT 1-4KG,Miscellaneous,19139.13,Units,0,2026-05-18 09:54:05
PMW7038,PMW 7038 MEDICAL WALL MOUNT 3-8KG,Miscellaneous,19139.13,Units,0,2026-05-18 09:54:05
SHA-CB34-10,POCKET BRACKET KIT,Miscellaneous,1353.04,Units,0,2026-05-18 09:54:05
SHA-CB5-10,POCKET SHADE COUPLER,Miscellaneous,1798.26,Units,0,2026-05-18 09:54:05
POE-SPL,"POE injector & splitter kit for IP camera Power over Ethernet kit, including one passive splitter and one passive injector. It provides the most conve",Uncategorised,85.55,Units,0,2026-05-18 09:54:05
UPS-BAT-CAS-2U-XRM-P,"POPULATED BATTERY CASE 2U FOR MP 2KVA/3KVA UPS..,",Miscellaneous,7035.71,Units,0,2026-07-22 10:20:58
P-LCRDM-MK2,PORTRAIT LCR-DM MK2,Speakers,36842.61,Units,0,2026-05-18 09:54:05
HST-DIRECTOR-00,POWER SYSTEM DIRECTOR,Miscellaneous,28262.61,Units,0,2026-05-18 09:54:05
SEM-2015-00,POWER SYSTEM MONITOR,TVs,14837.39,Units,0,2026-05-18 09:54:05
PPA310,PPA 310 PROJECTOR ANTI THEFT HOUSING SMALL - MEDIUM,Projectors,11042.61,Units,0,2026-05-18 09:54:05
PPA320,PPA 320 PROJECTOR ANTI THEFT HOUSING LARGE,Projectors,12607.83,Units,0,2026-05-18 09:54:05
PPA901,PPA 901 CEILING TILE HOLDER,Miscellaneous,4781.74,Units,0,2026-05-18 09:54:05
PPA902,PPA 902 RF REMOTE CONTROL KIT,Remotes,5999.13,Units,0,2026-05-18 09:54:05
PPA903,PPA 903 CONTROL PAD FOR RD REMOTE CONTROL KIT,Remotes,2607.83,Units,0,2026-05-18 09:54:05
PPA904,PPA 904 LOW VOLTAGE CONTACT,Miscellaneous,4086.09,Units,0,2026-05-18 09:54:05
PPA905,PPA 905 INTERFACE SWITCH 12V,Switches,4086.09,Units,0,2026-05-18 09:54:05
PPA906,PPA 906 SMARTBOX RF FOR PPL 2500,Miscellaneous,23617.39,Units,0,2026-05-18 09:54:05
PPC1500,PPC 1500 PROJECTOR CEILING MOUNT,Miscellaneous,2520.87,Units,0,2026-05-18 09:54:05
PPC1540,PPC 1540 PROJECTOR CEILING MOUNT LENGTH 40-55CM,Miscellaneous,3738.26,Units,0,2026-05-18 09:54:05
PPC1555,PPC 1555 PROJECTOR CEILING MOUNT LENGTH 55-85CM,Miscellaneous,4260.0,Units,0,2026-05-18 09:54:05
PPC1585,PPC 1585 PROJECTOR CEILING MOUNT LENGTH 85-135CM,Miscellaneous,5216.52,Units,0,2026-05-18 09:54:05
PPC2500,PPC 2500 PROJECTOR CEILLING MOUNT,Miscellaneous,3738.26,Units,0,2026-05-18 09:54:05
PPC2540,PPC 2540 PROJECTOR CEILING MOUNT LENGTH 40-55CM,Miscellaneous,6346.96,Units,0,2026-05-18 09:54:05
PPC2555,PPC 2555 PROJECTOR CEILING MOUNT LENGTH 55-85CM,Miscellaneous,6694.78,Units,0,2026-05-18 09:54:05
PPC2585,PPC 2585 PROJECTOR CEILING MOUNT LENGTH 85-135CM,Miscellaneous,7651.3,Units,0,2026-05-18 09:54:05
PPL2035,PPL 2035 PROJECTOR LIFT SYSTEM,Miscellaneous,31303.48,Units,0,2026-05-18 09:54:05
PPL2100,PPL 2100 PROJECTOR LIFT SYSTEM,Miscellaneous,36173.04,Units,0,2026-05-18 09:54:05
PPL2170,PPL 2170 PROJECTOR LIFT SYSTEM,Miscellaneous,42346.96,Units,0,2026-05-18 09:54:05
PPL2500,PPL 2500 PROJECTOR LIFT SYSTEM,Miscellaneous,180868.7,Units,0,2026-05-18 09:54:05
SAV-PROHOST,"PRO HOST, PLUS RUNTIME",Hosts/Processors,115971.3,Units,0,2026-05-18 09:54:05
P1LI58G512G11P,PROLINE DESKTOP ONE i5-12400 H610 8GB 512GB SSD WIFI BT WIN11PRO,Miscellaneous,10714.27,Units,0,2026-07-22 10:21:02
PS-S83T-WH,PS-S83T WHITE PRO SURFACE MOUNT (Pair),Miscellaneous,21737.39,Units,0,2026-05-18 09:54:05
40145,PS-S83T WHITE PRO SURFACE MOUNT (Pair),Miscellaneous,23565.22,Units,0,2026-05-18 09:54:05
40146,PS-S83T WHITE PRO SURFACE MOUNT (Single),Miscellaneous,14760.0,Units,0,2026-05-18 09:54:05
PSP17006,PSP 17006 CISCO ADAPTER,Miscellaneous,1477.39,Units,0,2026-05-18 09:54:05
PSP18001L,PSP 18001L Shelf Mount,Miscellaneous,2043.48,Units,0,2026-05-18 09:54:05
PSP18001S,PSP 18001S Shelf Mount,Miscellaneous,1965.22,Units,0,2026-05-18 09:54:05
PTA3002,PTA 3002 (TO BE REPLACED BY PTA 3102),Miscellaneous,1947.83,Units,0,2026-05-18 09:54:05
PTA3101,PTA 3101 TABLOCK FLOOR STAND BLACK,Speakers,5477.39,Units,0,2026-05-18 09:54:05
PTA3102,PTA 3102 TABLOCK TABLE STAND,Miscellaneous,3303.48,Units,0,2026-05-18 09:54:05
PTA3103,PTA 3103 TABLOCK WALL / TABLE MOUNT,Miscellaneous,1390.43,Units,0,2026-05-18 09:54:05
PTA3105,PTA 3105 TABLOCK TABLE STAND WITH FOOT PLATE,Miscellaneous,3825.22,Units,0,2026-05-18 09:54:05
PTS1205,PTS 1205 IPAD 2 3 4 HOME BUTTON ACCESSIBLE (L&K),Miscellaneous,2695.65,Units,0,2026-05-18 09:54:05
PTS1206,PTS 1206 IPAD 2 3 4 HOME BUTTON HIDDEN (L&K),Miscellaneous,2695.65,Units,0,2026-05-18 09:54:05
PTS1211,PTS 1211 TABLOCK SAMSUNG GALAXY TAB 3 AND 4 10.1 HOME BUTTON ACCESSIBLE (L&K),Miscellaneous,2695.65,Units,0,2026-05-18 09:54:05
PTS1212,PTS 1212 TABLOCK SAMSUNG GALAXY TAB 3 AND 4 10.1 HOME BUTTON HIDDEN (L&K),Miscellaneous,2695.65,Units,0,2026-05-18 09:54:05
PTS1213,PTS 1213 IPAD AIR 1 & 2 IPAD PRO 9.7 IPAD HOME BUTTON ACCESSIBLE (L&K),Miscellaneous,3825.22,Units,0,2026-05-18 09:54:05
PTS1214,PTS 1214 IPAD AIR 1 & 2 IPAD PRO 9.7 IPAD HOME BUTTON HIDDEN (L&K),Miscellaneous,3825.22,Units,0,2026-05-18 09:54:05
PTS1217,PTS 1217 TABLOCK SAMSUNG GALAXY TAB S 10.5 HOME BUTTON ACCESSIBLE (L&K),Miscellaneous,2695.65,Units,0,2026-05-18 09:54:05
PTS1218,PTS 1218 TABLOCK SAMSUNG GALAXY TAB S 10.5 HOME BUTTON HIDDEN (L&K),Miscellaneous,2695.65,Units,0,2026-05-18 09:54:05
PTS1219,PTS 1219 TABLOCK FOR SAMSUNG GALAXY TAB S2 & S3 HOME BUTTON ACCESSIBLE (L&K),Miscellaneous,2695.65,Units,0,2026-05-18 09:54:05
PTS1220,PTS 1220 TABLOCK FOR SAMSUNG GALAXY TAB S2 & S3 HOME BUTTON HIDDEN (L&K),Miscellaneous,2695.65,Units,0,2026-05-18 09:54:05
PTS1223,PTS 1223 TABLOCK FOR IPAD PRO HOME BUTTON ACCESSIBLE(L&K),Miscellaneous,3269.57,Units,0,2026-05-18 09:54:05
PTS1224,PTS 1224 TABLOCK FOR IPAD PRO HOME BUTTON HIDDEN (L&K),Miscellaneous,3269.57,Units,0,2026-05-18 09:54:05
PTS1225,PTS 1225 TABLOCK FOR IPAD MINI 4 HOME BUTTON ACCESSIBLE (L&K),Miscellaneous,2582.61,Units,0,2026-05-18 09:54:05
PTS1226,PTS 1226 TABLOCK FOR IPAD MINI 4 HOME BUTTON HIDDEN (L&K),Miscellaneous,2582.61,Units,0,2026-05-18 09:54:05
PTS1227,PTS 1227 TABLOCK IPAD PRO 10.5 HBA,Miscellaneous,3825.22,Units,0,2026-05-18 09:54:05
PTS1228,PTS 1228 TABLOCK IPAD PRO 10.5 HBH,Miscellaneous,3825.22,Units,0,2026-05-18 09:54:05
PTS1229,PTS 1229 TABLOCK FOR TAB A 10.1 HBA,Miscellaneous,3825.22,Units,0,2026-05-18 09:54:05
PTS1230,PTS 1230 TABLOCK FOR TAB A 10.1 HBH,Miscellaneous,3825.22,Units,0,2026-05-18 09:54:05
PTS1231,PTS 1231 TABLOCK FOR TAB A 10.5,Miscellaneous,2695.65,Units,0,2026-05-18 09:54:05
PTS1232,PTS 1232 TABLOCK FOR TAB S4,Miscellaneous,2695.65,Units,0,2026-05-18 09:54:05
PTS1233,PTS 1233 TABLOCK FOR IPAD PRO 11,Miscellaneous,2695.65,Units,0,2026-05-18 09:54:05
PTS1234,PTS 1234 TABLOCK FOR IPAD PRO 12.9,Miscellaneous,3269.57,Units,0,2026-05-18 09:54:05
PTS1235,PTS 1235 SAMSUNG GALAXY TAB S5E,Miscellaneous,3825.22,Units,0,2026-05-18 09:54:05
PTS2010,PTS 2010 UNIVERSAL TABLOCK,Miscellaneous,3129.57,Units,0,2026-05-18 09:54:05
PUA9501,PUA 9501 CONNECT-IT SMALL POLE COUPLER,Miscellaneous,1060.87,Units,0,2026-05-18 09:54:05
PUA9502,PUA 9502 CONNECT-IT SMALL STABILISATION KIT,Miscellaneous,3999.13,Units,0,2026-05-18 09:54:05
PUA9503,PUA 9503 CONNECT-IT LARGE POLE COUPLER,Miscellaneous,520.87,Units,0,2026-05-18 09:54:05
PUA9504,PUA 9504 CONNECT-IT LARGE STABILISATION KIT,Miscellaneous,4346.96,Units,0,2026-05-18 09:54:05
PUA9505,PUA 9505 CONNECT-IT GIRDER H-BEAM MOUNT 70-180MM,Miscellaneous,2200.0,Units,0,2026-05-18 09:54:05
PUA9506,PUA 9506 CONNECT-IT GIRDER H-BEAM MOUNT 150-300MM,Miscellaneous,2417.39,Units,0,2026-05-18 09:54:05
PUA9507,PUA 9507 ACCESSORY TRAY FOR PUC 25XX SERIES,Miscellaneous,3477.39,Units,0,2026-05-18 09:54:05
PUA9507B,PUA 9507 ACCESSORY TRAY FOR PUC25XX AND PUC27XX BLACK,Miscellaneous,2486.96,Units,0,2026-05-18 09:54:05
PAS-1000-00,PUBLIC ANNOUNCEMENT SYSTEM,Miscellaneous,12064.35,Units,0,2026-05-18 09:54:05
PUC1011,PUC 1011 CONNECT-IT SMALL CEILING PLATE FIXED,Miscellaneous,825.0,Units,0,2026-05-18 09:54:05
PUC1030,PUC 1030 CONNECT-IT SMALL CEILING PLATE TILT,Miscellaneous,1165.22,Units,0,2026-05-18 09:54:05
PUC1035,PUC 1035 CONNECT-IT BASIC CEILING PLATE TILT,Miscellaneous,843.48,Units,0,2026-05-18 09:54:05
PUC1040,PUC 1040 CONNECT-IT SMALL CEILING PLATE BALL JOINT,Miscellaneous,1513.04,Units,0,2026-05-18 09:54:05
PUC1050,PUC 1050 CONNECT-IT SMALL TRUSS ADAPTER,Miscellaneous,1365.22,Units,0,2026-05-18 09:54:05
PUC1060,PUC 1060 CONNECT-IT LARGE CEILING PLATE FIXED,Miscellaneous,1217.0,Units,0,2026-05-18 09:54:05
PUC1065,PUC 1065 CONNECT-IT LARGE CEILING PLATE TURN,Miscellaneous,1738.0,Units,0,2026-05-18 09:54:05
PUC1070,PUC 1070 CONNECT-IT LARGE CEILING PLATE TILT,Miscellaneous,1738.0,Units,0,2026-05-18 09:54:05
PUC1080,PUC 1080 CONNECT-IT LARGE CEILING PLATE TILT AND TURN,Miscellaneous,1738.0,Units,0,2026-05-18 09:54:05
PUC1090,PUC 1090 CONNECT-IT LARGE TRUSS ADAPTER,Miscellaneous,2086.0,Units,0,2026-05-18 09:54:05
PUC1910,PUC 1910 CONNECT-IT CEILING PLATE FIXED,Miscellaneous,4617.39,Units,0,2026-05-18 09:54:05
PUC2108,PUC 2108 BASIC SMALL POLE 80CM,Miscellaneous,1130.0,Units,0,2026-05-18 09:54:05
PUC2115,PUC 2115 BASIC SMALL POLE 150CM,Miscellaneous,1912.0,Units,0,2026-05-18 09:54:05
PUC2130,PUC 2130 BASIC SMALL POLE 300CM,Miscellaneous,3477.0,Units,0,2026-05-18 09:54:05
PUC2308,PUC 2308 CONNECT-IT SMALL POLE 80CM,Miscellaneous,1017.39,Units,0,2026-05-18 09:54:05
PUC2315,PUC 2315 CONNECT-IT SMALL POLE 150CM,Miscellaneous,1617.39,Units,0,2026-05-18 09:54:05
PUC2330,PUC 2330 CONNECT-IT SMALL POLE 300CM,Miscellaneous,2869.57,Units,0,2026-05-18 09:54:05
PUC2408,PUC 2408,Miscellaneous,1651.0,Units,0,2026-05-18 09:54:05
PUC2415,PUC 2415,Miscellaneous,2608.0,Units,0,2026-05-18 09:54:05
PUC2508,PUC 2508 CONNECT-IT LARGE POLE 80CM,Miscellaneous,1999.0,Units,0,2026-05-18 09:54:05
PUC2515,PUC 2515 CONNECT-IT LARGE POLE 150CM,Miscellaneous,3129.57,Units,0,2026-05-18 09:54:05
PUC2530,PUC 2530 CONNECT-IT LARGE POLE 300CM,Miscellaneous,5564.35,Units,0,2026-05-18 09:54:05
PUC2715,PUC 2715 CONNECT-IT XL POLE 150CM Black,Miscellaneous,7129.57,Units,0,2026-05-18 09:54:05
PUC2718,PUC 2718 CONNECT-IT XL POLE 180CM Black,Miscellaneous,7825.22,Units,0,2026-05-18 09:54:05
PUC2720,PUC 2720 CONNECT-IT XL POLE 200CM Black,Miscellaneous,8607.83,Units,0,2026-05-18 09:54:05
PUC2920,PUC 2920 CONNECT-IT POLE 200CM,Miscellaneous,9129.57,Units,0,2026-05-18 09:54:05
PUC2927,PUC 2927 CONNECT-IT POLE 270CM,Miscellaneous,10607.83,Units,0,2026-05-18 09:54:05
PUC2933,PUC 2933 CONNECT-IT POLE 330CM,Miscellaneous,12694.78,Units,0,2026-05-18 09:54:05
PUC2963,PUC 2963 POLE 630CM,Miscellaneous,16460.87,Units,0,2026-05-18 09:54:05
PUC1045,PUC1045,Miscellaneous,1825.0,Units,0,2026-05-18 09:54:05
PVA4307,PVA 4307 VIDEO CONFERENCE SPEAKER,Speakers,31303.48,Units,0,2026-05-18 09:54:05
PVA4310,PVA 4310 VIDEO CONFERENCE SPEAKER,Speakers,43477.39,Units,0,2026-05-18 09:54:05
PVA4316,PVA 4316 VIDEO CONFERENCE SPEAKER,Speakers,39600.0,Units,0,2026-05-18 09:54:05
PVA5050,PVA 5050 CAMERA AND LOUDSPEAKER HOLDER,Speakers,3042.61,Units,0,2026-05-18 09:54:05
PVA5070,PVA 5070 CAMERA AND LOUDSPEAKER HOLDER,Speakers,3564.35,Units,0,2026-05-18 09:54:05
PVF4112S,PVF 4112 VIDEO CONFERENCING FURNITURE,Miscellaneous,81617.39,Units,0,2026-05-18 09:54:05
PVF4112W,PVF 4112 VIDEO CONFERENCING FURNITURE WHITE,Miscellaneous,81617.39,Units,0,2026-05-18 09:54:05
PWR-ADA-2X16,PWR-ADA-2X16-SURG,Miscellaneous,92.86,Units,0,2026-07-22 10:21:06
PWR-MP-8PIEC-BPS,PWR-MP-8PIEC-BPS,Miscellaneous,1228.57,Units,0,2026-07-22 10:21:10
PWR-N-PLUG-B-L10-02-07,PWR-N-PLUG-B 3 PRONG NORMAL 16A PLUG,Miscellaneous,33.11,Units,0,2026-07-22 10:21:14
C50-Pack,Packaged Surface-Mount Subwoofer-Satellite Loudspeaker System,Uncategorised,23543.4,Units,0,2026-07-22 09:23:13
FM-10G-DA-1M-01,Pakedge 10G SFP+ Fibre Module,Miscellaneous,4608.7,Units,0,2026-05-18 09:54:05
ZPK-FM-1G-SM,Pakedge 1G SFP Fiber Module,Miscellaneous,2608.7,Units,0,2026-05-18 09:54:05
MS-1212,Pakedge MS1212 Switch,Switches,21739.13,Units,0,2026-05-18 09:54:05
MS-2400,Pakedge MS2400 Switch,Switches,22695.65,Units,0,2026-05-18 09:54:05
MS-2416,Pakedge MS2416 Switch,Switches,34521.74,Units,0,2026-05-18 09:54:05
MS-2424,Pakedge MS2424 Switch,Switches,38521.74,Units,0,2026-05-18 09:54:05
MS-4424,Pakedge MS4424 Switch,Switches,50347.83,Units,0,2026-05-18 09:54:05
RK-1,Pakedge RK-1 Router,Routers,11913.04,Units,0,2026-05-18 09:54:05
WR-1,Pakedge WR1 WiFi Router,Routers,6608.7,Units,0,2026-05-18 09:54:05
PA3707,Paradox DCTXP2 Wireless Door Contact,Miscellaneous,974.57,Units,0,2026-07-22 10:21:18
PA-1098,Paradox DG75+ Digiguard Pet 41Kg,CCTV,674.0,Units,0,2026-07-29 12:26:06
BRA-PC,Parallel Clamp 300mm,Miscellaneous,450.0,Units,0,2026-05-18 09:54:05
ZM1250,Parasound Zonemaster 1250,Miscellaneous,66078.26,Units,0,2026-05-18 09:54:05
POE-KIT,Passive PoE Injector and Splitter Set,Miscellaneous,40.0,Units,0,2026-05-18 09:54:05
TOOL-POE,Passive and 802.3af/at PoE Detector,Sensors,95.0,Units,0,2026-05-18 09:54:05
F000165,Patch lead MM OM3 LC-LC Duplex,Miscellaneous,139.03,Units,0,2026-07-22 10:21:22
PHW200XL,Physix Wall Mount Tilt Extra Large,Miscellaneous,1295.65,Units,0,2026-05-18 09:54:05
PK2-3B-TAW-E-CP,Pico Wireless Contr 3 Butt Icon Arctic W,Miscellaneous,3478.26,Units,0,2026-05-18 09:54:05
PICTURESLIDE R75,Picture Slider 75â€ - Mechanism ONLY,Accessories,22600.0,Units,0,2026-07-15 14:04:46
SX10AEBMMP,Pioneer 2X100W  Stereo Receiver with Bluetooth Connectivity,Receivers,8694.78,Units,0,2026-05-18 09:54:05
A40AESMGP,Pioneer A-40AE Integrated Amplifier with Wolfson DAC,Amplifiers,13912.17,Units,0,2026-05-18 09:54:05
A10AEBMGP,Pioneer A10A10AE Integrated Amplifier 2x50 watts Direct Energy Design Phono MM Black,Amplifiers,8694.78,Units,0,2026-05-18 09:54:05
A10AESMGP,Pioneer A10A10AE Integrated Amplifier 2x50 watts Direct Energy Design Phono MM Silver,Amplifiers,8694.78,Units,0,2026-05-18 09:54:05
HTP076BMMP,Pioneer HTP076 5.1-Channel Home Cinema Package,Miscellaneous,11303.48,Units,0,2026-05-18 09:54:05
PD10AEM2BMMP,Pioneer PD10AE Pure Audio CD/SACD Player,Miscellaneous,7390.43,Units,0,2026-05-18 09:54:05
PD30AEBMMP,Pioneer PD30AE Pure Audio CD Player,Miscellaneous,8260.0,Units,0,2026-05-18 09:54:05
SXN30AEBMPP,Pioneer SXN30AE Network Stereo Receiver,Receivers,14781.74,Units,0,2026-05-18 09:54:05
VSX534BMMP,Pioneer VSX-534 5X150W 4K AV Receiver,AV Recieves,11303.48,Units,0,2026-05-18 09:54:05
VSX534DBMMP,Pioneer VSX-534D 5X150W 4K AV Receiver DAB,AV Recieves,13042.61,Units,0,2026-05-18 09:54:05
VSX934BMMP,Pioneer VSX-934 - 7X160W 4K Network Av Receiver,AV Recieves,14781.74,Units,0,2026-05-18 09:54:05
VSX935BMMP,Pioneer VSX-935 7X165W 8K Network AV Receiver,AV Recieves,18260.0,Units,0,2026-05-18 09:54:05
VSX935SMMP,Pioneer VSX-935 7X165W 8K Network AV Receiver (Silver),AV Recieves,19999.13,Units,0,2026-05-18 09:54:05
VSXLX305SMMP,Pioneer VSX-LX305 Elite 9X225W 8k Network AV Receiver with Dirac Live,AV Recieves,37390.43,Units,0,2026-05-18 09:54:05
VSXLX305BMMP,Pioneer VSX-LX305 Elite 9X225W 8k Network AV Receiver with Dirac Live,AV Recieves,37390.43,Units,0,2026-05-18 09:54:05
VSXLX505SMMP,Pioneer VSX-LX505 Elite 9X230W 8k Network AV Receiver with Dirac Live,AV Recieves,42607.83,Units,0,2026-05-18 09:54:05
VSXLX505BMMP,Pioneer VSX-LX505 Elite 9X230W 8k Network AV Receiver with Dirac Live,AV Recieves,42607.83,Units,0,2026-05-18 09:54:05
GPS-TRK-B,Plug & play GPS vehicle tracker with backup battery,Miscellaneous,0.0,Units,0,2026-05-18 09:54:05
ATRIUM100SUBTE,Polk Atrium 100 Garden Sub (Terracotta),Miscellaneous,10947.83,Units,0,2026-05-18 09:54:05
ATRIUM300BR,Polk Atrium 300 Garden Sat (Brown),Miscellaneous,4339.13,Units,0,2026-05-18 09:54:05
ATRIUM4BK,Polk Atrium 4 Outdoor (Black),Miscellaneous,6686.96,Units,0,2026-05-18 09:54:05
ATRIUM4WT,Polk Atrium 4 Outdoor (White),Miscellaneous,6686.96,Units,0,2026-05-18 09:54:05
ATRIUM5BK,Polk Atrium 5 Outdoor (Black),Miscellaneous,8686.96,Units,0,2026-05-18 09:54:05
ATRIUM5WT,Polk Atrium 5 Outdoor (White),Miscellaneous,8686.96,Units,0,2026-05-18 09:54:05
ATRIUM6BK,Polk Atrium 6 Outdoor (Black),Miscellaneous,9556.52,Units,0,2026-05-18 09:54:05
ATRIUM6WT,Polk Atrium 6 Outdoor (White),Miscellaneous,9556.52,Units,0,2026-05-18 09:54:05
ATRIUM8BK,Polk Atrium 8 Outdoor (Black),Miscellaneous,6600.0,Units,0,2026-05-18 09:54:05
ATRIUM8WT,Polk Atrium 8 Outdoor (White),Miscellaneous,6600.0,Units,0,2026-05-18 09:54:05
PAMXT2Bpx,Polk Audio MXT60/12SUB 5.1 System (Black),Speakers,17382.61,Units,0,2026-05-18 09:54:05
SIGS10ELBK,Polk ES10 Bookshelf (Black),Speakers,3469.57,Units,0,2026-05-18 09:54:05
SIGS15ELBK,Polk ES15 Bookshelf (Black),Speakers,4773.91,Units,0,2026-05-18 09:54:05
SIGS20ELBK,Polk ES20 Bookshelf (Black),Speakers,5643.48,Units,0,2026-05-18 09:54:05
PKSYS1px,Polk ES20/Denon AVRX1800H 5.1 System (Black),Miscellaneous,33295.65,Units,0,2026-05-18 09:54:05
SIGS30CELBK,Polk ES30C Centre (Black),Miscellaneous,4078.26,Units,0,2026-05-18 09:54:05
SIGS35CELBK,Polk ES35C Centre (Black),Miscellaneous,5208.7,Units,0,2026-05-18 09:54:05
SIGS50ELBKpr,Polk ES50 Floorstander (Black),Speakers,10860.87,Units,0,2026-05-18 09:54:05
PKSYS2px,Polk ES50/Denon AVRX1800H 5.1 System (Black),Miscellaneous,37904.35,Units,0,2026-05-18 09:54:05
SIGS55ELBKpr,Polk ES55 Floorstander (Black),Speakers,13904.35,Units,0,2026-05-18 09:54:05
PKSYS3px,Polk ES55/Denon AVRX2800H 5.1 System (Black),Miscellaneous,45991.3,Units,0,2026-05-18 09:54:05
SIGS60ELBKpr,Polk ES60 Floorstander (Black),Speakers,17382.61,Units,0,2026-05-18 09:54:05
PKSYS4px,Polk ES60/Denon AVCX3800H 5.1 System (Black),Miscellaneous,68078.26,Units,0,2026-05-18 09:54:05
HTSSUB10BK,Polk HTS10 Subwoofer (Black),Subwoofers,7817.39,Units,0,2026-05-18 09:54:05
HTSSUB12BK,Polk HTS12 Subwoofer (Black),Subwoofers,9121.74,Units,0,2026-05-18 09:54:05
MAGMAXAXSR,Polk MAGMAX AX SR 5.1 Soundbar (Black),Speakers,13034.78,Units,0,2026-05-18 09:54:05
MAGMAXAX,Polk MAGMAX AX Soundbar (Black),Speakers,11303.48,Units,0,2026-05-18 09:54:05
MXT12SUBBK,Polk MXT12SUB Subwoofer (Black),Subwoofers,6078.26,Units,0,2026-05-18 09:54:05
MXT15BK,Polk MXT15 Bookshelf (Black),Speakers,3469.57,Units,0,2026-05-18 09:54:05
MXT30CBK,Polk MXT30C Centre (Black),Speakers,3469.57,Units,0,2026-05-18 09:54:05
MXT60BKpr,Polk MXT60 Floorstander (Black),Speakers,8686.96,Units,0,2026-05-18 09:54:05
MXT90BK,Polk MXT90 Atmos/Surround (Black),Speakers,3469.57,Units,0,2026-05-18 09:54:05
MAGMINIAX,Polk Mag Mini AX Soundbar (Black),Speakers,6955.65,Units,0,2026-05-18 09:54:05
MAGSR2,Polk Magnifi SR2 Wireless Surrounds,Miscellaneous,2607.83,Units,0,2026-05-18 09:54:05
OWM3BK,Polk OWM3 Multiapplication (Black),Miscellaneous,6078.26,Units,0,2026-05-18 09:54:05
OWM3WT,Polk OWM3 Multiapplication (White),Miscellaneous,6078.26,Units,0,2026-05-18 09:54:05
R100BK,Polk R100 Bookshelf (Black),Speakers,9991.3,Units,0,2026-05-18 09:54:05
R100BR,Polk R100 Bookshelf (Brown),Speakers,9991.3,Units,0,2026-05-18 09:54:05
R100WT,Polk R100 Bookshelf (White),Speakers,9991.3,Units,0,2026-05-18 09:54:05
R200BK,Polk R200 Bookshelf (Black),Speakers,13034.78,Units,0,2026-05-18 09:54:05
R200BR,Polk R200 Bookshelf (Brown),Speakers,13034.78,Units,0,2026-05-18 09:54:05
R200WT,Polk R200 Bookshelf (White),Speakers,13034.78,Units,0,2026-05-18 09:54:05
PKSYS5px,Polk R200/Denon AVRX2800H 5.1 System (Black),Speakers,49904.35,Units,0,2026-05-18 09:54:05
R300CBK,Polk R300C Center (Black),Speakers,7817.39,Units,0,2026-05-18 09:54:05
R300CBR,Polk R300CBR Center Brn,Speakers,7817.39,Units,0,2026-05-18 09:54:05
R350SYSBK,Polk R350SYS L/C/R (Black),Speakers,9991.3,Units,0,2026-05-18 09:54:05
R350SYSBR,Polk R350SYSBR Reserve R350 L/C/R Brn,Speakers,9991.3,Units,0,2026-05-18 09:54:05
R400CBK,Polk R400C Centre (Black),Speakers,10860.87,Units,0,2026-05-18 09:54:05
R400CBR,Polk R400CBR Reserve R400 Centre Brn,Speakers,10860.87,Units,0,2026-05-18 09:54:05
R500BKpr,Polk R500 Floorstander (Black),Speakers,25208.7,Units,0,2026-05-18 09:54:05
R500WTpr,Polk R500 Floorstander (White),Speakers,25208.7,Units,0,2026-05-18 09:54:05
PKSYS6px,Polk R500/Denon AVRX2800H 5.1 System (Black),Speakers,59817.39,Units,0,2026-05-18 09:54:05
R600BKpr,Polk R600 Floorstander (Black),Speakers,26078.26,Units,0,2026-05-18 09:54:05
PKSYS7px,Polk R600/Denon AVCX3800H 5.1 System (Black),Speakers,88339.13,Units,0,2026-05-18 09:54:05
R600BRpr,Polk R600BR Reserve Floor Stand Brn (Pair),Speakers,28686.96,Units,0,2026-05-18 09:54:05
R700BKpr,Polk R700 Floorstander (Black),Speakers,34773.91,Units,0,2026-05-18 09:54:05
PKSYS8px,Polk R700/Denon AVCX3800H 5.1 System (Black),Speakers,103904.35,Units,0,2026-05-18 09:54:05
R700BRpr,Polk R700BR Reserve R700 Floor Stand Brn (pair),Speakers,34773.92,Units,0,2026-05-18 09:54:05
R900HTBK,Polk R900HT Atmos Module (Black),Speakers,8686.96,Units,0,2026-05-18 09:54:05
R900HTBR,Polk R900HTBR Reserve R900 HT Module Brn,Speakers,8686.96,Units,0,2026-05-18 09:54:05
R900HTWT,Polk R900HTWT Reserve HT Module Wht 1pr,Speakers,8686.96,Units,0,2026-05-18 09:54:05
SIGNAS2,Polk Signa S2 Soundbar,Speakers,3730.43,Units,0,2026-05-18 09:54:05
SIGNAS4,Polk Signa S4 Soundbar,Speakers,6078.26,Units,0,2026-05-18 09:54:05
V65,Polk V65 In-wall,Miscellaneous,3913.04,Units,0,2026-05-18 09:54:05
V6S,Polk V6S Stereo In-ceiling,Miscellaneous,4260.87,Units,0,2026-05-18 09:54:05
SP85INCH-POLK,Polk V85 Speaker box (Rect),Speakers,460.87,Units,0,2026-05-18 09:54:05
DS-7764NI-M4,Pro series  64ch NVR  4 SATA up to 16TB  POS & IOT overlay  16/9 alarm IO,CCTV,23342.5,Units,0,2026-07-28 15:26:08
DS-7616NXI-K2/16P,Pro series 16ch POE NVR  2 SATA up to 10TB up to  8MP recording  1ch facial recognition/4ch face capture 16 POE ports  4/1 alarm IO,Miscellaneous,6573.76,Units,0,2026-07-22 10:21:27
PFW4601,Pro wall mount FLAT 55-65 75KG,Miscellaneous,3869.57,Units,0,2026-05-18 09:54:05
P100,Processor,Miscellaneous,329060.87,Units,0,2026-07-22 10:21:31
POE-24V15W,Procet Gigabit 24V 15W PoE Adapter with No Cable,Miscellaneous,140.0,Units,0,2026-05-18 09:54:05
POE-48V15W,Procet Gigabit 48V 15W PoE Adapter with No Cable,Miscellaneous,140.0,Units,0,2026-05-18 09:54:05
POE-52V30W,Procet Gigabit 52V 30W PoE Adapter with No Cable,Miscellaneous,215.0,Units,0,2026-05-18 09:54:05
PSU-10AP-BAT,"Professional 12V 10A 120W Switching Power Supply in 18ch self-recovery protection box Input:AC100-240V, Output:DC12V 10A , Channels:18 channels,  Fuse",Miscellaneous,0.0,Units,0,2026-05-18 09:54:05
PSU-20AP,"Professional 12V 20A 240W Switching Power Supply in 18ch self-recovery protection box Input:AC100-240V, Output:DC12V 20A,Channels: 18channels,Fuse typ",Miscellaneous,0.0,Units,0,2026-05-18 09:54:05
PSU-10AP,"Professional 12V 8,3A 120W Switching Power Supply in 9ch self-recovery protection box Input:AC100-240V, Output:DC12V 10A,Channels: 18channels,Fuse typ",Miscellaneous,0.0,Units,0,2026-05-18 09:54:05
DHI-Software-Training-License/Per Day,"Provide extra software training services.
Note: Minimum service engagement: 1 day.",Licenses,38273.91,Units,0,2026-05-18 09:54:05
IROPTOCABLE1.0M,Pulse 8 1m Secure IR Matrix Cable,Miscellaneous,1043.48,Units,0,2026-05-18 09:54:05
PROAMP8,Pulse 8 Amp 8,Miscellaneous,50086.96,Units,0,2026-05-18 09:54:05
P8DDAC,Pulse 8 Audio Converter,Miscellaneous,4260.87,Units,0,2026-05-18 09:54:05
HDBT2UFFMJ1210K,Pulse 8 Neo+ (Kit),Miscellaneous,231304.35,Units,0,2026-05-18 09:54:05
HDBTLFFMS4422K,Pulse 8 Neo4 Pro (Kit),Miscellaneous,39304.35,Units,0,2026-05-18 09:54:05
HDBTLFFMN68AK,Pulse 8 Neo6A (Kit),Miscellaneous,80956.52,Units,0,2026-05-18 09:54:05
HDBTLFFMN810AK,Pulse 8 Neo8A (Kit),Miscellaneous,102086.96,Units,0,2026-05-18 09:54:05
HDBTLEXSET,Pulse 8 NeoLite,Miscellaneous,6260.87,Units,0,2026-05-18 09:54:05
HDBTLRX,Pulse 8 NeoLite RX,Miscellaneous,4173.91,Units,0,2026-05-18 09:54:05
HDBT2PEXSET,Pulse 8 NeoPro,Miscellaneous,12434.78,Units,0,2026-05-18 09:54:05
PRO16,Pulse 8 ProAudio 16,Miscellaneous,62521.74,Units,0,2026-05-18 09:54:05
PRO1632,Pulse 8 ProAudio 1632,Miscellaneous,160086.96,Units,0,2026-05-18 09:54:05
PRO8,Pulse 8 ProAudio 8,Miscellaneous,40086.96,Units,0,2026-05-18 09:54:05
P84REMOTE,Pulse8 P8-4 Remote push button 4x4 model,Remotes,565.22,Units,0,2026-05-18 09:54:05
P88REMOTE,Pulse8 P8-8 Remote Push Button 8x10model,Remotes,652.17,Units,0,2026-05-18 09:54:05
P8IRPACK,Pulse8 P8-IR-Pack,Miscellaneous,565.22,Units,0,2026-05-18 09:54:05
A-SS20,QED 2Way Parallel Speaker Switch,Switches,4173.91,Units,0,2026-05-18 09:54:05
A-SS30,QED 3Way Series/Parallel Speaker Switch,Switches,5452.17,Units,0,2026-05-18 09:54:05
A-SS40,QED 4Way Series/Parallel Speaker Switch,Switches,6469.57,Units,0,2026-05-18 09:54:05
QE1810,QED Airloc ABS 4mm Plug (20 Pack),Miscellaneous,3582.61,Units,0,2026-05-18 09:54:05
QE1910,QED Airloc Metal 4mm Plug (20 Pack),Miscellaneous,5365.22,Units,0,2026-05-18 09:54:05
QE8124,QED Connect 3.5mm Jack-Jack 1.5m,Miscellaneous,234.78,Units,0,2026-05-18 09:54:05
QE8127,QED Connect 3.5mm Jack-Jack 3m,Miscellaneous,278.26,Units,0,2026-05-18 09:54:05
QE8111,QED Connect 3.5mm Jack-Phono 0.75m,Miscellaneous,252.17,Units,0,2026-05-18 09:54:05
QE8114,QED Connect 3.5mm Jack-Phono 1.5m,Miscellaneous,278.26,Units,0,2026-05-18 09:54:05
QE8117,QED Connect 3.5mm Jack-Phono 3m,Miscellaneous,295.65,Units,0,2026-05-18 09:54:05
QE8101,QED Connect Audio 0.75m,Miscellaneous,234.78,Units,0,2026-05-18 09:54:05
QE8104,QED Connect Audio 1.5m,Miscellaneous,252.17,Units,0,2026-05-18 09:54:05
QE8107,QED Connect Audio 3m,Miscellaneous,295.65,Units,0,2026-05-18 09:54:05
QE8164,QED Connect HDMI 1.5m,Miscellaneous,347.83,Units,0,2026-05-18 09:54:05
QE8167,QED Connect HDMI 3m,Miscellaneous,460.87,Units,0,2026-05-18 09:54:05
QE8174,QED Connect Optical 1.5m,Miscellaneous,234.78,Units,0,2026-05-18 09:54:05
QE8177,QED Connect Optical 3m,Miscellaneous,252.17,Units,0,2026-05-18 09:54:05
QE8254,QED Connect Speaker Cable 6m,Miscellaneous,478.26,Units,0,2026-05-18 09:54:05
QE8144,QED Connect Subwoofer 3m,Miscellaneous,417.39,Units,0,2026-05-18 09:54:05
QE8147,QED Connect Subwoofer Cable 6m,Miscellaneous,504.35,Units,0,2026-05-18 09:54:05
QE1484,QED Genesis Preterm Speaker Cable 3m,Miscellaneous,10173.91,Units,0,2026-05-18 09:54:05
QE1486,QED Genesis Preterm Speaker Cable 5m,Miscellaneous,15391.3,Units,0,2026-05-18 09:54:05
QE6036,QED Perf Optical Ultra HS HDMI 10M,Miscellaneous,4000.0,Units,0,2026-05-18 09:54:05
QE6037,QED Perf Optical Ultra HS HDMI 12M,Miscellaneous,4513.04,Units,0,2026-05-18 09:54:05
QE6038,QED Perf Optical Ultra HS HDMI 15M,Miscellaneous,4939.13,Units,0,2026-05-18 09:54:05
QE6039,QED Perf Optical Ultra HS HDMI 20M,Miscellaneous,6217.39,Units,0,2026-05-18 09:54:05
QE6035,QED Perf Optical Ultra HS HDMI 7.5M,Miscellaneous,3495.65,Units,0,2026-05-18 09:54:05
QE6023,QED Performance Active HDMI 12m HS,Miscellaneous,4434.78,Units,0,2026-05-18 09:54:05
QE6113,QED Performance Audio 40i 1m,Miscellaneous,1426.09,Units,0,2026-05-18 09:54:05
QE6115,QED Performance Audio 40i 2m,Miscellaneous,1904.35,Units,0,2026-05-18 09:54:05
QE6117,QED Performance Audio 40i 3m,Miscellaneous,2356.52,Units,0,2026-05-18 09:54:05
QE6101,QED Performance Audio Graphite 1m,Miscellaneous,895.65,Units,0,2026-05-18 09:54:05
QE6102,QED Performance Audio Graphite 3m,Miscellaneous,1365.22,Units,0,2026-05-18 09:54:05
QE6200,QED Performance Digital Audio 1m,Miscellaneous,1365.22,Units,0,2026-05-18 09:54:05
C-QM/30,QED Performance Micro (30m),Miscellaneous,2556.52,Units,0,2026-05-18 09:54:05
QE6601,QED Performance Optical 1.5M Graphite,Miscellaneous,1365.22,Units,0,2026-05-18 09:54:05
QE6603,QED Performance Optical Graphite 3m,Miscellaneous,1617.39,Units,0,2026-05-18 09:54:05
C-QO/100,QED Performance Original (100m),Miscellaneous,13043.48,Units,0,2026-05-18 09:54:05
C-QBO/50,QED Performance Original BiWire (50m),Miscellaneous,13043.48,Units,0,2026-05-18 09:54:05
QE6302,QED Performance Subwoofer 10m,Miscellaneous,2982.61,Units,0,2026-05-18 09:54:05
QE6300,QED Performance Subwoofer 3m,Miscellaneous,1304.35,Units,0,2026-05-18 09:54:05
QE6301,QED Performance Subwoofer 6m,Miscellaneous,2113.04,Units,0,2026-05-18 09:54:05
QE1325,QED Performance XT25 Speaker Cable 50m,Miscellaneous,8286.96,Units,0,2026-05-18 09:54:05
C-42/100B,QED Profile 42 Strand 100m (Black),Miscellaneous,3904.35,Units,0,2026-05-18 09:54:05
C-42/100W,QED Profile 42 Strand 100m (White),Miscellaneous,3904.35,Units,0,2026-05-18 09:54:05
C-79/100B,QED Profile 79 Strand 100m (Black),Miscellaneous,7147.83,Units,0,2026-05-18 09:54:05
C-79/100W,QED Profile 79 Strand 100m (White),Miscellaneous,7147.83,Units,0,2026-05-18 09:54:05
QE2707,QED Profile Audio 5m,Miscellaneous,1478.26,Units,0,2026-05-18 09:54:05
QE2741,QED Profile EFlex HDMI 1m,Miscellaneous,652.17,Units,0,2026-05-18 09:54:05
QE2743,QED Profile Eflex HDMI 1.5m,Miscellaneous,730.43,Units,0,2026-05-18 09:54:05
QE2745,QED Profile Eflex HDMI 2m,Miscellaneous,791.3,Units,0,2026-05-18 09:54:05
QE2737,QED Profile J2J 5m,Miscellaneous,817.39,Units,0,2026-05-18 09:54:05
QE2717,QED Profile J2P 1m,Miscellaneous,443.48,Units,0,2026-05-18 09:54:05
QE2723,QED Profile J2P 5M,Miscellaneous,678.26,Units,0,2026-05-18 09:54:05
QE2713,QED Profile Optical 3m,Miscellaneous,608.7,Units,0,2026-05-18 09:54:05
QE2715,QED Profile Optical 5m,Miscellaneous,956.52,Units,0,2026-05-18 09:54:05
QE3282,QED Ref Analoque XLR 40 1m,Miscellaneous,4713.04,Units,0,2026-05-18 09:54:05
QE3284,QED Ref Analoque XLR 40 3m,Miscellaneous,6173.91,Units,0,2026-05-18 09:54:05
QE2453,QED Reference Audio 40 1m,Miscellaneous,3234.78,Units,0,2026-05-18 09:54:05
QE2455,QED Reference Audio 40 3m,Miscellaneous,4000.0,Units,0,2026-05-18 09:54:05
QE3212,QED Reference Digital Audio 40 1m,Miscellaneous,2600.0,Units,0,2026-05-18 09:54:05
QE3214,QED Reference Digital Audio 40 3m,Miscellaneous,3086.96,Units,0,2026-05-18 09:54:05
QE3330,QED Reference Optical Quartz 3.0m,Miscellaneous,4939.13,Units,0,2026-05-18 09:54:05
QE3320,QED Reference Quartz Optical 2m,Miscellaneous,3747.83,Units,0,2026-05-18 09:54:05
C-QSAXT/100,QED Reference Silver Anniversary XT,Miscellaneous,22695.65,Units,0,2026-05-18 09:54:05
C-QSAXTBW/50,QED Reference Silver Anniversary XT Bi,Miscellaneous,22695.65,Units,0,2026-05-18 09:54:05
QE3234,QED Reference Subwoofer 40 10m,Miscellaneous,4391.3,Units,0,2026-05-18 09:54:05
QE3230,QED Reference Subwoofer 40 3m,Miscellaneous,2356.52,Units,0,2026-05-18 09:54:05
QE3232,QED Reference Subwoofer 40 6m,Miscellaneous,3330.43,Units,0,2026-05-18 09:54:05
QE1350,QED Reference XT40 XTube Spk Cable,Miscellaneous,15304.35,Units,0,2026-05-18 09:54:05
C-XT400/50,QED Reference XT400 XTUBE Spk Cable,Miscellaneous,41478.26,Units,0,2026-05-18 09:54:05
QE1440,QED Revltn Preterm Speaker Cable (2m),Miscellaneous,4165.22,Units,0,2026-05-18 09:54:05
QE1442,QED Revltn Preterm Speaker Cable (3m),Miscellaneous,5452.17,Units,0,2026-05-18 09:54:05
QE1444,QED Revltn Preterm Speaker Cable (5m),Miscellaneous,8173.91,Units,0,2026-05-18 09:54:05
QE1880,QED Screwloc ABS 4mm Plug 2Red/2Blk,Miscellaneous,660.87,Units,0,2026-05-18 09:54:05
QE1885,QED Screwloc ABS 4mm Plug 5Red/5Blk,Miscellaneous,1617.39,Units,0,2026-05-18 09:54:05
QE1890,QED Screwloc ABS DUO Spade 2Red/2Blk,Miscellaneous,852.17,Units,0,2026-05-18 09:54:05
QE2445,QED Signature Audio 40 1M,Miscellaneous,6173.91,Units,0,2026-05-18 09:54:05
QE2448,QED Signature Audio 40 3M,Miscellaneous,8286.96,Units,0,2026-05-18 09:54:05
C-GNSS/50,QED Signature Genesis Silver Spiral,Miscellaneous,64956.52,Units,0,2026-05-18 09:54:05
C-GNSSBW/30,QED Signature Genesis Silver Spiral Bi,Miscellaneous,78000.0,Units,0,2026-05-18 09:54:05
QE0004,QED Signature Supremus 3m,Miscellaneous,32521.74,Units,0,2026-05-18 09:54:05
QE0005,QED Signature Supremus 4m,Miscellaneous,41478.26,Units,0,2026-05-18 09:54:05
QE1430,QED Silver XT Preterm speaker cable (2m),Miscellaneous,2730.43,Units,0,2026-05-18 09:54:05
QE1432,QED Silver XT Preterm speaker cable (3m),Miscellaneous,3321.74,Units,0,2026-05-18 09:54:05
QE1434,QED Silver XT Preterm speaker cable (5m),Miscellaneous,4086.96,Units,0,2026-05-18 09:54:05
QE1330,QED XT25 BiWire Spk Cable 30m,Miscellaneous,9913.04,Units,0,2026-05-18 09:54:05
QE1460,QED XT25 Preterm Speaker Cable (2m),Miscellaneous,2034.78,Units,0,2026-05-18 09:54:05
QE1462,QED XT25 Preterm Speaker Cable (3m),Miscellaneous,2356.52,Units,0,2026-05-18 09:54:05
QE1464,QED XT25 Preterm Speaker Cable (5m),Miscellaneous,3086.96,Units,0,2026-05-18 09:54:05
QE1451,QED XT40i Preterm Speaker Cable (2m),Miscellaneous,3330.43,Units,0,2026-05-18 09:54:05
QE1453,QED XT40i Preterm Speaker Cable (3m),Miscellaneous,3904.35,Units,0,2026-05-18 09:54:05
QE1455,QED XT40i Preterm Speaker Cable (5m),Miscellaneous,5200.0,Units,0,2026-05-18 09:54:05
WS-XL04-i7,"Quad HDMI output operator workstation. I7, 16GB RAM, 512GB SSD, RTX 3050 Nvidia video card",Miscellaneous,37357.14,Units,0,2026-07-22 10:21:35
RMB-0025-00,RACK MOUNT BRACKET FOR SMARTCONTROL 25,Miscellaneous,1493.04,Units,0,2026-05-18 09:54:05
RC-911R,RC-911R REMOTE,Remotes,1382.61,Units,0,2026-05-18 09:54:05
RCA-AUD,RCA F to audio 3.5 converter,Miscellaneous,8.69,Units,0,2026-05-18 09:54:05
RCC1000-SA,RCC 1000 SUBWOOFER AMPLIFIER,Subwoofers,27206.96,Units,0,2026-05-18 09:54:05
RECMCEXPLORA3-UL,RECEIVER MULTICHOICE EXPLORA ULTRA STANDALONE,Video Distribution,3667.19,Units,0,2026-07-28 15:43:56
CLI-PTAC1K1-00,"RELAY MODULE FOR PTAC WITH ONE 6-PORT CLIMATE RELAY (W1, W2, Y1, Y2, G, O) AND ONE 10K THERMISTOR IN",Miscellaneous,7924.35,Units,0,2026-05-18 09:54:05
CLI-REL1AUX1-00,"RELAY MODULE WITH ONE 6-PORT CLIMATE RELAY (W1, W2, Y1, Y2, G, O) AND ONE AUX RELAY (NO, NC, COM)",Miscellaneous,7924.35,Units,0,2026-05-18 09:54:05
CLI-AUX3-00,"RELAY MODULE WITH THREE AUX RELAY (NO, NC, COM)",Miscellaneous,7924.35,Units,0,2026-05-18 09:54:05
370212-0-0,REMOTE CONTROL ZENSOR AX,Remotes,339.13,Units,0,2026-05-18 09:54:05
SST-TEMP1-00,REMOTE TEMPERATURE SENSOR (FLUSH MOUNT),Remotes,2297.39,Units,0,2026-05-18 09:54:05
PK-EM2G,RF 3D Emitter,Miscellaneous,2434.78,Units,0,2026-05-18 09:54:05
PK-AG3G,RF 3D Glass,Miscellaneous,4652.17,Units,0,2026-05-18 09:54:05
TOOL-CRIMP,RG59 CRIMP TOOL,Miscellaneous,362.5,Units,0,2026-05-18 09:54:05
TOOL-RJ45,RJ11 / RJ 45 CRIMP TOOL,Miscellaneous,362.5,Units,0,2026-05-18 09:54:05
NET-BOOT-BLACK-LQ-N2-02-01,RJ45 BOOT BLACK PBB02-A,Miscellaneous,3.5,Units,0,2026-07-22 10:21:39
RJ45A,RJ45 Barrel Connector Female to Female,Miscellaneous,15.0,Units,0,2026-05-18 09:54:05
NET-CAT6WALL-LQ,RJ45 CAT6 WALL BOX LQ (LKE101-C6U),Miscellaneous,50.0,Units,0,2026-07-22 10:21:43
CON-10NFN-00,RJ45 SERIAL ADAPTERS  NO FLOW NULL  10-PACK,Miscellaneous,2060.0,Units,0,2026-05-18 09:54:05
CON-1NFN-00,RJ45 SERIAL ADAPTERS  NO FLOW NULL  SINGLE,Miscellaneous,205.22,Units,0,2026-05-18 09:54:05
CON-10FNN-00,RJ45 SERIAL ADAPTERS FLOW NO NULL 10-PACK,Miscellaneous,2060.0,Units,0,2026-05-18 09:54:05
CON-1FNN-00,RJ45 SERIAL ADAPTERS FLOW NO NULL SINGLE,Miscellaneous,205.22,Units,0,2026-05-18 09:54:05
CON-10FN-00,RJ45 SERIAL ADAPTERS FLOW NULL 10-PACK,Miscellaneous,2060.0,Units,0,2026-05-18 09:54:05
CON-1FN-00,RJ45 SERIAL ADAPTERS FLOW NULL SINGLE,Miscellaneous,205.22,Units,0,2026-05-18 09:54:05
CON-10NFNN-00,RJ45 SERIAL ADAPTERS NO FLOW NO NULL 10-PACK,Miscellaneous,2060.0,Units,0,2026-05-18 09:54:05
CON-1NFNN-00,RJ45 SERIAL ADAPTERS NO FLOW NO NULL SINGLE,Miscellaneous,205.22,Units,0,2026-05-18 09:54:05
AUTOMATE-PULSE2,ROLLEASE AUTOMATE PULSE HUB 2,Miscellaneous,14784.35,Units,0,2026-05-18 09:54:05
AUTOMATE-BAT1.1,ROLLEASE AUTOMATE | LION 1.1 SHADE MOTOR,Motors,9559.13,Units,0,2026-05-18 09:54:05
AUTOMATE-CHRG,ROLLEASE AUTOMATE | LION CHARGER,Miscellaneous,1470.43,Units,0,2026-05-18 09:54:05
AUTOMATE-BATQ2.0,ROLLEASE AUTOMATE | LION Q2.0 SHADE MOTOR,Motors,10588.7,Units,0,2026-05-18 09:54:05
AUTOMATE-REM1,ROLLEASE AUTOMATE | PARADIGM 1 CHANNEL REMOTE,Speakers,3330.43,Units,0,2026-05-18 09:54:05
AUTOMATE-BKCONV2.0,ROLLEASE Q2.0 MOTOR FINISH 10 PACK (BLACK),Miscellaneous,1028.7,Units,0,2026-05-18 09:54:05
AUTOMATE-SACONV2.0,ROLLEASE Q2.0 MOTOR FINISH 10 PACK (SILVER ALUMINUM),Miscellaneous,1470.43,Units,0,2026-05-18 09:54:05
AUTOMATE-WHCONV2.0,ROLLEASE Q2.0 MOTOR FINISH 10 PACK (WHITE),Miscellaneous,1028.7,Units,0,2026-05-18 09:54:05
RS485-DIS4,RS485 distributor box,Miscellaneous,2173.55,Units,0,2026-05-18 09:54:05
RUBICON 2 W,RUBICON 2 WHITE BOOKSHELF SPEAKER,Speakers,36513.04,Units,0,2026-05-18 09:54:05
RUBICON 8 B,RUBICON 8 BLACK HIGH GLOSS FLOOR STANDING SPEAKER,Speakers,92165.22,Units,0,2026-05-18 09:54:05
RUBICON LCR R,RUBICON ROSSO LEFT CENTER RIGHT,Miscellaneous,20860.87,Units,0,2026-05-18 09:54:05
RUBICON VOK B,RUBICON VOKAL BLACK CENTER SPEAKER,Speakers,31295.65,Units,0,2026-05-18 09:54:05
RUBICON VOK R,RUBICON VOKAL ROSSO CENTER SPEAKER,Speakers,31295.65,Units,0,2026-05-18 09:54:05
OSL-PRO10-00,RUNTIME LICENSE - PRO 10,Licenses,90873.91,Units,0,2026-05-18 09:54:05
OSL-SMRT10-00,RUNTIME LICENSE - SMART 10,Licenses,12721.74,Units,0,2026-05-18 09:54:05
OSL-SMRT9-00,RUNTIME LICENSE - SMART 9,Licenses,12128.7,Units,0,2026-05-18 09:54:05
OSL-SUPERPRO10-00,RUNTIME LICENSE - SUPER PRO 10,Licenses,181747.83,Units,0,2026-05-18 09:54:05
RS-2R100,Rackstuds 2.2mm 100 Pack Red | RSL2.2R100-S2,Miscellaneous,975.0,Units,0,2026-05-18 09:54:05
RS-2R20,Rackstuds 2.2mm 20 Pack Red | RSL2.2R20-S2A,Miscellaneous,250.0,Units,0,2026-05-18 09:54:05
RS-3P20,Rackstuds 3.2mm 20 Pack Purple | RSL3.2P20-S2,Miscellaneous,175.0,Units,0,2026-05-18 09:54:05
RS-DUOB20,Rackstuds Duo 2.2mm/3.2mm 20 Pack Black | RSLDUO-1RUB20-S2/40,Miscellaneous,475.0,Units,0,2026-05-18 09:54:05
UA-G3-Flex-W,Reader Flex - Third-generation NFC card reader with a keypad and Touch Pass support.,Miscellaneous,4785.71,Units,0,2026-07-22 10:21:47
UA-G3-Flex-B,Reader Flex - Third-generation NFC card reader with a keypad and Touch Pass support.,External Access Control Panels,4821.43,Units,0,2026-07-13 10:15:38
BG-G1P-RS,Resettable break glass -Green,Miscellaneous,207.14,Units,0,2026-07-22 10:21:51
DHI-DSSPro8-Retail-Module-License,"Retail business application module license for DSS Professional V8, supports store management, Customer Traffic Analysis, queue management, etc.",Licenses,82207.75,Units,0,2026-05-18 09:54:05
RG-EG310GP,Reyee 10 Port Gigabit 4 WAN 8 PoE 110W Cloud Router | RG-EG310GH-P-E,Routers,3795.0,Units,0,2026-05-18 09:54:05
RG-EG210GP,Reyee 10 Port Gigabit 4 WAN 8 PoE 70W Cloud Router | RG-EG210G-P,Routers,2730.0,Units,0,2026-05-18 09:54:05
RG-ES220GP,Reyee 18 Port Gigabit with 16 PoE 250W 2SFP Managed Switch | RG-ES220GS-P,Switches,3595.0,Units,0,2026-05-18 09:54:05
RG-EST100,Reyee 2.4GHz 300Mbps 8dBi 70° Pre-Paired Kit | RG-EST100-E,Miscellaneous,850.0,Units,0,2026-05-18 09:54:05
RG-NBS24G4S,Reyee 24 Port Gigabit 4SFP Layer 2+ Smart Switch | RG-NBS3100-24GT4SFP-V2,Switches,3295.0,Units,0,2026-05-18 09:54:05
RG-NBS24P4S,Reyee 24 Port Gigabit PoE 370W 4SFP Layer 2+ Smart Switch | RG-NBS3100-24GT4SFP-P-V2,Switches,6745.0,Units,0,2026-05-18 09:54:05
RG-ES228GP,Reyee 26 Port Gigabit with 24 PoE 370W 2SFP Managed Switch | RG-ES228GS-P,Switches,4875.0,Units,0,2026-05-18 09:54:05
RG-EG105GP,Reyee 5 Port Gigabit 2 WAN 4 PoE 54W Cloud Router | RG-EG105G-P,Routers,1825.0,Units,0,2026-05-18 09:54:05
RG-EG105G,Reyee 5 Port Gigabit 2 WAN Cloud Router | RG-EG105G,Routers,1550.0,Units,0,2026-05-18 09:54:05
RG-EG305GP,Reyee 5 Port Gigabit 4 WAN 4 PoE 60W Cloud Router | RG-EG305GH-P-E,Routers,3150.0,Units,0,2026-05-18 09:54:05
RG-EG105GW,Reyee 5 Port Gigabit AC Wave 2 Cloud Router | RG-EG105GW(T),Routers,1725.0,Units,0,2026-05-18 09:54:05
RG-ES205GP,Reyee 5 Port Gigabit with 4 PoE 54W Managed Switch | RG-ES205GC-P,Switches,1050.0,Units,0,2026-05-18 09:54:05
RG-EST310,Reyee 5GHz AC 10dBi 60° Pre-Paired Kit | RG-EST310 V2,Miscellaneous,2185.0,Units,0,2026-05-18 09:54:05
RG-NBS8P2S,Reyee 8 Port Gigabit PoE 125W 2SFP Layer 2+ Smart Switch | RG-NBS3100-8GT2SFP-P,Switches,3725.0,Units,0,2026-05-18 09:54:05
RG-EG1510XS,Reyee 8 Port Multi Gigabit 2SFP+ Multi-WAN Cloud Router | RG-EG1510XS,Routers,8125.0,Units,0,2026-05-18 09:54:05
RG-ES209GP,Reyee 9 Port Gigabit with 8 PoE 120W Managed Switch | RG-ES209GC-P,Switches,1895.0,Units,0,2026-05-18 09:54:05
RG-EW1200R,Reyee Dual Band AC 1200Mbps 4dBi Mesh Range Extender | RG-EW1200R,Miscellaneous,695.0,Units,0,2026-05-18 09:54:05
RG-EW1200F,Reyee Dual Band AC 1200Mbps 5dBi Fast Ethernet Mesh Router | RG-EW1200,Routers,485.0,Units,0,2026-05-18 09:54:05
RG-EW1300G,Reyee Dual Band AC 1300Mbps Gigabit Mesh Router | RG-EW1300G,Routers,675.0,Units,0,2026-05-18 09:54:05
RG-RAP1200GP,Reyee Dual Band WiFi 5 1300Mbps 5 Port Gigabit Mesh In-Wall AP | RG-RAP1200(P),Miscellaneous,1325.0,Units,0,2026-05-18 09:54:05
RG-RAP2200F,Reyee Dual Band WiFi 5 1300Mbps Fast Ethernet Ceiling Mount AP | RG-RAP2200(F),Miscellaneous,1050.0,Units,0,2026-05-18 09:54:05
RG-RAP2200G,Reyee Dual Band WiFi 5 1300Mbps Gigabit Ceiling Mount AP | RG-RAP2200(E),Miscellaneous,1395.0,Units,0,2026-05-18 09:54:05
RG-RAP52G,Reyee Dual Band WiFi 5 1300Mbps Gigabit Compact Outdoor AP | RG-RAP52-OD,Miscellaneous,1395.0,Units,0,2026-05-18 09:54:05
RG-EW1800GX,Reyee Dual Band WiFi 6 1800Mbps 6dBi Gigabit Mesh Router | RG-EW1800GX Pro,Routers,1295.0,Units,0,2026-05-18 09:54:05
RG-RAP6262GX,Reyee Dual Band WiFi 6 1800Mbps Gigabit Outdoor AP | RG-RAP6262G,Miscellaneous,2995.0,Units,0,2026-05-18 09:54:05
RG-EW3000GX,Reyee Dual Band WiFi 6 3000Mbps 5dBi Gigabit Mesh Router | RG-EW3000GX PRO,Routers,1580.0,Units,0,2026-05-18 09:54:05
RG-RAP2266GX,Reyee Dual Band WiFi 6 3000Mbps Gigabit Ceiling Mount AP | RG-RAP2266,Miscellaneous,2145.0,Units,0,2026-05-18 09:54:05
SDU 3kVA,Riello Sentinel Dual 3kVA UPS,Miscellaneous,19481.43,Units,0,2026-07-22 10:21:55
ATTINTAMPB,Roksan Attessa Amplifier (Black),Amplifiers,32165.22,Units,0,2026-05-18 09:54:05
ATTCDTB,Roksan Attessa CD Transport (Black),Miscellaneous,16078.26,Units,0,2026-05-18 09:54:05
ATTSTREAMAMPB,Roksan Attessa Streaming Amp (Black),Miscellaneous,48513.04,Units,0,2026-05-18 09:54:05
ATTTB,Roksan Attessa Turntable (Satin Black),Miscellaneous,29991.3,Units,0,2026-05-18 09:54:05
K3POW/CHAR,Roksan K3 Power Amplifier (Charcoal),Amplifiers,34226.09,Units,0,2026-05-18 09:54:05
QSSC-EDU-R100,Roller 100 EDU,Miscellaneous,6521.74,Units,0,2026-07-15 11:24:49
QSSC-EDU-R150,Roller 150 EDU - LUTRON - Electronic Drive Units,Miscellaneous,0.0,Units,0,2026-07-22 12:43:06
QSSC-EDU-R300,Roller 300 EDU - LUTRON - Electronic Drive Units,Miscellaneous,0.0,Units,0,2026-07-22 12:43:06
QSSC-EDU-R64,Roller 64 EDU,Miscellaneous,7126.74,Units,0,2026-07-15 11:28:02
MHUB88ROOMREM,Room Remote for mHub 4K PRO 8x8 New,Remotes,260.87,Units,0,2026-05-18 09:54:05
MHUB44ROOMREM,Room Remote for mHub PRO/431U New,Remotes,260.87,Units,0,2026-05-18 09:54:05
Calkit,RoomPerfect calibration kit,Miscellaneous,8433.91,Units,0,2026-07-22 10:21:59
FR01260,Rotel A10 MKII Amplifier (Black),Amplifiers,13034.78,Units,0,2026-05-18 09:54:05
FR01289,Rotel A11 MKII Amplifier (Black),Amplifiers,17382.61,Units,0,2026-05-18 09:54:05
FR01263,Rotel A11 Tribute Amplifier (Black),Amplifiers,13469.57,Units,0,2026-05-18 09:54:05
FR01273,Rotel A12 MKII Amplifier (Black),Amplifiers,23382.61,Units,0,2026-05-18 09:54:05
FR01266,Rotel A14MKII Amplifier (Black),Amplifiers,28860.87,Units,0,2026-05-18 09:54:05
FR01276,Rotel C8 Matrix Amplifier (Black),Amplifiers,52426.09,Units,0,2026-05-18 09:54:05
FR01277,Rotel C8+ Matrix Amplifier (Black),Amplifiers,67382.61,Units,0,2026-05-18 09:54:05
FR01290,Rotel CD11 MKII CD Player (Black),Miscellaneous,11295.65,Units,0,2026-05-18 09:54:05
FR01274,Rotel CD14 MKII - CD Player (Black),Miscellaneous,16078.26,Units,0,2026-05-18 09:54:05
FR01267,Rotel RA1572MKII Amplifier (Black),Amplifiers,42252.17,Units,0,2026-05-18 09:54:05
FR01269,Rotel RA1592MKII Amplifier (Black),Amplifiers,55295.65,Units,0,2026-05-18 09:54:05
FR01281,Rotel RAS5000 Amplifier (Black),Amplifiers,69556.52,Units,0,2026-05-18 09:54:05
FR01209,Rotel RB1552MKII Power Amplifier (Black),Amplifiers,24339.13,Units,0,2026-05-18 09:54:05
FR01207,Rotel RB1582MKII Power Amplifier (Black),Amplifiers,39991.3,Units,0,2026-05-18 09:54:05
FR01228,Rotel RB1590 Power Amplifier (Black),Amplifiers,75643.48,Units,0,2026-05-18 09:54:05
FR01268,Rotel RC1572MKII Preamplifier (Black),Miscellaneous,27295.65,Units,0,2026-05-18 09:54:05
FR01270,Rotel RC1590MKII Preamplifier (Black),Miscellaneous,43469.57,Units,0,2026-05-18 09:54:05
FR01275,Rotel RCD1572 MKII CD Player (Black),Miscellaneous,23382.61,Units,0,2026-05-18 09:54:05
FR01137,Rotel RMB1506 Power Amplifier (Black),Amplifiers,26947.83,Units,0,2026-05-18 09:54:05
FR01200,Rotel RMB1555 Power Amplifier (Black),Amplifiers,41295.65,Units,0,2026-05-18 09:54:05
FR01287,Rotel RMB1585MKII Power Amplifier(Black),Amplifiers,78252.17,Units,0,2026-05-18 09:54:05
FR01285,Rotel RMB1587MKII Power Amplifier(Black),Amplifiers,85730.43,Units,0,2026-05-18 09:54:05
FR01279,Rotel S14 Integrated Network Amp (Black),Miscellaneous,52165.22,Units,0,2026-05-18 09:54:05
FR01245,Rotel T11 Tuner (Black),Miscellaneous,7469.57,Units,0,2026-05-18 09:54:05
2000-115837,Russound AH2 ABus Hub,Miscellaneous,4347.83,Units,0,2026-05-18 09:54:05
2000-115851,Russound AH4 ABus Hub,Miscellaneous,6695.65,Units,0,2026-05-18 09:54:05
2000-115882,Russound AH484 ABus Hub,Miscellaneous,18521.74,Units,0,2026-05-18 09:54:05
2000-534591,Russound AK4 ABus Keypad (White),Keypads,6000.0,Units,0,2026-05-18 09:54:05
6100-536281,Russound ALT126R Volume Control,Miscellaneous,1043.48,Units,0,2026-05-18 09:54:05
2000-114557,Russound APS ABus Power Supply,Miscellaneous,4347.83,Units,0,2026-05-18 09:54:05
2460-853708,Russound BSK2 Bluetooth Source Kit,Miscellaneous,9304.35,Units,0,2026-05-18 09:54:05
2460-533709,Russound BTC1X CSeries Bluetooth,Miscellaneous,4339.13,Units,0,2026-05-18 09:54:05
2460-853692,Russound BTC2X Bluetooth Receiver,Receivers,5826.09,Units,0,2026-05-18 09:54:05
1210-532474,Russound CAA66 Multiroom Controller,Controllers,43478.26,Units,0,2026-05-18 09:54:05
2880-536380,Russound D1650I Power Amplifier,Amplifiers,56260.87,Units,0,2026-05-18 09:54:05
2800-533280,Russound D250LS Power Amplifier,Amplifiers,11217.39,Units,0,2026-05-18 09:54:05
1550-853630,Russound IPK1 Keypad,Keypads,6000.0,Units,0,2026-05-18 09:54:05
5300-536519,Russound IRE1 Low Profile IR Emitter,Miscellaneous,260.87,Units,0,2026-05-18 09:54:05
5300-536533,Russound IRE2 Dual Emitter,Miscellaneous,365.22,Units,0,2026-05-18 09:54:05
1210-528392,Russound KP6 LED Keypad,Keypads,4173.91,Units,0,2026-05-18 09:54:05
1210-528385,Russound KPL LCD Keypad,Keypads,8000.0,Units,0,2026-05-18 09:54:05
4500-537110,Russound MBXAMPi WiFi Streamer Amplifier,Amplifiers,19130.43,Units,0,2026-05-18 09:54:05
4500-537226,Russound MBXPRE Wifi Streamer,Miscellaneous,13913.04,Units,0,2026-05-18 09:54:05
1550-536403,Russound MCA66i Multiroom Controller,Controllers,61739.13,Units,0,2026-05-18 09:54:05
1550-536410,Russound MCA88i Multiroom Controller,Controllers,85913.04,Units,0,2026-05-18 09:54:05
4700-853470,Russound MixAmp60 Line Amplifier,Amplifiers,10434.78,Units,0,2026-05-18 09:54:05
3615-604027,Russound SDB4.1 4Z Volume Control,Miscellaneous,13043.48,Units,0,2026-05-18 09:54:05
3615-604034,Russound SDB6.1 6Z Volume Control,Miscellaneous,16173.91,Units,0,2026-05-18 09:54:05
5300-536809,Russound SLM1K IR kit,Miscellaneous,2347.83,Units,0,2026-05-18 09:54:05
3630-520679,Russound SS4.2 4Z Speaker Selector,Miscellaneous,3478.26,Units,0,2026-05-18 09:54:05
3630-520686,Russound SS6.2 6Z Speaker Selector,Miscellaneous,4782.61,Units,0,2026-05-18 09:54:05
1700-535000,Russound USRC Remote control,Remotes,1478.26,Units,0,2026-05-18 09:54:05
2800-853678,Russound VKP1 Keypad,Keypads,8695.65,Units,0,2026-05-18 09:54:05
2800-853685,Russound VPS2 Power Supply,Miscellaneous,2956.52,Units,0,2026-05-18 09:54:05
2620-853791,Russound XTS7 Colour Touchscreen,Touch Panels,17391.3,Units,0,2026-05-18 09:54:05
Model S-15 L/R,S-15 L/R speaker,Miscellaneous,111576.53,Units,0,2026-07-22 10:22:04
S-210,S-210 Woofers,Miscellaneous,115447.83,Units,0,2026-07-22 10:22:08
SAV-S12,"S12 HOST, PLUS RUNTIME",Hosts/Processors,40176.52,Units,0,2026-05-18 09:54:05
SAV-S12VIDEO,"S12 HOST, PLUS RUNTIME, 3RD PART VIDEO PACKAGE",Hosts/Processors,46330.43,Units,0,2026-05-18 09:54:05
SAV-S12REM,"S12 HOST, PLUS RUNTIME, PLUS REM-4000",Hosts/Processors,46941.74,Units,0,2026-05-18 09:54:05
SAV-S12REMVIDEO,"S12 HOST, PLUS RUNTIME, PLUS REM-4000, 3RD PART VIDEO PACKAGE",Hosts/Processors,62426.96,Units,0,2026-05-18 09:54:05
S150L,S150 Left Black,Miscellaneous,33042.61,Units,0,2026-05-18 09:54:05
S150R/C,S150 Right/C Black,Miscellaneous,33042.61,Units,0,2026-05-18 09:54:05
S150T,S150T Black Pair,Miscellaneous,43477.39,Units,0,2026-05-18 09:54:05
S150TW,S150T White Pair,Miscellaneous,42607.83,Units,0,2026-05-18 09:54:05
SHR-S2-01,S2 HOST RACK MOUNTABLE,Racks,20518.26,Units,0,2026-05-18 09:54:05
SAV-Cinema,S2 HOST WITH PRO REMOTE X2,Hosts/Processors,84178.26,Units,0,2026-05-18 09:54:05
SAV-S2,"S2 HOST, PLUS RUNTIME",Hosts/Processors,19790.43,Units,0,2026-05-18 09:54:05
SAV-S2REM,"S2 HOST, PLUS RUNTIME, PLUS REM-4000",Hosts/Processors,37849.57,Units,0,2026-05-18 09:54:05
S300L,S300 Left Black,Miscellaneous,62607.83,Units,0,2026-05-18 09:54:05
S300R/C,S300 Right/C Black,Miscellaneous,62607.83,Units,0,2026-05-18 09:54:05
S300 TWEETER,S300 TWEETER SPARE PART,Speakers,70260.87,Units,0,2026-05-18 09:54:05
S300T,S300T Black Pair,Miscellaneous,86955.65,Units,0,2026-05-18 09:54:05
S300TW,S300T White Pair,Miscellaneous,82607.83,Units,0,2026-05-18 09:54:05
S8ATMBL,S8 ATM BLACK,Miscellaneous,3208.7,Units,0,2026-05-18 09:54:05
S8ATMWA,S8 ATM WALNUT,Miscellaneous,4346.96,Units,0,2026-05-18 09:54:05
S8ATMWH,S8 ATM WHITE,Miscellaneous,4346.96,Units,0,2026-05-18 09:54:05
S801BL,S801 Black,Miscellaneous,2260.0,Units,0,2026-05-18 09:54:05
S801WA,S801 WALNUT,Miscellaneous,3121.74,Units,0,2026-05-18 09:54:05
S801WH,S801 WHITE,Miscellaneous,3121.74,Units,0,2026-05-18 09:54:05
S803HCSBL,S803 HCS Black,Miscellaneous,11303.48,Units,0,2026-05-18 09:54:05
S803HCSWA,S803 HCS Walnut,Miscellaneous,11303.48,Units,0,2026-05-18 09:54:05
S803HCSWH,S803 HCS White,Miscellaneous,11303.48,Units,0,2026-05-18 09:54:05
S803WA,S803 WALNUT,Miscellaneous,4339.13,Units,0,2026-05-18 09:54:05
S803WH,S803 WHITE,Miscellaneous,4339.13,Units,0,2026-05-18 09:54:05
S805HCSBL,S805 HCS Black,Miscellaneous,13042.61,Units,0,2026-05-18 09:54:05
S805HCSWA,S805 HCS Walnut,Miscellaneous,13042.61,Units,0,2026-05-18 09:54:05
S805HCSWH,S805 HCS White,Miscellaneous,13042.61,Units,0,2026-05-18 09:54:05
S805WA,S805 Walnut,Miscellaneous,6947.83,Units,0,2026-05-18 09:54:05
S805WH,S805 White,Miscellaneous,6947.83,Units,0,2026-05-18 09:54:05
S807HCSBL,S807 HCS Black,Miscellaneous,14781.74,Units,0,2026-05-18 09:54:05
S807HCSWH,S807 HCS WHITE,Miscellaneous,14781.74,Units,0,2026-05-18 09:54:05
S807HCSWA,S807 HCS Walnut,Miscellaneous,14781.74,Units,0,2026-05-18 09:54:05
S807WA,S807 WALNUT,Miscellaneous,9208.7,Units,0,2026-05-18 09:54:05
S807WH,S807 White,Miscellaneous,9208.7,Units,0,2026-05-18 09:54:05
S808SUBBL,S808 Sub Black,Subwoofers,4086.09,Units,0,2026-05-18 09:54:05
S808SUBWA,S808 Sub Walnut,Miscellaneous,4086.09,Units,0,2026-05-18 09:54:05
S808SUBWH,S808 Sub White,Subwoofers,4086.09,Units,0,2026-05-18 09:54:05
S809HCSBL,S809 HCS Black,Miscellaneous,17390.43,Units,0,2026-05-18 09:54:05
S809HCSWA,S809 HCS Walnut,Miscellaneous,17390.43,Units,0,2026-05-18 09:54:05
S809HCSWH,S809 HCS White,Miscellaneous,17390.43,Units,0,2026-05-18 09:54:05
S809WA,S809 WALNUT,Miscellaneous,11739.13,Units,0,2026-05-18 09:54:05
S809WH,S809 WHITE,Miscellaneous,11739.13,Units,0,2026-05-18 09:54:05
S81CENBL,S81 CEN BLACK,Miscellaneous,3121.74,Units,0,2026-05-18 09:54:05
S81CENWA,S81 CEN WALNUT,Miscellaneous,3121.74,Units,0,2026-05-18 09:54:05
S81CENWH,S81 CEN WHITE,Miscellaneous,3121.74,Units,0,2026-05-18 09:54:05
S810SUBWH,S810 SUB WHITE,Subwoofers,5216.52,Units,0,2026-05-18 09:54:05
S810SUBBL,S810 Sub Black,Subwoofers,5216.52,Units,0,2026-05-18 09:54:05
S810SUBWA,S810 Sub Walnut,Miscellaneous,5216.52,Units,0,2026-05-18 09:54:05
S83CENBL,S83 CEN BLACK,Miscellaneous,3469.57,Units,0,2026-05-18 09:54:05
S83CENWA,S83 CEN WALNUT,Miscellaneous,3469.57,Units,0,2026-05-18 09:54:05
S83CENWH,S83 CEN WHITE,Miscellaneous,3469.57,Units,0,2026-05-18 09:54:05
UA43U8000FKXXA,"SAMSUNG 43"" UHD 4K SMART TV",Miscellaneous,6209.94,Units,0,2026-07-22 10:22:12
SAVA1001,SAVA 1001 SMART AV BLUETOOTH,Miscellaneous,1852.17,Units,0,2026-05-18 09:54:05
SAVA1014,SAVA 1014 SMART AV REMOTE EXTENDER,Miscellaneous,1852.17,Units,0,2026-05-18 09:54:05
SAVA1021,SAVA 1021 SMART AV CONVERTER AV  TO  HDMI,Miscellaneous,1617.39,Units,0,2026-05-18 09:54:05
SAVA1022,SAVA 1022 SMART AV WIRELESS HDMI,Miscellaneous,5773.91,Units,0,2026-05-18 09:54:05
SAVA1026,SAVA 1026 SMART AV 4K HDMI SWITCH,Switches,1852.17,Units,0,2026-05-18 09:54:05
SAVA1031,SAVA 1031 SMART AV CONVERTER COAX TOS,Miscellaneous,1043.48,Units,0,2026-05-18 09:54:05
SAVA1041,SAVA 1041 SMART AV CONVERTER DIG  TO  STEREO,Miscellaneous,1382.61,Units,0,2026-05-18 09:54:05
DOR-VERSO2SMN-00,SAVANT - DOR-VERSO2SMN-00 - SAVANT 2N IP VERSO 2.0 DOOR STATION SURFACE MOUNT NICKEL,Intercom and Access Control,48226.09,Units,0,2026-07-21 10:22:38
WFB-1GMGLV-00,SAVANT - WFB-1GMGLV-00 - ASCEND ASSEMBLED - 1 GANG (SPACE GRAY),Miscellaneous,9831.06,Units,0,2026-07-22 10:22:16
SHA-FBINDCHOICE-01,SAVANT CHOICE FABRIC AND BRACKET BINDER,Miscellaneous,18780.0,Units,0,2026-05-18 09:54:05
SSL-PROE-1YR,SAVANT ESSENTIALS 1 YEAR SUBSCRIPTION (PRO),Miscellaneous,17851.3,Units,0,2026-05-18 09:54:05
SSL-S2EMBE-1YR,SAVANT ESSENTIALS 1 YEAR SUBSCRIPTION (S2 OR EMBEDDED),Miscellaneous,2433.91,Units,0,2026-05-18 09:54:05
SSL-SMRTE-1YR,SAVANT ESSENTIALS 1 YEAR SUBSCRIPTION (SMART),Miscellaneous,8925.22,Units,0,2026-05-18 09:54:05
SSL-SUPERPROE-1YR,SAVANT ESSENTIALS 1 YEAR SUBSCRIPTION (SUPER PRO),Miscellaneous,35703.48,Units,0,2026-05-18 09:54:05
LIG-IBR30C4-00,SAVANT GLOBE,Miscellaneous,795.65,Units,0,2026-05-18 09:54:05
PAV-SIPA1SM-00,SAVANT IP AUDIO 1 WITH SAVANT MUSIC 2.0,Miscellaneous,22145.6,Units,0,2026-07-22 10:22:31
PAV-VIMVP1F-10,SAVANT IP VIDEO SINGLE INPUT TRANSMITTER 4K UHD WITH CONTROL - FIBER,Miscellaneous,41895.65,Units,0,2026-05-18 09:54:05
RCK-3000-03,SAVANT PRO 1U RACK SHELF,Racks,8128.7,Units,0,2026-05-18 09:54:05
SVR-5200S-01,SAVANT PRO HOST,Hosts/Processors,46633.04,Units,0,2026-05-18 09:54:05
REM-4000JBI-00,SAVANT PRO REMOTE X2 - JET BLACK (INTERNATIONAL),Remotes,21366.09,Units,0,2026-05-18 09:54:05
REM-4000RGI-00,SAVANT PRO REMOTE X2 - ROSE GOLD (INTERNATIONAL),Remotes,21366.09,Units,0,2026-05-18 09:54:05
REM-4000SGI-00,SAVANT PRO REMOTE X2 SPACE GRAY (INTERNATIONAL),Remotes,18992.17,Units,0,2026-05-18 09:54:05
PAV-AOM8C-10,SAVANT PROAV 16 CHANNEL AUDIO OUTPUT IP RECEIVER WITH CONTROL,Receivers,44479.13,Units,0,2026-05-18 09:54:05
PAV-VIM4S-10,SAVANT PROAV 4 VIDEO INPUT IP TRANSMITTER 4K UHD WITH CONTROL,Miscellaneous,223427.83,Units,0,2026-05-18 09:54:05
PAV-VIM4S-00,SAVANT PROAV 4 VIDEO INPUT IP TRANSMITTER 4K UHD WITH CONTROL,Miscellaneous,210307.83,Units,0,2026-05-18 09:54:05
PAV-AIM7C-10,SAVANT PROAV 7 SOURCE AUDIO INPUT IP TRANSMITTER WITH CONTROL,Miscellaneous,28726.09,Units,0,2026-05-18 09:54:05
PAV-AIM7C-20,SAVANT PROAV 7 SOURCE AUDIO INPUT IP TRANSMITTER WITH CONTROL,Miscellaneous,29653.04,Units,0,2026-05-18 09:54:05
PAV-VIM8S-10,SAVANT PROAV 8 VIDEO INPUT IP TRANSMITTER 4K UHD WITH CONTROL,Miscellaneous,383019.13,Units,0,2026-05-18 09:54:05
SFL-RING1-00,SAVANT RING LICENCE,Licenses,1245.22,Units,0,2026-05-18 09:54:05
HST-SAVANT7-00,SAVANT SMART HOST WITH LICENSE (DOES NOT INCLUDE ESSENTIALS),Licenses,32643.48,Units,0,2026-05-18 09:54:05
SSC-0012-00,SAVANT SMARTCONTROL 12 - SMART CONTROLLER WITH 6 IR 2 RS232 2 GPIO AND 2 RELAY,Controllers,16713.04,Units,0,2026-05-18 09:54:05
SSC-0014-00,SAVANT SMARTCONTROL 14 - SMART CONTROLLER WITH 7 GPIO AND 7 RELAY,Controllers,16713.04,Units,0,2026-05-18 09:54:05
SSC-W002G-01,SAVANT SMARTCONTROL 2 - WI-FI SMART CONTROLLER WITH 1 GPIO AND 1 RELAY,Controllers,8206.96,Units,0,2026-05-18 09:54:05
SSC-W003I-01,SAVANT SMARTCONTROL 3 - WI-FI SMART CONTROLLER WITH 3 IR,Controllers,8206.96,Units,0,2026-05-18 09:54:05
SSC-W02R-00,SAVANT SMARTCONTROL RS232 - WI-FI SMART CONTROLLER WITH 2 RS232,Controllers,8206.96,Units,0,2026-05-18 09:54:05
SSC-002485-00,SAVANT SMARTCONTROL RS485 - ETHERNET,Miscellaneous,16713.04,Units,0,2026-05-18 09:54:05
SSC-W485-00,SAVANT SMARTCONTROL RS485 - WI-FI SHADE CONTROLLER WITH 1 RS485,Controllers,8206.96,Units,0,2026-05-18 09:54:05
SVR-7100S-00,SAVANT SUPER PRO HOST,Hosts/Processors,312446.96,Units,0,2026-05-18 09:54:05
ITP-E5500V2B-00,SAVANT TOUCH 5.5 INCH CONTROL SCREEN - BLACK,Miscellaneous,25652.17,Units,0,2026-05-18 09:54:05
ITP-E5500B-30,SAVANT TOUCH 5.5 INCH CONTROL SCREEN - BLACK,Miscellaneous,24417.39,Units,0,2026-05-18 09:54:05
ITP-E5500W-30,SAVANT TOUCH 5.5 INCH CONTROL SCREEN - WHITE,Miscellaneous,24417.39,Units,0,2026-05-18 09:54:05
ITP-E5500V2W-00,SAVANT TOUCH 5.5 INCH CONTROL SCREEN - WHITE,Miscellaneous,25652.17,Units,0,2026-05-18 09:54:05
ITP-E8000V2B-00,SAVANT TOUCH 8 INCH CONTROL SCREEN - BLACK,Miscellaneous,30000.0,Units,0,2026-05-18 09:54:05
ITP-E8000B-30,SAVANT TOUCH 8 INCH CONTROL SCREEN - BLACK,Miscellaneous,31598.26,Units,0,2026-05-18 09:54:05
ITP-E8000V2W-00,SAVANT TOUCH 8 INCH CONTROL SCREEN - WHITE,Miscellaneous,30000.0,Units,0,2026-05-18 09:54:05
ITP-E8000W-30,SAVANT TOUCH 8 INCH CONTROL SCREEN - WHITE,Miscellaneous,31598.26,Units,0,2026-05-18 09:54:05
LCB-TIE5-00,SAVANT TRUE IMAGE CONTROLLER,Controllers,1103.48,Units,0,2026-05-18 09:54:05
SKL-1010-00,SAVANT- SKL- 1010- 10 KEYPAD POWER AND CONTROLLER,Keypads,6839.13,Units,0,2026-07-24 14:37:24
LUT-QS-1000,SCP Lutron Qs Control Cable,Miscellaneous,10000.0,Units,0,2026-07-22 10:22:33
18/4-GY,SCP-184 Speaker Cable 305m (Grey),Miscellaneous,13664.6,Units,0,2026-07-22 10:22:37
LUT-GREEN,SCP-Control/Keypad Blue W/Green 305M,Keypads,10000.0,Units,0,2026-05-18 09:54:05
920146-0-0,SCREW DOGLEG PHANTOM S-SERIE,Miscellaneous,1730.43,Units,0,2026-05-18 09:54:05
FI4-0S0BKP-00,SCREWLESS FACEPLATE: FOUR GANG (BLACK),Panels,430.43,Units,0,2026-05-18 09:54:05
FI4-0S0LAP-00,SCREWLESS FACEPLATE: FOUR GANG (LIGHT ALMOND),Panels,430.43,Units,0,2026-05-18 09:54:05
FI4-0S0SWP-00,SCREWLESS FACEPLATE: FOUR GANG (SNOW WHITE),Panels,430.43,Units,0,2026-05-18 09:54:05
FI1-0S0BKP-01,SCREWLESS FACEPLATE: SINGLE GANG (BLACK),Panels,172.17,Units,0,2026-05-18 09:54:05
FI1-0S0LAP-01,SCREWLESS FACEPLATE: SINGLE GANG (LIGHT ALMOND),Panels,172.17,Units,0,2026-05-18 09:54:05
FI1-0S0SWP-01,SCREWLESS FACEPLATE: SINGLE GANG (SNOW WHITE),Panels,172.17,Units,0,2026-05-18 09:54:05
FI3-0S0BKP-00,SCREWLESS FACEPLATE: THREE GANG (BLACK),Panels,322.61,Units,0,2026-05-18 09:54:05
FI3-0S0LAP-00,SCREWLESS FACEPLATE: THREE GANG (LIGHT ALMOND),Panels,322.61,Units,0,2026-05-18 09:54:05
FI3-0S0SWP-01,SCREWLESS FACEPLATE: THREE GANG (SNOW WHITE),Panels,322.61,Units,0,2026-05-18 09:54:05
FI2-0S0BKP-00,SCREWLESS FACEPLATE: TWO GANG (BLACK),Panels,255.65,Units,0,2026-05-18 09:54:05
FI2-0S0LAP-00,SCREWLESS FACEPLATE: TWO GANG (LIGHT ALMOND),Panels,214.78,Units,0,2026-05-18 09:54:05
FI2-0S0SWP-01,SCREWLESS FACEPLATE: TWO GANG (SNOW WHITE),Panels,214.78,Units,0,2026-05-18 09:54:05
CH22-12,"SEAGATE 8TB HDD Surveillance Storage SkyHawk AI Drive 3.5"" Size SATA Price Subject to change without prior notice",Miscellaneous,8124.29,Units,0,2026-07-22 10:22:41
CLI-10K4IN-00,SENSOR MODULE WITH FOUR 10K THERMISTOR INPUTS,Sensors,7924.35,Units,0,2026-05-18 09:54:05
CLI-1WIRE2-00,SENSOR MODULE WITH TWO 1-WIRE SENSOR INTERFACES,Sensors,7924.35,Units,0,2026-05-18 09:54:05
SAK-1000-00,SERIAL CONTROL TERMINATION ADAPTER KIT,Miscellaneous,1493.04,Units,0,2026-05-18 09:54:05
CAB-C-64504WMF,SERVER CABINET 4U WALL MOUNT,Racks,1883.55,Units,0,2026-05-18 09:54:05
CAB-C-64506WMF,SERVER CABINET 6U WALL MOUNT,Racks,2173.55,Units,0,2026-05-18 09:54:05
CAB-C-64509WMF,SERVER CABINET 9U WALL MOUNT,Racks,2814.45,Units,0,2026-05-18 09:54:05
CBL-SFPDACM2-00,SFP+ DIRECT ATTACH COPPER CABLE (2 METERS) - FOR USE WITH PROAV,Miscellaneous,1169.57,Units,0,2026-05-18 09:54:05
SHA-B5BA-00,SHADE COUPLER (BLACK ALUMINUM),Miscellaneous,6766.09,Units,0,2026-05-18 09:54:05
SHA-B5BK-00,SHADE COUPLER (BLACK),Miscellaneous,3596.52,Units,0,2026-05-18 09:54:05
SHA-B5SA-00,SHADE COUPLER (SILVER ALUMINUM),Miscellaneous,6766.09,Units,0,2026-05-18 09:54:05
SHA-B5WH-00,SHADE COUPLER (WHITE),Miscellaneous,3596.52,Units,0,2026-05-18 09:54:05
SHA-W1000-00,SHADE OR LOW VOLTAGE KEYPAD WIRE 1000FT SPOOL,Keypads,26160.87,Units,0,2026-05-18 09:54:05
SHA-PMOD5G-00,SHADE POWER MODULE FOR GEIGER WIRED MOTORS,Miscellaneous,18672.17,Units,0,2026-05-18 09:54:05
SHA-T8FT7PK-00,SHADE TUBE 8FT 7 PACK,Miscellaneous,9686.96,Units,0,2026-05-18 09:54:05
CRYSTAL-4-SH-BG,SIM2 Crystal4S Video Projector (Black),Projectors,384434.78,Units,0,2026-05-18 09:54:05
CRYSTAL-4-SH-WG,SIM2 Crystal4S Video Projector (White),Projectors,405130.43,Units,0,2026-05-18 09:54:05
DTV-S,SIM2 Domino TV Laser Projector (Black),Projectors,191304.35,Units,0,2026-05-18 09:54:05
DOMINO4H,SIM2 Domino4 H (Black),Miscellaneous,274782.61,Units,0,2026-05-18 09:54:05
UNIEXTUBEC1MB,SIM2 Ex Tube UNIBRK 400-600 (Black),Miscellaneous,4173.91,Units,0,2026-05-18 09:54:05
UNIEXTUBE2MB,SIM2 Ex Tube UNIBRK 700-110 (Black),Miscellaneous,4173.91,Units,0,2026-05-18 09:54:05
BRKT4,SIM2 Nero4S Bracket,Miscellaneous,14695.65,Units,0,2026-05-18 09:54:05
NERO4-S,SIM2 Nero4S Video Projector (Black),Projectors,769565.22,Units,0,2026-05-18 09:54:05
UNIBRKMB-SH,SIM2 Univ Bracket C4SH (Black),Miscellaneous,11565.22,Units,0,2026-05-18 09:54:05
SIM2XTV100,SIM2 XTV Screen 100,Miscellaneous,105391.3,Units,0,2026-05-18 09:54:05
SIM2XTV110,SIM2 XTV Screen 110,Miscellaneous,126782.61,Units,0,2026-05-18 09:54:05
SIM2XTV120,SIM2 XTV Screen 120,Miscellaneous,142260.87,Units,0,2026-05-18 09:54:05
SIM2XTV92,SIM2 XTV Screen 92,Miscellaneous,98869.57,Units,0,2026-05-18 09:54:05
REM-1100I-00,SINGLE ROOM REMOTE TOUCH SCREEN END OF LIFE,Touch Panels,14362.61,Units,0,2026-05-18 09:54:05
SHA-POWSINGLE-00,SINGLE SHADE POWER SUPPLY,Miscellaneous,4020.87,Units,0,2026-05-18 09:54:05
S-LCRDM-MK2,SKETCH LCR-DM MK2,Speakers,21254.78,Units,0,2026-05-18 09:54:05
CLI-SLAB1-00,SLAB REMOTE SENSOR,Sensors,2969.57,Units,0,2026-05-18 09:54:05
MNT-STUDIO55WS-TV-00,SMART AUDIO SOUNDBAR TV MOUNT,Speakers,1969.57,Units,0,2026-05-18 09:54:05
PKG-SASWSUB2B-00,SMART AUDIO SOUNDBAR WITH 2 WISA SUBS (BLACK),Speakers,67670.43,Units,0,2026-05-18 09:54:05
PKG-SASWSUB2W-00,SMART AUDIO SOUNDBAR WITH 2 WISA SUBS (WHITE),Speakers,67670.43,Units,0,2026-05-18 09:54:05
PKG-SASWSUB1B-00,SMART AUDIO SOUNDBAR WITH WISA SUB (BLACK),Speakers,54136.52,Units,0,2026-05-18 09:54:05
PKG-SASWSUB1W-00,SMART AUDIO SOUNDBAR WITH WISA SUB (WHITE),Speakers,54136.52,Units,0,2026-05-18 09:54:05
HST-STUDIO55WS-SUR-00,SMART AUDIO WISA SOUNDBAR 55,Speakers,37791.3,Units,0,2026-05-18 09:54:05
HST-STUDIO55WS-SUR-10,SMART AUDIO WISA SOUNDBAR 55,Speakers,43605.22,Units,0,2026-05-18 09:54:05
SPK-S1WSB-00,SMART AUDIO WISA SUB 1 (BLACK),Miscellaneous,21862.61,Units,0,2026-05-18 09:54:05
SPK-S1WSW-00,SMART AUDIO WISA SUB 1 (WHITE),Miscellaneous,21862.61,Units,0,2026-05-18 09:54:05
SPK-SUR3WSB-00,SMART AUDIO WISA SURROUND SPEAKERS (BLACK),Miscellaneous,21862.61,Units,0,2026-05-18 09:54:05
SPK-SUR3WSW-00,SMART AUDIO WISA SURROUND SPEAKERS (WHITE),Miscellaneous,21862.61,Units,0,2026-05-18 09:54:05
SHR-2000-00,SMART HOST RACK MOUNTABLE,Racks,11869.57,Units,0,2026-05-18 09:54:05
SSC-P025-11,SMARTCONTROL 25 WITH POE,Miscellaneous,62675.65,Units,0,2026-05-18 09:54:05
SEM-150A1-00,SMARTENERGY SENSOR 150A (1 PACK),Sensors,3446.96,Units,0,2026-05-18 09:54:05
SEM-150A5-00,SMARTENERGY SENSOR 150A (5 PACK),Sensors,17235.65,Units,0,2026-05-18 09:54:05
SEM-020A5-00,SMARTENERGY SENSOR 20A (5 PACK),Sensors,5375.65,Units,0,2026-05-18 09:54:05
SEM-250A1-00,SMARTENERGY SENSOR 250A (1 PACK),Sensors,3446.96,Units,0,2026-05-18 09:54:05
SEM-400A1-00,SMARTENERGY SENSOR 400A (1 PACK),Sensors,3446.96,Units,0,2026-05-18 09:54:05
SEM-050A5-00,SMARTENERGY SENSOR 50A (5 PACK),Sensors,8617.39,Units,0,2026-05-18 09:54:05
SEM-600A1-00,SMARTENERGY SENSOR 600A (1 PACK),Sensors,3446.96,Units,0,2026-05-18 09:54:05
SEM-VT01-00,SMARTENERGY VOLTAGE SENSOR,Sensors,4308.7,Units,0,2026-05-18 09:54:05
HCX-SLN501-00,SMARTLINK HDBASET EXTENDER SET,Miscellaneous,10852.17,Units,0,2026-05-18 09:54:05
M21F-90S,SNGLE RIGHT ANGLE RCA ADAPTER,Miscellaneous,738.26,Units,0,2026-05-18 09:54:05
93542,SONAMP DSP 2-150 MKIII,Amplifiers,44800.0,Units,0,2026-07-29 14:01:15
93171,SONAMP DSP 8-130 MKII EU,Miscellaneous,84616.52,Units,0,2026-05-18 09:54:05
93050,SONANCE 1/2IN GYP MP AS  MEDIUM SQUARE,Miscellaneous,9063.48,Units,0,2026-05-18 09:54:05
93045,SONANCE 1/2IN GYP MP AS DISCREET ROUND,Miscellaneous,6214.78,Units,0,2026-05-18 09:54:05
93046,SONANCE 1/2IN GYP MP AS DISCREET SQUARE,Miscellaneous,6214.78,Units,0,2026-05-18 09:54:05
93049,SONANCE 1/2IN GYP MP AS MEDIUM ROUND,Miscellaneous,9063.48,Units,0,2026-05-18 09:54:05
92925,SONANCE 19 GROUND STAKE,Miscellaneous,1812.17,Units,0,2026-05-18 09:54:05
93051,SONANCE 5/8IN GYP MP AS  MEDIUM ROUND,Miscellaneous,9063.48,Units,0,2026-05-18 09:54:05
93052,SONANCE 5/8IN GYP MP AS  MEDIUM SQUARE,Miscellaneous,9063.48,Units,0,2026-05-18 09:54:05
93047,SONANCE 5/8IN GYP MP AS DISCREET ROUND,Miscellaneous,6214.78,Units,0,2026-05-18 09:54:05
93048,SONANCE 5/8IN GYP MP AS DISCREET SQUARE,Miscellaneous,6214.78,Units,0,2026-05-18 09:54:05
93053,SONANCE 5/8IN SOLID SURFACE  AS DISCREET RS (One mounting platform for both round & square),Miscellaneous,6214.78,Units,0,2026-05-18 09:54:05
93055,SONANCE 5/8IN SOLID SURFACE  AS MEDIUM RS (One mounting platform for both round & square),Miscellaneous,9063.48,Units,0,2026-05-18 09:54:05
92924,SONANCE 9 GROUND STAKE,Miscellaneous,620.87,Units,0,2026-05-18 09:54:05
93065,SONANCE AS DISCREET GRILLE ROUND,Miscellaneous,620.87,Units,0,2026-05-18 09:54:05
93066,SONANCE AS DISCREET GRILLE SQUARE,Miscellaneous,620.87,Units,0,2026-05-18 09:54:05
93069,SONANCE AS MEDIUM GRILLE ROUND,Miscellaneous,1035.65,Units,0,2026-05-18 09:54:05
93070,SONANCE AS MEDIUM GRILLE SQUARE,Miscellaneous,1035.65,Units,0,2026-05-18 09:54:05
93041,SONANCE AS38RS (Includes round & square grille),Miscellaneous,9580.87,Units,0,2026-05-18 09:54:05
93042,SONANCE AS68RS (Includes round & square grille),Miscellaneous,15019.13,Units,0,2026-05-18 09:54:05
92446,SONANCE ASAP3D SE,Miscellaneous,14730.43,Units,0,2026-05-18 09:54:05
93073,SONANCE ASBPC3RS,Miscellaneous,4660.87,Units,0,2026-05-18 09:54:05
93335,SONANCE ASBPC3RS TL RING AND GRILLES - Required for all kits listed above,Miscellaneous,1553.04,Units,0,2026-05-18 09:54:05
93074,SONANCE ASBPC6RS  (Includes round & square grille),Miscellaneous,4660.87,Units,0,2026-05-18 09:54:05
93043,SONANCE BPS6 SUBWOOFER (Must be installed prior to drywall),Subwoofers,25895.65,Units,0,2026-05-18 09:54:05
93324,SONANCE BPS6 THINLINE SUB,Subwoofers,33923.48,Units,0,2026-05-18 09:54:05
93367,SONANCE BPS6 TL SLOT CONNECTOR W/TRUFIG,Miscellaneous,18645.22,Units,0,2026-05-18 09:54:05
93044,SONANCE BPS8 SUBWOOFER (Must be installed prior to drywall),Subwoofers,33923.48,Units,0,2026-05-18 09:54:05
93124,SONANCE C6R,Miscellaneous,5696.52,Units,0,2026-05-18 09:54:05
93125,SONANCE C6R SST,Miscellaneous,3625.22,Units,0,2026-05-18 09:54:05
72352,SONANCE CONNECT PRO BaseStation Black,Miscellaneous,8778.26,Units,0,2026-05-18 09:54:05
72300,SONANCE CONNECT PRO Case 10.2 Black for iPad 10.2-inch 9th gen|8th gen |7th gen,Miscellaneous,8778.26,Units,0,2026-05-18 09:54:05
72350,SONANCE CONNECT PRO WallStation Black,Controllers,8778.26,Units,0,2026-07-15 11:50:22
93359,SONANCE D8 BLACK,Miscellaneous,45318.26,Units,0,2026-05-18 09:54:05
93374,SONANCE D8 WHITE,Miscellaneous,45318.26,Units,0,2026-05-18 09:54:05
93099,SONANCE DIGITAL INPUT MODULE (DIM),Miscellaneous,4479.13,Units,0,2026-05-18 09:54:05
93491,SONANCE DISC SYSTEM DEPTH SENSING GAUGE FOR IS SPEAKERS,Miscellaneous,19940.0,Units,0,2026-05-18 09:54:05
93302,SONANCE DOS PLASTER SHIM,Miscellaneous,1553.04,Units,0,2026-05-18 09:54:05
92808,SONANCE FIRE-RATED LISTED DEEP BACKCAN,Miscellaneous,3106.96,Units,0,2026-05-18 09:54:05
92807,SONANCE FIRE-RATED LISTED SHALLOW BACKCAN,Miscellaneous,3106.96,Units,0,2026-05-18 09:54:05
93163,SONANCE GRILLE PRO MARINER 5.25 BLACK,Miscellaneous,1294.78,Units,0,2026-05-18 09:54:05
93162,SONANCE GRILLE PRO MARINER 5.25 WHITE,Miscellaneous,1294.78,Units,0,2026-05-18 09:54:05
93165,SONANCE GRILLE PRO MARINER 6.5 BLACK,Miscellaneous,1294.78,Units,0,2026-05-18 09:54:05
93164,SONANCE GRILLE PRO MARINER 6.5 WHITE,Miscellaneous,1294.78,Units,0,2026-05-18 09:54:05
93167,SONANCE GRILLE PRO MARINER 8 BLACK,Miscellaneous,1294.78,Units,0,2026-05-18 09:54:05
93166,SONANCE GRILLE PRO MARINER 8 WHITE,Miscellaneous,1294.78,Units,0,2026-05-18 09:54:05
93126,SONANCE GRILLES FOR C6R/C6R SST,Miscellaneous,1294.78,Units,0,2026-05-18 09:54:05
93373,SONANCE HS12T SUB,Miscellaneous,62668.7,Units,0,2026-05-18 09:54:05
93361,SONANCE HYBRID INPUT MODULE (HIM),Miscellaneous,4479.13,Units,0,2026-05-18 09:54:05
93480,SONANCE IS10,Miscellaneous,64860.0,Units,0,2026-05-18 09:54:05
93481,SONANCE IS10W,Miscellaneous,25943.48,Units,0,2026-05-18 09:54:05
93482,SONANCE IS15W,Miscellaneous,77831.3,Units,0,2026-05-18 09:54:05
93478,SONANCE IS6,Miscellaneous,32429.57,Units,0,2026-05-18 09:54:05
93479,SONANCE IS8,Miscellaneous,45401.74,Units,0,2026-05-18 09:54:05
40197,SONANCE IS8T,Miscellaneous,32429.57,Units,0,2026-05-18 09:54:05
93490,SONANCE LARGE IS ENCLOSURE (IS10),Miscellaneous,7250.43,Units,0,2026-05-18 09:54:05
93494,SONANCE LARGE IS SPACE SAVER (IS10),Miscellaneous,1294.78,Units,0,2026-05-18 09:54:05
91708,SONANCE LARGE RECTANGLE ACOUSTIC ENCLOSURE,Miscellaneous,6732.17,Units,0,2026-05-18 09:54:05
92246,SONANCE LARGE RECTANGLE FLEX BRACKET (5 PAIR PER BOX),Miscellaneous,4142.61,Units,0,2026-05-18 09:54:05
92242,SONANCE LARGE RECTANGLE RETROFIT ENCLOSURE,Miscellaneous,3366.09,Units,0,2026-05-18 09:54:05
91900,SONANCE LARGE ROUND ACOUSTIC ENCLOSURE,Miscellaneous,6732.17,Units,0,2026-05-18 09:54:05
92245,SONANCE LARGE ROUND COVERPLATE,Miscellaneous,2071.3,Units,0,2026-05-18 09:54:05
92247,SONANCE LARGE ROUND FLEX BRACKET (5 PAIR PER BOX),Miscellaneous,4142.61,Units,0,2026-05-18 09:54:05
92243,SONANCE LARGE ROUND RETROFIT ENCLOSURE,Miscellaneous,3366.09,Units,0,2026-05-18 09:54:05
70305,SONANCE LAUNCH AM.2 SLEEVE WHITE,Miscellaneous,6320.87,Units,0,2026-05-18 09:54:05
70300,SONANCE LAUNCH AP.5 SLEEVE BLACK works with iPad Pro 9.7 iPad 9.7  iPad Air and iPad Air 2,Miscellaneous,6290.43,Units,0,2026-05-18 09:54:05
70158,SONANCE LAUNCH BASESTATION - BLACK,Miscellaneous,8427.83,Units,0,2026-05-18 09:54:05
70391,SONANCE LAUNCH CASE 10.2 10.5 WHITE - Shipping mid-March 2020,Miscellaneous,6320.87,Units,0,2026-05-18 09:54:05
70170,SONANCE LAUNCH WALLSTATION BLACK,Miscellaneous,8427.83,Units,0,2026-05-18 09:54:05
70142,SONANCE LAUNCH WALLSTATION WHITE,Miscellaneous,8427.83,Units,0,2026-05-18 09:54:05
93371,SONANCE LS12T SUB,Miscellaneous,62668.7,Units,0,2026-05-18 09:54:05
93372,SONANCE LS15T SUB,Miscellaneous,91154.78,Units,0,2026-05-18 09:54:05
93369,SONANCE LS4T SAT,Miscellaneous,10875.65,Units,0,2026-05-18 09:54:05
93382,SONANCE LS4T SAT/LS12T SUB - 8.1 SYSTEM W/ SONAMP DSP 2-750 MKII,Miscellaneous,191632.17,Units,0,2026-05-18 09:54:05
93409,SONANCE LS4T SAT/LS12T SUB - 8.2 SYSTEM W/ SONAMP DSP 2-750 MKII,Miscellaneous,237209.57,Units,0,2026-05-18 09:54:05
93370,SONANCE LS6T SAT,Miscellaneous,17091.3,Units,0,2026-05-18 09:54:05
93410,SONANCE LS6T SAT/LS12T SUB - 6.1 SYSTEM W/ SONAMP DSP 2-750 MKII,Miscellaneous,191632.17,Units,0,2026-05-18 09:54:05
93411,SONANCE LS6T SAT/LS12T SUB - 8.2 SYSTEM W/ SONAMP DSP 2-750 MKII,Miscellaneous,283304.35,Units,0,2026-05-18 09:54:05
93412,SONANCE LS6T SAT/LS15T SUB - 8.1 SYSTEM W/ SONAMP DSP 2-750 MKII,Miscellaneous,252487.83,Units,0,2026-05-18 09:54:05
93383,SONANCE LS6T/LS12T SUB -  4.1 SYSTEM W/ 2 SONAMP DSP 2-750 MKII,Miscellaneous,253006.09,Units,0,2026-05-18 09:54:05
93413,SONANCE LS6T/LS12T SUB - 4.1 SYSTEM W/ 2 SONAMP DSP 2-150 MKII,Miscellaneous,210192.17,Units,0,2026-05-18 09:54:05
71001,SONANCE LUXE BASESTATION SILVER,Miscellaneous,15801.74,Units,0,2026-05-18 09:54:05
71012,SONANCE LUXE CASE AIR 1 I 2 I 9.7 BLACK,Miscellaneous,12290.43,Units,0,2026-05-18 09:54:05
71013,SONANCE LUXE CASE AIR 1 I 2 I 9.7 SILVER,Miscellaneous,12290.43,Units,0,2026-05-18 09:54:05
71003,SONANCE LUXE WALLSTATION BLACK,Miscellaneous,14046.09,Units,0,2026-05-18 09:54:05
71004,SONANCE LUXE WALLSTATION SILVER,Miscellaneous,14046.09,Units,0,2026-05-18 09:54:05
71015,SONANCE LX CASE BLACK works with iPad Air 3rd gen 10.5-inch | iPad 7th gen. 10.2-inch,Miscellaneous,12290.43,Units,0,2026-05-18 09:54:05
71016,SONANCE LX CASE SILVER works with iPad Air 3rd gen 10.5-inch | iPad 7th gen. 10.2-inch,Miscellaneous,12290.43,Units,0,2026-05-18 09:54:05
93149,SONANCE MARINER 54 B,Speakers,10128.7,Units,0,2026-05-18 09:54:05
93159,SONANCE MARINER 54 SST B,Speakers,9307.83,Units,0,2026-05-18 09:54:05
93158,SONANCE MARINER 54 SST W,Speakers,9307.83,Units,0,2026-05-18 09:54:05
93148,SONANCE MARINER 54 W,Speakers,10128.7,Units,0,2026-05-18 09:54:05
93151,SONANCE MARINER 56 B,Speakers,12319.13,Units,0,2026-05-18 09:54:05
93150,SONANCE MARINER 56 W,Speakers,12319.13,Units,0,2026-05-18 09:54:05
93153,SONANCE MARINER 64 B,Speakers,14782.61,Units,0,2026-05-18 09:54:05
93161,SONANCE MARINER 64 SST B,Speakers,12866.09,Units,0,2026-05-18 09:54:05
93160,SONANCE MARINER 64 SST W,Speakers,12866.09,Units,0,2026-05-18 09:54:05
93152,SONANCE MARINER 64 W,Speakers,14782.61,Units,0,2026-05-18 09:54:05
93155,SONANCE MARINER 66 B,Speakers,18888.7,Units,0,2026-05-18 09:54:05
93154,SONANCE MARINER 66 W,Speakers,18888.7,Units,0,2026-05-18 09:54:05
93157,SONANCE MARINER 86 B,Speakers,24364.35,Units,0,2026-05-18 09:54:05
93156,SONANCE MARINER 86 W,Speakers,24364.35,Units,0,2026-05-18 09:54:05
93616,SONANCE MARINER MX62 SST (STEREO SPEAKER),Miscellaneous,9812.59,Units,0,2026-07-21 11:21:37
93303,SONANCE MEDIUM AS PLASTER SHIM,Miscellaneous,1553.04,Units,0,2026-05-18 09:54:05
93489,SONANCE MEDIUM IS ENCLOSURE (IS8 IS10W),Miscellaneous,5696.52,Units,0,2026-05-18 09:54:05
93493,SONANCE MEDIUM IS SPACE SAVER (IS8 IS8T IS10W),Miscellaneous,1294.78,Units,0,2026-05-18 09:54:05
92475,SONANCE MEDIUM LCR FLEX BRACKET,Speakers,776.52,Units,0,2026-05-18 09:54:05
92836,SONANCE MEDIUM LCR RETROFIT ENCLOSURE,Speakers,1035.65,Units,0,2026-05-18 09:54:05
91687,SONANCE MEDIUM RECTANGLE ACOUSTIC ENCLOSURE,Miscellaneous,5696.52,Units,0,2026-05-18 09:54:05
92334,SONANCE MEDIUM RECTANGLE COVERPLATE,Miscellaneous,1035.65,Units,0,2026-05-18 09:54:05
92336,SONANCE MEDIUM RECTANGLE FLEX BRACKET (5 PAIR PER BOX),Miscellaneous,4142.61,Units,0,2026-05-18 09:54:05
92066,SONANCE MEDIUM RECTANGLE MASONRY BRACKET,Miscellaneous,1294.78,Units,0,2026-05-18 09:54:05
92342,SONANCE MEDIUM RECTANGLE RETROFIT ENCLOSURE,Miscellaneous,1553.04,Units,0,2026-05-18 09:54:05
900651,SONANCE MEDIUM RECTANGLE STAPLE TEMPLATE (5 PAIR PER BOX),Miscellaneous,2330.43,Units,0,2026-05-18 09:54:05
91688,SONANCE MEDIUM ROUND ACOUSTIC ENCLOSURE,Miscellaneous,5696.52,Units,0,2026-05-18 09:54:05
92335,SONANCE MEDIUM ROUND COVERPLATE,Miscellaneous,1035.65,Units,0,2026-05-18 09:54:05
92337,SONANCE MEDIUM ROUND FLEX BRACKET (5 PAIR PER BOX),Miscellaneous,4142.61,Units,0,2026-05-18 09:54:05
92343,SONANCE MEDIUM ROUND RETROFIT ENCLOSURE,Miscellaneous,1553.04,Units,0,2026-05-18 09:54:05
901049,SONANCE MEDIUM ROUND STAPLE TEMPLATE (5 PAIR PER BOX),Miscellaneous,2330.43,Units,0,2026-05-18 09:54:05
91903,SONANCE ODVC60 OUTDOOR VOLUME CONTROL,Miscellaneous,3106.96,Units,0,2026-05-18 09:54:05
40196,SONANCE OMNI 6T,Miscellaneous,13724.35,Units,0,2026-05-18 09:54:05
93429,SONANCE PATIO 4.1,Miscellaneous,44613.91,Units,0,2026-05-18 09:54:05
93430,SONANCE PATIO 4.1 W/SR 2-125,Miscellaneous,64673.91,Units,0,2026-05-18 09:54:05
93344,SONANCE R1,Miscellaneous,30816.52,Units,0,2026-05-18 09:54:05
92499,SONANCE R1/R1SUR FLEX BRACKET,Miscellaneous,1553.04,Units,0,2026-05-18 09:54:05
92690,SONANCE R1/R1SUR REPLACEMENT GRILLE,Miscellaneous,2071.3,Units,0,2026-05-18 09:54:05
93354,SONANCE R10SUB,Miscellaneous,30816.52,Units,0,2026-05-18 09:54:05
92874,SONANCE R10SUB ENCLOSURE,Miscellaneous,27708.7,Units,0,2026-05-18 09:54:05
93376,SONANCE R10SUB KIT (2x R10SUB 2x R10SUB Enclosures 1x DSP 2-150 MKII),Miscellaneous,129480.87,Units,0,2026-05-18 09:54:05
92894,SONANCE R10SUB REPLACEMENT GRILLE,Miscellaneous,1294.78,Units,0,2026-05-18 09:54:05
93355,SONANCE R12SUB,Miscellaneous,37031.3,Units,0,2026-05-18 09:54:05
92895,SONANCE R12SUB /VPSUB REPLACEMENT GRILLE,Miscellaneous,1553.04,Units,0,2026-05-18 09:54:05
92875,SONANCE R12SUB ENCLOSURE,Miscellaneous,37031.3,Units,0,2026-05-18 09:54:05
93377,SONANCE R12SUB KIT (2x R12SUB 2x R12SUB Enclosures 1x DSP 2-750 MKII),Miscellaneous,171691.3,Units,0,2026-05-18 09:54:05
93351,SONANCE R1C,Miscellaneous,30816.52,Units,0,2026-05-18 09:54:05
92800,SONANCE R1C/R1CSUR FLEX BRACKET,Miscellaneous,1553.04,Units,0,2026-05-18 09:54:05
92882,SONANCE R1C/R1CSUR IN-CEILING REPLACEMENT GRILLE,Miscellaneous,2330.43,Units,0,2026-05-18 09:54:05
93348,SONANCE R1CAB,Miscellaneous,30816.52,Units,0,2026-05-18 09:54:05
93401,SONANCE R1CAB REPLACEMENT GRILLE,Miscellaneous,1553.04,Units,0,2026-05-18 09:54:05
93352,SONANCE R1CSUR,Miscellaneous,30816.52,Units,0,2026-05-18 09:54:05
93345,SONANCE R1SUR,Miscellaneous,30816.52,Units,0,2026-05-18 09:54:05
93346,SONANCE R2,Miscellaneous,61633.04,Units,0,2026-05-18 09:54:05
92500,SONANCE R2/R2SUR FLEX BRACKET,Miscellaneous,2589.57,Units,0,2026-05-18 09:54:05
92691,SONANCE R2/R2SUR REPLACEMENT GRILLE,Miscellaneous,2330.43,Units,0,2026-05-18 09:54:05
93347,SONANCE R2SUR,Miscellaneous,61633.04,Units,0,2026-05-18 09:54:05
93098,SONANCE RACK MOUNT BRACKET FOR 2-100 and DSP 2-150 ACCESSORY KIT,Miscellaneous,1741.74,Units,0,2026-05-18 09:54:05
92888,SONANCE RK10W ROCK WOOFER BROWN,Speakers,14437.39,Units,0,2026-05-18 09:54:05
92887,SONANCE RK10W ROCK WOOFER GRANITE,Speakers,14437.39,Units,0,2026-05-18 09:54:05
92744,SONANCE RK63 BROWN,Miscellaneous,11812.17,Units,0,2026-05-18 09:54:05
92743,SONANCE RK63 GRANITE,Miscellaneous,11812.17,Units,0,2026-05-18 09:54:05
92746,SONANCE RK83 BROWN,Miscellaneous,18900.0,Units,0,2026-05-18 09:54:05
92745,SONANCE RK83 GRANITE,Miscellaneous,18900.0,Units,0,2026-05-18 09:54:05
92926,SONANCE ROUND SURFACE MOUNT,Miscellaneous,1035.65,Units,0,2026-05-18 09:54:05
93057,SONANCE ROUTER TEMPLATE AS  DISCREET RS (Two templates per carton-each template has round & square,Routers,4660.87,Units,0,2026-05-18 09:54:05
93058,SONANCE ROUTER TEMPLATE AS  MEDIUM RS  (Two templates per carton-each template has round & square,Routers,4660.87,Units,0,2026-05-18 09:54:05
93111,SONANCE SB46 A-J HARDWARE POUCHES,Miscellaneous,620.87,Units,0,2026-05-18 09:54:05
93425,SONANCE SB46-55,Miscellaneous,45577.39,Units,0,2026-05-18 09:54:05
93426,SONANCE SB46-65,Miscellaneous,45577.39,Units,0,2026-05-18 09:54:05
93427,SONANCE SB46-75,Miscellaneous,51273.91,Units,0,2026-05-18 09:54:05
93428,SONANCE SB46-85,Miscellaneous,51273.91,Units,0,2026-05-18 09:54:05
93087,SONANCE SB46L,Miscellaneous,51273.91,Units,0,2026-05-18 09:54:05
93115,SONANCE SB46L COMPLETE HARDWARE KIT,Miscellaneous,7509.57,Units,0,2026-05-18 09:54:05
93113,SONANCE SB46L GRILLE SYSTEM WITH SCREWS,Miscellaneous,6732.17,Units,0,2026-05-18 09:54:05
93086,SONANCE SB46M,Miscellaneous,45577.39,Units,0,2026-05-18 09:54:05
93114,SONANCE SB46M COMPLETE HARDWARE KIT,Miscellaneous,6732.17,Units,0,2026-05-18 09:54:05
93112,SONANCE SB46M GRILLE SYSTEM WITH SCREWS,Miscellaneous,6214.78,Units,0,2026-05-18 09:54:05
70169,SONANCE SECURTIY PACK,Miscellaneous,752.17,Units,0,2026-05-18 09:54:05
93436,SONANCE SGS 4 SAT PACK,Miscellaneous,41320.0,Units,0,2026-05-18 09:54:05
93432,SONANCE SGS 8.1 SYSTEM (8 - SATS 1 - SUB),Miscellaneous,115278.26,Units,0,2026-05-18 09:54:05
93433,SONANCE SGS 8.1 SYSTEM w/SR 2-125 AMP (8 - SATS 1 - SUB 1 - 2-125 AMP),Miscellaneous,131746.96,Units,0,2026-05-18 09:54:05
93435,SONANCE SGS SUB,Miscellaneous,32936.52,Units,0,2026-05-18 09:54:05
93488,SONANCE SMALL IS ENCLOSURE (IS6),Miscellaneous,4401.74,Units,0,2026-05-18 09:54:05
93492,SONANCE SMALL IS SPACE SAVER (IS6),Miscellaneous,1294.78,Units,0,2026-05-18 09:54:05
92470,SONANCE SMALL RECTANGLE FLEX BRACKET (5 PAIR PER BOX),Miscellaneous,4142.61,Units,0,2026-05-18 09:54:05
92067,SONANCE SMALL RECTANGLE MASONRY BRACKET,Miscellaneous,1035.65,Units,0,2026-05-18 09:54:05
92442,SONANCE SMALL RECTANGLE RETROFIT ENCLOSURE,Miscellaneous,1294.78,Units,0,2026-05-18 09:54:05
92471,SONANCE SMALL ROUND FLEX BRACKET (5 PAIR PER BOX),Miscellaneous,4142.61,Units,0,2026-05-18 09:54:05
92443,SONANCE SMALL ROUND RETROFIT ENCLOSURE,Miscellaneous,1294.78,Units,0,2026-05-18 09:54:05
93092,SONANCE SONAMP 12-50,Miscellaneous,38820.0,Units,0,2026-05-18 09:54:05
93091,SONANCE SONAMP 2-100,Miscellaneous,24886.96,Units,0,2026-05-18 09:54:05
93378,SONANCE SONAMP DSP 2-150 MKII,Miscellaneous,25326.96,Units,0,2026-05-18 09:54:05
93379,SONANCE SONAMP DSP 2-750 MKII,Miscellaneous,46570.43,Units,0,2026-05-18 09:54:05
93331,SONANCE SONAMP DSP 8-130 MKII,Miscellaneous,84616.52,Units,0,2026-05-18 09:54:05
93135,SONANCE SONARRAY SR 2-125,Miscellaneous,22723.48,Units,0,2026-05-18 09:54:05
91368,SONANCE SS4,Miscellaneous,3106.96,Units,0,2026-05-18 09:54:05
91931,SONANCE SS4VC,Miscellaneous,10358.26,Units,0,2026-05-18 09:54:05
91369,SONANCE SS6,Miscellaneous,4660.87,Units,0,2026-05-18 09:54:05
91932,SONANCE SS6VC,Miscellaneous,12429.57,Units,0,2026-05-18 09:54:05
70700,SONANCE SURFACE MOUNT BEZEL BLACK works with iPad Mini 3 Mini 2 and Mini - While Supplies Last,Miscellaneous,11587.83,Units,0,2026-05-18 09:54:05
93089-Single,SONANCE Single VP80R,Miscellaneous,8473.04,Units,0,2026-05-18 09:54:05
93362,SONANCE THINLINE 1/2 ROUND GYPSUM MOUNTING PLATFORM,Miscellaneous,9322.61,Units,0,2026-05-18 09:54:05
93386,SONANCE THINLINE 1/2 ROUND GYPSUM MOUNTING PLATFORM W/BPS6 THINLINE SUB KIT,Subwoofers,42986.96,Units,0,2026-05-18 09:54:05
93363,SONANCE THINLINE 1/2 SQUARE GYPSUM MOUNTING PLATFORM,Miscellaneous,9322.61,Units,0,2026-05-18 09:54:05
93387,SONANCE THINLINE 1/2 SQUARE GYPSUM MOUNTING PLATFORM W/BPS6 THINLINE SUB KIT,Subwoofers,42986.96,Units,0,2026-05-18 09:54:05
93364,SONANCE THINLINE 5/8 ROUND GYPSUM MOUNTING PLATFORM,Miscellaneous,9322.61,Units,0,2026-05-18 09:54:05
93388,SONANCE THINLINE 5/8 ROUND GYPSUM MOUNTING PLATFORM W/BPS6 THINLINE SUB KIT,Subwoofers,42986.96,Units,0,2026-05-18 09:54:05
93365,SONANCE THINLINE 5/8 SQUARE GYPSUM MOUNTING PLATFORM,Miscellaneous,9322.61,Units,0,2026-05-18 09:54:05
93389,SONANCE THINLINE 5/8 SQUARE GYPSUM MOUNTING PLATFORM W/BPS6 THINLINE SUB KIT,Subwoofers,42986.96,Units,0,2026-05-18 09:54:05
93366,SONANCE THINLINE SOLID SURFACE BPC,Miscellaneous,9322.61,Units,0,2026-05-18 09:54:05
93127,SONANCE TOGGLE FEET FOR C6R/C6R SST,Miscellaneous,258.26,Units,0,2026-05-18 09:54:05
92927,SONANCE TREE/SURFACE MOUNT JUNCTION BOX,Miscellaneous,1294.78,Units,0,2026-05-18 09:54:05
91497,SONANCE VC30R DECORA WHITE (BOXED),Miscellaneous,1294.78,Units,0,2026-05-18 09:54:05
91505,SONANCE VC60R WHITE (BOXED),Miscellaneous,1812.17,Units,0,2026-05-18 09:54:05
92158,SONANCE VC60RIM WHITE,Miscellaneous,2071.3,Units,0,2026-05-18 09:54:05
91521,SONANCE VC60S SLIDER WHITE (BOXED),Miscellaneous,2589.57,Units,0,2026-05-18 09:54:05
92161,SONANCE VC60SIM WHITE,Miscellaneous,2071.3,Units,0,2026-05-18 09:54:05
93117,SONANCE VP38R,Miscellaneous,9580.87,Units,0,2026-05-18 09:54:05
93122,SONANCE VP3R GRILLE,Miscellaneous,1035.65,Units,0,2026-05-18 09:54:05
93119,SONANCE VP3R ROUND FLEX BRACKETS,Miscellaneous,4142.61,Units,0,2026-05-18 09:54:05
93120,SONANCE VP3SQ ADAPTER W/GRILLE,Miscellaneous,1035.65,Units,0,2026-05-18 09:54:05
93121,SONANCE VP3SQ ADAPTER W/GRILLES - 10 PACK,Miscellaneous,7768.7,Units,0,2026-05-18 09:54:05
92608,SONANCE VP4 RECTANGLE REPLACEMENT GRILLE,Miscellaneous,2071.3,Units,0,2026-05-18 09:54:05
93000,SONANCE VP42,Miscellaneous,8545.22,Units,0,2026-05-18 09:54:05
93009,SONANCE VP42R,Miscellaneous,8545.22,Units,0,2026-05-18 09:54:05
93001,SONANCE VP46,Miscellaneous,11393.91,Units,0,2026-05-18 09:54:05
93010,SONANCE VP46R,Miscellaneous,11393.91,Units,0,2026-05-18 09:54:05
93023,SONANCE VP46R SST/SUR,Miscellaneous,8286.09,Units,0,2026-05-18 09:54:05
93002,SONANCE VP48,Miscellaneous,21752.17,Units,0,2026-05-18 09:54:05
93011,SONANCE VP48R,Miscellaneous,21752.17,Units,0,2026-05-18 09:54:05
92609,SONANCE VP4R ROUND REPLACEMENT GRILLE,Miscellaneous,2071.3,Units,0,2026-05-18 09:54:05
93029,SONANCE VP4SQ SQUARE ADAPTOR W/ GRILLE  (Grille not compatible with legacy models),Miscellaneous,1812.17,Units,0,2026-05-18 09:54:05
93032,SONANCE VP4SQ SQUARE ADAPTOR W/ GRILLE (5 PAIR BULK PACK) (Grille not compatible with legacy models),Miscellaneous,7768.7,Units,0,2026-05-18 09:54:05
93368,SONANCE VP52R UTL,Miscellaneous,10617.39,Units,0,2026-05-18 09:54:05
92806,SONANCE VP6 LCR REPLACEMENT GRILLE,Speakers,2071.3,Units,0,2026-05-18 09:54:05
92611,SONANCE VP6 RECTANGLE  REPLACEMENT GRILLE,Miscellaneous,2071.3,Units,0,2026-05-18 09:54:05
92812,SONANCE VP6 RECTANGLE REPLACEMENT EXTREME GRILLE,Miscellaneous,3625.22,Units,0,2026-05-18 09:54:05
93088,SONANCE VP60R,Miscellaneous,8026.96,Units,0,2026-05-18 09:54:05
93003,SONANCE VP62,Miscellaneous,10099.13,Units,0,2026-05-18 09:54:05
93028,SONANCE VP62 LCR,Speakers,8026.96,Units,0,2026-05-18 09:54:05
93012,SONANCE VP62R,Miscellaneous,10099.13,Units,0,2026-05-18 09:54:05
93024,SONANCE VP62R SST/SUR,Miscellaneous,8026.96,Units,0,2026-05-18 09:54:05
93022,SONANCE VP62R SST/SUR TL,Miscellaneous,9322.61,Units,0,2026-05-18 09:54:05
93020,SONANCE VP62R TL,Miscellaneous,10099.13,Units,0,2026-05-18 09:54:05
93013,SONANCE VP64R,Miscellaneous,12170.43,Units,0,2026-05-18 09:54:05
92751,SONANCE VP65 XT,Miscellaneous,19940.0,Units,0,2026-05-18 09:54:05
93004,SONANCE VP66,Miscellaneous,15278.26,Units,0,2026-05-18 09:54:05
93084,SONANCE VP66 LCR,Speakers,15019.13,Units,0,2026-05-18 09:54:05
93027,SONANCE VP66 SST/SUR,Miscellaneous,10358.26,Units,0,2026-05-18 09:54:05
93019,SONANCE VP66 TL,Miscellaneous,15278.26,Units,0,2026-05-18 09:54:05
93014,SONANCE VP66R,Miscellaneous,15278.26,Units,0,2026-05-18 09:54:05
93025,SONANCE VP66R SST/SUR,Miscellaneous,10358.26,Units,0,2026-05-18 09:54:05
93021,SONANCE VP66R TL,Miscellaneous,15278.26,Units,0,2026-05-18 09:54:05
93005,SONANCE VP68,Miscellaneous,27190.43,Units,0,2026-05-18 09:55:05
93015,SONANCE VP68R,Miscellaneous,27190.43,Units,0,2026-05-18 09:55:05
92612,SONANCE VP6R ROUND REPLACEMENT GRILLE,Miscellaneous,2071.3,Units,0,2026-05-18 09:55:05
93030,SONANCE VP6SQ SQUARE ADAPTOR W/ GRILLE  (Grille not compatible with legacy models),Miscellaneous,2071.3,Units,0,2026-05-18 09:55:05
93033,SONANCE VP6SQ SQUARE ADAPTOR W/ GRILLE (5 PAIR BULK PACK)  (Grille not compatible with legacy models,Miscellaneous,9322.61,Units,0,2026-05-18 09:55:05
92614,SONANCE VP8 RECTANGLE REPLACEMENT GRILLE,Miscellaneous,2071.3,Units,0,2026-05-18 09:55:05
93089,SONANCE VP80R,Miscellaneous,10099.13,Units,0,2026-05-18 09:55:05
93006,SONANCE VP82,Miscellaneous,20975.65,Units,0,2026-05-18 09:55:05
93016,SONANCE VP82R,Miscellaneous,20975.65,Units,0,2026-05-18 09:55:05
92741,SONANCE VP85RW - ROUND,Miscellaneous,9322.61,Units,0,2026-05-18 09:55:05
92742,SONANCE VP85SW - SQUARE,Miscellaneous,8866.09,Units,0,2026-05-18 09:55:05
92740,SONANCE VP85W - RECTANGLE,Miscellaneous,9322.61,Units,0,2026-05-18 09:55:05
93007,SONANCE VP86,Miscellaneous,30816.52,Units,0,2026-05-18 09:55:05
93017,SONANCE VP86R,Miscellaneous,30816.52,Units,0,2026-05-18 09:55:05
93026,SONANCE VP86R SST/SUR,Miscellaneous,18903.48,Units,0,2026-05-18 09:55:05
93008,SONANCE VP88,Miscellaneous,53863.48,Units,0,2026-05-18 09:55:05
93018,SONANCE VP88R,Miscellaneous,54381.74,Units,0,2026-05-18 09:55:05
92615,SONANCE VP8R ROUND REPLACEMENT GRILLE,Miscellaneous,2071.3,Units,0,2026-05-18 09:55:05
93034,SONANCE VP8SQ SQUARE ADAPTOR W/ GRILLE (5 PAIR BULK PACK)  (Grille not compatible with legacy models,Miscellaneous,10875.65,Units,0,2026-05-18 09:55:05
93031,SONANCE VP8SQ SQUARE ADAPTOR W/ GRILLE (Grille not compatible with legacy models),Miscellaneous,2589.57,Units,0,2026-05-18 09:55:05
93118,SONANCE VPBPC3R,Miscellaneous,2071.3,Units,0,2026-05-18 09:55:05
93334,SONANCE VPBPC3R TL,Miscellaneous,2071.3,Units,0,2026-05-18 09:55:05
93096,SONANCE VPBPC4R (Includes round grille only - square adaptor and grille sold separately),Miscellaneous,2071.3,Units,0,2026-05-18 09:55:05
93097,SONANCE VPBPC6R (Includes round grille only - square adaptor and grille sold separately),Miscellaneous,2847.83,Units,0,2026-05-18 09:55:05
93353,SONANCE VPSUB,Miscellaneous,46094.78,Units,0,2026-05-18 09:55:05
93338,SONANCE VPXT6,Miscellaneous,18645.22,Units,0,2026-05-18 09:55:05
93408,SONANCE VPXT6 RECTANGLE REPLACEMENT GRILLE,Miscellaneous,3106.96,Units,0,2026-05-18 09:55:05
93339,SONANCE VPXT6R,Miscellaneous,18645.22,Units,0,2026-05-18 09:55:05
93406,SONANCE VPXT6R REPLACEMENT GRILLE,Miscellaneous,3106.96,Units,0,2026-05-18 09:55:05
93340,SONANCE VPXT6R SST,Miscellaneous,12170.43,Units,0,2026-05-18 09:55:05
93380,SONANCE VPXT6SQ SQUARE ADAPTER W/GRILLE (5 PAIR),Miscellaneous,15278.26,Units,0,2026-05-18 09:55:05
93342,SONANCE VPXT6SQ SQUARE ADAPTER W/GRILLE (PAIR),Miscellaneous,3106.96,Units,0,2026-05-18 09:55:05
93341,SONANCE VPXT8R,Miscellaneous,24860.0,Units,0,2026-05-18 09:55:05
93407,SONANCE VPXT8R EXTREME ROUND GRILLE,Miscellaneous,4660.87,Units,0,2026-05-18 09:55:05
93343,SONANCE VPXT8SQ SQUARE ADAPTER W/GRILLE,Miscellaneous,4660.87,Units,0,2026-05-18 09:55:05
93381,SONANCE VPXT8SQ SQUARE ADAPTER W/GRILLE - (5 PAIR),Miscellaneous,23046.96,Units,0,2026-05-18 09:55:05
93360,SONANCE WIRELESS TRANSMITTER,Miscellaneous,3625.22,Units,0,2026-05-18 09:55:05
93495,SONANCE XXL IS SPACE SAVER (IS15),Miscellaneous,1812.17,Units,0,2026-05-18 09:55:05
93357,SONANCE i10,Miscellaneous,34959.13,Units,0,2026-05-18 09:55:05
93358,SONANCE i12,Miscellaneous,42728.7,Units,0,2026-05-18 09:55:05
93356,SONANCE i8,Miscellaneous,25895.65,Units,0,2026-05-18 09:55:05
ARCG2EU1BLK,SONOS ARC ULTRA PREMIUM SMART SOUNDBAR - BLACK (S45),Uncategorised,1.0,Units,0,2026-07-15 11:51:06
ONEG1EU1BLK,SONOS ONE BLACK,Speakers,5216.52,Units,0,2026-05-18 09:55:05
ONEG1EU1,SONOS ONE WHITE,Speakers,5216.52,Units,0,2026-07-23 09:02:13
SUBG4EU1BLK,SONOS SUB GEN4 WIRELESS SMART SUBWOOFER - BLACK,Speakers,17390.43,Units,0,2026-07-21 11:17:29
SOUND1250,SOUND 1250 - Sound Bar Mount,Miscellaneous,817.39,Units,0,2026-05-18 09:55:05
SOUND3200,SOUND 3200 Loudspeaker Wall Mount Black,Speakers,660.87,Units,0,2026-05-18 09:55:05
SOUND3200W,SOUND 3200 Loudspeaker Wall Mount White,Speakers,660.87,Units,0,2026-05-18 09:55:05
SOUND3205B,SOUND 3205 Universal L speaker wall mount Black,Miscellaneous,2781.74,Units,0,2026-05-18 09:55:05
SOUND3205W,SOUND 3205 Universal L speaker wall mount White,Miscellaneous,2781.74,Units,0,2026-05-18 09:55:05
SOUND3305B,SOUND 3305 Universal L speaker floor stand Black,Speakers,4346.96,Units,0,2026-05-18 09:55:05
SOUND3305W,SOUND 3305 Universal L speaker floor stand White,Speakers,4346.96,Units,0,2026-05-18 09:55:05
SOUND3400,SOUND 3400 Cable Column Mount,Miscellaneous,1243.48,Units,0,2026-05-18 09:55:05
SOUND3450,SOUND 3450 Soundbar Wall Mount,Speakers,1782.61,Units,0,2026-05-18 09:55:05
SOUND3550,SOUND 3550 UNIVERSAL SOUNDBARMOUNT,Speakers,1738.26,Units,0,2026-05-18 09:55:05
SOUND4113B,SOUND 4113 SONOS PLAY:1/3 table-top stand Black,Miscellaneous,530.43,Units,0,2026-05-18 09:55:05
SOUND4113W,SOUND 4113 SONOS PLAY:1/3 table-top stand White,Miscellaneous,530.43,Units,0,2026-05-18 09:55:05
SOUND4201B,SOUND 4201 Loudspeaker Wall Mount for SONOS ONE/PLAY:1 Black,Speakers,1129.57,Units,0,2026-05-18 09:55:05
SOUND4201W,SOUND 4201 Loudspeaker Wall Mount for SONOS ONE/PLAY:1 White,Speakers,1129.57,Units,0,2026-05-18 09:55:05
SOUND4301B,SOUND 4301 Loudspeaker Stand for SONOS ONE/PLAY:1 Black,Speakers,2433.91,Units,0,2026-05-18 09:55:05
SOUND4301W,SOUND 4301 Loudspeaker Stand for SONOS ONE/PLAY:1 White,Speakers,2433.91,Units,0,2026-05-18 09:55:05
SOUND4303B,SOUND 4303 Sonos Play 3 Floorstand Black,Speakers,1643.48,Units,0,2026-05-18 09:55:05
SOUND4303W,SOUND 4303 Sonos Play 3 Floorstand White,Speakers,1643.48,Units,0,2026-05-18 09:55:05
SOUND5201B,SOUND 5201 Denon HEOS 1 wall mount Black,Miscellaneous,773.91,Units,0,2026-05-18 09:55:05
SOUND5201W,SOUND 5201 Denon HEOS 1 wall mount White,Miscellaneous,773.91,Units,0,2026-05-18 09:55:05
SOUND5203B,SOUND 5203 Denon HEOS 3 wall mount Black,Miscellaneous,1017.39,Units,0,2026-05-18 09:55:05
SOUND5203W,SOUND 5203 Denon HEOS 3 wall mount White,Miscellaneous,101839.0,Units,0,2026-05-18 09:55:05
SOUND5313B,SOUND 5313 Denon HEOS 1 / 3 floor stand Black,Speakers,1860.87,Units,0,2026-05-18 09:55:05
SOUND5313W,SOUND 5313 Denon HEOS 1 / 3 floor stand White,Speakers,186187.0,Units,0,2026-05-18 09:55:05
PA-9940,SP6000 K32LED UPGRADE KIT w BATT+TRANS+SIREN,CCTV,3980.62,Units,0,2026-07-29 12:23:10
SPEKTOR 1 B,SPEKTOR 1 BLACK BOOKSHELF SPEAKER,Speakers,4086.09,Units,0,2026-05-18 09:55:05
SPEKTOR 1 WAL,SPEKTOR 1 WALNUT BOOKSHELF SPEAKER,Speakers,4086.09,Units,0,2026-05-18 09:55:05
SPEKTOR 2 B,SPEKTOR 2 BLACK BOOKSHELF SPEAKER,Speakers,6086.09,Units,0,2026-05-18 09:55:05
SPEKTOR 2 WAL,SPEKTOR 2 WALNUT BOOKSHELF SPEAKER,Speakers,6086.09,Units,0,2026-05-18 09:55:05
SPEKTOR 6 B,SPEKTOR 6 BLACK FLOOR STANDING SPEAKER,Speakers,13042.61,Units,0,2026-05-18 09:55:05
SPEKTOR 6 WAL,SPEKTOR 6 WALNUT FLOOR STANDING SPEAKER,Speakers,13042.61,Units,0,2026-05-18 09:55:05
SPEKTOR VOK B,SPEKTOR VOKAL BLACK CENTER SPEAKER,Speakers,3912.17,Units,0,2026-05-18 09:55:05
SPEKTOR VOK WAL,SPEKTOR VOKAL WALNUT CENTER SPEAKER,Speakers,3912.17,Units,0,2026-05-18 09:55:05
SPK-SUR3STAND-00,STAND FOR SMART AUDIO SURROUND SPEAKERS,Miscellaneous,7935.65,Units,0,2026-05-18 09:55:05
SHA-EHBPL10-00,STANDARD SHADE BRACKET HANGER BOLT 10 PACK,Miscellaneous,1263.48,Units,0,2026-05-18 09:55:05
SHA-T8FT10PK-00,STANDARD SHADE TUBE -8 FOOT (PACK OF 10),Miscellaneous,12108.7,Units,0,2026-05-18 09:55:05
DMX-TWKITB-00,START KIT FOR DMX TUNABLE WHITE STRIP LIGHTING (10M),Miscellaneous,15080.87,Units,0,2026-05-18 09:55:05
DMX-TWKITW-00,START KIT FOR DMX TUNABLE WHITE STRIP LIGHTING (5M),Miscellaneous,7540.0,Units,0,2026-05-18 09:55:05
DMX-WRGBKITB-00,START KIT FOR DMX WRGB STRIP LIGHTING (10M),Miscellaneous,15080.87,Units,0,2026-05-18 09:55:05
DMX-WRGBKITW-00,START KIT FOR DMX WRGB STRIP LIGHTING (5M),Miscellaneous,7540.0,Units,0,2026-05-18 09:55:05
BRK-EPB-2,STEEL CEILING PROJECTOR BRACKET UP TO 15KG,Miscellaneous,600.0,Units,0,2026-07-22 10:22:45
STEREO3.5MM,STEREO CABLE 3.5mm To 3.5mm 1m,Miscellaneous,147.83,Units,0,2026-05-18 09:55:05
STP-MOUNTID-00,STRIP MOUNTING RAIL - INDOOR (5 PACK),Miscellaneous,2800.0,Units,0,2026-05-18 09:55:05
STP-MOUNTOD-00,STRIP MOUNTING RAIL - OUTDOOR (5 PACK),Miscellaneous,2800.0,Units,0,2026-05-18 09:55:05
STUDIO39-BG,STUDIO 39 SOUNDBAR WITH GRILLE - BLACK,Speakers,14574.78,Units,0,2026-05-18 09:55:05
STUDIO46-BG,STUDIO 46 SOUNDBAR WITH GRILLE - BLACK,Speakers,18218.26,Units,0,2026-05-18 09:55:05
STUDIO55-BG,STUDIO 55 SOUNDBAR WITH GRILLE - BLACK,Speakers,21862.61,Units,0,2026-05-18 09:55:05
STUDIO65-BG,STUDIO 65 SOUNDBAR WITH GRILLE - BLACK,Speakers,25506.09,Units,0,2026-05-18 09:55:05
MNT-STUDIO-TV-00,STUDIO SOUNDBAR TV MOUNT,Speakers,1969.57,Units,0,2026-05-18 09:55:05
RCC160-MK2-PC,SUB 160V2 (PRE CONSTRUCTION),Miscellaneous,21254.78,Units,0,2026-05-18 09:55:05
SUB E-12F,SUB E-12F SUBWOOFER Black,Subwoofers,13469.57,Units,0,2026-05-18 09:55:05
SUB E-12F W,SUB E-12F WHITE SUBWOOFER,Subwoofers,13469.57,Units,0,2026-05-18 09:55:05
SUB E-9F B,SUB E-9F BLACK SUBWOOFER,Subwoofers,9991.3,Units,0,2026-05-18 09:55:05
SUB E-9F W,SUB E-9F WHITE SUBWOOFER,Subwoofers,9991.3,Units,0,2026-05-18 09:55:05
SUBG1EU1BLK,SUB EU (Gloss Black G1),Miscellaneous,12173.04,Units,0,2026-05-18 09:55:05
SUB K-14F B,SUB K-14F BLACK SUBWOOFER,Subwoofers,26078.26,Units,0,2026-05-18 09:55:05
SUB P-10DSS B,SUB P-10DSS BLACK HIGH GLOSS SUBWOOFER,Subwoofers,46947.83,Units,0,2026-05-18 09:55:05
SUB210BL,SUB210 Black,Miscellaneous,4781.74,Units,0,2026-05-18 09:55:05
SUR55TB,SUR55T Black Pair,Miscellaneous,24346.96,Units,0,2026-05-18 09:55:05
9155062,SURFACE MOUNT BACKPLATE FOR KEYPAD DOOR STATION,Intercom and Access Control,0.0,Units,0,2026-05-18 09:55:05
9155068,SURFACE MOUNT BACKPLATE FOR SINGLE HEIGHT DOOR STATION,Intercom and Access Control,0.0,Units,0,2026-05-18 09:55:05
DOR-SM0B-00,SURFACE MOUNT DOOR STATION BLACK,Intercom and Access Control,36628.7,Units,0,2026-05-18 09:55:05
DOR-SM0S-00,SURFACE MOUNT DOOR STATION SILVER,Intercom and Access Control,36628.7,Units,0,2026-05-18 09:55:05
DOR-SMB-00,SURFACE MOUNT SINGLE HEIGHT DOOR STATION BLACK,Intercom and Access Control,35611.3,Units,0,2026-05-18 09:55:05
DOR-SMS-00,SURFACE MOUNT SINGLE HEIGHT DOOR STATION SILVER,Intercom and Access Control,35611.3,Units,0,2026-05-18 09:55:05
850029050278,SVS 3000 In-Wall Dual Subwoofer System,Subwoofers,82600.0,Units,0,2026-05-18 09:55:05
850029050261,SVS 3000 In-Wall Single Subwoofer system,Subwoofers,55208.7,Units,0,2026-07-09 10:53:34
3000-MICRO-BG,SVS 3000 Micro Subwoofer (Gloss Black),Subwoofers,29382.61,Units,0,2026-05-18 09:55:05
3000-MICRO-WG,SVS 3000 Micro Subwoofer (White Gloss),Subwoofers,29382.61,Units,0,2026-05-18 09:55:05
SVS-SSIS,SVS Soundpath Sub Isolation System 4Pack,Miscellaneous,1730.43,Units,0,2026-05-18 09:55:05
SVS-SSIS6,SVS Soundpath Sub Isolation System 6Pack,Miscellaneous,2165.22,Units,0,2026-05-18 09:55:05
SVS-S3WAA,SVS Soundpath TriBand Wireless Adapter,Miscellaneous,5991.3,Units,0,2026-05-18 09:55:05
SVS-SWAA,SVS Soundpath Wireless Audio Adapter,Miscellaneous,4860.87,Units,0,2026-05-18 09:55:05
PB-1000-BA,SVS Subwoofer PB1000 (Black Ash),Subwoofers,17382.61,Units,0,2026-05-18 09:55:05
PB-1000-PRO-BA,SVS Subwoofer PB1000PRO (Black Ash),Subwoofers,26426.09,Units,0,2026-05-18 09:55:05
PB16-BG,SVS Subwoofer PB16 Ultra (Piano Gloss),Subwoofers,99817.39,Units,0,2026-05-18 09:55:05
PB17Ultra,SVS Subwoofer PB17Ultra (Gloss Black),Miscellaneous,85713.54,Units,0,2026-07-22 10:22:49
PB-2000-PRO-BA,SVS Subwoofer PB2000PRO (Black Ash),Subwoofers,35904.35,Units,0,2026-05-18 09:55:05
PB-3000-BA,SVS Subwoofer PB3000 (Black Ash),Subwoofers,55034.78,Units,0,2026-05-18 09:55:05
PB-4000-BG,SVS Subwoofer PB4000 (Piano Gloss),Subwoofers,81121.74,Units,0,2026-05-18 09:55:05
SB-1000-BA,SVS Subwoofer SB1000 (Black Ash),Subwoofers,16078.26,Units,0,2026-05-18 09:55:05
SB-1000-PRO-BA,SVS Subwoofer SB1000PRO (Black Ash),Subwoofers,19817.39,Units,0,2026-05-18 09:55:05
SB16-BG,SVS Subwoofer SB16Ultra (Piano Gloss),Subwoofers,82600.0,Units,0,2026-05-18 09:55:05
SB-2000-PRO-BA,SVS Subwoofer SB2000PRO (Black Ash),Subwoofers,29382.61,Units,0,2026-05-18 09:55:05
SB-2000-PRO-PG,SVS Subwoofer SB2000PRO (Piano Gloss),Subwoofers,32686.96,Units,0,2026-05-18 09:55:05
SB-2000-PRO-WG,SVS Subwoofer SB2000PRO (White Gloss),Subwoofers,32686.96,Units,0,2026-05-18 09:55:05
SB-3000-BA,SVS Subwoofer SB3000 (Black Ash),Subwoofers,37904.35,Units,0,2026-05-18 09:55:05
SB-4000-BG,SVS Subwoofer SB4000 (Black Gloss),Subwoofers,65295.65,Units,0,2026-05-18 09:55:05
CAB-C-6609WMS,SWING ARM SERVER CABINET 9U WALL MOUNT,Racks,3088.5,Units,0,2026-05-18 09:55:05
Qa50qn90dakxxa,"Samsung 50"" QN90D 4K NEO QLED smart TV with AI Gen2 Processor",Miscellaneous,19874.53,Units,0,2026-07-22 10:22:53
SDSQunr-064g-gn3mn,SanDisk Ultra MicroSDXC 64GB,Miscellaneous,120.0,Units,0,2026-07-22 10:22:57
Sasha V,"Sasha V’s exquisite craftsmanship and thoughtful contours create a sculpted masterpiece, beautifully integrating into your curated listening space, an",Miscellaneous,1229480.13,Units,0,2026-07-22 10:23:01
SPS-8F2F,Scoop 10 Port Fast Ethernet 8 AI PoE 96W Switch,Switches,825.0,Units,0,2026-05-18 09:55:05
SPS-8G2G,Scoop 10 Port Gigabit 8 AI PoE 96W Switch,Switches,1225.0,Units,0,2026-05-18 09:55:05
UTP-100C,Scoop 100m Box Cat5e CCA Grey UTP Cable,Miscellaneous,325.0,Units,0,2026-05-18 09:55:05
UTP-100CW,Scoop 100m Box Cat5e CCA White UTP Cable,Miscellaneous,325.0,Units,0,2026-05-18 09:55:05
TC-100C,Scoop 100m Box Cat5e Outdoor FTP CCA Cable,Miscellaneous,450.0,Units,0,2026-05-18 09:55:05
UTP-6100C,Scoop 100m Box Cat6 CCA Grey UTP Cable,Miscellaneous,350.0,Units,0,2026-05-18 09:55:05
UTP-6100CW,Scoop 100m Box Cat6 CCA White UTP Cable,Miscellaneous,350.0,Units,0,2026-05-18 09:55:05
CAB-12UO,Scoop 12U 450mm Deep Outdoor Cabinet with 2 fans,Racks,5395.0,Units,0,2026-05-18 09:55:05
CAB-15UO,Scoop 15U 450mm Deep Outdoor Cabinet with 2 fans,Racks,6025.0,Units,0,2026-05-18 09:55:05
SPS-16F2GS,Scoop 16 Port Fast Ethernet AI PoE 150W 2 Gigabit 1SFP Switch,Switches,2125.0,Units,0,2026-05-18 09:55:05
SPS-16G2S,Scoop 16 Port Gigabit AI PoE 150W 2SFP Switch,Switches,3150.0,Units,0,2026-05-18 09:55:05
CAB-18UO,Scoop 18U 600mm Deep Outdoor Cabinet with 2 fans,Racks,10495.0,Units,0,2026-05-18 09:55:05
POE-RACK,Scoop 19 Inch Rack Mount 6xPoE Panel,Miscellaneous,295.0,Units,0,2026-05-18 09:55:05
RB-RMTRAY,Scoop 19 Inch Rack Mount Tray for MikroTik HEX & hAP Series,Miscellaneous,215.0,Units,0,2026-05-18 09:55:05
FPP-SC24,Scoop 24 Fibre Splice Cassette,Miscellaneous,20.0,Units,0,2026-05-18 09:55:05
SPS-24F2GS,Scoop 24 Port Fast Ethernet AI PoE 250W 2 Gigabit 1SFP Switch,Switches,2995.0,Units,0,2026-05-18 09:55:05
FPP-24S,Scoop 24 Port Fibre Sliding Patch Panel Blank,Panels,750.0,Units,0,2026-05-18 09:55:05
SPS-24G2S,Scoop 24 Port Gigabit AI PoE 250W 2SFP Switch,Switches,3880.0,Units,0,2026-05-18 09:55:05
CAB-25UO,Scoop 25U 800mm Deep Outdoor Cabinet with 4 fans,Racks,14375.0,Units,0,2026-05-18 09:55:05
TC-6305C,Scoop 305m Box CAT6 Outdoor FTP CCA Cable,Miscellaneous,1580.0,Units,0,2026-05-18 09:55:05
UTP-305C,Scoop 305m Box Cat5e CCA Grey UTP Cable,Miscellaneous,950.0,Units,0,2026-05-18 09:55:05
UTP-305CW,Scoop 305m Box Cat5e CCA White UTP Cable,Miscellaneous,950.0,Units,0,2026-05-18 09:55:05
TC-305C,Scoop 305m Box Cat5e Outdoor FTP CCA Cable,Miscellaneous,1295.0,Units,0,2026-05-18 09:55:05
UTP-6305C,Scoop 305m Box Cat6 CCA Grey UTP Cable,Miscellaneous,1150.0,Units,0,2026-05-18 09:55:05
UTP-6305CW,Scoop 305m Box Cat6 CCA White UTP Cable,Miscellaneous,1150.0,Units,0,2026-05-18 09:55:05
CAB-42UO,Scoop 42U 800mm Deep Outdoor Cabinet with 4 fans,Racks,20845.0,Units,0,2026-05-18 09:55:05
CAB-4UR,Scoop 4U Desktop Open Rack,Racks,350.0,Units,0,2026-05-18 09:55:05
UTP-500C,Scoop 500m Drum Cat5e CCA Grey UTP Cable,Miscellaneous,1425.0,Units,0,2026-05-18 09:55:05
TC-500C,Scoop 500m Drum Cat5e Outdoor FTP CCA Cable,Miscellaneous,1975.0,Units,0,2026-05-18 09:55:05
UTP-6500C,Scoop 500m Drum Cat6 CCA Grey UTP Cable,Miscellaneous,1880.0,Units,0,2026-05-18 09:55:05
PSU-52V60W,Scoop 52VDC 60W PSU Without IEC Cable,Miscellaneous,275.0,Units,0,2026-05-18 09:55:05
PSU-52V96W,Scoop 52VDC 96W PSU Without IEC Cable,Miscellaneous,350.0,Units,0,2026-05-18 09:55:05
SPS-4F2F,Scoop 6 Port Fast Ethernet 4 AI PoE 60W Switch,Switches,515.0,Units,0,2026-05-18 09:55:05
SPS-4G2G,Scoop 6 Port Gigabit 4 AI PoE 60W Switch,Switches,795.0,Units,0,2026-05-18 09:55:05
CAB-6UO,Scoop 6U 450mm Deep Outdoor Cabinet with 2 fans,Racks,4180.0,Units,0,2026-05-18 09:55:05
CAB-6UR,Scoop 6U Desktop Open Rack,Racks,350.0,Units,0,2026-05-18 09:55:05
SPS-8F2G,Scoop 8 Port Fast Ethernet AI PoE 96W 2 Gigabit Switch,Switches,995.0,Units,0,2026-05-18 09:55:05
SPS-8G2S,Scoop 8 Port Gigabit AI PoE 96W 2SFP Switch,Switches,1295.0,Units,0,2026-05-18 09:55:05
CAB-9UO,Scoop 9U 450mm Deep Outdoor Cabinet with 2 fans,Racks,4745.0,Units,0,2026-05-18 09:55:05
TOOL-EZCRIMP,Scoop EZ Combo RJ45 Crimp Tool,Miscellaneous,475.0,Units,0,2026-05-18 09:55:05
RJ45-FTPEZ,Scoop EZ RJ45 CAT5e FTP Modular Plug,Miscellaneous,4.3,Units,0,2026-05-18 09:55:05
RJ45-EZ,Scoop EZ RJ45 CAT5e UTP Modular Plug,Miscellaneous,2.5,Units,0,2026-05-18 09:55:05
RJ45-CAT6EZ,Scoop EZ RJ45 CAT6 UTP Modular Plug,Miscellaneous,2.85,Units,0,2026-05-18 09:55:05
FB-D16,Scoop Fibre Distribution Box 16 Cores,Miscellaneous,375.0,Units,0,2026-05-18 09:55:05
FB-D24,Scoop Fibre Distribution Box 24 Cores,Miscellaneous,420.0,Units,0,2026-05-18 09:55:05
FB-D4,Scoop Fibre Distribution Box 4 Cores,Miscellaneous,145.0,Units,0,2026-05-18 09:55:05
FB-D8,Scoop Fibre Distribution Box 8 Cores,Miscellaneous,295.0,Units,0,2026-05-18 09:55:05
FD-D24,Scoop Fibre Dome 24 Core,Miscellaneous,430.0,Units,0,2026-05-18 09:55:05
FF-FCLC-S1A,Scoop Fibre Flylead LC-FC SM 1M APC,Miscellaneous,25.0,Units,0,2026-05-18 09:55:05
FF-LCLC-M1U,Scoop Fibre Flylead LC-LC MM 1M,Miscellaneous,60.0,Units,0,2026-05-18 09:55:05
FF-LCLC-O3U,Scoop Fibre Flylead LC-LC MM 1M OM3,Miscellaneous,60.0,Units,0,2026-05-18 09:55:05
FF-LCLC-M1UF,Scoop Fibre Flylead LC-LC MM 1M with Flex Boot,Miscellaneous,50.0,Units,0,2026-05-18 09:55:05
FF-LCLC-M5U,Scoop Fibre Flylead LC-LC MM 5M,Miscellaneous,85.0,Units,0,2026-05-18 09:55:05
FF-LCLC-S1A,Scoop Fibre Flylead LC-LC SM 1M APC,Miscellaneous,25.0,Units,0,2026-05-18 09:55:05
FF-LCLC-SMAF,Scoop Fibre Flylead LC-LC SM 1M APC Flex Boot,Miscellaneous,45.0,Units,0,2026-05-18 09:55:05
FF-LCLC-SMUF,Scoop Fibre Flylead LC-LC SM 1M UPC Flex Boot,Miscellaneous,50.0,Units,0,2026-05-18 09:55:05
FF-LCLC-S5U,Scoop Fibre Flylead LC-LC SM 5M,Miscellaneous,75.0,Units,0,2026-05-18 09:55:05
FF-LCLC-S1U,Scoop Fibre Flylead LC-LC UPC SM 1M,Miscellaneous,60.0,Units,0,2026-05-18 09:55:05
FF-SCLC-S1A,Scoop Fibre Flylead LC-SC APC 1m SM 2.0mm,Miscellaneous,25.0,Units,0,2026-05-18 09:55:05
FF-SCLC-S1UA,Scoop Fibre Flylead SC-LC SM 1M UPC-APC,Miscellaneous,25.0,Units,0,2026-05-18 09:55:05
FF-SCSC-S1A,Scoop Fibre Flylead SC-SC APC 1m SM 2.0mm,Miscellaneous,25.0,Units,0,2026-05-18 09:55:05
FM-LCA,Scoop Fibre Midcoupler LC-LC APC Duplex,Miscellaneous,15.0,Units,0,2026-05-18 09:55:05
FM-LCU,Scoop Fibre Midcoupler LC-LC UPC Duplex,Miscellaneous,15.0,Units,0,2026-05-18 09:55:05
FM-SCA,Scoop Fibre Midcoupler SC-SC APC Simplex,Miscellaneous,3.75,Units,0,2026-05-18 09:55:05
FDC-1K2D,Scoop Fibre Outdoor 2 Core Dual Purpose Drop Cable 1km,Miscellaneous,4295.0,Units,0,2026-05-18 09:55:05
FDC-150M,Scoop Fibre Outdoor Drop Cable 150M LC-LC APC 1Core,Miscellaneous,375.0,Units,0,2026-05-18 09:55:05
FDC-30M,Scoop Fibre Outdoor Drop Cable 30M LC-LC APC 1Core,Miscellaneous,120.0,Units,0,2026-05-18 09:55:05
FDC-60M,Scoop Fibre Outdoor Drop Cable 60M LC-LC APC 1Core,Miscellaneous,185.0,Units,0,2026-05-18 09:55:05
FDC-90M,Scoop Fibre Outdoor Drop Cable 90M LC-LC APC 1Core,Miscellaneous,250.0,Units,0,2026-05-18 09:55:05
FDC-150MU1,Scoop Fibre Outdoor Uplink Cable 150M LC-LC UPC 1Core,Miscellaneous,350.0,Units,0,2026-05-18 09:55:05
FDC-150MU,Scoop Fibre Outdoor Uplink Cable 150M LC-LC UPC 2Core,Miscellaneous,850.0,Units,0,2026-05-18 09:55:05
FDC-30MU1,Scoop Fibre Outdoor Uplink Cable 30M LC-LC UPC 1Core,Miscellaneous,120.0,Units,0,2026-05-18 09:55:05
FDC-30MU,Scoop Fibre Outdoor Uplink Cable 30M LC-LC UPC 2Core,Miscellaneous,215.0,Units,0,2026-05-18 09:55:05
FDC-60MU1,Scoop Fibre Outdoor Uplink Cable 60M LC-LC UPC 1Core,Miscellaneous,185.0,Units,0,2026-05-18 09:55:05
FDC-60MU,Scoop Fibre Outdoor Uplink Cable 60M LC-LC UPC 2Core,Miscellaneous,375.0,Units,0,2026-05-18 09:55:05
FDC-90MU1,Scoop Fibre Outdoor Uplink Cable 90M LC-LC UPC 1Core,Miscellaneous,250.0,Units,0,2026-05-18 09:55:05
FDC-90MU,Scoop Fibre Outdoor Uplink Cable 90M LC-LC UPC 2Core,Miscellaneous,525.0,Units,0,2026-05-18 09:55:05
FPP-24,Scoop Fibre Patch Panel 24 Port Blank,Panels,430.0,Units,0,2026-05-18 09:55:05
FP-LC-S1A,Scoop Fibre Pigtail LC APC 1m SM,Miscellaneous,13.0,Units,0,2026-05-18 09:55:05
FP-LC-S1U,Scoop Fibre Pigtail LC UPC 1m SM,Miscellaneous,16.0,Units,0,2026-05-18 09:55:05
FP-SC-S1A,Scoop Fibre Pigtail SC APC 1m SM,Miscellaneous,13.0,Units,0,2026-05-18 09:55:05
FS-LC16,Scoop Fibre Splitter Blockless LC APC SM 1-16,Miscellaneous,395.0,Units,0,2026-05-18 09:55:05
FS-LC32,Scoop Fibre Splitter Blockless LC APC SM 1-32,Miscellaneous,720.0,Units,0,2026-05-18 09:55:05
FS-LC4,Scoop Fibre Splitter Blockless LC APC SM 1-4,Miscellaneous,145.0,Units,0,2026-05-18 09:55:05
FS-LC8,Scoop Fibre Splitter Blockless LC APC SM 1-8,Miscellaneous,175.0,Units,0,2026-05-18 09:55:05
FB-T1,Scoop Fibre Termination Box 1 Port,Miscellaneous,25.0,Units,0,2026-05-18 09:55:05
FB-T2,Scoop Fibre Termination Box 2 Port,Miscellaneous,15.0,Units,0,2026-05-18 09:55:05
UTP-305CU,Scoop Unbranded 305m Box Cat5e CCA Grey UTP Cable,Miscellaneous,950.0,Units,0,2026-05-18 09:55:05
UTP-6305CU,Scoop Unbranded 305m Box Cat6 CCA Grey UTP Cable,Miscellaneous,1150.0,Units,0,2026-07-09 10:27:12
SCM,Screen miscellaneous,Miscellaneous,8822.61,Units,0,2026-05-18 09:55:05
PTA3001B,Secure Tablet Floorstand BLK,Speakers,3869.57,Units,0,2026-05-18 09:55:05
FR02,Securi-Prod Call Point Break Glass Green,Intercom and Access Control,241.67,Units,0,2026-07-23 10:00:21
PS49-2,Securi-Prod Power Supply - Power Store 13.6VDC 5Amp,Miscellaneous,890.0,Units,0,2026-07-22 10:23:05
SEN-SKY-01-WH,Sensibo SkyCloud (White),Miscellaneous,2434.78,Units,0,2026-05-18 09:55:05
SDH-1000,Sentinal Dual 1kVA UPS,Controllers,10865.71,Units,0,2026-07-15 11:28:56
SDU-6000,Sentinel Dual SDU -6kVA,Miscellaneous,46325.71,Units,0,2026-07-22 10:23:10
XY-PC05,Serial Cable • DB25-pin Male~to~DB25-pin Male,Miscellaneous,209.29,Units,0,2026-07-22 10:23:14
Roller 100,Sheer Soltis 86 A204 4015x2860,Miscellaneous,31649.2,Units,0,2026-07-15 11:29:48
Roller 64,Sheer Soltis 86 A205 2540x2860,Miscellaneous,15347.2,Units,0,2026-07-15 11:30:24
A206,Sheer Soltis 86 A206 5025x2860,Miscellaneous,22244.2,Units,0,2026-07-15 11:31:04
A207,Sheer Soltis 86 A207 1200x2860,Miscellaneous,7803.4,Units,0,2026-07-15 11:31:42
A208,Sheer Soltis 86 A208 2100x2860,Miscellaneous,13191.2,Units,0,2026-07-15 11:32:29
86A210,Sheer Soltis 86 A210 1400x2860,Miscellaneous,9238.9,Units,0,2026-07-30 13:44:51
A210,Sheer Soltis 86 A210 2960x2860,Miscellaneous,24125.2,Units,0,2026-07-15 11:33:05
A311,Sheer Soltis 86 A311 14346x3180,Miscellaneous,28806.8,Units,0,2026-07-30 13:41:08
86A311,Sheer Soltis 86 A311 974x3180,Miscellaneous,6981.7,Units,0,2026-07-30 13:42:50
A312,Sheer Soltis 86 A312 1400x3080,Miscellaneous,9238.9,Units,0,2026-07-30 13:46:08
86A312,Sheer Soltis 86 A312 2960x3080,Miscellaneous,24891.9,Units,0,2026-07-30 13:47:15
A416,Sheer Soltis 86 A416 1400x3080,Miscellaneous,9238.9,Units,0,2026-07-15 11:33:35
86A416,Sheer Soltis 86 A416 2960x3080,Miscellaneous,24891.9,Units,0,2026-07-30 13:48:34
A418,Sheer Soltis 86 A418 1000x3080,Miscellaneous,6981.7,Units,0,2026-07-15 11:34:14
86A418,Sheer Soltis 86 A418 3050x3080,Miscellaneous,26484.8,Units,0,2026-07-30 13:51:06
86A419,Sheer Soltis 86 A419 1000x3000,Miscellaneous,6726.5,Units,0,2026-07-30 13:53:04
A419,Sheer Soltis 86 A419 3148x3000,Miscellaneous,26006.2,Units,0,2026-07-15 11:34:49
A420,Sheer Soltis 86 A420 1230x3000,Miscellaneous,8881.4,Units,0,2026-07-15 11:38:44
SOLAR-LIT-BAT 5.12kwh,Shoto 5.12kwh lithium battery,Miscellaneous,27550.0,Units,0,2026-05-18 09:55:05
HB-ZFQ,"Signal
extender",Miscellaneous,2028.55,Units,0,2026-05-18 09:55:05
POE,Single Port Fast Ethernet Passive PoE Injector,Miscellaneous,36.0,Units,0,2026-05-18 09:55:05
POE-GIG,Single Port Gigabit Passive PoE Injector,Miscellaneous,65.0,Units,0,2026-05-18 09:55:05
DH-GSFP-1310-20-SMF,"Single mode double fiber;
LC port;
1310nm sending, and 1310nm receiving;
Transmission distance up to 20 km;",Miscellaneous,895.67,Units,0,2026-05-18 09:55:05
WIN-PS-1-35,Sivoia Individual PSno power cord - LUTRON - Power Supplies (Wireless),Miscellaneous,0.0,Units,0,2026-07-22 12:43:06
QSSC-CON-RPL,Sivoia QS Terminal Block Connector,Miscellaneous,260.87,Units,0,2026-07-15 11:40:04
Sivoia QS Wired D105 Drapery Track PINCH 3300mm Width,Sivoia QS Wired D105 Drapery Track PINCH 3300mm Width,Labour - Installation,44086.88,Units,0,2026-07-24 09:08:58
Sivoia QS Wireless D145 Drapery Track PINCH 2196mm Width,Sivoia QS Wireless D145 Drapery Track PINCH 2196mm Width,Labour - Installation,46304.87,Units,0,2026-07-24 09:10:40
Sivoia QS Wireless D145 Drapery Track PINCH 4905mm Width,Sivoia QS Wireless D145 Drapery Track PINCH 4905mm Width,Labour - Installation,62742.66,Units,0,2026-07-24 09:20:15
Sivoia QS Wireless D145 Drapery Track PINCH 9300mm Width,Sivoia QS Wireless D145 Drapery Track PINCH 9300mm Width,Labour - Installation,93527.92,Units,0,2026-07-24 09:08:06
QSYC-K-RCVR-24,Sivoia RF Dongle 868MHz - LUTRON - Power Supplies (Wired),Miscellaneous,0.0,Units,0,2026-07-22 12:43:06
CBOX-M,Slab Box,Speakers,583.33,Units,0,2026-07-29 13:18:47
SLIMMAX0.5M,Slimwire MAX 0.5m,Miscellaneous,346.96,Units,0,2026-05-18 09:55:05
SLIMMAX1M,Slimwire MAX 1.0m,Miscellaneous,390.43,Units,0,2026-05-18 09:55:05
SLIMMAX2M,Slimwire MAX 2.0m,Miscellaneous,433.91,Units,0,2026-05-18 09:55:05
SLIMMAX3M,Slimwire MAX HDMI 3m,Miscellaneous,520.87,Units,0,2026-05-18 09:55:05
SLIMMAX5M,Slimwire MAX HDMI 5m,Miscellaneous,564.35,Units,0,2026-05-18 09:55:05
FABRIC-FRAMES,SnapperAluminium Fabric tensioning frames - Custom Sizes - Black Epoxy,Miscellaneous,27229.81,Units,0,2026-07-22 10:23:18
FSFR2FLGIW,Socket collection Frame double frame Legrand Arteor Glass Ice White,Miscellaneous,3208.7,Units,0,2026-05-18 09:55:05
FSFR2FLGSW,Socket collection Frame double frame Legrand Arteor Glass Sand White,Miscellaneous,5000.0,Units,0,2026-05-18 09:55:05
FSFR2FLGVG,Socket collection Frame double frame Legrand Arteor Glass Venetian Gold,Miscellaneous,3208.7,Units,0,2026-05-18 09:55:05
FSFR2FLGYB,Socket collection Frame double frame Legrand Arteor Glass York Black,Miscellaneous,3208.7,Units,0,2026-05-18 09:55:05
FSFR2FLMAS,Socket collection Frame double frame Legrand Arteor Metal Aluminum Silver  Metal Brushed,Miscellaneous,3208.7,Units,0,2026-05-18 09:55:05
FSFR2FLMBG,Socket collection Frame double frame Legrand Arteor Metal Bronze Gold  Metal Brushed,Miscellaneous,3208.7,Units,0,2026-05-18 09:55:05
FSFR2FLMMB,Socket collection Frame double frame Legrand Arteor Metal Mars Black  Metal Brushed,Miscellaneous,3208.7,Units,0,2026-05-18 09:55:05
FSFR1FLGIW,Socket collection Frame single frame Legrand Arteor Glass Ice White,Miscellaneous,1604.35,Units,0,2026-05-18 09:55:05
FSFR1FLGSW,Socket collection Frame single frame Legrand Arteor Glass Sand White,Miscellaneous,2500.0,Units,0,2026-05-18 09:55:05
FSFR1FLGVG,Socket collection Frame single frame Legrand Arteor Glass Venetian Gold,Miscellaneous,1604.35,Units,0,2026-05-18 09:55:05
FSFR1FLGYB,Socket collection Frame single frame Legrand Arteor Glass York Black,Miscellaneous,1604.35,Units,0,2026-05-18 09:55:05
FSFR1FLMAS,Socket collection Frame single frame Legrand Arteor Metal Aluminum Silver  Metal Brushed,Miscellaneous,1604.35,Units,0,2026-05-18 09:55:05
FSFR1FLMBG,Socket collection Frame single frame Legrand Arteor Metal Bronze Gold  Metal Brushed,Miscellaneous,1604.35,Units,0,2026-05-18 09:55:05
FSFR1FLMMB,Socket collection Frame single frame Legrand Arteor Metal Mars Black  Metal Brushed,Miscellaneous,1604.35,Units,0,2026-05-18 09:55:05
FSFR3FLGIW,Socket collection Frame triple frame Legrand Arteor Glass Ice White,Miscellaneous,4813.04,Units,0,2026-05-18 09:55:05
FSFR3FLGSW,Socket collection Frame triple frame Legrand Arteor Glass Sand White,Miscellaneous,7500.0,Units,0,2026-05-18 09:55:05
FSFR3FLGVG,Socket collection Frame triple frame Legrand Arteor Glass Venetian Gold,Miscellaneous,4813.04,Units,0,2026-05-18 09:55:05
FSFR3FLGYB,Socket collection Frame triple frame Legrand Arteor Glass York Black,Miscellaneous,4813.04,Units,0,2026-05-18 09:55:05
FSFR3FLMAS,Socket collection Frame triple frame Legrand Arteor Metal Aluminum Silver  Metal Brushed,Miscellaneous,4813.04,Units,0,2026-05-18 09:55:05
FSFR3FLMBG,Socket collection Frame triple frame Legrand Arteor Metal Bronze Gold  Metal Brushed,Miscellaneous,4813.04,Units,0,2026-05-18 09:55:05
FSFR3FLMMB,Socket collection Frame triple frame Legrand Arteor Metal Mars Black  Metal Brushed,Miscellaneous,4813.04,Units,0,2026-05-18 09:55:05
HB-T001S8,Solar 8-beam Barrier,Miscellaneous,2463.55,Units,0,2026-05-18 09:55:05
HB-T001Q3+,Solar Beam Sensor (3 Beams),Sensors,2463.55,Units,0,2026-05-18 09:55:05
HB-T001Q6,Solar Beam Sensor (6 Beams),Sensors,4058.55,Units,0,2026-05-18 09:55:05
HB-MC-3,Solar Door Sensor,Sensors,288.55,Units,0,2026-05-18 09:55:05
HB-T305,Solar&Wireless 360 Degree Infrared Detector,Sensors,578.55,Units,0,2026-05-18 09:55:05
HB-T201,Solar&Wireless Curtain Infrared Detector,Sensors,433.55,Units,0,2026-05-18 09:55:05
HB-T601,Solar&Wireless Smoke Detector,Sensors,578.55,Units,0,2026-05-18 09:55:05
HB-T205,Solar&Wireless Wide- angle Infrared Detector,Sensors,433.55,Units,0,2026-05-18 09:55:05
HB-707,Solar&Wireless outdoor radar detector,Sensors,1593.55,Units,0,2026-05-18 09:55:05
Car Reveal,Soltis B99,Miscellaneous,0.0,Units,0,2026-07-22 12:43:06
AMPG1UK1BLK,Sonos AMP EU (Black),Speakers,15651.3,Units,0,2026-05-18 09:55:05
AMPG1EU1BLK,Sonos AMP EU (Black) (S16),Speakers,17390.43,Units,0,2026-05-18 09:55:05
ARCG1UK1BLK,Sonos Arc Black,Speakers,19129.57,Units,0,2026-05-18 09:55:05
ARCG1EU1BLK,Sonos Arc Premium Smart Soundbar - Black (S19),Speakers,21738.26,Units,0,2026-05-18 09:55:05
ARCG1EU1,Sonos Arc Premium Smart Soundbar - White (S19),Speakers,21738.26,Units,0,2026-05-18 09:55:05
ARCG2EU1 BLK,Sonos Arc Ultra,Miscellaneous,25773.94,Units,0,2026-07-22 10:23:22
ARCG1UK1,Sonos Arc White,Speakers,19129.57,Units,0,2026-05-18 09:55:05
BEAM2EU1BLK,Sonos Beam Gen2 Compact Smart Soundbar - Black (S14),Speakers,12173.04,Units,0,2026-05-18 09:55:05
BEAM2EU1,Sonos Beam Gen2 Compact Smart Soundbar - White (S14),Speakers,12173.04,Units,0,2026-05-18 09:55:05
BOOSTEU1,Sonos Boost WiFi Extender for Sonos System,Miscellaneous,2173.04,Units,0,2026-05-18 09:55:05
E10G1EU1BLK,Sonos Era 100 Bluetooth Smart WiFi Speaker - Black,Speakers,6086.09,Units,0,2026-05-18 09:55:05
E10G1EU1,Sonos Era 100 Bluetooth Smart WiFi Speaker - White,Speakers,6086.09,Units,0,2026-05-18 09:55:05
E30G1EU1BLK,Sonos Era 300 Bluetooth Smart WiFi Speaker - Black,Speakers,11303.47,Units,0,2026-05-18 09:55:05
E30G1EU1,Sonos Era 300 Bluetooth Smart WiFi Speaker - White,Speakers,11303.47,Units,0,2026-05-18 09:55:05
FIVE1EU1BLK,Sonos Five Ultimate Wireless Smart Speaker - Black (S24),Speakers,13042.61,Units,0,2026-05-18 09:55:05
FIVE1EU1,Sonos Five Ultimate Wireless Smart Speaker - White (S24),Speakers,13042.61,Units,0,2026-05-18 09:55:05
INCLGWW1,Sonos In-Ceiling by Sonance {Pair},Miscellaneous,10868.7,Units,0,2026-05-18 09:55:05
PCS1LEU1BLK,Sonos Long Angled Power Cable EU (Black) 8544.42.2000,Miscellaneous,4346.96,Units,0,2026-05-18 09:55:05
PCS1LEU1,Sonos Long Angled Power Cable EU (White) 8544.42.2000,Miscellaneous,4346.96,Units,0,2026-05-18 09:55:05
MOVE2EU1BLK,Sonos Move 2 Wireless Smart Portable Speaker - Black (S17),Speakers,11303.48,Units,0,2026-05-18 09:55:05
MOVE2EU1,Sonos Move 2 Wireless Smart Portable Speaker - White (S17),Speakers,11303.48,Units,0,2026-05-18 09:55:05
MVBAGWW1BLK,Sonos Move Travel Bag - Black,Speakers,1651.3,Units,0,2026-05-18 09:55:05
MVWHKWW1BLK,Sonos Move Wall Hook - Black,Speakers,520.87,Units,0,2026-05-18 09:55:05
MVWHKWW1,Sonos Move Wall Hook - White,Speakers,607.83,Units,0,2026-05-18 09:55:05
MOVE1EU1BLK,Sonos Move Wireless Smart Portable Speaker - Black (S17),Speakers,9999.13,Units,0,2026-05-18 09:55:05
MOVE1EU1,Sonos Move Wireless Smart Portable Speaker - White (S17),Speakers,9999.13,Units,0,2026-05-18 09:55:05
ONEG2UK1BLK,Sonos ONE (Gen2) EU Black,Speakers,4520.87,Units,0,2026-05-18 09:55:05
ONEG2UK1,Sonos ONE (Gen2)Eu White,Speakers,4520.87,Units,0,2026-05-18 09:55:05
ONEG2EU1BLK,Sonos One Gen2 Ultimate Wireless Smart Bookshelf Speaker - Black (S18),Speakers,5216.52,Units,0,2026-05-18 09:55:05
ONEG2EU1,Sonos One Gen2 Ultimate Wireless Smart Bookshelf Speaker - White (S18),Speakers,5216.52,Units,0,2026-05-18 09:55:05
ONESLEU1BLK,Sonos One SL Ultimate Wireless Smart Bookshelf Speaker - Black (S22),Speakers,4781.74,Units,0,2026-05-18 09:55:05
ONESLEU1,Sonos One SL Ultimate Wireless Smart Bookshelf Speaker - White (S22),Speakers,4781.74,Units,0,2026-05-18 09:55:05
SS1WMWW1BLK,Sonos One Wall Mount - Black,Miscellaneous,1129.57,Units,0,2026-05-18 09:55:05
SS1WMWW1,Sonos One Wall Mount - White,Miscellaneous,1129.57,Units,0,2026-05-18 09:55:05
OUTDRWW1,Sonos Outdoor by Sonance {Pair} 8518.22.00.90,Miscellaneous,13042.61,Units,0,2026-05-18 09:55:05
PORT1EU1BLK,Sonos PORT EU (Black) S23,Miscellaneous,11303.48,Units,0,2026-05-18 09:55:05
PORT1UK1BLK,Sonos PORT UK (Black) S23,Miscellaneous,10433.91,Units,0,2026-05-18 09:55:05
FURYEU1BLK,Sonos Ray Black Marketing Stock (RAYG1EU1BLK),Miscellaneous,5651.3,Units,0,2026-05-18 09:55:05
RAYG1EU1BLK,Sonos Ray Optical/WiFi Smart Soundbar - Black (S36),Speakers,6086.09,Units,0,2026-05-18 09:55:05
RAYG1EU1,Sonos Ray Optical/WiFi Smart Soundbar - White (S36),Speakers,6086.09,Units,0,2026-05-18 09:55:05
RAYWMWW1BLK,Sonos Ray Wall Mount WW Black,Miscellaneous,1477.39,Units,0,2026-05-18 09:55:05
FURYEU1,Sonos Ray white marketing stock (RAYG1EU1),Miscellaneous,5651.3,Units,0,2026-05-18 09:55:05
ROAM1R21BLK,Sonos Roam Portable Smart Speaker - Black (S27),Speakers,3912.17,Units,0,2026-05-18 09:55:05
ROAM1R21,Sonos Roam Portable Smart Speaker - White (S27),Speakers,3912.17,Units,0,2026-05-18 09:55:05
RMSL1R21BLK,Sonos Roam SL Portable Smart Speaker - Black (S27),Speakers,3477.39,Units,0,2026-05-18 09:55:05
RMSL1R21,Sonos Roam SL Portable Smart Speaker - White (S27),Speakers,3477.39,Units,0,2026-05-18 09:55:05
RMWCHEU1BLK,Sonos Roam Wireless Charger - Black,Speakers,955.65,Units,0,2026-05-18 09:55:05
RMWCHEU1,Sonos Roam Wireless Charger - White,Speakers,955.65,Units,0,2026-05-18 09:55:05
SUBG3UK1,Sonos Sub (Gen3) White,Miscellaneous,16520.87,Units,0,2026-05-18 09:55:05
SUBG4EU1 BLK,Sonos Sub Gen 4 Black,Miscellaneous,19874.79,Units,0,2026-07-22 10:23:26
SUBG3EU1BLK,Sonos Sub Gen3 Wireless Smart Subwoofer - Black (S26),Subwoofers,17390.43,Units,0,2026-05-18 09:55:05
SUBG3EU1,Sonos Sub Gen3 Wireless Smart Subwoofer - White (S26),Subwoofers,17390.43,Units,0,2026-05-18 09:55:05
SUBM1EU1BLK,Sonos Sub Mini Smart Subwoofer - Black (S37),Subwoofers,10433.91,Units,0,2026-05-18 09:55:05
SUBM1EU1,Sonos Sub Mini Smart Subwoofer - White (S37),Subwoofers,10433.91,Units,0,2026-05-18 09:55:05
ARCWMWW1BLK,Sonos Wall Mount For ARC Soundbar Black,Speakers,1477.39,Units,0,2026-05-18 09:55:05
BM1WMWW1BLK,Sonos Wall Mount For Beam Soundbar - Black,Speakers,1477.39,Units,0,2026-05-18 09:55:05
BM1WMWW1,Sonos Wall Mount For Beam Soundbar - White,Speakers,1477.39,Units,0,2026-05-18 09:55:05
SOUND4203B,Sound 4203 Sonos Play 3 Wall Mount Black,Miscellaneous,878.26,Units,0,2026-05-18 09:55:05
SOUND4203W,Sound 4203 Sonos Play 3 Wall Mount White,Miscellaneous,878.26,Units,0,2026-05-18 09:55:05
SCAT6B,Soundlab Cat6 550mhz 305m (Blue),Miscellaneous,5826.09,Units,0,2026-05-18 09:55:05
SPANELG,Soundlab Lutron Keypad Box 305m (Green),Keypads,11217.39,Units,0,2026-05-18 09:55:05
SP6INCHSQ,Speaker Box 6.5' (Rect),Speakers,539.13,Units,0,2026-05-18 09:55:05
SP6INCH,Speaker Box Monitor Audio 6.5' (Round),Speakers,486.96,Units,0,2026-05-18 09:55:05
SP8INCH,Speaker Box Monitor Audio 8' (Round),Speakers,513.04,Units,0,2026-05-18 09:55:05
SP,Speaker Point,Miscellaneous,1200.0,Units,0,2026-07-15 11:41:53
FT-HSFP,Splice Protectors 40mm HSFP-40T 1mm Pin,Miscellaneous,145.0,Units,0,2026-05-18 09:55:05
SPMAX12,Splitter MAX 1x2,Miscellaneous,2607.83,Units,0,2026-05-18 09:55:05
SPMAX14,Splitter MAX 1x4,Miscellaneous,3999.13,Units,0,2026-05-18 09:55:05
BRA-S25,Square Bracket Wallmount 25cm,Miscellaneous,430.0,Units,0,2026-05-18 09:55:05
BRA-S40,Square Bracket Wallmount 40cm,Miscellaneous,575.0,Units,0,2026-05-18 09:55:05
BRA-S55,Square Bracket Wallmount 55cm,Miscellaneous,730.0,Units,0,2026-05-18 09:55:05
BA13-5,Stable Power Battery 12VDC 7Ah SLA,Miscellaneous,251.43,Units,0,2026-07-22 10:23:30
Steinway S-15 Table Stand,Steinway S-15 table stand,Miscellaneous,2488.7,Units,0,2026-07-22 10:23:34
CIF110HNEVEWPX,Stewart CIMA 110 16:9 (Perforado),Miscellaneous,75652.17,Units,0,2026-05-18 09:55:05
CIF110HTBG4WX,Stewart CIMA 110 16:9 (Tiburon G4),Miscellaneous,42608.7,Units,0,2026-05-18 09:55:05
CIF123HNEVEWPX,Stewart CIMA 123 16:9 (Perforado),Miscellaneous,89130.43,Units,0,2026-05-18 09:55:05
CIF123HTBG4WX,Stewart CIMA 123 16:9 (Tiburon G4),Miscellaneous,47391.3,Units,0,2026-05-18 09:55:05
CIF135HNEVEWPX,Stewart CIMA 135 16:9 (Perforado),Miscellaneous,98260.87,Units,0,2026-05-18 09:55:05
CIF135HTBG4WX,Stewart CIMA 135 16:9 (Tiburon G4),Miscellaneous,50869.57,Units,0,2026-05-18 09:55:05
CIF150HNEVEWPX,Stewart CIMA 150 16:9 (Perforado),Miscellaneous,103043.48,Units,0,2026-05-18 09:55:05
CIF150HTBG4WX,Stewart CIMA 150 16:9 (Tiburon G4),Miscellaneous,52608.7,Units,0,2026-05-18 09:55:05
CIF165HNEVEWPX,Stewart CIMA 165 16:9 (Perforado),Miscellaneous,111739.13,Units,0,2026-05-18 09:55:05
SS-SL-OD,Strobe light with Siren for security system,Miscellaneous,332.05,Units,0,2026-05-18 09:55:05
MP-10WSUR,Surge Protected Multi Plug 5x16A 5x5A 0.5m Cord,Miscellaneous,145.0,Units,0,2026-05-18 09:55:05
MP-10WSWI,Switched Multi Plug 5x16A 5x5A 0.5m Cord,Miscellaneous,215.0,Units,0,2026-05-18 09:55:05
SWITCHERMAX41,Switcher MAX (4x1),Miscellaneous,3912.17,Units,0,2026-05-18 09:55:05
C11028,Symphony 100 - 100M Speaker Cable,Miscellaneous,4346.96,Units,0,2026-05-18 09:55:05
C11029,Symphony 200 - 100M Speaker Cable,Miscellaneous,6086.09,Units,0,2026-05-18 09:55:05
C11031,Symphony 400 - 50M Speaker Cable,Miscellaneous,5216.52,Units,0,2026-05-18 09:55:05
BRA-T150,T-Stand off Bracket 150mm,Miscellaneous,215.0,Units,0,2026-05-18 09:55:05
BRA-T300,T-Stand off Bracket 300mm,Miscellaneous,285.0,Units,0,2026-05-18 09:55:05
ITP-TBLTOP80-00,TABLE TOP DOCK FOR SAVANT TOUCH 8,Miscellaneous,8617.39,Units,0,2026-05-18 09:55:05
PTS1107,TABLOCK - Samsung Galaxy 10.1,Miscellaneous,2695.65,Units,0,2026-05-18 09:55:05
9155038,TAMPER SWITCH,Switches,0.0,Units,0,2026-05-18 09:55:05
CLI-THFM1-00,TEMP AND HUMIDITY SENSOR FLUSH MOUNT,Miscellaneous,8343.48,Units,0,2026-05-18 09:55:05
THIN405,THIN 405 Fixed TV Wall Mount,Miscellaneous,1408.7,Units,0,2026-05-18 09:55:05
THIN415,THIN 415 Tilting TV Wall Mount,Miscellaneous,2104.35,Units,0,2026-05-18 09:55:05
THIN425,THIN 425 Full-Motion TV Wall Mount,Miscellaneous,3504.35,Units,0,2026-05-18 09:55:05
THIN445,THIN 445 Full-Motion TV Wall Mount,Miscellaneous,4669.57,Units,0,2026-05-18 09:55:05
THIN445WH,THIN 445 Full-Motion TV Wall Mount White,Miscellaneous,466957.0,Units,0,2026-05-18 09:55:05
THIN505,THIN 505 Fixed TV Wall Mount,Miscellaneous,1869.57,Units,0,2026-05-18 09:55:05
THIN515,THIN 515 Tilting TV Wall Mount,Miscellaneous,2565.22,Units,0,2026-05-18 09:55:05
THIN525,THIN 525 Full-Motion TV Wall Mount,Miscellaneous,4669.57,Units,0,2026-05-18 09:55:05
THIN545,THIN 545 Full-Motion TV Wall Mount,Miscellaneous,6417.39,Units,0,2026-05-18 09:55:05
THIN545W,THIN 545 Full-Motion TV Wall Mount White,Miscellaneous,641739.0,Units,0,2026-05-18 09:55:05
THIN546,THIN 546 Full-Motion TV Wall Mount Universal OLED,Miscellaneous,6260.87,Units,0,2026-05-18 09:55:05
THIN550,THIN 550 Full-Motion TV Wall Mount,Miscellaneous,7452.17,Units,0,2026-05-18 09:55:05
THIN595,THIN 595 Double Stud Adapter (525/545/550),Miscellaneous,1808.7,Units,0,2026-05-18 09:55:05
THIN215,THIN215 LED wall support,Miscellaneous,2052.17,Units,0,2026-05-18 09:55:05
THIN325,THIN325 Tilt/turn Single Arm,Miscellaneous,4469.57,Units,0,2026-05-18 09:55:05
TVM 3415,TILT MOUNT MEDIUM,Miscellaneous,1564.35,Units,0,2026-05-18 09:55:05
TMS1010,TMS 1010  Tablet Wall Pack,Miscellaneous,686.96,Units,0,2026-05-18 09:55:05
VTMS1010,TMS 1010  Tablet Wall Pack,Miscellaneous,686.96,Units,0,2026-05-18 09:55:05
TMS1020,TMS 1020 Tablet Car Pack,Miscellaneous,1208.7,Units,0,2026-05-18 09:55:05
TMS1030,TMS 1030 Tablet Flex Pack,Miscellaneous,1582.61,Units,0,2026-05-18 09:55:05
TMS1050,TMS 1050  Tablet Dashboard Pack,Miscellaneous,791.3,Units,0,2026-05-18 09:55:05
BAT-BA-TO-9VBP1,TOSHIBA ALKALINE 9V BLISTER PACK 1 (6LR61GCP BP-1) BA-TO-HI9V1,Miscellaneous,85.71,Units,0,2026-07-22 10:23:38
RCK-FMT330V,TOWER FRONT MOUNT TRAY 330MM,Miscellaneous,407.14,Units,0,2026-07-22 10:23:43
NET-TL-POE150S,TP-LINK OMADA POE INJECTOR 15W 1 PORT,Miscellaneous,262.44,Units,0,2026-07-22 10:23:47
TP-POE160S,TP-LINK TL POE160S DUAL PORT POE+ INJECTOR,Uncategorised,437.0,Units,0,2026-07-24 12:48:08
TL-POE2412G,TP-Link Passive PoE Injector,Miscellaneous,197.37,Units,0,2026-07-22 10:23:51
STP-TWT-00,TUNABLE WHITE 3-WAY T COUPLER (10 PACK),Miscellaneous,1292.17,Units,0,2026-05-18 09:55:05
STP-TWJUMPER-00,TUNABLE WHITE JUMPER (10 PACK),Miscellaneous,430.43,Units,0,2026-05-18 09:55:05
STP-TW10MID-00,TUNABLE WHITE LIGHT STRIP - INDOOR (10M),Miscellaneous,6462.61,Units,0,2026-05-18 09:55:05
STP-TWCOUPLER-00,TUNABLE WHITE STRAIGHT COUPLER (10 PACK),Miscellaneous,322.61,Units,0,2026-05-18 09:55:05
3x CAT6,TV Point,Miscellaneous,0.0,Units,0,2026-07-23 10:39:51
TVM 3215,TVM 3215 Tilting TV Wall Mount,Miscellaneous,1129.57,Units,0,2026-05-18 09:55:05
TVM 3405,TVM 3405 Fixed TV Wall Mount,Miscellaneous,1216.52,Units,0,2026-05-18 09:55:05
TVM 3605,TVM 3605 Fixed TV Wall Mount,Miscellaneous,1651.3,Units,0,2026-05-18 09:55:05
TVM 3615,TVM 3615 Tilting TV Wall Mount,Miscellaneous,2086.09,Units,0,2026-05-18 09:55:05
TVM 3645,TVM 3645 Full-Motion TV Wall Mount,Miscellaneous,6086.09,Units,0,2026-05-18 09:55:05
TVM 5405,TVM 5405 Fixed TV Wall Mount,Miscellaneous,1912.17,Units,0,2026-05-18 09:55:05
TVM 5445,TVM 5445 Full-Motion TV Wall Mount,Miscellaneous,6520.87,Units,0,2026-05-18 09:55:05
TVM 5605,TVM 5605 Fixed TV Wall Mount,Miscellaneous,2520.87,Units,0,2026-05-18 09:55:05
TVM 5645,TVM 5645 Full-Motion TV Wall Mount,Miscellaneous,7825.22,Units,0,2026-05-18 09:55:05
TVM 5845,TVM 5845 Full-Motion TV Wall Mount,Miscellaneous,9216.52,Units,0,2026-05-18 09:55:05
TVM 5855,TVM 5855 Full-Motion TV Wall Mount,Miscellaneous,9216.52,Units,0,2026-05-18 09:55:05
TVM 7655,TVM 7655 Full-Motion TV Wall Mount,Miscellaneous,13912.17,Units,0,2026-05-18 09:55:05
TVM 7675,TVM 7675 Full-Motion TV Wall Mount,Miscellaneous,27825.22,Units,0,2026-05-18 09:55:05
300317-0-0,TWEETER MODULE IKON MK2 LARGE,Speakers,2947.83,Units,0,2026-05-18 09:55:05
TX-8270(B),TX-8270 BLACK NETWORK STEREO RECEIVER,Receivers,15651.3,Units,0,2026-05-18 09:55:05
TX-SR393(B),TX-SR393 BLACK 5.1 A/V BLUETOOTH RECEIVER,Receivers,6520.87,Units,0,2026-05-18 09:55:05
NET-LAB-BRR-TZ221,TZ TAPE LAMINATED 9MM BLACK /WHITE (TZE221) TZE221,Miscellaneous,614.29,Units,0,2026-07-22 10:23:55
DS-2SE7C425MWG-EB/26(F0),TandemVu 4MP PTZ 25x optical zoom 6MP panoramic channel 200m IR Smart tracking  built-in strobe-light & siren 24VAC/Hi-POE,CCTV,22044.43,Units,0,2026-07-15 12:08:22
,Test Product,Amplifiers,0.0,Units,0,2026-05-18 09:55:05
RZ-50,The Onkyo TX-RZ50 AV receiver delivers ultra-wide bandwidth and is packed with the latest technology for the home theater of your dreams,Miscellaneous,29813.67,Units,0,2026-07-22 10:23:59
No 632,"The № 632, is a fully differential, fully discrete, dual-monaural audio amplifier capable of driving loudspeakers with effortless dynamics and incredi",Miscellaneous,798260.87,Units,0,2026-07-22 10:24:03
Travel & Accomodation,Travel & Accomodation,Uncategorised,1.0,Units,0,2026-07-29 10:35:08
TS-AMS16,Triad AMS16 Audio Matrix Switch,Switches,50434.78,Units,0,2026-05-18 09:55:05
TS-AMS8-V2,Triad AMS8V2 Audio Matrix Switch,Switches,30434.78,Units,0,2026-05-18 09:55:05
TS-SAMP1-100-WH,Triad One Streaming Amplifier (White),Amplifiers,19565.22,Units,0,2026-05-18 09:55:05
TS-PAMP4-125-V2,Triad PAMP4-125 Power Amplifier,Amplifiers,31304.35,Units,0,2026-05-18 09:55:05
TS-PAMP8-100,Triad PAMP8-100 Power Amplifier,Amplifiers,42608.7,Units,0,2026-05-18 09:55:05
TS-SA1-200,Triad SA1 Ryff 200W x2 Streaming Amp,Miscellaneous,25130.43,Units,0,2026-05-18 09:55:05
OPT-MIC3-ETH,Trinnov Altitude CI 3D Mic Ethercon,Miscellaneous,17304.34,Units,0,2026-07-22 10:24:07
BRA-TS,Tripod Bracket Wallmount 10cm,Miscellaneous,175.0,Units,0,2026-05-18 09:55:05
BRA-TM,Tripod Bracket Wallmount 25cm,Miscellaneous,250.0,Units,0,2026-05-18 09:55:05
BRA-TL,Tripod Bracket Wallmount 47cm,Miscellaneous,275.0,Units,0,2026-05-18 09:55:05
TY-K-TURN-BK,Tyba Turn2 (Black),Miscellaneous,20000.0,Units,0,2026-05-18 09:55:05
TY-K-TURN-BZ,Tyba Turn2 (Bronze),Miscellaneous,23478.26,Units,0,2026-05-18 09:55:05
TY-K-TURN-SR,Tyba Turn2 (Silver),Miscellaneous,20000.0,Units,0,2026-05-18 09:55:05
TY-B-PDC,Tyba Turn2 DC Power Bus,Miscellaneous,1739.13,Units,0,2026-05-18 09:55:05
TY-B-STD-BK,Tyba Turn2 Tablestand (Black),Miscellaneous,5434.78,Units,0,2026-05-18 09:55:05
TY-B-PLT-BK,Tyba Turn2 Wallplate (Black),Panels,1391.3,Units,0,2026-05-18 09:55:05
TY-B-PLT-BZ,Tyba Turn2 Wallplate (Bronze),Panels,1739.13,Units,0,2026-05-18 09:55:05
TY-B-PLT-SR,Tyba Turn2 Wallplate (Silver),Panels,1391.3,Units,0,2026-05-18 09:55:05
UBOLT,U-Bolt 50mm Mild Steel,Miscellaneous,13.0,Units,0,2026-05-18 09:55:05
UFL-SMAF,U.FL to SMA Female Bulkhead,Miscellaneous,50.0,Units,0,2026-05-18 09:55:05
UDM-MAX,UDM-MAX,Routers,13360.87,Units,0,2026-07-23 09:02:33
CAB-HDMI-AMAM-1.2M-U,UNITEK 1.2M HDMI MALE TO MALE V1.4,Miscellaneous,62.07,Units,0,2026-07-22 10:24:19
CAB-MIC-HDMI2.02M-U,UNITEK 2M 4K MM MICRO HDMI TO HDMI2.0 CBL,Miscellaneous,172.93,Units,0,2026-07-22 10:24:20
UPS-AP1800VA,UPS - 1800VA,Miscellaneous,2753.55,Units,0,2026-05-18 09:55:05
UPS-AP2400,UPS - 2400VA,Miscellaneous,3478.55,Units,0,2026-05-18 09:55:05
UPS-AP3600VA,UPS - 3600VA,Miscellaneous,6378.55,Units,0,2026-05-18 09:55:05
UPS-AP0720,UPS 720 VA,Miscellaneous,884.5,Units,0,2026-05-18 09:55:05
TEST-IS-STC12,UTC (UP THE COAX) CAMERA OSD(ON SCREEN DISPLAY MENU) SETUP CONTROL FOR INSTALLER,Uncategorised,143.55,Units,0,2026-05-18 09:55:05
,Ubiquit,Uncategorised,1.0,Units,0,2026-07-24 14:42:18
UACC-RJ451G,Ubiquiti 1.25G SFP to RJ45 Gigabit Ethernet Module | UACC-CM-RJ45-1G,Miscellaneous,515.0,Units,0,2026-05-18 09:55:05
UCG-FIBER,Ubiquiti 10G Multi-WAN UniFi Cloud Gateway Fiber,Miscellaneous,7350.0,Units,0,2026-07-22 10:24:24
UACC-PSU-210W,Ubiquiti 54V 210W AC Power Supply,Miscellaneous,2278.57,Units,0,2026-07-22 10:24:28
URACK-6U,Ubiquiti 6U Toolless Mini Rack with Blank 24 Port Patch Panel | U-RACK-6U-TL,Panels,8470.0,Units,0,2026-05-18 09:55:05
POE-802O,Ubiquiti 802.3af to 24VDC Gigabit Outdoor Adapter | INS-3AF-O-G,Miscellaneous,575.0,Units,0,2026-05-18 09:55:05
UACC-PM,Ubiquiti Access Point Pro Arm Mount for UniFi Pro AP's | UACC-PRO-AP-AM,Wireless Access Points,720.0,Units,0,2026-05-18 09:55:05
UCK-G2S,Ubiquiti Aluminium Stand for UCK-G2PLUS | UACC-CKG2-Plus Stand,Miscellaneous,595.0,Units,0,2026-05-18 09:55:05
TR-UBWA,Ubiquiti Broadband Wireless Admin Training (Advanced Level),Miscellaneous,4019.25,Units,0,2026-05-18 09:55:05
TR-UBWS,Ubiquiti Broadband Wireless Specialist Training (Entry Level),Miscellaneous,1949.25,Units,0,2026-05-18 09:55:05
UACC-HDD8,"Ubiquiti Enterprise 3.5"" 8TB Hard Drive",Uncategorised,6346.96,Units,0,2026-07-15 11:45:30
POE-FIBRE,Ubiquiti Fibre to Ethernet Converter with PoE | F-POE-G2,Miscellaneous,825.0,Units,0,2026-05-18 09:55:05
UF-GPC,Ubiquiti GPON C+ SC/UPC 20km SFP Module | UF-GP-C+,Miscellaneous,2190.0,Units,0,2026-05-18 09:55:05
UPOE-24G12W,Ubiquiti Gigabit PoE Adapter 24V 12W with No Cable | POE-24-12W-G-WH,Miscellaneous,250.0,Units,0,2026-05-18 09:55:05
UPOE-24G24W,Ubiquiti Gigabit PoE Adapter 24V 24W with No Cable | POE-24-24W-WH,Miscellaneous,325.0,Units,0,2026-05-18 09:55:05
UPOE-24G7W,Ubiquiti Gigabit PoE Adapter 24V 7W with No Cable | POE-24-7W-G-WH,Miscellaneous,215.0,Units,0,2026-05-18 09:55:05
UPOE-48G15W,Ubiquiti Gigabit PoE Adapter 48V 15W with No Cable | U-POE-AF,Miscellaneous,250.0,Units,0,2026-05-18 09:55:05
UPOE-48G30W,Ubiquiti Gigabit PoE Adapter 48V 30W with No Cable | U-POE-AT,Miscellaneous,475.0,Units,0,2026-05-18 09:55:05
UPOE-48G60W,Ubiquiti Gigabit PoE Adapter 48V 60W with No Cable | U-PoE++,Miscellaneous,825.0,Units,0,2026-05-18 09:55:05
UB-ETHSP,Ubiquiti Grounded Ethernet Surge Protector | ETH-SP-G2,Miscellaneous,330.0,Units,0,2026-05-18 09:55:05
UACC-LRE,Ubiquiti Long Range PoE Repeater and Surge Protector | UACC-LRE,Miscellaneous,850.0,Units,0,2026-05-18 09:55:05
UACC-MM1G,Ubiquiti Multi Mode 1.25G LC SFP 850nm 550m | UACC-OM-MM-1G-D-2,Miscellaneous,485.0,Units,0,2026-05-18 09:55:05
UACC-MM10G,Ubiquiti Multi Mode 10G LC SFP+ 850nm 300m | UACC-OM-MM-10G-D-2,Miscellaneous,1125.0,Units,0,2026-05-18 09:55:05
UCG-ULTRA,Ubiquiti Multi-WAN UniFi Cloud Gateway Ultra | UCG-Ultra,Miscellaneous,2445.0,Units,0,2026-05-18 09:55:05
NS4,Ubiquiti NanoSwitch Outdoor 4 Port Gigabit with 3 POE Out | N-SW,Miscellaneous,995.0,Units,0,2026-05-18 09:55:05
UB60-PM,Ubiquiti Precision Alignment Mount for GBE-60LR | 60G-PM,Miscellaneous,2095.0,Units,0,2026-05-18 09:55:05
UACC-SM1GS,Ubiquiti Single Mode 1.25G LC Bi-Directional SFP 3km | UACC-OM-SM-1G-S-2,Miscellaneous,650.0,Units,0,2026-05-18 09:55:05
UACC-SM10G,Ubiquiti Single Mode 10G LC SFP+  1310nm 10km | UACC-OM-SM-10G-D-2,Miscellaneous,2445.0,Units,0,2026-05-18 09:55:05
UACC-HDD4S,"Ubiquiti Standard 3.5"" SATA 4TB Hard Drive",Miscellaneous,3278.57,Units,0,2026-07-22 10:24:33
UB-QM,Ubiquiti Toolless Quick-Mount for Ubiquiti CPE's | QUICK-MOUNT,Miscellaneous,575.0,Units,0,2026-05-18 09:55:05
UF-TBOX,Ubiquiti UFiber Outdoor Terminal Box | UF-Terminal-Box,Miscellaneous,850.0,Units,0,2026-05-18 09:55:05
UISP-HORN,Ubiquiti UISP 5GHz 19dBi 30° Horn Antenna | UISP-HORN,Dish,5295.0,Units,0,2026-05-18 09:55:05
WAVE-APM,Ubiquiti UISP 60GHz/5GHz PtMP Wave Access Point Micro | WAVE-AP-MICRO,Wireless Access Points,13495.0,Units,0,2026-05-18 09:55:05
WAVE-AP,Ubiquiti UISP 60GHz/5GHz PtMP Wave Access Point | WAVE-AP,Wireless Access Points,14375.0,Units,0,2026-05-18 09:55:05
WAVE-LR,Ubiquiti UISP 60GHz/5GHz Wave Long Range Radio | WAVE-LR,Miscellaneous,8850.0,Units,0,2026-05-18 09:55:05
WAVE-NANO,Ubiquiti UISP 60GHz/5GHz Wave Nano Radio | WAVE-NANO,Miscellaneous,7895.0,Units,0,2026-05-18 09:55:05
WAVE-PRO,Ubiquiti UISP 60GHz/5GHz Wave Professional Radio | WAVE-PRO,Miscellaneous,17250.0,Units,0,2026-05-18 09:55:05
UISP-CON,Ubiquiti UISP Console 9 Port Gigabit 2SFP+ | UISP-CONSOLE,Miscellaneous,8795.0,Units,0,2026-05-18 09:55:05
EP-24V72W,Ubiquiti UISP EdgePower 24V 72W Power Supply & Battery Backup | EP-24V-72W,Miscellaneous,4445.0,Units,0,2026-05-18 09:55:05
ER-6P,Ubiquiti UISP EdgeRouter 6P 5 Port Gigabit 1SFP | ER-6P,Miscellaneous,6150.0,Units,0,2026-05-18 09:55:05
ER-XSFP,Ubiquiti UISP EdgeRouter X SFP 5 Port Gigabit 1SFP | ER-X-SFP,Miscellaneous,2050.0,Units,0,2026-05-18 09:55:05
ER-X,Ubiquiti UISP EdgeRouterX 5 Port Gigabit Router | ER-X,Routers,1425.0,Units,0,2026-05-18 09:55:05
ES24-250,Ubiquiti UISP EdgeSwitch 24 Port PoE 250W 2SFP | ES-24-250W,Miscellaneous,11080.0,Units,0,2026-05-18 09:55:05
ES48-500,Ubiquiti UISP EdgeSwitch 48 Port PoE 500W 2SFP 2SFP+ | ES-48-500W,Miscellaneous,21275.0,Units,0,2026-05-18 09:55:05
ES8-150,Ubiquiti UISP EdgeSwitch 8 Port PoE 150W 2SFP | ES-8-150W,Miscellaneous,5575.0,Units,0,2026-05-18 09:55:05
UF-OLT-4,Ubiquiti UISP Fiber GPON OLT 4 PON Ports 1SFP+ | UF-OLT-4,Miscellaneous,26150.0,Units,0,2026-05-18 09:55:05
UF-LOCO,Ubiquiti UISP Fiber Loco GPON CPE with PoE in | UF-LOCO,Miscellaneous,1250.0,Units,0,2026-05-18 09:55:05
UF-WIFI6,Ubiquiti UISP Fiber WiFi 6 GPON CPE with 4 Gigabit Ports | UF-WIFI6,Miscellaneous,2850.0,Units,0,2026-05-18 09:55:05
UF-WIFI,Ubiquiti UISP Fiber WiFi GPON CPE with 4 Gigabit Ports | UF-WIFI,Miscellaneous,1950.0,Units,0,2026-05-18 09:55:05
UF-AE,Ubiquiti UISP Fibre to Ethernet Converter | UF-AE,Miscellaneous,795.0,Units,0,2026-05-18 09:55:05
UISP-BOX,Ubiquiti UISP IPX6 Enclosure for UISP-R and UISP-S | UISP-BOX,Miscellaneous,1795.0,Units,0,2026-05-18 09:55:05
LTU-INS,Ubiquiti UISP LTU Instant 5GHz Feed 5-Pack | LTU-INSTANT-5,Miscellaneous,9895.0,Units,0,2026-05-18 09:55:05
LTU-LR,Ubiquiti UISP LTU LR 5GHz 26dBi Long Range CPE | LTU-LR,Miscellaneous,3725.0,Units,0,2026-05-18 09:55:05
LTU-LITE,Ubiquiti UISP LTU Lite 5GHz 13dBi CPE | LTU-LITE,Miscellaneous,2695.0,Units,0,2026-05-18 09:55:05
LTU-PRO,Ubiquiti UISP LTU Pro 5GHz 24dBi CPE | LTU-PRO,Miscellaneous,4825.0,Units,0,2026-05-18 09:55:05
LTU-ROCKET,Ubiquiti UISP LTU Rocket 5GHz Radio | LTU-ROCKET,Miscellaneous,10350.0,Units,0,2026-05-18 09:55:05
LTU-XR,Ubiquiti UISP LTU XR 5GHz 29dBi CPE | LTU-XR,Miscellaneous,3795.0,Units,0,2026-05-18 09:55:05
UISP-R,Ubiquiti UISP Router 8 Port Gigabit PoE 110W 1SFP | UISP-R,Routers,4490.0,Units,0,2026-05-18 09:55:05
UISP-RPRO,Ubiquiti UISP Router Pro 9 Port Gigabit 4SFP+ | UISP-R-PRO,Routers,16530.0,Units,0,2026-05-18 09:55:05
UISP-SPRO,Ubiquiti UISP Switch 24 Port Gigabit 16 PoE 220W 4SFP+ | UISP-S-Pro,Switches,11495.0,Units,0,2026-05-18 09:55:05
UISP-S,Ubiquiti UISP Switch 8 Port Gigabit PoE 110W 1SFP | UISP-S,Switches,3295.0,Units,0,2026-05-18 09:55:05
UISP-SPLUS,Ubiquiti UISP Switch Plus 4 Port 2.5Gbps PoE 4xSFP+ 160W | UISP-S-PLUS,Switches,11345.0,Units,0,2026-05-18 09:55:05
ACB-AC,Ubiquiti UISP airCube AC WiFi Access Point | ACB-AC,Wireless Access Points,1975.0,Units,0,2026-05-18 09:55:05
ACB-ISP,Ubiquiti UISP airCube ISP WiFi Access Point | ACB-ISP,Wireless Access Points,775.0,Units,0,2026-05-18 09:55:05
AF-11KIT,Ubiquiti UISP airFiber 11GHz Dish Radio and Duplexer Kit | AF11-Complete-LB,Dish,43125.0,Units,0,2026-05-18 09:55:05
AF-11DUPH,Ubiquiti UISP airFiber 11GHz High Band Duplexer | AF-11-DUP-H,Miscellaneous,5215.0,Units,0,2026-05-18 09:55:05
AF-11DUPL,Ubiquiti UISP airFiber 11GHz Low Band Duplexer | AF-11-DUP-L,Miscellaneous,5195.0,Units,0,2026-05-18 09:55:05
AF-11,Ubiquiti UISP airFiber 11GHz Radio | AF-11,Miscellaneous,27995.0,Units,0,2026-05-18 09:55:05
AF-5XHD,Ubiquiti UISP airFiber 5XHD 5GHz Radio | AF-5XHD,Miscellaneous,10780.0,Units,0,2026-05-18 09:55:05
AF-60LR,Ubiquiti UISP airFiber 60GHz Long Range Radio | AF60-LR,Miscellaneous,9045.0,Units,0,2026-05-18 09:55:05
AIR-D523X,Ubiquiti UISP airFiberX 5GHz 23dBi 45° Slant Dish Antenna | AF-5G23-S45,Dish,2815.0,Units,0,2026-05-18 09:55:05
AIR-D530X,Ubiquiti UISP airFiberX 5GHz 30dBi 45° Slant Dish Antenna | AF-5G30-S45,Dish,3295.0,Units,0,2026-05-18 09:55:05
AIR-D534X,Ubiquiti UISP airFiberX 5GHz 34dBi 45° Slant Dish Antenna | AF-5G34-S45,Dish,9195.0,Units,0,2026-05-18 09:55:05
AIR-S215,Ubiquiti UISP airMAX 2GHz 15dBi 120° Sector Antenna | AM-2G15-120,Dish,3495.0,Units,0,2026-05-18 09:55:05
AIR-O510,Ubiquiti UISP airMAX 5GHz 10dBi Omni Antenna | AMO-5G10,Dish,3125.0,Units,0,2026-05-18 09:55:05
AIR-O513,Ubiquiti UISP airMAX 5GHz 13dBi Omni Antenna | AMO-5G13,Dish,4185.0,Units,0,2026-05-18 09:55:05
AIR-S516,Ubiquiti UISP airMAX 5GHz 16dBi 120° Sector Antenna | AM-5G16-120,Dish,1995.0,Units,0,2026-05-18 09:55:05
AIR-S517,Ubiquiti UISP airMAX 5GHz 17dBi 90° Sector Antenna | AM-5G17-90,Dish,1995.0,Units,0,2026-05-18 09:55:05
AIR-S519,Ubiquiti UISP airMAX 5GHz 19dBi 120° Sector Antenna | AM-5G19-120,Dish,3525.0,Units,0,2026-05-18 09:55:05
AIR-S520,Ubiquiti UISP airMAX 5GHz 20dBi 90° Sector Antenna | AM-5G20-90,Dish,3525.0,Units,0,2026-05-18 09:55:05
AIR-D530,Ubiquiti UISP airMAX 5GHz 30dBi Dish Antenna | RD-5G30,Dish,3725.0,Units,0,2026-05-18 09:55:05
UISP-DISH,Ubiquiti UISP airMAX 5GHz 30dBi Dish Antenna | UISP-DISH,Dish,7350.0,Units,0,2026-05-18 09:55:05
AIR-D530LW,Ubiquiti UISP airMAX 5GHz 30dBi Light Weight Dish Antenna | RD-5G30-LW,Dish,2750.0,Units,0,2026-05-18 09:55:05
AIR-D534,Ubiquiti UISP airMAX 5GHz 34dBi Dish Antenna | RD-5G34,Dish,8480.0,Units,0,2026-05-18 09:55:05
AIR-S521AC,Ubiquiti UISP airMAX AC 5GHz 21dBi 60° Sector Antenna | AM-5AC21-60,Dish,5175.0,Units,0,2026-05-18 09:55:05
AIR-S522AC,Ubiquiti UISP airMAX AC 5GHz 22dBi 45° Sector Antenna | AM-5AC22-45,Dish,5175.0,Units,0,2026-05-18 09:55:05
ISO-514AC,Ubiquiti UISP airMAX IsoStation AC 5GHz 14dBi Horn Radio | IS-5AC,Miscellaneous,3295.0,Units,0,2026-05-18 09:55:05
LAP-516AC,Ubiquiti UISP airMAX LiteAP AC 5GHz 16dBi 120° Radio | LAP-120,Miscellaneous,2250.0,Units,0,2026-05-18 09:55:05
LAP-517AC,Ubiquiti UISP airMAX LiteAP AC 5GHz 17dBi 90° Radio with GPS | LAP-GPS,Miscellaneous,2625.0,Units,0,2026-05-18 09:55:05
LBE-523ACG2,Ubiquiti UISP airMAX LiteBeam AC 5GHz 23dBi Radio | LBE-5AC-Gen2,Miscellaneous,1725.0,Units,0,2026-05-18 09:55:05
LBE-526ACLR,Ubiquiti UISP airMAX LiteBeam AC LR 5GHz 26dBi Radio | LBE-5AC-LR,Miscellaneous,2975.0,Units,0,2026-05-18 09:55:05
LBE-529ACXR,Ubiquiti UISP airMAX LiteBeam AC XR 5GHz 29dBi Radio | LBE-5AC-XR,Miscellaneous,4995.0,Units,0,2026-05-18 09:55:05
LBE-523,Ubiquiti UISP airMAX LiteBeam M5 5GHz 23dBi Radio | LBE-M5-23,Miscellaneous,1295.0,Units,0,2026-05-18 09:55:05
LOCO-5ACL,Ubiquiti UISP airMAX Loco AC 5GHz 13dBi Radio | LOCO5AC,Miscellaneous,1295.0,Units,0,2026-05-18 09:55:05
LOCO-M2,Ubiquiti UISP airMAX Loco M2 2GHz 8dBi Radio | LOCOM2,Miscellaneous,1295.0,Units,0,2026-05-18 09:55:05
NBE-213AC,Ubiquiti UISP airMAX NanoBeam AC 2GHz 13dBi Radio | NBE-2AC-13,Miscellaneous,2550.0,Units,0,2026-05-18 09:55:05
NBE-519ACG2,Ubiquiti UISP airMAX NanoBeam AC 5GHz 19dBi Radio | NBE-5AC-Gen2,Miscellaneous,2550.0,Units,0,2026-05-18 09:55:05
NBE-516,Ubiquiti UISP airMAX NanoBeam M5 5GHz 16dBi Radio | NBE-M5-16,Miscellaneous,1695.0,Units,0,2026-05-18 09:55:05
NS-5AC,Ubiquiti UISP airMAX NanoStation 5AC 5GHz 16dBi Radio | NS-5AC,Miscellaneous,3295.0,Units,0,2026-05-18 09:55:05
NSM5,Ubiquiti UISP airMAX NanoStation M5 5GHz 16dBi Radio | NSM5,Miscellaneous,2225.0,Units,0,2026-05-18 09:55:05
PBE-218AC,Ubiquiti UISP airMAX PowerBeam AC 2GHz 18dBi Radio | PBE-2AC-400,Miscellaneous,3150.0,Units,0,2026-05-18 09:55:05
PBE-525ACISO,Ubiquiti UISP airMAX PowerBeam AC 5GHz 25dBi Isolator Radio | PBE-5AC-ISO-Gen2,Miscellaneous,3525.0,Units,0,2026-05-18 09:55:05
PBE-525ACG2-5,Ubiquiti UISP airMAX PowerBeam AC 5GHz 25dBi Radio 5 Pack | PBE-5AC-Gen2-5,Miscellaneous,15095.0,Units,0,2026-05-18 09:55:05
PBE-525ACG2,Ubiquiti UISP airMAX PowerBeam AC 5GHz 25dBi Radio | PBE-5AC-Gen2,Miscellaneous,3150.0,Units,0,2026-05-18 09:55:05
PBE-218,Ubiquiti UISP airMAX PowerBeam M2 2GHz 18dBi Radio | PBE-M2-400,Miscellaneous,2050.0,Units,0,2026-05-18 09:55:05
PBE-522,Ubiquiti UISP airMAX PowerBeam M5 5GHz 22dBi Radio | PBE-M5-300,Miscellaneous,1995.0,Units,0,2026-05-18 09:55:05
PBE-525,Ubiquiti UISP airMAX PowerBeam M5 5GHz 25dBi Radio | PBE-M5-400,Miscellaneous,2445.0,Units,0,2026-05-18 09:55:05
ROCKETAC-LITE,Ubiquiti UISP airMAX Rocket Lite AC 5GHz Radio | R5AC-LITE,Miscellaneous,3425.0,Units,0,2026-05-18 09:55:05
R2AC-PRISMG2,Ubiquiti UISP airMAX Rocket Prism AC 2GHz Radio | R2AC-PRISM,Miscellaneous,5395.0,Units,0,2026-05-18 09:55:05
R5AC-PRISMG2,Ubiquiti UISP airMAX Rocket Prism AC 5GHz Radio | RP-5AC-Gen2,Miscellaneous,6325.0,Units,0,2026-05-18 09:55:05
UACC-DAC-SFP10-1M,Ubiquiti UniFi 10 Gbps 1M Direct Attach Cable,Routers,452.0,Units,0,2026-07-15 11:46:08
UACC-DAC-0.5M,Ubiquiti UniFi 10Gbps Direct Attach 0.5M Cable,Miscellaneous,421.43,Units,0,2026-07-22 10:24:37
U5G-Max-Outdoor,Ubiquiti UniFi 5G Max Outdoor Modem,Miscellaneous,10713.14,Units,0,2026-07-22 10:24:41
UB-USP-RPS,Ubiquiti UniFi 950W DC Power Backup,Miscellaneous,11631.64,Units,0,2026-07-22 10:24:45
UAP-AC-IW,Ubiquiti UniFi AC Dual Band Gigabit In-Wall AP | UAP-AC-IW,Wireless Access Points,2250.0,Units,0,2026-05-18 09:55:05
UAP-AC-IWHD,Ubiquiti UniFi AC Dual Band Gigabit In-Wall HD AP | UAP-IW-HD,Wireless Access Points,4675.0,Units,0,2026-05-18 09:55:05
UAP-AC-LITE,Ubiquiti UniFi AC Dual Band Lite AP | UAP-AC-LITE,Wireless Access Points,2275.0,Units,0,2026-05-18 09:55:05
UAP-ACM-DA,Ubiquiti UniFi AC Mesh Dual Band Directional Antenna | UMA-D,Wireless Access Points,2525.0,Units,0,2026-05-18 09:55:05
UAP-ACM,Ubiquiti UniFi AC Mesh Outdoor Dual Band AP | UAP-AC-M,Wireless Access Points,2550.0,Units,0,2026-05-18 09:55:05
UAP-ACM-PRO,Ubiquiti UniFi AC Mesh Pro Outdoor Dual Band AP | UAP-AC-M-PRO,Wireless Access Points,5030.0,Units,0,2026-05-18 09:55:05
UA-BUTTON,Ubiquiti UniFi Access Button,Miscellaneous,1167.29,Units,0,2026-07-22 10:24:49
UB-UA-HUB,Ubiquiti UniFi Access Door Hub,Uncategorised,4992.86,Units,0,2026-07-09 11:48:47
UA-INTERCOM,Ubiquiti UniFi Access Intercom,Intercom and Access Control,7736.0,Units,0,2026-07-29 15:14:28
UACC-Intercom-FM,Ubiquiti UniFi Access Intercom Flush Mount,Miscellaneous,1545.71,Units,0,2026-07-22 10:24:53
UA-G3-B,Ubiquiti UniFi Access Reader G3 Black,Miscellaneous,3837.14,Units,0,2026-07-22 10:24:57
UA-G3-Pro-B,Ubiquiti UniFi Access Reader G3 Pro,Miscellaneous,9614.91,Units,0,2026-07-22 10:25:01
UA-RESCUE,Ubiquiti UniFi Access Rescue Manual Key Switch | UA-RESCUE,Wireless Access Points,1250.0,Units,0,2026-05-18 09:55:05
USW-AGG,Ubiquiti UniFi Aggregation Switch 8SFP+ | USW-Aggregation,Switches,7475.0,Units,0,2026-05-18 09:55:05
USW-AGG-PRO,Ubiquiti UniFi Aggregation Switch Pro 28 Port SFP+ 4 SFP28 | USW-Pro-Aggregation,Switches,24150.0,Units,0,2026-05-18 09:55:05
UCK-G2PLUS,Ubiquiti UniFi Cloud Key Gen2 Plus with 1TB HDD | UCK-G2-PLUS,Miscellaneous,5450.0,Units,0,2026-05-18 09:55:05
UCK-G2RM,Ubiquiti UniFi Cloud Key Gen2 Rack Mount Accessory | CKG2-RM,Miscellaneous,2730.0,Units,0,2026-05-18 09:55:05
UDB-PRO,Ubiquiti UniFi Device Bridge Pro with PoE Input and PoE Output,Miscellaneous,5214.29,Units,0,2026-07-22 10:25:06
UDM-PRO,Ubiquiti UniFi Dream Machine Pro 9 Port Gigabit with 2SFP+ | UDM-PRO,Miscellaneous,11045.0,Units,0,2026-05-18 09:55:05
UDM-SE,Ubiquiti UniFi Dream Machine Special Edition 8 PoE 1SFP+ | UDM-SE,Miscellaneous,14195.0,Units,0,2026-05-18 09:55:05
UDW,Ubiquiti UniFi Dream Wall 17 Port Gigabit 12 Port PoE 2SFP+ WiFi 6 Gateway | UDW,Miscellaneous,29595.0,Units,0,2026-05-18 09:55:05
USW-E24XG,Ubiquiti UniFi Enterprise Switch 24 Port 10Gbps 2 SFP28 | USW-EnterpriseXG-24,Wireless Access Points,34930.0,Units,0,2026-05-18 09:55:05
USW-E8P,Ubiquiti UniFi Enterprise Switch 8 Port 2.5Gbps PoE 120W | USW-Enterprise-8-PoE,Wireless Access Points,13295.0,Units,0,2026-05-18 09:55:05
UX,Ubiquiti UniFi Express WiFi 6 Cloud Gateway | UX,Miscellaneous,3595.0,Units,0,2026-05-18 09:55:05
UX7,Ubiquiti UniFi Express WiFi 7 Tri-Band 10Gbps Cloud Gateway,Miscellaneous,5642.86,Units,0,2026-07-22 10:25:10
USW-8FLEX-2.5G,Ubiquiti UniFi Flex 2.5G 8 Port 2.5G with 10G Combo Uplink,Miscellaneous,4278.57,Units,0,2026-07-22 10:25:14
USW-8FLEX-2.5GP,Ubiquiti UniFi Flex 2.5G PoE 8 Port PoE with 10G Combo Uplink,Miscellaneous,5421.43,Units,0,2026-07-22 10:25:18
USW-5FLEX-2.5G,Ubiquiti UniFi Flex Mini 2.5Gbps 5 Port Switch with PoE Input,Lighting Control Modules,1086.96,Units,0,2026-07-24 14:55:59
USW-5FLEXMINI,Ubiquiti UniFi Flex Mini 5 Port Gigabit 1PoE Input | USW-Flex-MINI,Miscellaneous,895.0,Units,0,2026-05-18 09:55:05
USW-5FLEX,Ubiquiti UniFi Flex Switch 5 Port Gigabit 1PoE In 4PoE Out | USW-Flex,Switches,2850.0,Units,0,2026-05-18 09:55:05
USW-FLEXU,Ubiquiti UniFi Flex Switch Utility Outdoor Enclosure | USW-Flex-Utility,Switches,1375.0,Units,0,2026-05-18 09:55:05
ULTE-PRO,Ubiquiti UniFi LTE Pro Wired LTE Back-Up | U-LTE-PRO,Miscellaneous,7750.0,Units,0,2026-05-18 09:55:05
UXG-LITE,Ubiquiti UniFi Next-Generation Security Gateway Lite | UXG-LITE,Miscellaneous,3425.0,Units,0,2026-05-18 09:55:05
UXG-PRO,Ubiquiti UniFi Next-Generation Security Gateway Pro | UXG-PRO,Miscellaneous,13795.0,Units,0,2026-05-18 09:55:05
UPL-AMP-B,Ubiquiti UniFi PowerAmp Black,Miscellaneous,16264.29,Units,0,2026-07-22 10:25:22
USW-PRO-MAX-16,Ubiquiti UniFi Pro Max Switch 16 Port,Miscellaneous,7178.57,Units,0,2026-07-22 10:25:26
USW-MAX24,Ubiquiti UniFi Pro Max Switch 24 with 16 Gigabit 8x 2.5Gbps 2SFP+,Switches,9821.74,Units,0,2026-07-15 11:47:06
USW-MAX24P,Ubiquiti UniFi Pro Max Switch 24 with 16PoE 8x 2.5Gbps PoE++ 400W | USW-Pro-Max-24-POE,Wireless Access Points,22795.0,Units,0,2026-07-09 08:56:30
USW-MAX48P,Ubiquiti UniFi Pro Max Switch 48 with 32PoE 16x 2.5Gbps PoE++ 720W | USW-Pro-Max-48-PoE,Wireless Access Points,35350.0,Units,0,2026-05-18 09:55:05
USW-PRO-XG24P,Ubiquiti UniFi Pro XG 24 Port 720W PoE Switch,Switches,41992.5,Units,0,2026-07-15 11:47:58
UP-FLOODLIGHT,Ubiquiti UniFi Protect - LED floodlight with motion sensor,Miscellaneous,3635.43,Units,0,2026-07-22 10:25:30
UVC-NVR,Ubiquiti UniFi Protect 4 Bay 1SFP+ Gigabit Ethernet NVR | UNVR,Wireless Access Points,9650.0,Units,0,2026-05-18 09:55:05
UVC-NVR-PRO,Ubiquiti UniFi Protect 7 Bay 1SFP+ Gigabit Ethernet NVR Pro| UNVR Pro,Wireless Access Points,16450.0,Units,0,2026-07-09 09:20:28
UVC-AI360,Ubiquiti UniFi Protect AI 360 5MP PTZ IP Camera | UVC-AI-360,Wireless Access Points,12795.0,Units,0,2026-05-18 09:55:05
UVC-AIB,Ubiquiti UniFi Protect AI Bullet 4MP IP Camera | UVC-AI-Bullet,Wireless Access Points,12925.0,Units,0,2026-05-18 09:55:05
UVC-AIT,Ubiquiti UniFi Protect AI Theta 8MP or 12MP IP Camera | UVC-AI-Theta,Wireless Access Points,9475.0,Units,0,2026-05-18 09:55:05
UVC-AITH,Ubiquiti UniFi Protect AI Theta Hub | UVC-AI-Theta-Hub,Wireless Access Points,6185.0,Units,0,2026-05-18 09:55:05
UVC-FLEX-CM3,Ubiquiti UniFi Protect G3 & G5 Flex Ceiling Mount 3 Pack | UVC-G3-F-C-3,Wireless Access Points,1425.0,Units,0,2026-05-18 09:55:05
UVC-FLEX-PWM,Ubiquiti UniFi Protect G3 & G5 Flex Professional Wall Mount | UVC-Flex-PWM-WT,Wireless Access Points,350.0,Units,0,2026-05-18 09:55:05
UVC-G3FLEX,Ubiquiti UniFi Protect G3 Flex 2MP IP Camera | UVC-G3-FLEX,Wireless Access Points,2295.0,Units,0,2026-05-18 09:55:05
UVC-G4INS,Ubiquiti UniFi Protect G4 Instant 4MP WiFi IP Camera | UVC-G4-INS,Wireless Access Points,3450.0,Units,0,2026-05-18 09:55:05
UVC-G5B-3,Ubiquiti UniFi Protect G5 Bullet 4MP IP Camera 3pk,Miscellaneous,10564.29,Units,0,2026-07-22 10:25:34
UVC-G5B,Ubiquiti UniFi Protect G5 Bullet 4MP IP Camera | UVC-G5-BULLET,Wireless Access Points,4180.0,Units,0,2026-05-18 09:55:05
UVC-G5D,Ubiquiti UniFi Protect G5 Dome 4MP IP Camera | UVC-G5-Dome,Wireless Access Points,5675.0,Units,0,2026-05-18 09:55:05
UVC-G5F,Ubiquiti UniFi Protect G5 Flex 4MP IP Camera | UVC-G5-Flex,Wireless Access Points,4125.0,Units,0,2026-05-18 09:55:05
UVC-G5PRO,Ubiquiti UniFi Protect G5 Pro 8MP IP Camera | UVC-G5-Pro,Wireless Access Points,11645.0,Units,0,2026-05-18 09:55:05
UVC-G5TU,Ubiquiti UniFi Protect G5 Turret Ultra 4MP IP Camera | UVC-G5-Turret-Ultra,Wireless Access Points,2445.0,Units,0,2026-05-18 09:55:05
UVC-G6BPRO-W,Ubiquiti UniFi Protect G6 Pro Bullet 8MP White IP Camera,Uncategorised,13135.71,Units,0,2026-07-15 11:48:35
UB-UP-USL-MOTION,Ubiquiti UniFi Protect SuperLink Motion Sensor,CCTV,1334.0,Units,0,2026-07-28 11:15:54
USL-Relay,Ubiquiti UniFi Protect SuperLink Relay,CCTV,907.0,Units,0,2026-07-28 11:19:00
UB-UP-SUPERLINK,Ubiquiti UniFi Protect Superlink,CCTV,3555.8,Units,0,2026-07-28 11:17:29
UVC-VIEWPORT,Ubiquiti UniFi Protect ViewPort with PoE-Input | UFP-VIEWPORT,Wireless Access Points,5895.0,Units,0,2026-05-18 09:55:05
UK-ULTRA,Ubiquiti UniFi Swiss Army Knife Ultra WiFi 5 AP | UK-ULTRA,Miscellaneous,2250.0,Units,0,2026-05-18 09:55:05
USW-16P,Ubiquiti UniFi Switch 16 Port Gigabit 8PoE 42W 2SFP | USW-16-POE,Switches,8450.0,Units,0,2026-05-18 09:55:05
USW-24P,Ubiquiti UniFi Switch 24 Port Gigabit 16PoE 95W 2SFP | USW-24-POE,Switches,10695.0,Units,0,2026-05-18 09:55:05
USW-24,Ubiquiti UniFi Switch 24 Port Gigabit 2SFP | USW-24,Switches,6425.0,Units,0,2026-05-18 09:55:05
USW-48P,Ubiquiti UniFi Switch 48 Port Gigabit 32PoE 195W 4SFP | USW-48-POE,Switches,16650.0,Units,0,2026-05-18 09:55:05
USW-48,Ubiquiti UniFi Switch 48 Port Gigabit 4SFP | USW-48,Switches,11345.0,Units,0,2026-05-18 09:55:05
USW-LITE16P,Ubiquiti UniFi Switch Lite 16 Port Gigabit 8PoE 45W | USW-Lite-16-POE,Switches,5750.0,Units,0,2026-05-18 09:55:05
USW-LITE8P,Ubiquiti UniFi Switch Lite 8 Port Gigabit 4PoE 52W | USW-Lite-8-POE,Switches,3150.0,Units,0,2026-05-18 09:55:05
USW-PRO24P,Ubiquiti UniFi Switch Pro 24 Port 16PoE+ 8PoE++ 400W | USW-Pro-24-POE,Switches,18695.0,Units,0,2026-05-18 09:55:05
USW-PRO24,Ubiquiti UniFi Switch Pro 24 Port Gigabit 2SFP+ | USW-Pro-24,Switches,11095.0,Units,0,2026-05-18 09:55:05
USW-PRO48P,Ubiquiti UniFi Switch Pro 48 Port 40PoE+ 8PoE++ 600W 4SFP+ | USW-Pro-48-POE,Switches,29325.0,Units,0,2026-05-18 09:55:05
USW-PRO48,Ubiquiti UniFi Switch Pro 48 Port Gigabit 4SFP+ | USW-Pro-48,Switches,16590.0,Units,0,2026-05-18 09:55:05
USW-PRO8P,Ubiquiti UniFi Switch Pro 8 Port 6PoE+ 2PoE++ 120W | USW-Pro-8-PoE (120W),Switches,8325.0,Units,0,2026-05-18 09:55:05
USW-U210,Ubiquiti UniFi Switch Ultra 8 Port Gigabit 1PoE Input 7 PoE Out 202W | USW-Ultra-210W,Switches,5595.0,Units,0,2026-05-18 09:55:05
USW-U60,Ubiquiti UniFi Switch Ultra 8 Port Gigabit 1PoE Input 7 PoE Out 52W | USW-Ultra-60W,Switches,3995.0,Units,0,2026-05-18 09:55:05
USW-ULTRA,Ubiquiti UniFi Switch Ultra 8 Port Gigabit 1PoE Input 7 PoE Out | USW-Ultra,Switches,2875.0,Units,0,2026-05-18 09:55:05
U7-LITE,Ubiquiti UniFi WiFi 7 Lite Dual Band AP,Miscellaneous,2787.14,Units,0,2026-07-22 10:25:38
U7-LR,Ubiquiti UniFi WiFi 7 Long Range Dual Band AP,Miscellaneous,4535.71,Units,0,2026-07-22 10:25:43
U7-OUTDOOR,Ubiquiti UniFi WiFi 7 Outdoor AP,Access Points,5214.29,Units,0,2026-07-13 10:06:35
U7-Pro-Outdoor,Ubiquiti UniFi WiFi 7 Outdoor Tri-Band AP,Uncategorised,6031.25,Units,0,2026-07-09 11:52:28
U7-MAX,Ubiquiti UniFi WiFi 7 Pro Max Tri-Band AP,Miscellaneous,7284.29,Units,0,2026-07-21 15:48:27
U7-PRO,Ubiquiti UniFi WiFi 7 Pro Tri-Band AP | U7-Pro,Miscellaneous,5495.0,Units,0,2026-05-18 09:55:05
U7-PRO-XG-W,Ubiquiti UniFi WiFi 7 Pro XG Tri-Band White AP,Miscellaneous,5278.57,Units,0,2026-07-22 10:25:47
U7-PRO-XGS-W,Ubiquiti UniFi WiFi 7 Pro XGS Tri-Band White AP,Wireless Access Points,7575.0,Units,0,2026-07-15 11:49:06
U6-EXT,Ubiquiti UniFi6 Dual Band WiFi 6 Range Extender | U6-EXTENDER,Wireless Access Points,3995.0,Units,0,2026-05-18 09:55:05
U6-ENT,Ubiquiti UniFi6 Enterprise Dual Band WiFi 6E AP | U6-Enterprise,Wireless Access Points,7895.0,Units,0,2026-05-18 09:55:05
U6-IW,Ubiquiti UniFi6 In-Wall WiFi 6 Dual Band AP | U6-IW,Wireless Access Points,5350.0,Units,0,2026-05-18 09:55:05
U6-LR,Ubiquiti UniFi6 Long Range Dual Band WiFi 6 AP | U6-LR,Wireless Access Points,5295.0,Units,0,2026-05-18 09:55:05
U6-MESH,Ubiquiti UniFi6 Mesh Indoor / Outdoor Dual Band WiFi 6 AP | U6-MESH,Wireless Access Points,5250.0,Units,0,2026-05-18 09:55:05
U6+,Ubiquiti UniFi6 Plus Dual Band WiFi 6 AP | U6+,Wireless Access Points,2850.0,Units,0,2026-05-18 09:55:05
U6-PRO,Ubiquiti UniFi6 Pro Dual Band WiFi 6 AP | U6-PRO,Wireless Access Points,4525.0,Units,0,2026-05-18 09:55:05
UB-AM,Ubiquiti Universal Antenna Mount | UB-AM,Miscellaneous,215.0,Units,0,2026-05-18 09:55:05
TR-UWA,Ubiquiti Wireless Admin Training,Miscellaneous,4019.25,Units,0,2026-05-18 09:55:05
C1070,Ultra 100- 100m Speaker Cable,Miscellaneous,8694.78,Units,0,2026-05-18 09:55:05
CAB-C-6606WMS,UltraLAN 6U Swing Frame Wall Mount Cabinet,Racks,2753.55,Units,0,2026-05-18 09:55:05
Unitec USBC-TO-RS232,Unitec USBC-TO-RS232,Miscellaneous,470.64,Units,0,2026-07-22 10:25:51
DH-PFS3016-16GT-190,"Unmanaged PoE switchHigh performance switch chip, large cache, no lag video
IP40 full metal enclosure, wide temperature range designNo network managem",Switches,4937.17,Units,0,2026-05-18 09:55:05
DHI-DSSExpress8-to-Pro-Alarm-License,"Upgrade DHI-DSSExpress8-Alarm-Device-Licenses from DSS Express V8 to DSS Professional V8, one on one.
Prerequisite: Corresponding alarm controller dev",Controllers,1150.07,Units,0,2026-05-18 09:55:05
DHI-DSSExpress8-to-Pro-Door-License,"Upgrade DHI-DSSExpress8-Door-Channel-Licenses from DSS Express V8 to DSS Professional V8, one on one.
Prerequisite: Corresponding access control chann",Licenses,231.28,Units,0,2026-05-18 09:55:05
DHI-DSSExpress8-to-Pro-VDP-License,"Upgrade DHI-DSSExpress8-VDP-Device-Licenses from DSS Express V8 to DSS Professional V8, one on one.
Prerequisite: Corresponding video intercom device",Licenses,231.28,Units,0,2026-05-18 09:55:05
DHI-DSSExpress8-to-Pro-Video-License,"Upgrade DHI-DSSExpress8-Video-Channel-Licenses from DSS Express V8 to DSS Professional V8, one on one. 
Prerequisite: Corresponding video channel lice",Licenses,384.76,Units,0,2026-05-18 09:55:05
V10B+,V10+ Black,Miscellaneous,26955.65,Units,0,2026-05-18 09:55:05
V12B+,V12+ Black,Miscellaneous,36520.87,Units,0,2026-05-18 09:55:05
V12W+,V12+ White,Miscellaneous,36520.87,Units,0,2026-05-18 09:55:05
V15B+,V15+ Black,Miscellaneous,56520.87,Units,0,2026-05-18 09:55:05
V8B,V8 Black,Miscellaneous,16947.83,Units,0,2026-05-18 09:55:05
VA500,VA500 Amp,Miscellaneous,23477.39,Units,0,2026-05-18 09:55:05
SHA-FBINDVERTILUX-01,VERTILUX BINDERS FOR SAMPLES OF ALL VERTILUX FABRIC SAVANT IS OFFERING,Miscellaneous,8054.78,Units,0,2026-05-18 09:55:05
VID-VGA-HDMI,VGA to HDMI CONVERTER,Miscellaneous,433.55,Units,0,2026-05-18 09:55:05
VLB200,VLB 200 Loudspeaker Wall Mount,Speakers,1564.35,Units,0,2026-05-18 09:55:05
VLB500B,VLB 500 Loudspeaker Wall Mount,Speakers,607.83,Units,0,2026-05-18 09:55:05
VLB500S,VLB 500 Loudspeaker Wall Mount,Speakers,607.83,Units,0,2026-05-18 09:55:05
96089,VX80R,Miscellaneous,11906.54,Units,0,2026-07-22 09:31:29
96006,VX82,Speakers,24717.0,Units,0,2026-07-29 14:20:09
LENS-VARI-3.5-8,Varifocal lens 3.5-8mm,Miscellaneous,143.55,Units,0,2026-05-18 09:55:05
DHI-DSSPro8-Video-Channel-License,"Video channel expansion license, one video channel license for DSS Professional V8.
Prerequisite: Video surveillance base package.",Licenses,1150.07,Units,0,2026-05-18 09:55:05
CAB-PWRAX-100-A1,Video+ Power 2in1 powerax cable-100m roll,Miscellaneous,825.05,Units,0,2026-05-18 09:55:05
CAB-PWRAX-300-A1,Video+ Power 2in1 powerax cable-300m roll,Miscellaneous,2463.55,Units,0,2026-05-18 09:55:05
CAB-PWRAX-500-A1,Video+ Power 2in1 powerax cable-500m roll,Miscellaneous,4176.0,Units,0,2026-05-18 09:55:05
Visual Radar,Visual Radar,Miscellaneous,0.0,Units,0,2026-05-18 09:55:05
WALL1120,WALL 1120 BLACK TURN 60 WALL MOUNT 19-37,Miscellaneous,7452.17,Units,0,2026-05-18 09:55:05
WALL3105,WALL 3105,Miscellaneous,513.04,Units,0,2026-05-18 09:55:05
WALL3115,WALL 3115 Tilting TV Wall Mount,Miscellaneous,565.22,Units,0,2026-05-18 09:55:05
WALL3125,WALL 3125 Full-Motion TV Wall Mount,Miscellaneous,1643.48,Units,0,2026-05-18 09:55:05
WALL3145,WALL 3145 Full-Motion TV Wall Mount,Miscellaneous,2356.52,Units,0,2026-05-18 09:55:05
WALL3145W,WALL 3145 Full-Motion TV Wall Mount White,Miscellaneous,2356.52,Units,0,2026-05-18 09:55:05
WALL3205,WALL 3205 Fixed TV Wall Mount,Miscellaneous,756.52,Units,0,2026-05-18 09:55:05
WALL3215,WALL 3215 Tilting TV Wall Mount,Miscellaneous,1643.48,Units,0,2026-05-18 09:55:05
WALL3225,WALL 3225 Full-Motion TV Wall Mount,Miscellaneous,2704.35,Units,0,2026-05-18 09:55:05
WALL3245,WALL 3245 Full-Motion TV Wall Mount,Miscellaneous,3686.96,Units,0,2026-05-18 09:55:05
WALL3245W,WALL 3245 Full-Motion TV Wall Mount White,Miscellaneous,4000.0,Units,0,2026-05-18 09:55:05
WALL3250,WALL 3250 Full-Motion TV Wall Mount,Miscellaneous,5217.39,Units,0,2026-05-18 09:55:05
WALL3305,WALL 3305 Fixed TV Wall Mount,Miscellaneous,1043.48,Units,0,2026-05-18 09:55:05
WALL3315,WALL 3315 Tilting TV Wall Mount,Miscellaneous,1643.48,Units,0,2026-05-18 09:55:05
WALL3325,WALL 3325 Full-Motion TV Wall Mount,Miscellaneous,3521.74,Units,0,2026-05-18 09:55:05
WALL3345,WALL 3345 Full-Motion TV Wall Mount,Miscellaneous,4704.35,Units,0,2026-05-18 09:55:05
WALL3345W,WALL 3345 Full-Motion TV Wall Mount White,Miscellaneous,4217.39,Units,0,2026-05-18 09:55:05
WALL3350,WALL 3350 Full-Motion TV Wall Mount,Miscellaneous,6808.7,Units,0,2026-05-18 09:55:05
WALL3450,WALL 3450 Full-Motion TV Wall Mount,Miscellaneous,8626.09,Units,0,2026-05-18 09:55:05
PFA9142,WALL SUPPORT EXTENSION KIT 2 ARMS FOR PFA 9141,Miscellaneous,2173.04,Units,0,2026-05-18 09:55:05
PFA9143,WALL SUPPORT EXTENSION KIT 3 ARMS FOR PFA 9141,Miscellaneous,3129.57,Units,0,2026-05-18 09:55:05
PFA9141,WALL SUPPORT SLIDING BRACKET BASIC KIT LONG,Miscellaneous,3651.3,Units,0,2026-05-18 09:55:05
PFA9144,WALL SUPPORT SLIDING BRACKET BASIC KIT SHORT,Miscellaneous,2955.65,Units,0,2026-05-18 09:55:05
SSC-W103I-00,WI-FI IR LEARNING CONTROLLER WITH 3 IR OUTPUTS,Controllers,9848.7,Units,0,2026-05-18 09:55:05
SHA-B5WBA-00,WIDE COUPLER FOR DUAL MOTOR (BLACK ALUMINUM),Miscellaneous,9009.57,Units,0,2026-05-18 09:55:05
SHA-B5WSA-00,WIDE COUPLER FOR DUAL MOTOR (SILVER ALUMINUM),Miscellaneous,9009.57,Units,0,2026-05-18 09:55:05
LCB-010V8-01,WIRED 0-10V CONTROL 8 CHANNELS,Miscellaneous,16414.78,Units,0,2026-05-18 09:55:05
SHA-MGEIGCTRL-00,WIRED CONTROLLER FOR GEIGER WIRED MOTORS,Controllers,18019.13,Units,0,2026-05-18 09:55:05
LCB-DMX1-01,WIRED DMX LOW VOLTAGE LIGHTING CONTROLLER,Controllers,16414.78,Units,0,2026-05-18 09:55:05
350319-0-0,WOOFER OPTICON 5 & VOKAL 6.5 spare part,Speakers,1730.43,Units,0,2026-05-18 09:55:05
STP-WRGBJUMPER-00,WRGB JUMPER (10 PACK),Miscellaneous,538.26,Units,0,2026-05-18 09:55:05
STP-WRGB10MID-00,WRGB LIGHT STRIP - INDOOR (10M),Miscellaneous,6462.61,Units,0,2026-05-18 09:55:05
STP-WRGB10MOD-00,WRGB LIGHT STRIP - OUTDOOR (10M),Miscellaneous,9694.78,Units,0,2026-05-18 09:55:05
STP-WRGBCOUPLER-00,WRGB STRAIGHT COUPLER (10 PACK),Miscellaneous,322.61,Units,0,2026-05-18 09:55:05
STP-WRGBT-00,WRGB T 3 WAY T COUPLER (10 PACK),Miscellaneous,1400.0,Units,0,2026-05-18 09:55:05
ALU-BRK-LCD-A1,Wall bracket for LCD monitor,Miscellaneous,259.55,Units,0,2026-05-18 09:55:05
ALU-BRK-LCD-A5,Wall bracket for LCD monitor,Miscellaneous,332.05,Units,0,2026-05-18 09:55:05
DH-PFB730W,"Wall mount for PTZ1A225U-IRA-N - Wall Mount Bracket
- Material: Aluminium
- Neat & Integrated design
- Color: White",Miscellaneous,688.75,Units,0,2026-05-18 09:55:05
WB800ICH1UIPVM8,WattBox IP Power Conditioner (8 Outlets),Miscellaneous,23565.22,Units,0,2026-05-18 09:55:05
WB800IVPSIPVM12,WattBox IP Power Strip (12 Outlets),Miscellaneous,23826.09,Units,0,2026-05-18 09:55:05
WB250IIPW2,WattBox IP Power Strip (2 Outlets),Miscellaneous,7130.43,Units,0,2026-05-18 09:55:05
WB800IIPVM6,WattBox IP Power Strip (6 Outlets),Miscellaneous,16086.96,Units,0,2026-05-18 09:55:05
WB800IFP,Wattbox Rack Mountable Modular Faceplate,Panels,7565.22,Units,0,2026-05-18 09:55:05
HUS-ALU-IR2,Weatherproof housing built-in 8mm 45IR with mount (side opening),Miscellaneous,433.55,Units,0,2026-05-18 09:55:05
SS-JD-06,Weatherproof wireless solar power  for alarm system,Miscellaneous,1303.55,Units,0,2026-05-18 09:55:05
HDD-WD-8TB_C,Western Digital Surveillance Hard Disk  Drive 8 TB 3.5 SATA,Uncategorised,5205.94,Units,0,2026-07-28 15:30:24
HDD-WD-4TB_C,"Western Digital Surveillance, 4 TB 3.5"" SATA Hard Drive",Miscellaneous,2574.49,Units,0,2026-07-22 10:25:55
DHI-DSSPro8-Cascade-License,"When DSS Professional V8 is used as a parent site to cascading manage one or more sub-sites, one license is required for one sub-site.
Note: The chann",Licenses,42102.56,Units,0,2026-05-18 09:55:05
INS-W,White Insulation Tape,Miscellaneous,15.0,Units,0,2026-05-18 09:55:05
MSW-1,Wireless Mouse,Miscellaneous,288.55,Units,0,2026-05-18 09:55:05
NST1621000WH,Wirepath 162 Speaker Cable 304m(White),Miscellaneous,8521.74,Units,0,2026-05-18 09:55:05
NST164500WH,Wirepath 164 Speaker Cable 152m(White),Miscellaneous,8521.74,Units,0,2026-05-18 09:55:05
NST184CS500WH,Wirepath 184 Speaker Cable 152m (White),AV Recieves,9130.43,Units,0,2026-07-15 15:10:57
NSTCAT61000BLU,Wirepath CAT6 304m(Blue),Miscellaneous,6086.96,Units,0,2026-05-18 09:55:05
NSTCAT61000WHT,Wirepath CAT6 304m(White),Miscellaneous,6086.96,Units,0,2026-05-18 09:55:05
NSTCAT61000YLW,Wirepath CAT6 304m(Yellow),Miscellaneous,6086.96,Units,0,2026-05-18 09:55:05
SPCAT6A1000WHT,Wirepath CAT6A 304m(White),Miscellaneous,19130.43,Units,0,2026-05-18 09:55:05
NSTLUT11000,Wirepath Lutron Green 304m,Miscellaneous,10000.0,Units,0,2026-07-09 08:45:12
X10B,X10 Black,Miscellaneous,43477.39,Units,0,2026-05-18 09:55:05
X10B+,X10+ Black,Miscellaneous,82607.83,Units,0,2026-05-18 09:55:05
X12B,X12 Black,Miscellaneous,56520.87,Units,0,2026-05-18 09:55:05
X12B+,X12+ Black,Miscellaneous,99999.13,Units,0,2026-05-18 09:55:05
X15B+,X15+ Black,Miscellaneous,121738.26,Units,0,2026-05-18 09:55:05
XTND2K150,XTND 2K 150m,Miscellaneous,5216.52,Units,0,2026-05-18 09:55:05
XTND2KP30,XTND 2K 30m POE,Miscellaneous,2607.83,Units,0,2026-05-18 09:55:05
XTND2K60,XTND 2K 60m,Miscellaneous,2607.83,Units,0,2026-05-18 09:55:05
XTND2K30PSU,XTND 2K30 PSU 5V 1A,Miscellaneous,478.26,Units,0,2026-05-18 09:55:05
XTND2K40PSU,XTND 2K40 PSU 5V 1A,Miscellaneous,478.26,Units,0,2026-05-18 09:55:05
XTND 4K100TPC,XTND 4K (100) WITH TPC,Miscellaneous,8694.78,Units,0,2026-05-18 09:55:05
XTND4K141TPC,XTND 4K (1x4+1) Splitter,Miscellaneous,17382.61,Units,0,2026-05-18 09:55:05
XTND 4K40 TPC,XTND 4K (40) WITH TPC,Miscellaneous,6086.09,Units,0,2026-05-18 09:55:05
XTND4K100TPC,XTND 4K 100m HDBaseT 2.0 incl LAN out,Miscellaneous,8339.13,Units,0,2026-05-18 09:55:05
XTND4K40ARC,XTND 4K 40m (70m 1080P) ARC,Miscellaneous,6521.74,Units,0,2026-05-18 09:55:05
XTND4K100PSU,XTND 4K100 Multi PSU 24V 1A,Miscellaneous,478.26,Units,0,2026-05-18 09:55:05
XTND 4K100 TPC + ARC,XTND 4K100 TPC + ARC,Miscellaneous,10433.91,Units,0,2026-05-18 09:55:05
XTND 4K40 TPC + ARC,XTND 4K40 TPC + ARC,Miscellaneous,10433.91,Units,0,2026-05-18 09:55:05
XTND4K14140TPC,XTND 4K40 TPC Splitter (1x4+1) 2020,Miscellaneous,17390.43,Units,0,2026-05-18 09:55:05
SKIN-GUARDIAN-PETALS,YELLOW SILICON SKIN FOR THE GUARDIAN CAMERA,Miscellaneous,648.7,Units,0,2026-05-18 09:55:05
ZENSOR 3 W,ZENSOR 3 WHITE BOOKSHELF SPEAKER,Speakers,8086.09,Units,0,2026-05-18 09:55:05
AC-ZK-KR100E,ZK KR100E RFID slave reader work with ZK F8,Readers,506.05,Units,0,2026-05-18 09:55:05
AC-ZK-KR201,ZK KR201 MINI RFID slave reader work with ZK F8,Readers,506.05,Units,0,2026-05-18 09:55:05
DS-K4H258-LZ,ZL bracket for DS-K4H258S,Miscellaneous,305.36,Units,0,2026-07-22 10:25:59
ZP5,ZP5 - uControl Zone Processor ZP5,Controllers,13391.3,Units,0,2026-07-08 14:50:17
ALU-BRK-LCD-A2,desktop bracket for 2 LCD monitors,Miscellaneous,1158.55,Units,0,2026-05-18 09:55:05
ALU-BRK-LCD-A4,desktop bracket for 4 LCD monitors,Miscellaneous,2318.55,Units,0,2026-05-18 09:55:05
DLA-N9BE,e-shift 5 8K/2200lm/100000:1/Dynamic 1M:1 HDR/High Quality Image with Low latency mode,Miscellaneous,433913.0,Units,0,2026-05-18 09:55:05
MXN63QA/A,iPad mini (A17 Pro) Wi-Fi 128GB - Space Grey,Controllers,10173.04,Units,0,2026-07-15 11:49:45
DH-PFS3008-8GT-60,layer-2 commercial switch. It provides high-performance switching engine and large buffer memory to ensure smooth video stream transmission. With a fu,Switches,1316.17,Units,0,2026-05-18 09:55:05
MHUBXTNDIRRX,mHUB XTND IR Integration RX,Miscellaneous,217.39,Units,0,2026-05-18 09:55:05
MHUBXTNDIRKIT,mHUB XTND IR Integration kit,Miscellaneous,217.39,Units,0,2026-05-18 09:55:05
MHUB431URMK,mHub 431U Rack Mount Kit,Racks,826.09,Units,0,2026-05-18 09:55:05
MHUBU431,mHub 4K (4x3+1) HDMI Matrix,Miscellaneous,34781.74,Units,0,2026-05-18 09:55:05
MHUB4K44PRO,mHub 4K PRO 70m 4x4 Matrix,Miscellaneous,60000.0,Units,0,2026-05-18 09:55:05
MHUB4K88PRO,mHub 4K PRO 8x8 Matrix 70m,Miscellaneous,120000.0,Units,0,2026-05-18 09:55:05
MHUBU862,mHub U (8x6+2) HDMI Matrix w/ uControl,Miscellaneous,78260.0,Units,0,2026-05-18 09:55:05
PTZ-WBR,metal PTZ wall bracket,Miscellaneous,189.95,Units,0,2026-05-18 09:55:05
MTL-PL-CLG,metal pole or ceiling camera bracket,Miscellaneous,187.05,Units,0,2026-05-18 09:55:05
UPS-BAT-CAS-T-1K-PG4-08-01,poplulated battery cash twr,Miscellaneous,3335.71,Units,0,2026-07-22 10:26:12
HB-YKQ-4,remote control,Remotes,129.05,Units,0,2026-05-18 09:55:05
PK-L2417UW,replacement lamp for the JVC,Miscellaneous,14781.74,Units,0,2026-05-18 09:55:05
uControl Remote,uControl Remote - Carbonite (Aluminium fascia),Remotes,11858.89,Units,0,2026-07-08 14:50:51
,udm-m,Uncategorised,0.0,Units,0,2026-06-09 13:26:41
DH-PFS3006-4GT-60,unmanaged Desktop Switch with 4 × 10/100/1000 Mbps PoE Ports. It provides 4 × 10/100/1000 Mbps Ethernet ports and 2 × 10/100/1000 Mbps uplink ports. T,Switches,1175.3,Units,0,2026-05-18 09:55:05
Zacv2,zDAC v2 Black,Miscellaneous,19121.74,Units,0,2026-05-18 09:55:05
eZi-PSU-12V-5A,{HDR-60-15} SAVANT POWER SUPPLY. (MEANWELL). 12V 60W. DIN RAIL MOUNT. ADJUSTABLE OUTPUT,Lighting Control Modules,781.74,Units,0,2026-07-24 15:06:10
