sku,description,sales_price,cost
IPMX-E20F-IRB2,"""""""""""ICREALTIME 2 Megapixel IP Camera 1/2.8"""""""" 2M CMOS H.265/H.2641080P(130fps) True WDR (120dB)""""""",8606.09,5163.66
IPMX-B20F-IRW2,"""""""""""ICREALTIME 2 Megapixel IP Camera 1/2.8"""""""" 2M CMOS H.265/H.2641080P(1~30fps) True WDR (120dB)""""""",7795.65,4677.4
IPMX-D20F-IRW2,"""""""""""ICREALTIME 2 Megapixel IP Camera 1/2.8"""""""" 2M Exmor CMOS H.265/H.2641080P(1~60fps) True WDR""""""",8380.869999999999,5028.53
PW-MP-06,"""""""""""PLANETWAVES 1/8"""""""" Stereo Male to Dual Unterminated -6'""""""",377.39,264.18
IPMX-E20F-IRW2,"""""2 MP IP 1/2.8"""" 2M Exmor CMOS H.265/H.264.1080P(1~60fps) True WDR (120dB) IR 30m 3.6mm lens IP67""",7875.65,4725.4
72326,"""""CONNECT PRO Case 12.9"""" Black (5th Gen)""",8778.26,6144.79
72327,"""""CONNECT PRO Case 12.9"""" White (5th Gen)""",8778.26,6144.79
72324,"""""CONNECT PRO Case iPAD Air Black 10.9"""" or Pro 11""""(5th Gen / 3rd Gen)""",8778.26,6144.79
72325,"""""CONNECT PRO Case iPAD Air White 10.9"""" or Pro 11""""(5th Gen / 3rd Gen)""",8778.26,6144.79
70704,"""""IPORT SURFACE MOUNT BEZEL SILVER works with iPad Pro 9.7""""""""  Air 2 and iPad Air""",13685.220000000001,9579.66
46KB6G,"""""KICKER KB6 6.5"""" 2-WAY FULL RA""",3477.39,0.0
46KB6B,"""""KICKER KB6 6.5"""" 2-WAY FULL RA""",3477.39,2086.43
70301,"""""LAUNCH AP.5 SLEEVE WHITE works with iPad Pro 9.7""""""",6290.429999999999,4403.3099999999995
DLA-Z1E,"""""New 0.7""""4K/3000lm/Laser Phosphor for Custom Install""",868695.7000000001,608086.99
Callout,* Identified an IP issue preventing C4 DIN rail devices from connecting. * Reserved IP addresses for all C4 devices. * Found 4 non-working C4 keypads;,785.714285714286,550.0
RB-WES,0.5M RPSMA Male to RPSMA Female Cable,130.0,95.0
WL-SMA-0.5,0.5M SMA R/P to N-Type Male LMR Cable,160.0,115.0
SLIMMAX8K0.5M,0.5m 8K Ultra High Speed Slimwire Max (48G),520.87,312.52
EVERG0.6R,0.6M EVERGREEN RCA-RCA,1478.26,1034.78
GOLDG0.6R,0.6M GOLDEN GATE RCA-RCA,2173.91,1521.74
TOWER0.6R,0.6M TOWER RCA-RCA,956.52,669.5699999999999
COAXCIN0.75,0.75M DIGITAL COAX CINNAMON,1565.2199999999998,1095.6499999999999
COAXFOR0.75,0.75M DIGITAL COAX FOREST,782.61,547.83
HQP6-1,1 Link Processor,23043.38,12826.09
CAB-BNC-1M,1 Meter cable with bnc male connectors,21.75,15.0
HDM48CAR100,1.0M 48G CARBON HDMI,3826.0899999999997,2678.2599999999998
HDM48CIN100,1.0M 48G CINNAMON HDMI,2521.74,1765.2199999999998
HDM48FOR100,1.0M 48G FOREST HDMI,1565.2199999999998,1095.6499999999999
HDM48PEA100,1.0M 48G PEARL HDMI,782.61,547.83
EVERG01R,1.0M EVERGREEN RCA-RCA,1565.2199999999998,1095.6499999999999
GOLDG01R,1.0M GOLDEN GATE RCA-RCA,2347.83,1643.4799999999998
NRGY2EU01,1.0M NRG-Y2 EU POWER CORD,2173.04,1460.87
NRGY3EU01,1.0M NRG-Y3 EU POWER CORD,2607.83,2008.6999999999998
NRGZ2EU01,1.0M NRG-Z2 EU POWER CORD,3477.39,2678.2599999999998
NRGZ3EU01,1.0M NRG-Z3 EU POWER CORD,4346.96,3104.35
TOWER01R,1.0M TOWER RCA-RCA,956.52,669.5699999999999
CAB-RAW-RIP-C-1.5MM,1.5 RIPCORD RED/BLACK P/M,15.8571428571429,11.1
COAXCIN01.5,1.5M DIGITAL COAX CINNAMON,1913.04,1339.1299999999999
COAXFOR01.5,1.5M DIGITAL COAX FOREST,956.52,669.5699999999999
EVERG01.5R,1.5M EVERGREEN RCA-RCA,1739.1299999999999,1217.3899999999999
GOLDG01.5R,1.5M GOLDEN GATE RCA-RCA,2521.74,1765.2199999999998
TOWER01.5MR,1.5M TOWER 3.5M-RCA,1130.4299999999998,791.3
TOWER01.5R,1.5M TOWER RCA-RCA,1130.4299999999998,791.3
CAB-PWR-1H-D-1.8M,1.8M SINGLE HEADED DEDICATED POWER CABLE PC-LIN6DCIC073BK1.8,57.857142857142904,40.5
POWC,1.8m Dedicated Clover Power Cord,75.0,40.0
POW8,1.8m Dedicated Figure 8 Power Cord,60.0,40.0
POW-D,1.8m IEC Power Cord With Dedicated Plug Top,60.0,45.0
POW-M-F,1.8m Male - Female IEC Power Lead,75.0,50.0
IEC-C,1.8m Male IEC to Clover Cable,75.0,50.0
POW-DR,1.8m Right Angled IEC Power Cord With Dedicated Plug Top,75.0,50.0
HDM48CCOLA1000,10.0M 48G Cherry Cola HDMI AOC,19043.48,13330.43
HDMFOR10A,10.0M FOREST HDMI,8086.959999999999,5660.87
HDMPEA10A,10.0M PEARL HDMI,5217.389999999999,3652.1699999999996
100w Led Floodlight,100w Led Floodlight 4kv Surge Protected - Flash,665.0,399.2
MP-EX10,10M 10A Extension Cord with Double Coupler,215.0,150.0
NET-SOCK-CS20-10M,"10M CABLE SOCK, 20MM | 10M CABLE SOCK, 20MM CS-20-10M",539.571428571429,377.7
NET-SOCK-CS55-10M,"10M CABLE SOCK, 55MM",926.285714285714,648.4
FIBRE-OPTICMAX8K10M,10m 8K Ultra High Speed Fibre-Optic Max (48G),4781.74,2869.04
PWR-MP-11PS,"11B - 11 PORT MP, 1 X 10A, 5 X 6A, 5 X 15A, 5 X SW P-11B",245.714285714286,172.0
POE-12G,12 Port Gigabit Passive PoE Injector,1395.0,1025.0
HDMPEA12.5A,12.5M PEARL HDMI,6347.83,4443.48
NVR-EL128-4U12MP1-10TB,128 CH. EMBEDDED 4K NVR ENHANCED H.265 SUPPORTS UP TO 12MP 10TB INCLUDED (MADE IN KOREA),338506.09,203103.66
DH-IPC-EBW81242P-AS-S2,"12MP 1/1.7"" CMOS image sensor, low luminance, and high definition image.
Outputs max. 12M (4000 × 3000)@25 fps; supports 8M (3280 × 2480)@25/30 fps.
B",14286.85,9853.0
IPEL-D12V-IRW2,12MP IP IN/OUT FULL VANDAL DOME.VARIFOCAL 2.7-12MM MOTOR LENS 131 FEET SMART IR.POE+ AI.ANALYTIC,31834.780000000002,19100.87
PSU-10A,"12V 10A 120W Switching power supply, Input:AC100-240V, Output:DC12V10A,Unit size:16.7×10.4×4.7CM, weight:490g, size:,53×41×24CM . support up to 10 CCT",333.5,230.0
PSU-5A,"12V 5A 60W Switching Power Supply with 4 DC connectors for CCTV, can power up to 4 cameras  at the same time.",332.05,229.0
BAT-12V100AH,12V100Ah Semi-Sealed Lead Acid Battery,3550.0,2475.0
BAT-12V45AH,12V45Ah Semi-Sealed Lead Acid Battery,1945.0,1350.0
BAT-12V7AH,12V7Ah Sealed Lead Acid Battery,250.0,175.0
PSU-12V36W,12VDC 36W 3 Pin Power Supply,215.0,150.0
PSU-12V60W,12VDC 60W IEC Power Supply with SA Cable,275.0,195.0
MUPS-17W8.8AH,12VDC 8.8Ah 17W Micro UPS with USB and PoE Output,575.0,395.0
BATT-12V7A,12v 7a battery for 10a PSU,284.2,196.0
HDM48CCOLA1500,15.0M 48G Cherry Cola HDMI AOC,20956.52,14669.57
HDMPEA15A,15.0M PEARL HDMI,8260.869999999999,5782.61
QSH-CBLP-M-500,152 m / 500 ft spool of Plenumrated fou,40260.87,32410.0
QSH-CBL-M-500,152 m / 500 ft spool of four conductor c,29391.3,23660.0
PWR-ADA-2-3,15A MALE TO 10A FEMALE ADAPTER - BACK ENTRY(R-17) Aus R-17,34.2857142857143,24.0
FIBRE-OPTICMAX8K15M,15m 8K Ultra High Speed Fibre-Optic Max (48G),5651.299999999999,3390.7799999999997
NVR-EL16-2U12MP1-4TB,16 CHANNEL 2U 4K NVR - 12MP RESOLUTION - 320MBPS - H.265 - HDMI 4TB INCLUDED (MADE IN KOREA),79877.39,47926.44
POE-16G,16 Port Gigabit Passive PoE Injector,1650.0,1225.0
DS-3E1518P-SI,16 Port Gigabit Smart POE Switch,7731.25,4638.75
NVR-FX16POE-1U4K1-4TB,16CH IP 1U NVR-2HDD BAY-IP 8MP/30FPS (128MBPS)- 16 PORT POE SWITCH 4TB INCLUDED(MADE IN KOREA),47314.78,28388.870000000003
NVR-FX16POE-1U4K1,16CH IP 1U RACKMOUNT NVR - 2HDD - IP RESOLUTION UP TO 8MP/30FPS (128MBPS) - 16 PORT EMBEDDED POE,39804.35,23882.61
NVR-MX16POE-1U4K1-4TB,16CH IP 1U SHELF NVR-2HDD BAY-IP 8MP/30FPS(128MBPS)-16 PORT POE SWITCH 4TB INCLUDED (MADE IN KOREA),42267.83,25360.7
DH-PFS4218-16GT-240,"16x10/100/1000 Base-T、2x1000 Base-X；
IEEE 802.3af/802.3at/Hi-PoE
Port 1/2 ≤60W， Port 3-16 ≤30W
Total≤240W
Weight: 3.5kg
Dimension: 482mm ×300mm ×44mm",6900.41,4758.9
DS-D5019S0-1P0_C,18.5 inch HD Borderless Monitor,1809.05714285714,1266.34
LCD-185,"18.5"" LCD monitor",2167.75,1495.0
EPS1218 DC GEL,18Ah Gel battery,713.428571428571,499.4
NET-CAT6-BK-1M-LQ,1M CAT6 MOULDED FLYLEAD - BLACK NET-CAT6-BK-1M-LQ,31.7142857142857,22.2
NET-CAT6-BK-2M-LQ,1M CAT6 MOULDED FLYLEAD - BLACK NET-CAT6-BK-1M-LQ | 2M CAT6 MOULDED FLYLEAD - BLACK NET-CAT6-BK-2M-LQ,38.6428571428572,27.05
NET-CAT6-BK-1M-LQ-L2-16-02,1M CAT6 MOULDED FLYLEAD BLACK,31.7142857142857,22.2
NRGX2EUC71M,1M NRG-X2 EU - C7 Power Cable,1129.57,913.04
NRGX3EUC131M,1M NRG-X3 EU - C13 Power Cable,1390.4299999999998,1095.6499999999999
1M Rip Cord,1M Rip Cord,1.0,0.0
WL-SMAM-1,1M SMA Male to SMA Male Cable,145.0,100.0
WL-SMA-1,1M SMA R/P to N-Type Male LMR Cable,175.0,115.0
HDD-WD-1TB_C,1TB Surveilance HDD,1291.8,904.26
NET-PP1U/BLB: 1U BLANKING PANEL,1U BLANKING PANEL,98.5714285714286,69.0
RCK-SH-J019-1U,1U BLANKING PANEL,79.0714285714286,55.35
NET-BRUSH-LQ G8-21-01,1U BRUSH PANEL WITH SHORT BASE PLATE WITH SCREWS LME101,132.857142857143,93.0
RCK-SH-J017-G3-10-01,1U CANTILEVER SHELF DIM 450MM,338.0,236.6
RMB-SIPA12F-00,1U FRONT RACK MOUNT BRACKET FOR SINGLE ZONE AMP,1604.35,962.61
SLIMMAX8K1M,1m 8K Ultra High Speed Slimwire Max (48G),607.83,364.7
LKV824P,1×4 HDMI SPLITTER WITH EXTENDER,12148.57,8504.0
HDMI-2SPL,2 PORT HDMI SPLITTER,506.05,349.0
HQWT-U-P2W-GR-E,2-Button Grey Palladiom Engraved 2x4,8608.699999999999,5940.0
DH-IPC-HFW5241EP-ZE-27135,"2-MP 1/2.8"" CMOS image sensor, low luminance, and high definition image.Outputs max. 2 MP (1920 × 1080)@30 fps.Built-in IR LED, and the max. illuminat",4844.45,3341.0
CON-SDC2-00,2-PIN SCREW-DOWN CONNECTOR 25-PACK,1663.4799999999998,998.09
CON-STC2-00,2-PIN SPRING-LOADED CONNECTOR 25-PACK,3327.83,1996.6999999999998
EUR-SCH,2-Pin Schuko to 16A 3-Pin Adaptor,17.0,12.0
HDM48CAR200,2.0M 48G CARBON HDMI,5739.129999999999,4017.39
HDM48CIN200,2.0M 48G CINNAMON HDMI,3652.1699999999996,2556.52
HDM48FOR200,2.0M 48G FOREST HDMI,1913.04,1339.1299999999999
HDM48PEA200,2.0M 48G PEARL HDMI,1217.3899999999999,852.17
BLAB02,2.0M BLACK LAB SUBWOOFER,1043.48,730.43
EVERG02R,2.0M EVERGREEN RCA-RCA,1913.04,1339.1299999999999
NRGY2EU02,2.0M NRG-Y2 EU POWER CORD,2607.83,1765.2199999999998
NRGY3EU02,2.0M NRG-Y3 EU POWER CORD,3303.48,2556.52
NRGZ2EU02,2.0M NRG-Z2 EU POWER CORD,4520.87,3530.43
NRGZ3EU02,2.0M NRG-Z3 EU POWER CORD,6086.089999999999,4443.48
TOWER02R,2.0M TOWER RCA-RCA,1217.3899999999999,852.17
ENS620EXT,2.4GHz/5GHz. Antenna External 2 x5 dBi. Speed 2 x 2 11ac Operating Mode: AP/WDS/Client Bridge. IP55,5403.48,3782.4399999999996
DHI-SSD-V800S1TB,"2.5"" 1TB DAHUA Surveillance SSD",1297.75,895.0
HDD-1TB-25,"2.5"" 1TB hard drive for mobile DVR",1666.05,1149.0
IR-ID,"2.5"" IR ceiling mount illuminator",1013.55,699.0
ROCK11B2.5FRBS,2.5M PR ROCKET 11 BK BAN/S,7304.349999999999,5113.04
ROCK22B2.5FRBS,2.5M PR ROCKET 22 BK BAN/S,10434.78,7304.349999999999
ROCK332.5PR,2.5M PR ROCKET 33 BAN/S,13999.130000000001,9069.57
CAB-RAW-PWR-2.5MM,"2.5MM 3 CORE BLACK POWER CABLE P/M CABTY3C2,5MM",43.061224489795904,30.1428571428571
MP-EX20P,20M 10A Extension Cord on Open Plastic Reel,625.0,450.0
POE-24G,24 Port Gigabit Passive PoE Injector,1975.0,1450.0
NVR-FX24POE-15U4K1-8TB,24CH IP 1.5U NVR-4HDD BAY-IP 12MP/30FPS(320MBPS)-24 PORT POE SWITCH 8TB INCLUDED (MADE IN KOREA),111122.61,66673.57
NVR-FX24POE-15U4K1,24CH IP 1.5U RACK NVR-4HDD BAY-IP 12MP/30FPS-24 PORT POE SWITCH (MADE IN KOREA),94297.39,56578.44
PSU-24DC-5A,24V 5A DC PSU for intercom switch,433.55,299.0
PSU-24V120W,24VDC 120W PSU With IEC Cable,525.0,375.0
PSU-24V30W,24VDC 30W 3 Pin Power Supply,190.0,145.0
PSU-24V60W,24VDC 60W PSU With IEC Cable,295.0,225.0
THIP-P4078FM-IR,256X192THERMAL4MPVISIBLE HYBRID PT7MM8MMFIXED(33°/25°)TEMP/FIRE DETECT.AUTOTRACK AI ANALYTICS NOPSU,83712.17,50227.310000000005
NRGX2EUC72M,2M NRG-X2 EU - C7 Power Cable,1390.4299999999998,1095.6499999999999
NRGX3EUC132M,2M NRG-X3 EU - C13 Power Cable,1738.26,1339.1299999999999
ORB,2MP INDOOR PT WIFI CAMERA BUILT-IN MICROPHONE & SPEAKER 33FT IR TRACKING DASH CLOUD SERVICE,3401.74,2721.3999999999996
IPEG-B20F-IRW2,2MP IP INDOOR/OUTDOOR SMALL SIZE BULLET. FIXED 2.8MM LENS (110Â°). 98 FEET IR. POE CAPABLE.,4280.87,2568.5299999999997
IPEG-D20F-IRW2,2MP IP INDOOR/OUTDOOR SMALL SIZE VANDAL DOME FIXED 2.8MM LENS (110. 98 FEET IR POE CAPABLE,3711.2999999999997,2226.79
IPEG-E20F-IRW2,2MP IP INDOOR/OUTDOOR SMALL VANDAL EYEBALL DOME. FIXED 2.8MM LENS (110Â°). 98 FEET IR. POE CAPABLE.,3752.1699999999996,2251.31
GUARDI,2MP WIFI INDOOR CAMERA. DASH CLOUD SERVICE WITH DASH APP.,2720.87,2176.7
DH-IPC-HFW3241DFP-AS-4G-NL668-0360B,"2MP, 1/2.8” CMOS image sensor, low illuminance, high image definition 
Outputs max. 2MP (1920 × 1080) @25/30 fps
H.265 codec, high compression rate, l",6912.15,4767.0
DH-IPC-HFW3249T1P-AS-PV-0360B,"2MP, 1/2.8” CMOS image sensor, low illuminance, high image definition 
Outputs max. 2MP (1920 × 1080) @30 fps 
H.265 codec, high compression rate, low",3451.0,2380.0
DH-IPC-HDBW3241EP-AS-0280B,"2MP, 1/2.8” CMOS image sensor, low illuminance, high image definition Outputs max. 2MP (1920 × 1080) @ 30 fps H.256 coding, high compression ration, l",2301.1499999999996,1587.0
DH-IPC-HDBW3241RP-ZS-27135,"2MP, 1/2.8” CMOS image sensor, low illuminance, high image definition-Outputs max. 2MP (1920 × 1080) @30 fps    H.265 codec, high compression rate, lo",3748.25,2585.0
9160335-S-SAV,"2N ACCESS UNIT 2.0 BLUETOOTH & RFID 125KHZ, SECURED 13.56MHZ, NFC",37306.96,26114.870000000003
9160344-S-SAV,2N ACCESS UNIT 2.0 RFID MULTIFREQUENCY READER,28827.83,20179.48
9160336-S-SAV,"2N ACCESS UNIT 2.0 TOUCH KEYPAD & RFID 125KHZ, SECURED 13.56MHZ, NFC",30523.48,21366.440000000002
9160335-S-SAVFB,2N FLUSH MOUNT ACCESS UNIT BUNDLE BLACK,42393.91,29675.74
9160335-S-SAVFN,2N FLUSH MOUNT ACCESS UNIT BUNDLE SILVER,42393.91,29675.74
9151101CHRPW-SAV,2N IP FORCE - PICTOGRAMS + 1 BUTTON + HD CAMERA + RFID READER,50873.04,35611.14
9159014US,2N IP INTERCOM 2WIRE,13129.57,9190.699999999999
9137909,2N IP Intercom - Gold license,3605.98571428571,2524.19
9158106,2N IP One Main Unit,24815.3,17370.71
9155034,2N IP VERSO - 2 INPUT 2 OUTPUT RELAYS,0.0,0.0
9155014,"2N IP VERSO - BOX FOR FLUSH INSTALLATION, 1 MODULE (MUST BE TOGETHER WITH 9155011 OR 9155011B)",0.0,0.0
9155045,2N IP VERSO - FINGERPRINT READER,0.0,0.0
9155011,"2N IP VERSO - FRAME FOR FLUSH INSTALLATION, 1 MODULE (MUST BE TOGETHER WITH 9155014)",0.0,0.0
9155011B,"2N IP VERSO - FRAME FOR FLUSH INSTALLATION, 1 MODULE - BLACK (MUST BE TOGETHER WITH 9155014)",3487.83,2441.48
9155021,"2N IP VERSO - FRAME FOR SURFACE INSTALLATION, 1 MODULE",0.0,0.0
9155021B,"2N IP VERSO - FRAME FOR SURFACE INSTALLATION, 1 MODULE - BLACK",2325.22,1627.6599999999999
9155037,2N IP VERSO - WIEGAND MODULE,0.0,0.0
9155084,"2N IP VERSO BLUETOOTH & RFID READER (125KHZ, SECURED 13.56MHZ UID+PACS ID, NFC)",0.0,0.0
9155083,"2N IP VERSO TOUCH KEYPAD & RFID READER (125KHZ, SECURED 13.56MHZ UID+PACS ID, NFC)",0.0,0.0
9134174,2N MIFARE RFID KEY FOB 13.56MHZ,0.0,0.0
11202106,2N MINI ELECTRONIC DOORSTRIKE SERIES 5,0.0,0.0
11202101,2N MINI ELECTRONIC DOORSTRIKE SERIES 5,0.0,0.0
11202104,2N MINI ELECTRONIC DOORSTRIKE SERIES 5 DOOR SIGNALING,0.0,0.0
11202105,2N MINI ELECTRONIC DOORSTRIKE SERIES 5 FAIL SAFE,0.0,0.0
11202103,2N MINI ELECTRONIC DOORSTRIKE SERIES 5 WITH MECHANICAL BLOCKING,0.0,0.0
11202102,2N MINI ELECTRONIC DOORSTRIKE SERIES 5 WITH MOMENTUM PIN,0.0,0.0
9155086,2N RFID MODULE,0.0,0.0
9151031S,2N SECURED CARD READER NFC READY 13.56MHZ FOR IP FORCE,12790.43,8953.31
9159010,2N SECURITY RELAY,0.0,0.0
9160335-S-SAVSB,2N SURFACE MOUNT ACCESS UNIT BUNDLE BLACK,39002.61,27301.83
9160335-S-SAVSN,2N SURFACE MOUNT ACCESS UNIT BUNDLE SILVER,39002.61,27301.83
9155072,2N WEDGE BACKPLATE 2M VERSO,0.0,0.0
9155071,2N WEDGE BACKPLATE SOLO,0.0,0.0
2N® Access Unit 2.0 - Fingerprint reader,2N® Access Unit 2.0 - Fingerprint reader,23231.670000000002,13939.0
9160347,2N® Access Unit 2.0 Touch keypad & Bluetooth & RFID - 125kHz,25491.100000000002,17843.77
9158002,2N® IP One - Surface mount box,1570.72857142857,1099.51
RCK-SH-J019-2U,2U BLANKING PANEL JH0222U,95.71428571428571,67.0
NET-PP2U/BLB,2U BLANKING PANEL LOCAL,160.071428571429,112.05
RCK-5000-00,2U RACK SHELF,8128.7,4877.219999999999
SLIMMAX8K2M,2m 8K Ultra High Speed Slimwire Max (48G),868.6999999999999,521.22
PWR-D-PLUG L10-05-01,3 PRONG RED DEDICATED PLUG BRASS 1054RDP,38.4285714285714,26.900000000000002
CON-STC3-00,3-PIN SCREW-DOWN CONNECTOR 25-PACK,1663.4799999999998,998.09
HDM48CAR300BRD,3.0M 48G BRAIDED CARBON HDMI,7652.169999999999,5356.5199999999995
HDM48CIN300BRD,3.0M 48G BRAIDED CINNAMON HDMI,4782.61,3347.83
HDM48FOR300,3.0M 48G FOREST HDMI,2521.74,1765.2199999999998
HDM48PEA300,3.0M 48G PEARL HDMI,1565.2199999999998,1095.6499999999999
BLAB03,3.0M BLACK LAB SUBWOOFER,1217.3899999999999,852.17
HDD-1TB,"3.5"" 1000GB(1TB) hard disk drive",1297.75,895.0
HDD-2TB,"3.5"" 2000GB(2TB) hard disk drive",1954.6,1348.0
HDD-4TB,"3.5"" 4000GB(4TB) hard disk drive",2898.5499999999997,1999.0
HDD-8TB,"3.5"" 8000GB(8TB) hard disk drive",5763.75,3975.0
CAB-30VP,30 meters (video + power ) 2 in 1 cable with connectors,158.04999999999998,109.0
LAN-EXT,300m LAN network extender,796.05,549.0
MP-EX30M,30M 16A Extension Cord on Open Metal Reel,1125.0,825.0
NVR-EL32-2U12MP1-8TB,32 CH. EMBEDDED 4K 2U NVR ENHANCED H.264 SUPPORTS UPTO 12MP 8TB INCLUDED (MADE IN KOREA),115176.52,69105.92
Mecer Display 32,"32"" HD Ready display",4033.9285714285697,2823.75
LED-32,"32"" LED",4638.549999999999,3199.0
TUB-AU,38mm Aluminium Pole / Mast 2M,275.0,195.0
ZTP1203B,3A Access control PSU  12VDC  Metal housing with camlock  Supports up to 8Ah LiPo/Lead-acid/gel batteries,687.128571428571,480.99
PK2-3BRL-TBL-S3,3Button with raise/lower blackout text,2000.0,1380.0
PK2-3BRL-TAW-S3,3Button with raise/lower blackout text,2000.0,1380.0
PK2-3BRL-TAW-S4,3Button with raise/lower sheer text AW,2000.0,1380.0
PK2-3BRL-TBL-S4,3Button with raise/lower sheer text Bl,2000.0,1380.0
HDMI-3SWT,3CH HDMI SWITCH,187.04999999999998,129.0
TRK-JC200,3G Dual View Dash Camera with Tracker,4058.5499999999997,2799.0
ANT-4GD,3G/4G 6dBi Desktop Antenna with SMA Male,295.0,215.0
MP-EX03,3M 10A Extension Cord with Double Coupler,95.0,70.0
SLIMMAX8K3M,3m 8K Ultra High Speed Slimwire Max (48G),955.65,573.39
DH-PFS4206-4P-96,"3x10/100 BaseT-(PoE+/PoE);
1x10/100/1000 Base-T(Hi-PoE/PoE+/PoE);
2x1000 Base-XVLAN、Spanning tree、SNMP…
IEEE 802.3af/802.3at(PoE+)、Hi-PoEPower supply:",2235.9,1542.0
DH-IPC-HDW5449TMP-SE-LED-0360B,"4 MP 1/1.8"" CMOS image sensor, low luminance, and high definition image.
Outputs max. 4 MP (2688 × 1520)@30 fps.
H.265 codec, high compression rate, u",3638.0499999999997,2509.0
DH-IPC-HDW5449TMP-SE-LED-0280B,"4 MP 1/1.8"" CMOS image sensor, low luminance, and high definition image.
Outputs max. 4 MP (2688 × 1520)@30 fps.
H.265 codec, high compression rate, u",3638.0499999999997,2509.0
DH-IPC-HFW5449TP-ASE-LED-0360B,"4 MP 1/1.8"" CMOS image sensor, low luminance, and high definition image.
Outputs max. 4 MP (2688×1520)@30 fps.
H.265 codec, high compression rate, ult",4044.0499999999997,2789.0
DH-IPC-HDBW5449RP-ASE-LED-0360B,"4 MP 1/1.8"" CMOS image sensor, low luminance, and high definition image.
Outputs max. 4 MP (2688×1520)@30 fps.
H.265 codec, high compression rate, ult",3964.2999999999997,2734.0
DH-IPC-HDBW5449R1P-ZE-LED-2712,"4 MP 1/1.8"" CMOS image sensor, low luminance, and high definition image.
Outputs max. 4 MP (2688×1520)@30 fps.
H.265 codec, high compression rate, ult",6915.049999999999,4769.0
DH-IPC-HFW5449T1P-ZE-LED-2712,"4 MP 1/1.8"" CMOS image sensor, low luminance, and high definition image.
Outputs max. 4 MP (2688×1520)@30 fps.
H.265 codec, high compression rate, ult",6954.2,4796.0
DS-2CD2346G2-ISU/SL(2.8MM),4 MP AcuSense Strobe Light and Audible Warning Fixed Turret Network Camera,1.0,2102.39
DS-2CD2347G3-LIS2UY/S(L)(2.8mm),4 MP Smart Hybrid Light with ColorVu Fixed Turret Network Camera,4227.057142857139,2958.9399999999996
HDMI-4SPL,4 PORT HDMI SPLITTER,651.05,449.0
POE-4G,4 Port Gigabit Passive PoE Injector,225.0,165.0
HB-ZJQ-4,4 zone wireless receiver,1158.55,799.0
SHA-C4IN-10,"4"" NEGATIVE REVEAL POCKET",7887.83,6310.2699999999995
DH-IPC-HFW1430DT-STW,"4-MP 1/3"" CMOS image sensor, low luminance, and high definition image.
Outputs max. 4 MP (2560 × 1440)@20 fps, and max. supports 3 MP (2304 × 1296)@25",1442.75,995.0
DH-IPC-H4AP-0360B,"4-MP 1/3"" CMOS image sensor, low luminance, and high definition image.Outputs max. 4 MP (2560 × 1440)@25 fps.
H.265 codec, high compression rate, ultr",1225.76,845.35
RCK-SH-05A-42U-600-M,"42U 600X600MM, 4 FANS,3 SHELVES, MESH DOOR",9621.428571428569,6735.0
QA43QN90FAKXXA,43 inch QN90F 4K Neo QLED Mini LED Vision AI TV 2025,21116.7714285714,14781.74
Mecer Display 43,"43"" Full HD Display",6964.285714285709,4875.0
SOLAR-455-AST,455w Panel,3298.75,2275.0
QA48S90FAEXXA,48 inch S90F 4K OLED Samsung Vision AI TV 2025,21578.1714285714,15104.720000000001
LX-UH1B,4K (UHD) TRP DMD technology delivers 4K (3840 x 2160) images HDR support 2000 lumens,52173.04,39129.78
HRX-4KVLC100-00,4K HDR HDBASET MATRIX RECEIVER 100M,10852.17,6511.3099999999995
HRX-4KVLC40-00,4K HDR HDBASET MATRIX RECEIVER 40M,8139.129999999999,4883.48
SLN-44VLC4K-00,4K HDR HDBASET MATRIX SWITCHER 4 X 4,94963.48000000001,56978.090000000004
SLN-88VLC4K-00,4K HDR HDBASET MATRIX SWITCHER 8 X 8,203493.04,122095.83
ORB-OUTDOOR,4MP INDOOR/OUTDOOR PT WIFI CAMERA BUILT-IN MICROPHONE & SPEAKER 98FT IR IC-HOME CLOUD SERVICE,5720.87,4576.7
DH-IPC-HDW3441T-ZS,4MP IR Vari-focal Eyeball WizSense Network Camera,4092.75,2638.0
DH-IPC-HFW7442HP-ZVH-0832,"4MP, 1/1.8"" CMOS image sensor, low illuminance, high image definition
Max outputs 4MP (2688 × 1520) @50 fps/60 fps
H.264/H.265 coding, high compressio",14160.7,9766.0
DH-IPC-HDBW3441EP-AS-0280B,"4MP, 1/3” CMOS image sensor, low illuminance, high image definition  Outputs max. 4MP (2688 × 1520) @ 30 fps    H.256 coding, high compression ration,",2514.2999999999997,1734.0
DH-IPC-HDBW3441FP-AS-M-0360B,"4MP, 1/3” CMOS image sensor, low illuminance, high image definition, Outputs max. 4MP (2688 × 1520) @30 fps    H.265 codec, high compression rate, low",2385.25,1645.0
DH-IPC-HFW3441MP-AS-SFC-I2-0360B,"4MP, 1/3” CMOS image sensor, low illuminance, high image definition-Outputs max. 4MP (2688 × 1520) @30 fps   H.265 codec, high compression rate, low b",3349.5,2310.0
RCK-SH-J019-4U-G5-25-06,4U BLANKING PANEL ** AMENDED ** JH02 4U,207.42857142857198,145.2
MOTU AVB,5 PORT AVB COMPLIANT SWITCH,13898.26,11118.61
DH-IPC-HFW3549T1P-AS-PV-0360B-S3,"5-MP 1/2.7"" CMOS image sensor, low luminance, and high definition image.
Outputs max. 5 MP (2592 × 1944)@20 fps and supports 4 MP (2688 × 1520)@25/30",4190.5,2890.0
DH-IPC-HDW3549HP-AS-PV-0280B-S3,"5-MP 1/2.7"" CMOS image sensor, low luminance, and high definition image.
Outputs max. 5 MP (2592 × 1944)@20 fps and supports 4 MP (2688 × 1520)@25/30",4190.5,2890.0
DH-IPC-HDW5541TMP-ASE-0280B,"5-MP 1/2.7"" CMOS image sensor, low luminance, and high definition image.
Outputs max. 5 MP (2592 × 1944)@20 fps.
H.265 codec, high compression rate, u",4003.45,2761.0
DH-IPC-HDBW5541RP-ASE-0280B,"5-MP 1/2.7"" CMOS image sensor, low luminance, and high definition image.Outputs max. 5 MP (2582 × 1944)@20 fps.H.265 codec, high compression rate, ult",4099.15,2827.0
DH-IPC-HDBW5541EP-Z5E-0735,"5-MP 1/2.7"" CMOS image sensor, low luminance, and high definition image.Outputs max. 5 MP (2592 × 1944)@20 fps.Built-in IR LED, and the max. illuminat",6261.099999999999,4318.0
DH-IPC-HFW5541TP-ASE-0360B,"5-MP 1/2.7"" CMOS image sensor, low luminance, and high definition image.Outputs max. 5 MP (2592 × 1944)@20 fps.H.265 codec, high compression rate, ult",4516.75,3115.0
HDM48CIN500,5.0M 48G CINNAMON HDMI,8260.869999999999,5782.61
HDM48FOR500,5.0M 48G FOREST HDMI,5739.129999999999,4017.39
HDM48PEA500,5.0M 48G PEARL HDMI,3826.0899999999997,2678.2599999999998
BLAB05,5.0M BLACK LAB SUBWOOFER,1478.26,1034.78
QA50Q60DAKXXA,50 Inch QLED 4K Q60D Tizen OS Smart TV (2024),8694.779999999999,7825.219999999999
HDMI-EXT-50M,50M HDMI EXTENDER,1158.55,799.0
USB-EXT,50m USB extender,375.55,259.0
TUB-AU3,50mm Aluminium Pole / Mast 3M,1075.0,795.0
TUB-AU6,50mm Aluminium Pole / Mast 6M,2175.0,1595.0
5250 Part,5250 Power Button Assembly,31295.65,933.5799999999999
SOLAR-545-AST,545w Panel,3951.25,2725.0
Mecer Display 55,"55"" 4K display",11875.0,8312.5
QA55LS03DAKXXA,"55"" The Frame LS03D QLED 4K HDR Smart TV",15651.300000000001,12173.04
ZTP1205B_C,5A Access control PSU  12VDC  Metal housing with camlock  Supports up to 18Ah LiPo/Lead-acid/gel batteries,862.942857142857,604.06
MP-EX05,5M 10A Extension Cord with Double Coupler,130.0,95.0
NET-SOCK CS20-5M,"5M CABLE SOCK, 20MM",203.928571428571,142.75
CAB-RCA-5M,5M RCA CABLE,43.5,30.0
WL-SMAM-5,5M SMA Male to SMA Male Cable,275.0,195.0
DH-IPC-HDW5541HP-ASE-PV-0360B,"5MP 1/2.7"" CMOS image sensor, low illuminance, high image definition
Outputs max. 5MP (2592× 1944) @20 fps and 2688 × 1520 (2688 × 1520) @25/30 fps
H.",4216.599999999999,2908.0
DH-IPC-HDW5541HP-ASE-PV-0280B,"5MP 1/2.7"" CMOS image sensor, low illuminance, high image definition
Outputs max. 5MP (2592× 1944) @20 fps and 2688 × 1520 (2688 × 1520) @25/30 fps
H.",4216.599999999999,2908.0
DH-IPC-HDW3541TP-ZAS-27135,"5MP, 1/2.7” CMOS image sensor, low illuminance, high image definition-Outputs max. 5MP (2592 × 1944) @20 fps    H.265 codec, high compression rate, lo",4089.0,2820.0
RCK-PAVVM8-00,5U RACK MOUNT SHELF FOR UP TO 8 SINGLE VIDEO INPUT UNITS,11490.43,6894.2699999999995
PSU-5V10W,5VDC 10W 3 Pin Power Supply,175.0,125.0
SHA-C6IN-10,"6"" NEGATIVE REVEAL POCKET",8332.17,6665.74
CON-STC6-00,6-PIN SCREW-DOWN CONNECTOR 25-PACK,3327.83,1996.6999999999998
PWR-MP-6P-C13C14-MET,"6-PORT MULTIPLUG METAL RACK MNT C13,C14 CROSS BRACE C1314MTL",532.857142857143,373.0
NVR-EL64-2U12MP1-10TB,64 CH. EMBEDDED 4K 2U NVR ENHANCED H.264 SUPPORTS UPTO 12MP 10TB INCLUDED (MADE IN KOREA),144001.74000000002,86401.05
QA65QN90FAKXXA,65 inch QN90F 4K Neo QLED Mini LED Vision AI TV 2025,45547.4142857143,31883.190000000002
QA65S90FAEXXA,65 inch S90F 4K OLED Samsung Vision AI TV 2025,44719.2571428571,31303.48
QA65LS03DAKXXA,"65"" The Frame LS03D QLED 4K HDR Smart TV",19129.600000000002,15651.300000000001
SKYEHD65,65″ SKYE HD Platinum Series Interactive Panel,43477.39,34781.91
CC-W6,6mm Cable Clips 100 Pack White,11.5,8.0
HDMFOR07.5A,7.5M FOREST HDMI ACTIVE,6521.74,4565.219999999999
QA75QN90FAKXXA,75 inch QN90F 4K Neo QLED Mini LED Vision AI TV 2025,62110.557142857106,43477.39
QA75LS03DAKXXA,"75"" The Frame LS03D QLED 4K HDR Smart TV",26086.100000000002,26086.100000000002
G-MAX7,7AH Battery,212.5,148.75
WL-SMAM-7,7M SMA Male to SMA Male Cable,315.0,225.0
NVR-EG08POE-1U4K1-2TB,8 CHANNEL 1U SHEL NVR. 8 PORT POE SWITCH.8MP IP CAMERA SUPPORT. 80MBPSTHROUGHPUT 2TB INCLUDED,17528.7,10517.220000000001
271 XLR-DB25 Cable,8 Channel cable to connect 8 balanced analogue channels to the 271,3726.71428571429,2608.7
DH-IPC-HFW5842TP-ASE-0360B-S2,"8 MP 1/1.8"" CMOS image sensor, low luminance, and high definition image.
Outputs max. 8 MP (3840 × 2160)@30 fps.
H.265 codec, high compression rate, u",4741.5,3270.0
DH-IPC-HDBW5842RP-ASE-0280B-S2,"8 MP 1/1.8"" CMOS image sensor, low luminance, and high definition image.
Outputs max. 8 MP (3840 × 2160)@30 fps.
H.265 codec, high compression rate, u",5724.599999999999,3948.0
DH-IPC-HFW5842EP-ZE-2712-S2,"8 MP 1/1.8"" CMOS image sensor, low luminance, and high definition image.
Outputs max. 8 MP (3840 × 2160)@30 fps.
H.265 codec, high compression rate, u",7506.65,5177.0
POE-8G,8 Port Gigabit Passive PoE Injector,350.0,250.0
DS-3E1510P-SI_C,8 port Smart gigabit POE switch 110w POE budget  Hikvision topology management  2 SFP ports,3478.37142857143,2434.8599999999997
HB-ZJQ-8,8 zone wireless receiver,1593.55,1099.0
AMP-8125-00,8-CHANNEL DIGITAL AUDIO AMPLIFIER,66640.87,39984.53
IR-OD,"80m LED Array IR Illuminator  - Ideal for outdoor dark area use together with IR compatible cameras.  IR output 3,300mW@ 850nmDC12V / 2V  , Adjustable",1738.55,1199.0
OLED83C56LA,83 inch LG OLED evo AI C5 4K 144Hz Smart TV AI Magic remote webOS25 2025,136644.714285714,95651.3
QA85LS03FAUXXA,85 inch LS03F 4K The Frame Samsung Vision AI TV 2025,62110.557142857106,43477.39
QA85QN90FAKXXA,85 inch QN90F 4K Neo QLED Mini LED Vision AI TV 2025,103518.428571429,72462.90000000001
IS-MDR7208WGWX,8CH AHD 1080P / Aanalog Dual signal HDD mobile DVR with 3G/ GPS/G-sensor for vehicle (remote monitoring while driving and store data on a hardrive).,9932.5,6850.0
NVR-FX08POE-1U4K1-2TB,8CH IP 1U RACK NVR-2HDD BAY-IP 8MP/30FPS-8 PORT POE SWITCH 2TB INCLUDED   (MADE IN KOREA),35553.91,21332.350000000002
NVR-MX08POE-1U4K1-2TB,8CH IP 1U SHELF NVR-2HDD BAY-IP 8MP/30FPS(128MBPS)-8 PORT POE SWITCH 2TB INCLUDED (MADE IN KOREA),30506.960000000003,18304.18
DH-IPC-EBW8842P-AS,"8MP 1/1.7"" CMOS image sensor, low luminance, and high definition image.
Outputs max. 8M (3280 × 2480) @25/30 fps.
Built-in IR LED, and the max. illumi",11547.800000000001,7964.0
DH-IPC-HDBW5842EP-ZE-2712,"8MP 1/1.8"" CMOS image sensor, low luminance, and high definition image.
Outputs max. 8MP (3840 × 2160)@30 fps.
H.265 codec, high compression rate, ult",7190.549999999999,4959.0
IPEL-P8040-IRW1-AI,8MP IP FULL SIZE 4K STARLIGHT PTZ 40X OPTICAL ZOOM. 1640 FEET SMART IR HI-POE CAPABLE. AI (A,135589.57,81353.74
IPEL-B80F-IRW2,8MP IP INDOOR/OUTDOOR SMALL SIZE BULLET. FIXED 2.8MM LENS 98.4 FEET SMART IR. POE CAPABLE. AI,9286.96,5572.179999999999
IPFX-D80V-IRW1,8MP IP In/Outdoor Mid Size Vandal Dome Varifocal 2.7-12mm Motorized Lens (110° - 40°)164 Ft Smart IR,22309.57,13385.74
CC-W8,8mm Cable Clips 100 Pack White,14.0,10.0
PS49-5,9 Channel 12VDC 10 Amp CCTV Power Supply with Battery Back-up,778.5699999999999,545.0
CON-STC9-00,9-PIN SCREW-DOWN CONNECTOR 25-PACK,4992.17,2995.31
F027,960W Modular LED Floodlight - 5 Year,30865.835714285702,21606.085
QA98QN90FAKXXA,98 inch QN90F 4K Neo QLED Mini LED Vision AI TV 2025,223601.24285714302,156520.87
A320WH,A 320 White,1469.57,881.74
A345WH,A 345 In/Outdoor White,2339.1299999999997,1403.48
A500WH,A 500 White,2607.83,1825.4799999999998
A-BH19-COO150,A-BH19-C00150,1034.1499999999999,723.905
OSL-SMRTPREM-00,ACTIVATION LICENSE FOR PREMIUM FEATURES IN SMART HOST,9086.96,5452.179999999999
ADA-CAR-DUO,ADA-CAR-DUO CAR,275.714285714286,193.0
UP-AI-Horn-Speaker-W,"AI Horn Speaker - All-weather PoE 120 dB horn speaker with advanced AI alert functionality and versatile wall, corner, and pole mounting options.",7968.57,5578.0
UVC-AI-PTZ-B,"AI PTZ Industrial - Industrial-grade 4K PoE++ PTZ camera with enhanced AI capabilities, 22x optical zoom, and long-range adaptive IR LED night vision.",34568.57,24198.0
AJAX-AD-RELAY-B,AJAX Security - Automation - Relay low current remote control with dry contact,1120.0,784.0
AJAX-KP-TS-B,AJAX Security - Black Wireless Keypad Touch Screen,7665.14285714286,5365.599999999999
AJAX-PB-H-W,AJAX Security - Button Holder for Button/Double Button White,100.0,70.0
AJAX-MC-OUT-W,AJAX Security - MotionCam Jeweller - White Wireless Outdoor Motion Detector with Photo Verification,4322.0,3025.3999999999996
AJAX-MP-INDR-B,AJAX Security - MotionProtect - Black Wireless Pet Immune Indoor Motion Detector,1342.1428571428598,939.5
AJAX-REX-INDR-B,AJAX Security - ReX Jeweller - Black Indoor Radio Signal Range Extender,3141.0,2198.7
AJAX-S-TR-INDR,AJAX Security - Single WiFi Transmitter Module Indoor,1284.28571428571,899.0
AJAX-PB-W,AJAX Security - Wireless Smart Panic and Control Button Jeweller White,630.0,441.0
ALTECO C-1 B,ALTECO C-1 BLACK ATMOS SPEAKER,6860.87,4116.5199999999995
ALTECO C-1 WAL,ALTECO C-1 WALNUT ATMOS SPEAKER,6860.87,4116.5199999999995
ALTECO C-1 W,ALTECO C-1 WHITE ATMOS SPEAKER,6860.87,4116.5199999999995
SHA-EHBAL10-00,ALUMINUM SHADE BRACKET HANGER BOLT 10 PACK,1263.48,1010.79
BOXER03,AQ 3.0M BOXER SUBWOOFER,3614.8999999999996,2530.43
GHOUND03,AQ 3.0M GREYHOUND SUBWOOFER,1478.26,886.96
HDM18BLUE150,AQ Blueberry HDMI 18G (1.5m),681.9875,477.39125
HDM18BLUE200,AQ Blueberry HDMI 18G (2m),870.0,609.0
HDM18BLUE300,AQ Blueberry HDMI 18G (3m),968.942857142857,678.26
ARCHT-6,ARCHITECTURAL 6.5 INCH 2-WAY STEREO IN-CEILING / PAIR,15958.26,9574.96
ARCHT-6-PCB,ARCHITECTURAL 6.5 INCH PRE-CONSTRUCTION BRACKETS / PAIR,82.61,49.57
ARCHT-6-RG,ARCHITECTURAL 6.5 INCH REPLACEMENT ROUND GRILLE / EACH,1020.8699999999999,612.53
ARCHT-6-SSTT,ARCHITECTURAL 6.5 INCH SINGLE STEREO TWIN TWEETER STEREO IN-CEILING / EACH,8777.39,5266.44
ARCHT-6-SG,ARCHITECTURAL 6.5 INCH SQUARE GRILLE / EACH,1020.8699999999999,612.53
ARCHT-8,ARCHITECTURAL 8 INCH 2-WAY STEREO IN-CEILING / PAIR,19150.43,11490.27
ARCHT-8-PCB,ARCHITECTURAL 8 INCH PRE-CONSTRUCTION BRACKETS / PAIR,82.61,49.57
ARCHT-8-RG,ARCHITECTURAL 8 INCH REPLACEMENT ROUND GRILLE / EACH,1020.8699999999999,612.53
ARCHT-8-SSTT,ARCHITECTURAL 8 INCH SINGLE STEREO TWIN TWEETER STEREO IN-CEILING / EACH,11490.43,6894.2699999999995
ARCHT-8-SG,ARCHITECTURAL 8 INCH SQUARE GRILLE / EACH,1020.8699999999999,612.53
WFB-MBLVC-00,ASCEND BUTTON KIT (BLACK),3958.2599999999998,2374.96
WFB-BALVC-00,ASCEND BUTTON KIT (BRUSHED ALUMINUM),3958.2599999999998,2374.96
WFB-BBLVC-00,ASCEND BUTTON KIT (BRUSHED BLACK),3958.2599999999998,2374.96
WFB-BRLVC-00,ASCEND BUTTON KIT (BRUSHED BRASS),3958.2599999999998,2374.96
WFB-BZLVC-00,ASCEND BUTTON KIT (BRUSHED BRONZE),3958.2599999999998,2374.96
WFB-LALVC-00,ASCEND BUTTON KIT (LIGHT ALMOND),3958.2599999999998,2374.96
WFB-MNLVC-00,ASCEND BUTTON KIT (NICKEL),3958.2599999999998,2374.96
WFB-SWLVC-00,ASCEND BUTTON KIT (SNOW WHITE),3958.2599999999998,2374.96
WFB-MGLVC-00,ASCEND BUTTON KIT (SPACE GRAY),3958.2599999999998,2374.96
WFB-MBENGV-00,ASCEND ENGRAVING (BLACK),1167.83,817.48
WFB-BAENGV-00,ASCEND ENGRAVING (BRUSHED ALUMINUM),1167.83,817.48
WFB-BBENGV-00,ASCEND ENGRAVING (BRUSHED BLACK),1167.83,817.48
WFB-BRENGV-00,ASCEND ENGRAVING (BRUSHED BRASS),1167.83,817.48
WFB-BZENGV-00,ASCEND ENGRAVING (BRUSHED BRONZE),1167.83,817.48
WFB-LAENGV-00,ASCEND ENGRAVING (LIGHT ALMOND),1167.83,817.48
WFB-MNENGV-00,ASCEND ENGRAVING (NICKEL),1167.83,817.48
WFB-SWENGV-00,ASCEND ENGRAVING (SNOW WHITE),1167.83,817.48
WFB-MGENGV-00,ASCEND ENGRAVING (SPACE GRAY),1167.83,817.48
FF1-0S0MBM-00,ASCEND FACEPLATE - 1 GANG (BLACK),782.61,626.09
FF1-0S0BAM-00,ASCEND FACEPLATE - 1 GANG (BRUSHED ALUMINUM),782.61,626.09
FF1-0S0BBM-00,ASCEND FACEPLATE - 1 GANG (BRUSHED BLACK),782.61,626.09
FF1-0S0BRM-00,ASCEND FACEPLATE - 1 GANG (BRUSHED BRASS),782.61,626.09
FF1-0S0BZM-00,ASCEND FACEPLATE - 1 GANG (BRUSHED BRONZE),782.61,626.09
FF1-0S0LAM-00,ASCEND FACEPLATE - 1 GANG (LIGHT ALMOND),782.61,626.09
FF1-0S0MNM-00,ASCEND FACEPLATE - 1 GANG (NICKEL),782.61,626.09
FF1-0S0SWM-00,ASCEND FACEPLATE - 1 GANG (SNOW WHITE),782.61,626.09
FF1-0S0MGM-00,ASCEND FACEPLATE - 1 GANG (SPACE GRAY),782.61,626.09
FF2-0S0MBM-00,ASCEND FACEPLATE - 2 GANG (BLACK),979.13,783.31
FF2-0S0BAM-00,ASCEND FACEPLATE - 2 GANG (BRUSHED ALUMINUM),979.13,783.31
FF2-0S0BBM-00,ASCEND FACEPLATE - 2 GANG (BRUSHED BLACK),979.13,783.31
FF2-0S0BRM-00,ASCEND FACEPLATE - 2 GANG (BRUSHED BRASS),979.13,783.31
FF2-0S0BZM-00,ASCEND FACEPLATE - 2 GANG (BRUSHED BRONZE),979.13,783.31
FF2-0S0LAM-00,ASCEND FACEPLATE - 2 GANG (LIGHT ALMOND),979.13,783.31
FF2-0S0MNM-00,ASCEND FACEPLATE - 2 GANG (NICKEL),979.13,783.31
FF2-0S0SWM-00,ASCEND FACEPLATE - 2 GANG (SNOW WHITE),979.13,783.31
FF2-0S0MGM-00,ASCEND FACEPLATE - 2 GANG (SPACE GRAY),979.13,783.31
FF3-0S0MBM-00,ASCEND FACEPLATE - 3 GANG (BLACK),1174.78,939.8299999999999
FF3-0S0BAM-00,ASCEND FACEPLATE - 3 GANG (BRUSHED ALUMINUM),1174.78,939.8299999999999
FF3-0S0BBM-00,ASCEND FACEPLATE - 3 GANG (BRUSHED BLACK),1174.78,939.8299999999999
FF3-0S0BRM-00,ASCEND FACEPLATE - 3 GANG (BRUSHED BRASS),1174.78,939.8299999999999
FF3-0S0BZM-00,ASCEND FACEPLATE - 3 GANG (BRUSHED BRONZE),1174.78,939.8299999999999
FF3-0S0LAM-00,ASCEND FACEPLATE - 3 GANG (LIGHT ALMOND),1174.78,939.8299999999999
FF3-0S0MNM-00,ASCEND FACEPLATE - 3 GANG (NICKEL),1174.78,939.8299999999999
FF3-0S0SWM-00,ASCEND FACEPLATE - 3 GANG (SNOW WHITE),1174.78,939.8299999999999
FF3-0S0MGM-00,ASCEND FACEPLATE - 3 GANG (SPACE GRAY),1174.78,939.8299999999999
FF4-0S0MBM-00,ASCEND FACEPLATE - 4 GANG (BLACK),1566.09,1252.87
FF4-0S0BAM-00,ASCEND FACEPLATE - 4 GANG (BRUSHED ALUMINUM),1566.09,1252.87
FF4-0S0BBM-00,ASCEND FACEPLATE - 4 GANG (BRUSHED BLACK),1566.09,1252.87
FF4-0S0BRM-00,ASCEND FACEPLATE - 4 GANG (BRUSHED BRASS),1566.09,1252.87
FF4-0S0BZM-00,ASCEND FACEPLATE - 4 GANG (BRUSHED BRONZE),1566.09,1252.87
FF4-0S0LAM-00,ASCEND FACEPLATE - 4 GANG (LIGHT ALMOND),1566.09,1252.87
FF4-0S0MNM-00,ASCEND FACEPLATE - 4 GANG (NICKEL),1566.09,1252.87
FF4-0S0SWM-00,ASCEND FACEPLATE - 4 GANG (SNOW WHITE),1566.09,1252.87
FF4-0S0MGM-00,ASCEND FACEPLATE - 4 GANG (SPACE GRAY),1566.09,1252.87
WFB-MBLV02-00,ASCEND LOW VOLTAGE KEYPAD - 2 BUTTON (BLACK),11191.300000000001,6714.79
WFB-BALV02-00,ASCEND LOW VOLTAGE KEYPAD - 2 BUTTON (BRUSHED ALUMINUM),11191.300000000001,6714.79
WFB-BBLV02-00,ASCEND LOW VOLTAGE KEYPAD - 2 BUTTON (BRUSHED BLACK),11191.300000000001,6714.79
WFB-BRLV02-00,ASCEND LOW VOLTAGE KEYPAD - 2 BUTTON (BRUSHED BRASS),11191.300000000001,6714.79
WFB-BZLV02-00,ASCEND LOW VOLTAGE KEYPAD - 2 BUTTON (BRUSHED BRONZE),11191.300000000001,6714.79
WFB-LALV02-00,ASCEND LOW VOLTAGE KEYPAD - 2 BUTTON (LIGHT ALMOND),11191.300000000001,6714.79
WFB-MNLV02-00,ASCEND LOW VOLTAGE KEYPAD - 2 BUTTON (NICKEL),11191.300000000001,6714.79
WFB-SWLV02-00,ASCEND LOW VOLTAGE KEYPAD - 2 BUTTON (SNOW WHITE),11191.300000000001,6714.79
WFB-MGLV02-00,ASCEND LOW VOLTAGE KEYPAD - 2 BUTTON (SPACE GRAY),11191.300000000001,6714.79
WFB-MBLV04-00,ASCEND LOW VOLTAGE KEYPAD - 4 BUTTON (BLACK),11191.300000000001,6714.79
WFB-BALV04-00,ASCEND LOW VOLTAGE KEYPAD - 4 BUTTON (BRUSHED ALUMINUM),11191.300000000001,6714.79
WFB-BBLV04-00,ASCEND LOW VOLTAGE KEYPAD - 4 BUTTON (BRUSHED BLACK),11191.300000000001,6714.79
WFB-BRLV04-00,ASCEND LOW VOLTAGE KEYPAD - 4 BUTTON (BRUSHED BRASS),11191.300000000001,6714.79
WFB-BZLV04-00,ASCEND LOW VOLTAGE KEYPAD - 4 BUTTON (BRUSHED BRONZE),11191.300000000001,6714.79
WFB-LALV04-00,ASCEND LOW VOLTAGE KEYPAD - 4 BUTTON (LIGHT ALMOND),11191.300000000001,6714.79
WFB-MNLV04-00,ASCEND LOW VOLTAGE KEYPAD - 4 BUTTON (NICKEL),11191.300000000001,6714.79
WFB-SWLV04-00,ASCEND LOW VOLTAGE KEYPAD - 4 BUTTON (SNOW WHITE),11191.300000000001,6714.79
WFB-MGLV04-00,ASCEND LOW VOLTAGE KEYPAD - 4 BUTTON (SPACE GRAY),11191.300000000001,6714.79
WFB-MBLV05-00,ASCEND LOW VOLTAGE KEYPAD - 5 BUTTON (BLACK),11191.300000000001,6714.79
WFB-BALV05-00,ASCEND LOW VOLTAGE KEYPAD - 5 BUTTON (BRUSHED ALUMINUM),11191.300000000001,6714.79
WFB-BBLV05-00,ASCEND LOW VOLTAGE KEYPAD - 5 BUTTON (BRUSHED BLACK),11191.300000000001,6714.79
WFB-BRLV05-00,ASCEND LOW VOLTAGE KEYPAD - 5 BUTTON (BRUSHED BRASS),11191.300000000001,6714.79
WFB-BZLV05-00,ASCEND LOW VOLTAGE KEYPAD - 5 BUTTON (BRUSHED BRONZE),11191.300000000001,6714.79
WFB-LALV05-00,ASCEND LOW VOLTAGE KEYPAD - 5 BUTTON (LIGHT ALMOND),11191.300000000001,6714.79
WFB-MNLV05-00,ASCEND LOW VOLTAGE KEYPAD - 5 BUTTON (NICKEL),11191.300000000001,6714.79
WFB-SWLV05-00,ASCEND LOW VOLTAGE KEYPAD - 5 BUTTON (SNOW WHITE),11191.300000000001,6714.79
WFB-MGLV05-00,ASCEND LOW VOLTAGE KEYPAD - 5 BUTTON (SPACE GRAY),11191.300000000001,6714.79
C10084,AUD100 2RCA-2RCA 1m interconnect,260.0,156.0
C10085,AUD100 2RCA-2RCA 2m interconnect,329.57,197.74
AUTOMATE-REM15,AUTOMATE 15 CHANNEL REMOTE,3229.5699999999997,1937.7399999999998
AV10,AV 10 AV Support,1564.35,610.43
GSM4210PD,AV Line M4250-9G1F-PoE+ (GSM4210PD) 8x1G PoE+ 110W 1x1G and 1xSFP Managed Switch,15078.5714285714,10555.0
C11084,AX C25 CD Player,8694.779999999999,6086.349999999999
C11087,AX C35CD Player,11303.48,7912.429999999999
C11079,AXA25 Integrated Amplifier Grey,8694.779999999999,6086.349999999999
C11082,AXA35 Integrated Amplifier w/ Built-in Phono-stage Grey,11303.48,7912.429999999999
C11091,AXR100 FM/AM Stereo Receiver Grey,16520.87,11564.61
C11089,AXR85 FM/AM Stereo Receiver Grey,14781.74,10347.220000000001
DHI-DSSPro8-Door-Channel-License,"Access control channel expansion license, one access control channel license for DSS Professional V8, 
Prerequisite: Access control channel base packa",576.09,397.3
ACOUSTIC- 60/35-B,"Acoustisorb Treatment Panel - Thermally Bonded Polyester, 1200mm x 600mm x 35mm, Black",457.142857142857,320.0
ACTIVEWIRE10M,Active HDMI 10m,3043.48,2100.0
ACTIVEMAX10M,Active MAX HDMI 10m,4173.91,2504.35
ACTIVEMAX15M,Active MAX HDMI 15m,4304.349999999999,2970.0
ACTIVEMAX8M,Active MAX HDMI 8m,3608.7,2165.22
DS-7716NXI-I4/S_C,AcuSense 16ch NVR  4 SATA up to 10TB  up to 12MP recording   16/8 alarm IO,12121.03,7272.62
THOM001653,Adeo 4CH DMX LED Dimmer (CC Version),6260.87,5040.0
THOM000913,Adeo 4CH DMX LED Dimmer (CV Version),6260.87,5040.0
PFIXPLANO-00180,Adeo Plano 135 Vision Acoustik,40417.39,0.0
THOM003051,Adeo SGDC41 DMX Only Gateway,10869.57,8750.01
THOM002222,Adeo SGDDC44 DALI2+DMX Gateway,14347.83,11550.0
THOM001655,Adeo SGDDPS Power Supply for SGDDC43,539.13,434.0
AZAI6WSPDA1,Airzone Aidoo Pro Daikin Sky Air,4782.61,4125.0
AZAI6WSPSA2,Airzone Aidoo Pro Samsung Nasa,4782.61,4125.0
Alarm Cable 4 Core 100m,Alarm Cable 4 Core 100m PA-2004,1.0,0.0
KLDD1FCG.,Alba 8b 1f Crestron Glass,13200.0,12521.74
DLBE12C,Alba collection Back End 12 buttons Crestron,10266.960000000001,6160.17
DLBE12K,Alba collection Back End 12 buttons KNX,10266.960000000001,6160.17
DLBE12R,Alba collection Back End 12 buttons RS485,10266.960000000001,6160.17
DLBEM1C,Alba collection Back End Multipurpose/Temperature control interface Crestron,12406.09,7443.65
DLBEM1K,Alba collection Back End Multipurpose/Temperature control interface KNX,12406.09,7443.65
DLBEM1R,Alba collection Back End Multipurpose/Temperature control interface RS485,12406.09,7443.65
DLFRM1XGIW,Alba collection Frame Multipurpose/Temperature control interface Glass Ice White,2139.1299999999997,1283.48
DLFRM1XGSW,Alba collection Frame Multipurpose/Temperature control interface Glass Sand White,3250.43,1950.26
DLFRM1XGVG,Alba collection Frame Multipurpose/Temperature control interface Glass Venetian Gold,2139.1299999999997,1283.48
DLFRM1XGYB,Alba collection Frame Multipurpose/Temperature control interface Glass York Black,2139.1299999999997,1283.48
DLFRM1XMAS,Alba collection Frame Multipurpose/Temperature control interface Metal Aluminum Silver  Metal Brush,2139.1299999999997,1283.48
DLFRM1XMBG,Alba collection Frame Multipurpose/Temperature control interface Metal Bronze Gold  Metal Brushed,2139.1299999999997,1283.48
DLFRM1XMMB,Alba collection Frame Multipurpose/Temperature control interface Metal Mars Black  Metal Brushed,2139.1299999999997,1283.48
DLFR2FXGIWKPKP,Alba collection Frame double frame Glass Ice White  Combination: Keypad  Keypad,4278.259999999999,2566.96
DLFR2FXGIWKPM1,Alba collection Frame double frame Glass Ice White  Combination: Keypad  Multipurpose/Temperature,4278.259999999999,2566.96
DLFR2FXGIWM1KP,Alba collection Frame double frame Glass Ice White  Combination: Multipurpose/Temperature control i,4278.259999999999,2566.96
DLFR2FXGIWM1M1,Alba collection Frame double frame Glass Ice White  Combination: Multipurpose/Temperature control i,4278.259999999999,2566.96
DLFR2FXGSWKPKP,Alba collection Frame double frame Glass Sand White  Combination: Keypad  Keypad,4000.0,2400.0
DLFR2FXGSWKPM1,Alba collection Frame double frame Glass Sand White  Combination: Keypad  Multipurpose/Temperature,5250.429999999999,3150.2599999999998
DLFR2FXGSWM1KP,Alba collection Frame double frame Glass Sand White  Combination: Multipurpose/Temperature control,5250.429999999999,3150.2599999999998
DLFR2FXGSWM1M1,Alba collection Frame double frame Glass Sand White  Combination: Multipurpose/Temperature control,6500.0,3900.0
DLFR2FXGVGKPKP,Alba collection Frame double frame Glass Venetian Gold  Combination: Keypad  Keypad,4278.259999999999,2566.96
DLFR2FXGVGKPM1,Alba collection Frame double frame Glass Venetian Gold  Combination: Keypad  Multipurpose/Temperat,4278.259999999999,2566.96
DLFR2FXGVGM1KP,Alba collection Frame double frame Glass Venetian Gold  Combination: Multipurpose/Temperature contr,4278.259999999999,2566.96
DLFR2FXGVGM1M1,Alba collection Frame double frame Glass Venetian Gold  Combination: Multipurpose/Temperature contr,4278.259999999999,2566.96
DLFR2FXGYBKPKP,Alba collection Frame double frame Glass York Black  Combination: Keypad  Keypad,4278.259999999999,2566.96
DLFR2FXGYBKPM1,Alba collection Frame double frame Glass York Black  Combination: Keypad  Multipurpose/Temperature,4278.259999999999,2566.96
DLFR2FXGYBM1KP,Alba collection Frame double frame Glass York Black  Combination: Multipurpose/Temperature control,4278.259999999999,2566.96
DLFR2FXGYBM1M1,Alba collection Frame double frame Glass York Black  Combination: Multipurpose/Temperature control,4278.259999999999,2566.96
DLFR2FLGIWKPSK,Alba collection Frame double frame Legrand Arteor Glass Ice White  Combination: Keypad  Socket,4278.259999999999,2566.96
DLFR2FLGIWM1SK,Alba collection Frame double frame Legrand Arteor Glass Ice White  Combination: Multipurpose/Temper,4278.259999999999,2566.96
DLFR2FLGIWSKM1,Alba collection Frame double frame Legrand Arteor Glass Ice White  Combination: Socket  Multipurpo,4278.259999999999,2566.96
DLFR2FLGSWKPSK,Alba collection Frame double frame Legrand Arteor Glass Sand White  Combination: Keypad  Socket,3250.43,1950.26
DLFR2FLGSWM1SK,Alba collection Frame double frame Legrand Arteor Glass Sand White  Combination: Multipurpose/Tempe,4500.0,2700.0
DLFR2FLGSWSKM1,Alba collection Frame double frame Legrand Arteor Glass Sand White  Combination: Socket  Multipurp,4500.0,2700.0
DLFR2FLGVGKPSK,Alba collection Frame double frame Legrand Arteor Glass Venetian Gold  Combination: Keypad  Socket,4278.259999999999,2566.96
DLFR2FLGVGM1SK,Alba collection Frame double frame Legrand Arteor Glass Venetian Gold  Combination: Multipurpose/Te,4278.259999999999,2566.96
DLFR2FLGVGSKM1,Alba collection Frame double frame Legrand Arteor Glass Venetian Gold  Combination: Socket  Multip,4278.259999999999,2566.96
DLFR2FLGYBKPSK,Alba collection Frame double frame Legrand Arteor Glass York Black  Combination: Keypad  Socket,4278.259999999999,2566.96
DLFR2FLGYBM1SK,Alba collection Frame double frame Legrand Arteor Glass York Black  Combination: Multipurpose/Tempe,4278.259999999999,2566.96
DLFR2FLGYBSKM1,Alba collection Frame double frame Legrand Arteor Glass York Black  Combination: Socket  Multipurp,4278.259999999999,2566.96
DLFR2FLMASSKM1,Alba collection Frame double frame Legrand Arteor Metal Aluminum Silver  Metal Brushed  Combinatio,4278.259999999999,2566.96
DLFR2FLMASKPSK,Alba collection Frame double frame Legrand Arteor Metal Aluminum Silver  Metal Brushed  Combinatio,4278.259999999999,2566.96
DLFR2FLMASM1SK,Alba collection Frame double frame Legrand Arteor Metal Aluminum Silver  Metal Brushed  Combinatio,4278.259999999999,2566.96
DLFR2FLMBGKPSK,Alba collection Frame double frame Legrand Arteor Metal Bronze Gold  Metal Brushed  Combination: K,4278.259999999999,2566.96
DLFR2FLMBGM1SK,Alba collection Frame double frame Legrand Arteor Metal Bronze Gold  Metal Brushed  Combination: M,4278.259999999999,2566.96
DLFR2FLMBGSKM1,Alba collection Frame double frame Legrand Arteor Metal Bronze Gold  Metal Brushed  Combination: S,4278.259999999999,2566.96
DLFR2FLMMBKPSK,Alba collection Frame double frame Legrand Arteor Metal Mars Black  Metal Brushed  Combination: Ke,4278.259999999999,2566.96
DLFR2FLMMBM1SK,Alba collection Frame double frame Legrand Arteor Metal Mars Black  Metal Brushed  Combination: Mu,4278.259999999999,2566.96
DLFR2FLMMBSKM1,Alba collection Frame double frame Legrand Arteor Metal Mars Black  Metal Brushed  Combination: So,4278.259999999999,2566.96
DLFR2FXMASKPKP,Alba collection Frame double frame Metal Aluminum Silver  Metal Brushed  Combination: Keypad  Key,4278.259999999999,2566.96
DLFR2FXMASKPM1,Alba collection Frame double frame Metal Aluminum Silver  Metal Brushed  Combination: Keypad  Mul,4278.259999999999,2566.96
DLFR2FXMASM1M1,Alba collection Frame double frame Metal Aluminum Silver  Metal Brushed  Combination: Multipurpose,4278.259999999999,2566.96
DLFR2FXMASM1KP,Alba collection Frame double frame Metal Aluminum Silver  Metal Brushed  Combination: Multipurpose,4278.259999999999,2566.96
DLFR2FXMBGKPKP,Alba collection Frame double frame Metal Bronze Gold  Metal Brushed  Combination: Keypad  Keypad,4278.259999999999,2566.96
DLFR2FXMBGKPM1,Alba collection Frame double frame Metal Bronze Gold  Metal Brushed  Combination: Keypad  Multipu,4278.259999999999,2566.96
DLFR2FXMBGM1M1,Alba collection Frame double frame Metal Bronze Gold  Metal Brushed  Combination: Multipurpose/Tem,4278.259999999999,2566.96
DLFR2FXMBGM1KP,Alba collection Frame double frame Metal Bronze Gold  Metal Brushed  Combination: Multipurpose/Tem,4278.259999999999,2566.96
DLFR2FXMMBKPKP,Alba collection Frame double frame Metal Mars Black  Metal Brushed  Combination: Keypad  Keypad,4278.259999999999,2566.96
DLFR2FXMMBKPM1,Alba collection Frame double frame Metal Mars Black  Metal Brushed  Combination: Keypad  Multipur,4278.259999999999,2566.96
DLFR2FXMMBM1KP,Alba collection Frame double frame Metal Mars Black  Metal Brushed  Combination: Multipurpose/Temp,4278.259999999999,2566.96
DLFR2FXMMBM1M1,Alba collection Frame double frame Metal Mars Black  Metal Brushed  Combination: Multipurpose/Temp,4278.259999999999,2566.96
DLFR1FXGIW,Alba collection Frame single frame Glass Ice White,2139.1299999999997,1283.48
DLFR1FXGSW,Alba collection Frame single frame Glass Sand White,2000.0,1200.0
DLFR1FXGVG,Alba collection Frame single frame Glass Venetian Gold,2139.1299999999997,1283.48
DLFR1FXGYB,Alba collection Frame single frame Glass York Black,2139.1299999999997,1283.48
DLFR1FXMAS,Alba collection Frame single frame Metal Aluminum Silver  Metal Brushed,2139.1299999999997,1283.48
DLFR1FXMBG,Alba collection Frame single frame Metal Bronze Gold  Metal Brushed,2139.1299999999997,1283.48
DLFR1FXMMB,Alba collection Frame single frame Metal Mars Black  Metal Brushed,2139.1299999999997,1283.48
DLFE2KXGIW,Alba collection Front End 2 buttons Glass Ice White,2139.1299999999997,1283.48
DLFE2KXGSW,Alba collection Front End 2 buttons Glass Sand White,1375.6499999999999,825.39
DLFE2KXGVG,Alba collection Front End 2 buttons Glass Venetian Gold,2139.1299999999997,1283.48
DLFE2KXGYB,Alba collection Front End 2 buttons Glass York Black,2139.1299999999997,1283.48
DLFE4KXGIW,Alba collection Front End 4 buttons Glass Ice White,2139.1299999999997,1283.48
DLFE4KXGSW,Alba collection Front End 4 buttons Glass Sand White,1500.0,900.0
DLFE4KXGVG,Alba collection Front End 4 buttons Glass Venetian Gold,2139.1299999999997,1283.48
DLFE4KXGYB,Alba collection Front End 4 buttons Glass York Black,2139.1299999999997,1283.48
DLFE8KXGIW,Alba collection Front End 8 buttons Glass Ice White,2139.1299999999997,1283.48
DLFE8KXGSW,Alba collection Front End 8 buttons Glass Sand White,1625.2199999999998,975.13
DLFE8KXGVG,Alba collection Front End 8 buttons Glass Venetian Gold,2139.1299999999997,1283.48
DLFE8KXGYB,Alba collection Front End 8 buttons Glass York Black,2139.1299999999997,1283.48
DLFEM1XGIW,Alba collection Front End Multipurpose/Temperature control interface Glass Ice White,2139.1299999999997,1283.48
DLFEM1XGSW,Alba collection Front End Multipurpose/Temperature control interface Glass Sand White,1500.0,900.0
DLFEM1XGVG,Alba collection Front End Multipurpose/Temperature control interface Glass Venetian Gold,2139.1299999999997,1283.48
DLFEM1XGYB,Alba collection Front End Multipurpose/Temperature control interface Glass York Black,2139.1299999999997,1283.48
DLDSV2,Alba collection Spare DST Back End V2,5133.91,3080.35
DLDSV4,Alba collection Spare DST Back End V4,6203.48,3722.0899999999997
FT-SPRAY,Alcohol Spray 400ml,115.0,75.0
DH-PFS3210-8GT2GF-96,"All-gigabit ports provide real-time transmisstion with no lag.
The red port meets the IEEE 802.3bt standard.
Power supply supports up to 90 W.
PoE wat",2972.9399999999996,2050.2999999999997
UVC-G6-Pro-Entry,"All-weather, PoE+ 12MP Doorbell with enhanced AI detections, two-way audio, 3"" touch display, a secondary package camera, and integrated Access Reader",12002.86,8402.0
AltitudeCI-8,"AltitudeCI brings Trinnov’s exclusive active acoustics technologies to the world of custom integration, with native support for DanteⓇ and AES67, a sc",197391.30000000002,138173.91
ALU-BRK-CM,Aluminium wall or ceiling mount bracket,71.05,49.0
A2,Amplifier,198680.871428571,139076.61000000002
ADC,Analogue to Digital Converter,1469.57,881.74
1414000060,Anthem MRX SLM 4K (Black),25334.1571428571,17733.91
MXK83Z/A,Apple Magic Keyboard with Touch ID and Numeric Keypad (International English) - Black,4173.04,4173.04
MMMQ3Z/A,Apple Magic Mouse with Multi-Touch Surface - Black,2086.0899999999997,2086.0899999999997
MN893Z/A,"Apple TV 4K 128Gb Wifi + Ethernet (3rd Gen,2022)",3407.7599999999998,3066.98
AN110RT2L1W,Araknis AN110RT2L1W Router,5652.17,4550.0
AN110RT2L1WWIFI,Araknis AN110RT2L1WWIFI WiFi Router,7565.219999999999,6090.0
AN110SWC5,Araknis AN110SWC5 Switch,1913.04,1540.0
AN110SWC5P,Araknis AN110SWC5P Switch,3391.2999999999997,2730.0
AN110SWR16,Araknis AN110SWR16 Switch,6086.96,4900.0
AN110SWR24,Araknis AN110SWR24 Switch,8434.779999999999,6790.0
AN110SWR8,Araknis AN110SWR8 Switch,2782.6099999999997,2240.0
AN220RT,Araknis AN220RT Router,8521.74,6860.0
AN220SWF48POE,Araknis AN220SWF48POE,33043.48,26599.99
AN220SWR16POE,Araknis AN220SWR16POE Switch,14434.78,11620.0
AN220SWR24POE,Araknis AN220SWR24POE Switch,19304.350000000002,15540.0
AN220SWR8POE,Araknis AN220SWR8POE Switch,8695.65,7000.0
AN310RT4L2W,Araknis AN310RT4L2W Router,9478.26,7630.0
AN310SWF48,Araknis AN310SWF48 L2 Switch,15826.09,12740.0
AN310SWR16,Araknis AN310SWR16 L2 Switch,10434.78,8400.0
AN310SWR16POE,Araknis AN310SWR16POE L2 Switch,25391.3,20440.0
AN310SWR24,Araknis AN310SWR24 L2 Switch,12086.960000000001,9730.0
AN310SWR24POE,Araknis AN310SWR24POE L2 Switch,33565.22,27020.0
AN310SWR8,Araknis AN310SWR8 L2 Switch,7043.48,5670.0
AN310SWR8POE,Araknis AN310SWR8POE L2 Switch,12521.74,10080.0
AN320SWR8POE,Araknis AN320SWR8POE L2 Switch,14490.0,10143.0
AN510APIAC,Araknis AN510APIAC Access Point,6956.5199999999995,5600.0
AN520API,Araknis AN520 Access Point,7826.089999999999,6300.0
AN520APO,Araknis AN520APO Outdoor Access Point,12173.91,9800.0
AN520RT,Araknis AN520RT Router,13565.220000000001,10920.0
AN620SWR24POE,Araknis AN620SWR24POE Switch,57391.3,46200.0
AN620SWR8POE,Araknis AN620SWR8POE Switch,23652.170000000002,19040.0
AN820API,Araknis AN820 Access Point,15043.480000000001,12110.0
AN920SWF12POE,Araknis AN920SWF12POE Switch,91130.43000000001,73360.0
AN920SWF24POE,Araknis AN920SWF24POE Switch,124869.57,100520.01000000001
ANACCAPOTILT,Araknis ANACCAPOTILT O/WAP Tilt Mount,1217.3899999999999,1120.0
ANACCINJPOE30W,Araknis ANACCINJPOE30W PoE+ Injector,1652.1699999999998,1330.0
ANSFP100G1,Araknis ANSFP100G1 QSFP28 module,8521.74,6860.0
DRBE12C,Aria collection Back End 12 buttons Crestron,8127.83,4876.7
DRBE12K,Aria collection Back End 12 buttons KNX,8127.83,4876.7
DRBE12R,Aria collection Back End 12 buttons RS485,8127.83,4876.7
DRBE09C,Aria collection Back End 9 buttons Crestron,8127.83,4876.7
DRBE09K,Aria collection Back End 9 buttons KNX,8127.83,4876.7
DRBE09R,Aria collection Back End 9 buttons RS485,8127.83,4876.7
DRBETTC,Aria collection Back End Temperature control interface Crestron,10625.220000000001,6375.129999999999
DRBETTK,Aria collection Back End Temperature control interface KNX,9125.22,5475.13
DRBETTR,Aria collection Back End Temperature control interface RS485,7875.65,4725.389999999999
DRFETTXGIW,Aria collection Front End Temperature control interface Glass Ice White,1625.2199999999998,975.13
DRFETTXGSW,Aria collection Front End Temperature control interface Glass Sand White,1625.2199999999998,975.13
DRFETTXGVG,Aria collection Front End Temperature control interface Glass Venetian Gold,1625.2199999999998,975.13
DRFETTXGYB,Aria collection Front End Temperature control interface Glass York Black,1625.2199999999998,975.13
DRFE2FXGIWKPKP,Aria collection Front End double frame Glass Ice White  Combination: Keypad  Keypad,4278.259999999999,2566.96
DRFE2FXGIWKPTT,Aria collection Front End double frame Glass Ice White  Combination: Keypad  Temperature control i,3125.22,1875.1299999999999
DRFE2FXGIWTTKP,Aria collection Front End double frame Glass Ice White  Combination: Temperature control interface,3125.22,1875.1299999999999
DRFE2FXGSWKPKP,Aria collection Front End double frame Glass Sand White  Combination: Keypad  Keypad,3000.0,1800.0
DRFE2FXGSWKPTT,Aria collection Front End double frame Glass Sand White  Combination: Keypad  Temperature control,3125.22,1875.1299999999999
DRFE2FXGSWTTKP,Aria collection Front End double frame Glass Sand White  Combination: Temperature control interface,3125.22,1875.1299999999999
DRFE2FXGVGKPKP,Aria collection Front End double frame Glass Venetian Gold  Combination: Keypad  Keypad,4278.259999999999,2566.96
DRFE2FXGVGKPTT,Aria collection Front End double frame Glass Venetian Gold  Combination: Keypad  Temperature contr,3125.22,1875.1299999999999
DRFE2FXGVGTTKP,Aria collection Front End double frame Glass Venetian Gold  Combination: Temperature control interf,3125.22,1875.1299999999999
DRFE2FXGYBKPKP,Aria collection Front End double frame Glass York Black  Combination: Keypad  Keypad,4278.259999999999,2566.96
DRFE2FXGYBKPTT,Aria collection Front End double frame Glass York Black  Combination: Keypad  Temperature control,3125.22,1875.1299999999999
DRFE2FXGYBTTKP,Aria collection Front End double frame Glass York Black  Combination: Temperature control interface,3125.22,1875.1299999999999
DRFE2FLGIWKPSK,Aria collection Front End double frame Legrand Arteor Glass Ice White  Combination: Keypad  Socket,4278.259999999999,2566.96
DRFE2FLGIWSKTT,Aria collection Front End double frame Legrand Arteor Glass Ice White  Combination: Socket  Temper,2875.6499999999996,1725.3899999999999
DRFE2FLGIWTTSK,Aria collection Front End double frame Legrand Arteor Glass Ice White  Combination: Temperature con,2875.6499999999996,1725.3899999999999
DRFE2FLGSWKPSK,Aria collection Front End double frame Legrand Arteor Glass Sand White  Combination: Keypad  Socke,2750.43,1650.26
DRFE2FLGSWSKTT,Aria collection Front End double frame Legrand Arteor Glass Sand White  Combination: Socket  Tempe,2875.6499999999996,1725.3899999999999
DRFE2FLGSWTTSK,Aria collection Front End double frame Legrand Arteor Glass Sand White  Combination: Temperature co,2875.6499999999996,1725.3899999999999
DRFE2FLGVGKPSK,Aria collection Front End double frame Legrand Arteor Glass Venetian Gold  Combination: Keypad  So,4278.259999999999,2566.96
DRFE2FLGVGSKTT,Aria collection Front End double frame Legrand Arteor Glass Venetian Gold  Combination: Socket  Te,2875.6499999999996,1725.3899999999999
DRFE2FLGVGTTSK,Aria collection Front End double frame Legrand Arteor Glass Venetian Gold  Combination: Temperature,2875.6499999999996,1725.3899999999999
DRFE2FLGYBKPSK,Aria collection Front End double frame Legrand Arteor Glass York Black  Combination: Keypad  Socke,4278.259999999999,2566.96
DRFE2FLGYBSKTT,Aria collection Front End double frame Legrand Arteor Glass York Black  Combination: Socket  Tempe,2875.6499999999996,1725.3899999999999
DRFE2FLGYBTTSK,Aria collection Front End double frame Legrand Arteor Glass York Black  Combination: Temperature co,2875.6499999999996,1725.3899999999999
DRFE1FXGIW,Aria collection Front End single frame Glass Ice White,2139.1299999999997,1283.48
DRFE1FXGSW,Aria collection Front End single frame Glass Sand White,1500.0,900.0
DRFE1FXGVG,Aria collection Front End single frame Glass Venetian Gold,2139.1299999999997,1283.48
DRFE1FXGYB,Aria collection Front End single frame Glass York Black,2139.1299999999997,1283.48
DRDSV2,Aria collection Spare DST Back End V2,1604.35,962.61
DRDSV4,Aria collection Spare DST Back End V4,2566.96,1540.1699999999998
PD644WWH,Arteor 6 Lever Bell Press Switch - 4 X 4 White,1025.04,512.52
DH-PFS3010-8GT-96,"As an access layer switch, the quasi-industrial PoE switch supports four 100 Mbps access Ethernet ports, one gigabit uplink Ethernet port, and one gig",2057.5499999999997,1419.0
SC-630P-SA,Audible souding horn,4158.33,2836.3599999999997
BLAB12,Audioquest Black Lab 12m Subwoofer Cable,2173.04,1765.2199999999998
BLAB08,Audioquest Black Lab 8m Subwoofer Cable,1651.3,1339.1299999999999
OPTFOR0.75,Audioquest Forest Optilink 0.75m Braided Optical Fiber Cable,868.6999999999999,669.5699999999999
OPTFOR01.5,Audioquest Forest Optilink 1.5m Braided Optical Fiber Cable,1042.61,852.17
IRED05,Audioquest Irish Red 5m Subwoofer Cable,3477.39,0.0
OPTPEA0.75,Audioquest Pearl Optilink 0.75m PVC Optical Fiber Cable,607.83,486.96
OPTPEA01.5,Audioquest Pearl Optilink 1.5m PVC Optical Fiber Cable,694.78,547.83
SGBAN100120S,Audioquest SG100 SureGrip Silver Banana Plugs 120,19913.04,13939.130000000001
LENS-VS0358,Auto iris vari-focal CS mounted lens,114.55,79.0
DHBXDP,Axes Collection Back Box and parts for Third Party RFID Reader Integration,2139.1299999999997,1283.48
DHBECHC,Axes Collection Back End Card Holder Crestron,5989.57,3593.74
DHBECHK,Axes Collection Back End Card Holder KNX,5989.57,3593.74
DHBECRC,Axes Collection Back End Card Holder RFID Reader Crestron,5989.57,3593.74
DHBECRK,Axes Collection Back End Card Holder RFID Reader KNX,5989.57,3593.74
DHBECRR,Axes Collection Back End Card Holder RFID Reader RS485,5989.57,3593.74
DHBECHR,Axes Collection Back End Card Holder RS485,5989.57,3593.74
DHBEKNC,Axes Collection Back End Door Panel Numbers Keypad Crestron,5989.57,3593.74
DHBEKNK,Axes Collection Back End Door Panel Numbers Keypad KNX,5989.57,3593.74
DHBEKNR,Axes Collection Back End Door Panel Numbers Keypad RS485,5989.57,3593.74
DHBEDRC,Axes Collection Back End Door Panel RFID Reader Crestron,5989.57,3593.74
DHBEDRK,Axes Collection Back End Door Panel RFID Reader KNX,5989.57,3593.74
DHBEDRR,Axes Collection Back End Door Panel RFID Reader RS485,5989.57,3593.74
DHBEN3C,Axes Collection Back End Door Panel Room Number XL Crestron,5989.57,3593.74
DHBEN3K,Axes Collection Back End Door Panel Room Number XL KNX,5989.57,3593.74
DHBEN3R,Axes Collection Back End Door Panel Room Number XL RS485,5989.57,3593.74
DHFECHXGIW,Axes Collection Front End Card Holder Glass Ice White,2139.1299999999997,1283.48
DHFECHXGSW,Axes Collection Front End Card Holder Glass Sand White,1875.6499999999999,1125.3899999999999
DHFECHXGVG,Axes Collection Front End Card Holder Glass Venetian Gold,2139.1299999999997,1283.48
DHFECHXGYB,Axes Collection Front End Card Holder Glass York Black,2139.1299999999997,1283.48
C10546,Azur 851N Black Flagship ATF2™ Upsampling Network Player,43477.39,26086.43
C10548,Azur 851N Silver Flagship ATF2™ Upsampling Network Player,43477.39,26086.43
FP43869pr,B+W 603 S3 Floorstander (Black) (Pair),43469.57,29994.0
FP43885pr,B+W 603 S3 Floorstander (Oak) (Pair),43469.57,29994.0
FP43877pr,B+W 603 S3 Floorstander (White) (Pair),43469.57,29994.0
FP43907pr,B+W 606 S3 Bookshelf (Black) (Pair),19121.74,13194.0
FP43923pr,B+W 606 S3 Bookshelf (Oak) (Pair),19121.74,13194.0
FP43915pr,B+W 606 S3 Bookshelf (White) (Pair),19121.74,13194.0
FP43958pr,B+W 607 S3 Bookshelf (Black) (Pair),15643.480000000001,10794.0
FP43974pr,B+W 607 S3 Bookshelf (Oak) (Pair),15643.480000000001,10794.0
FP43966pr,B+W 607 S3 Bookshelf (White) (Pair),15643.480000000001,10794.0
FP43052pr,B+W 702 S3 Floorstander (Gloss Black)(pair),134773.91,92994.0
FP43257pr,B+W 702 S3 Floorstander (Mocha)(pair),134773.91,92994.0
FP43354pr,B+W 702 S3 Floorstander (White)(pair),134773.91,92994.0
FP43575pr,B+W 702 S3 Signature F/Stand (Blue) (pair),173904.35,119994.0
FP43540pr,B+W 702 S3 Signature F/Stand (Datuk) (pair),173904.35,119994.0
FP43060pr,B+W 703 S3 Floorstander (Gloss Black) (pair),103295.65000000001,71274.0
FP43265pr,B+W 703 S3 Floorstander (Mocha) (pair),103295.65000000001,71274.0
FP43362pr,B+W 703 S3 Floorstander (White)(pair),103295.65000000001,71274.0
FP43079pr,B+W 704 S3 Floorstander (Gloss Black)(pair),72513.04000000001,50034.0
FP43273pr,B+W 704 S3 Floorstander (Mocha)(pair),72513.04000000001,50034.0
FP43370pr,B+W 704 S3 Floorstander (White)(pair),72513.04000000001,50034.0
FP43087pr,B+W 705 S3 Bookshelf (Gloss Black) (pair),64600.0,38760.0
FP43281pr,B+W 705 S3 Bookshelf (Mocha)(pair),59034.78,40734.0
FP43389pr,B+W 705 S3 Bookshelf (White)(pair),59034.78,40734.0
FP43583pr,B+W 705 S3 Signature B/Shelf (Blue) (pair),84252.17390000001,50551.3043
FP43559pr,B+W 705 S3 Signature B/Shelf (Datuk) (pair),78252.17,53994.0
FP43095pr,B+W 706 S3 Bookshelf (Gloss Black)(pair),37991.3,26214.0
FP43303pr,B+W 706 S3 Bookshelf (Mocha)(pair),37991.3,26214.0
FP43397pr,B+W 706 S3 Bookshelf (White)(pair),37991.3,26214.0
FP43109pr,B+W 707 S3 Bookshelf (Gloss Black)(pair),29556.52,20394.0
FP43311pr,B+W 707 S3 Bookshelf (Mocha)(pair),29556.52,20394.0
FP43400pr,B+W 707 S3 Bookshelf (White)(pair),29556.52,20394.0
FP33782pr,B+W AM1 Outdoor (Black),16947.826100000002,10168.6957
FP35130pr,B+W AM1 Outdoor (White),16078.26,11094.0
FP40819,B+W ASW608 Subwoofer (Black),17382.61,11994.0
FP40835,B+W ASW608 Subwoofer (White),17382.61,11994.0
FP40878,B+W ASW610 Subwoofer (Black),19556.52,13494.0
FP40894,B+W ASW610 Subwoofer (White),19556.52,13494.0
FP43184,B+W BB ISW-8,13826.09,12720.0
FP32301pr,B+W CCM362 In-ceiling,7382.61,5094.0
FP32298pr,B+W CCM382 In-ceiling,9034.779999999999,6234.0
FP37915pr,B+W CCM663RD In-ceiling,18513.04,12774.0
FP29602,B+W CCM663SR Stereo In-ceiling,10600.0,7314.0
FP29610,B+W CCM664SR Stereo In-ceiling,7817.389999999999,5394.0
FP29629pr,B+W CCM682 In-ceiling,23034.780000000002,15894.0
FP29637pr,B+W CCM683 In-ceiling,19730.0,11838.0
FP29645pr,B+W CCM684 In-ceiling,13469.57,9294.0
FP41084,B+W CCM7.3 S2 In-ceiling,31469.5652,18881.7391
FP41114,B+W CCM7.5 S2 In-ceiling,16947.83,11694.0
FP42358,B+W CDA16 Power Amplifier,47817.39,32994.0
FP43613,B+W CDA2HD Power Amplifier (Black),63295.652200000004,37977.3913
FP43648,B+W CDA4HD Power Amplifier (Black),48339.130000000005,33354.0
FP27359,B+W CT SW10 Subwoofer (Black),17295.65,11934.0
FP27367,B+W CT SW12 Subwoofer (Black),19121.74,13194.0
FP28158,B+W CT SW15 Subwoofer (Black),27817.39,19194.0
FP27340,B+W CT7.3 LCRS (Black),32165.22,22194.0
FP27332,B+W CT7.4 LCRS (Black),22252.170000000002,15354.0
FP27324,B+W CT7.5 LCRS (Black),12339.130000000001,8514.0
FP32319pr,B+W CWM362 In-wall,6426.089999999999,4434.0
FP29653pr,B+W CWM652 In-ceiling,15121.74,10434.0
FP29661pr,B+W CWM663 In-wall,13034.78,8994.0
FP29681pr,B+W CWM664 In-wall,11295.65,7794.0
FP41092,B+W CWM7.3 S2 In-wall,32513.0435,19507.826100000002
FP41033,B+W CWM7.4 S2 In-wall,16513.04,11394.0
FP41106,B+W CWM7.5 S2 In-wall,13034.78,8994.0
FP39241,B+W DB4S Subwoofer (Gloss Black),50426.090000000004,34794.0
FP39667,B+W DB4S Subwoofer (White),52773.913,31664.3478
FP33367pr,B+W FS - M1 Stand Matte (Black),9556.519999999999,8792.0
FP33421pr,B+W FS - M1 Stand Matte (White),9556.519999999999,8792.0
FP44245pr,B+W FS-600 S3 Floorstand (Black) (Pair),5034.78,4632.0
FP43230pr,B+W FS700 S3 Floorstand (Black)(pair),11730.43,10792.0
FP39713,B+W Formation Audio,15034.78,12967.5
FP39845,B+W Formation Bass,24252.170000000002,19523.0
FP38024pr,B+W Formation DUO (Black),93295.65000000001,75103.0
FP38237pr,B+W Formation DUO (White),93295.65000000001,75103.0
FP38407pr,B+W Formation DUO Floorstands (Black),14947.83,13752.0
FP38415pr,B+W Formation DUO Floorstands (White),14947.83,13752.0
FP41343,B+W Formation Flex,11295.65,9093.0
FP42307,B+W Formation Flex Floorstand,1730.4299999999998,1592.0
FP42293,B+W Formation Flex Wall Bracket,694.78,639.1999999999999
FP40664,B+W Formation Wedge (Black),19817.39,15953.0
FP39764,B+W Formation Wedge (Silver),19817.39,15953.0
FP41009,B+W Formation Wedge Wall Bracket,1643.4799999999998,1512.0
FP37273pr,B+W Grille Assembly 68 Square,1904.35,1752.0
FP43990,B+W HTM6 S3 Centre (Black),13904.35,9594.0
FP44016,B+W HTM6 S3 Centre (Oak),13904.35,9594.0
FP44008,B+W HTM6 S3 Centre (White),13904.35,9594.0
FP43214,B+W HTM71 S3 Centre (Gloss Black),41034.78,28314.0
FP43338,B+W HTM71 S3 Centre (Mocha),41034.78,28314.0
FP43419,B+W HTM71 S3 Centre (White),41034.78,28314.0
FP43591,B+W HTM71 S3 Signature Centre (Blue),52165.22,35994.0
FP43567,B+W HTM71 S3 Signature Centre (Datuk),52165.22,35994.0
FP43222,B+W HTM72 S3 Centre (Gloss Black),24686.96,17034.0
FP43346,B+W HTM72 S3 Centre (Mocha),24686.96,17034.0
FP43427,B+W HTM72 S3 Centre (White),24686.96,17034.0
FP42897,B+W ISW-6,21904.350000000002,15114.0
FP42900,B+W ISW-8,19643.48,13554.0
FP31127,B+W ISW3 In-wall Subwoofer,20686.96,14274.0
FP28948,B+W ISW4 Back Box,3478.2599999999998,3200.0
FP28646,B+W ISW4 In-wall Subwoofer,17034.78,11754.0
FP31046,B+W M1 Satellite (Black),5904.349999999999,4074.0
FP31062,B+W M1 Satellite (White),5904.349999999999,4074.0
FP37931pr,B+W Marine 8 In-ceiling Outdoor,14426.09,9954.0
FP42927,B+W PX7 S2 Headphones (Black),5216.5199999999995,4739.21
FP42951,B+W PX8 Headphone (Black),9564.349999999999,8689.21
FP42978,B+W PX8 Headphone (Tan),9564.349999999999,8689.21
FP44326,B+W PX8 Headphones (McLaren),12173.04,11059.210000000001
FP43842,B+W Pi5 S2 Earphones (Cloud Grey),3912.1699999999996,3554.2099999999996
FP43834,B+W Pi5 S2 Earphones (Spring Lilac),3912.1699999999996,3554.2099999999996
FP43818,B+W Pi5 S2 Earphones (Storm Grey),3912.1699999999996,3554.2099999999996
FP43788,B+W Pi7 S2 Earphones (Canvas White),5216.5199999999995,4739.21
FP43796,B+W Pi7 S2 Earphones (Midnight Blue),5216.5199999999995,4739.21
FP43761,B+W Pi7 S2 Earphones (Satin Black),5216.5199999999995,4739.21
FP44520,B+W Px7 S2e Headphone (Anthracite Black),6086.089999999999,5529.21
FP44547,B+W Px7 S2e Headphone (Cloud Grey),6086.089999999999,5529.21
FP44555,B+W Px7 S2e Headphone (Forest Green),6086.089999999999,5529.21
FP44539,B+W Px7 S2e Headphone (Ocean Blue),6086.089999999999,5529.21
FP44563,B+W Px8 Headphone (Royal Burgundy),9564.349999999999,8689.21
FP32220,B+W SA250 MK2 Subwoofer Amplifier,20860.87,14394.0
FP44601,B+W Zeppelin 2021 McLaren UK/EC,16520.87,15199.2
FP42862,B+W Zeppelin Wall Bracket,1382.61,1272.0
FP41955,B+W Zeppelin Wireless Speaker (MidGrey),13042.61,11999.2
FP43028,B+W Zeppelin Wireless Speaker (P/Grey),13042.61,11999.2
BANANAS/WOODEN BOX 4PC,BANANAS/WOODEN BOX  (4 pcs.),1295.6499999999999,777.39
BEAM1EU1BLK,BEAM BLACK,8260.0,6608.0
BEAM1EU1,BEAM WHITE,8260.0,6608.0
BEAM2UK1,BEAM WHITE GEN2,9216.519999999999,7651.48
BMC-1,BMC-1 Controller,30426.09,18255.65
BNC-M2,BNC Male (Satellite TV connector style)screw on connector,8.69,5.99
BNC-M-Q,BNC Male quick connector,8.69,5.99
BNC-T,BNC T connector M-F-F,10.14,6.99
BNC-RCA-FF,BNC TO RCA (F TO F) adapter,5.79,3.99
BNC-BARREL-F,BNC barrel connector,5.79,3.99
BNC-M-C,BNC crimp connector Male - for RG59 .full cooper high grade,5.79,3.99
BNC-BNC,BNC male to BNC male,13.040000000000001,8.99
BNC-RCA-M,BNC to RCA (F to M) adapter,5.79,3.99
BNC-RCA-F,BNC to RCA (M to F) adapter,5.79,3.99
BNC-RCA-MM,BNC to RCA (M to M) adapter,5.79,3.99
BNC-M,BNC twist on solder less connector - male,5.79,3.99
BRK-KL32-22F: BRACKET 23043 INCH,BRACKET 23-43 INCH,141.428571428571,99.0
SPKBWCWM7.4,BW CWM7.4 In-Wall Speaker Box,807.457142857143,565.22
1305800,Beoconnect Core Natural,24346.9571428571,17042.87
1315006,Beolab 8 Black Anthracite,55651.3,38955.91
1315201,Beolab 8 Cover Wood Dark Oak,14781.7428571429,10347.220000000001
1315501,Beolab 8 Wall Bracket - Black Anthrocite,10433.9142857143,7303.74
1266124,Beoplay H95 Ferrari Edition,30744.100000000002,21520.87
B6-4K2-1.5,Binary B6 4K HDMI Cable (1.5m),582.61,402.0
B6-4K2-2,Binary B6 4K HDMI Cable (2m),678.26,468.0
B6-4K2-3,Binary B6 4K HDMI Cable (3m),956.52,660.0
B8-FIBER2-4KHD,Binary B8 4K Active Fiber HDMI (20m),10695.65,7380.0
B900MOIP4KCTRL,Binary B900MOIP4KCTRL 4K MOIP Controller,10260.87,7080.0
B900MOIP4KRX,Binary B900MOIP4KRX 4K MOIP Rx,19478.260000000002,13440.0
B900MOIP4KRX2AC,Binary B900MOIP4KRX2AC 4K MOIP RX,25304.350000000002,17460.0
B900MOIP4KTX,Binary B900MOIP4KTX 4K MOIP Tx,19478.260000000002,13440.0
B900MOIP4KTX2AC,Binary B900MOIP4KTX2AC 4K MOIP TX,25304.350000000002,17460.0
BX-8K-10,Binary BX 8K Active HDMI Cable (10m),10782.61,7440.0
BX-8K-15,Binary BX 8K Active HDMI Cable (15m),11739.130000000001,8100.0
BX-8K-20,Binary BX 8K Active HDMI Cable (20m),12695.65,8760.0
BX-8K-5,Binary BX 8K Active HDMI Cable (5m),9913.039999999999,6840.0
BX-8K-1.5,Binary BX 8K HDMI Cable (1.5m),956.52,660.0
BX-8K-1,Binary BX 8K HDMI Cable (1m),913.04,630.0
BX-8K-2,Binary BX 8K HDMI Cable (2m),1000.0,690.0
BX-8K-3,Binary BX 8K HDMI Cable (3m),1086.96,750.0
LBB1-4,Black Box 4 Products Aria and Alba,19250.43,11550.26
INS-B,Black Insulation Tape,14.0,10.0
WALL2025,Black Turn 120 wall mount 17-26,1408.6999999999998,845.22
Blockout Guides (Pair),Blockout Guides (Pair) - LUTRON - Accessories,0.0,10609.5
BCA206,Blockout Screen V A206 5025x2860,15869.7,11108.79
BCA207,Blockout Screen V A207 1200x2860,4970.9,3479.6299999999997
BCA208,Blockout Screen V A208 2100x2860,7997.0,5597.9
BCA210,Blockout Screen V A210 1400x2860,5575.9,3903.1299999999997
BCA2101,Blockout Screen V A210 2960x2860,17042.3,11929.61
BCA312,Blockout Screen V A312 1400x3080,5738.7,4017.0899999999997
BCA3121,Blockout Screen V A312 2960x3080,17392.100000000002,12174.470000000001
BCA4161,Blockout Screen V A416 1400x3080,5738.7,4017.0899999999997
BCA416,Blockout Screen V A416 2960x3080,12174.470000000001,0.0
BCA418,Blockout Screen V A418 1000x3080,4481.4,3136.98
BCA4181,Blockout Screen V A418 3050x3080,17392.100000000002,12174.470000000001
BCA4191,Blockout Screen V A419 1000x3000,4364.8,3055.3599999999997
BCA149,Blockout Screen V A419 3148x3000,17392.100000000002,12174.470000000001
BCA420,Blockout Screen V A420 1230x3000,5575.9,3903.1299999999997
Bond Bridge Pro,Bond Bridge Pro,10797.857100000001,7558.5
DHI-Software-Business Design-License/Per Day,"Business design, supported:
1. Communication requirements with customer.
2. Output requirement design document and confirm with customers.
3.The custo",38273.91,26395.8
BUTYL,Butyl Tape 30mmx1.5mm 1kg,185.0,135.0
BUTYL-MINI,Butyl Tape 30mmx1.5mmx1m,15.0,10.5
C10746,C155 In-Ceiling Speaker Pair White,4346.96,2608.1699999999996
C15S,C15S,56520.87,35454.0
C10755,C165 In-Ceiling Speaker Single White,1738.26,1042.96
C4-DS2BFMKP-BLpx,C4 Door Station2 Flush Keypad (Black),27391.3,22050.0
C4-DS2BFMKP-BNpx,C4 Door Station2 Flush Keypad (Nickel),27391.3,22050.0
C4-DS2BSMKP-BLpx,C4 Door Station2 Surface Keypad (Black),27391.3,22050.0
C4-DS2BSMKP-BNpx,C4 Door Station2 Surface Keypad (Nickel),27391.3,22050.0
C91IIBL,C91 II Black,8694.779999999999,6086.349999999999
C91IIWH,C91 II Matt White,8694.779999999999,6086.349999999999
C91IIWO,C91 II White Oak,8694.779999999999,6086.349999999999
1068258,C910 AMP MODULE,6956.5199999999995,4868.96
C910B,C910 BLACK SUBWOOFER,10433.91,5599.53
C910W,C910 SUBWOOFER,10433.91,5599.53
C912B,C912 BLACK SUBWOOFER,13042.6,6999.53
C912W,C912 SUBWOOFER W,13042.61,6999.53
C93IIBL,C93 II Black,10433.91,7303.74
C93IIWH,C93 II Matt White,10433.91,7303.74
C95IIBL,C95 II Black,15651.300000000001,10955.91
C95IIBL Single,C95 II Black Single unit,17382.61,10429.57
C95IIWH,C95 II Matt White,15651.300000000001,10955.91
C95IIWO,C95 II White Oak,15651.300000000001,10955.91
C97IIBL,C97 II Black,20868.7,14608.09
C97IIBL Single,C97 II Black Single unit,17390.43,12173.300000000001
C97IIWH,C97 II Matt White,20868.7,14608.09
C97IIWH Single,C97 II Matt White Single,17390.43,12173.300000000001
C9CENIIBL,C9CEN II Black,6955.65,4868.96
C9CENIIWH,C9CEN II Matt White,6955.65,4868.96
C9SURIIBL,C9SUR II Black,12173.04,8521.13
C9SURIIWH,C9SUR II White,12173.04,8521.13
CABCON,CABCON,3200.0,1600.0
CABLE10L,CABLE 10 L Cable Cover,2173.04,860.87
CABLE10M,CABLE 10 M Cable Cover,1017.39,610.43
CABLE4BL,CABLE 4 Cable Cover Black,955.65,370.43
CABLE4WH,CABLE 4 Cable Cover White,955.65,370.43
CABLE8BL,CABLE 8 Cable Cover Black,1129.57,433.03999999999996
CABLE8WH,CABLE 8 Cable Cover White,1129.57,433.03999999999996
Y-BP16-B00315,CABLE RIPCORD 1.0mm2- Red/Black,801.785714285714,561.25
Y-BP16-B00064,CABLE RIPCORD 1.5MM RED/BLACK,1016.0714285714299,711.25
NET-T18RBK,CABLE TIES BLACK 105 X 2.5MM (100 PACK) HFC100 HFC100,23.5714285714286,16.5
NET-T30RBK,CABLE TIES BLACK 148,68.5714285714286,48.0
NET-T50RBK,CABLE TIES BLACK 198 X 4.7MM (100 PACK) HFC200 HFC200,91.4285714285714,64.0
NET-T120RBK,CABLE TIES INSULOK BLACK 370 X7.9MM (HFC370H) HFC370H,221.428571428571,155.0
NET-SCREW G7-W2-E1,CAGE NUTS AND BOLTS (EACH) JD01B,4.28571428571429,3.0
CSP+FB85BL,CANVAS 85 inch – Fabric – Black,103348.91428571401,72344.24
GPS-HVT001,CAR CHARGER GPS TRACKER,0.0,0.0
DRAGONTAILUSBC,CARBON DRAGONTAIL USB TYPE-C,695.65,486.96
CAT6,CAT6,9.9,6.0
CAB-CAT5-100M,CCTV grade CAT-5E CABLE (100meter roll),723.55,499.0
CAB-CAT5,CCTV grade CAT-5E CABLE (305meter roll),1877.75,1295.0
TEST-65H,CCTV/Network cable tracker,1013.55,699.0
ECW230S,CLOUD MANAGEMENT AP 11 AX/AC/B/G/N DUAL BAND CONCURRENT,15561.74,10893.220000000001
ECW220S,CLOUD MANAGEMENT AP 11AX/AC /A/B/G/N DUAL BAND CONCURRENT,11239.130000000001,7867.4
ECS1528P,CLOUD MANAGEMENT SWITCH WITH 24 GE 4 GE SFP IEEE802.3AT/AF 240W POE POWER BUDGET  19INCH 1U RACK,18587.83,13011.480000000001
CTNZPEU1,CONNECT,14781.74,0.0
72329,CONNECT PRO Case Mini Black (6th Gen),8778.26,6144.79
72330,CONNECT PRO Case Mini White (6th Gen),8778.26,6144.79
SHA-B8CLBA-00,CORNER MOUNT: LEFT DRIVE (BLACK ALUMINUM),6302.61,5042.09
SHA-B8CLSA-00,CORNER MOUNT: LEFT DRIVE (SILVER ALUMINUM),6302.61,5042.09
SHA-B7CLBA-00,CORNER MOUNT: LEFT IDLER (BLACK ALUMINUM),6302.61,5042.09
SHA-B7CLSA-00,CORNER MOUNT: LEFT IDLER (SILVER ALUMINUM),6302.61,5042.09
SHA-B8CRBA-00,CORNER MOUNT: RIGHT DRIVE (BLACK ALUMINUM),6302.61,5042.09
SHA-B8CRSA-00,CORNER MOUNT: RIGHT DRIVE (SILVER ALUMINUM),6302.61,5042.09
SHA-B7CRBA-00,CORNER MOUNT: RIGHT IDLER (BLACK ALUMINUM),6302.61,5042.09
SHA-B7CRSA-00,CORNER MOUNT: RIGHT IDLER (SILVER ALUMINUM),6302.61,5042.09
ECS1552P,COUD MANAGEMENT SWITCH 48 GE 4 GE SFP IEEE802.3AT/AF 410W POE POWER BUDGET 19INCH 1U RACK,30260.0,21182.0
V650906-00,CROSSOVER EPICON 6,773.91,464.34999999999997
V600239-00,CROSSOVER W/TERMINAL OBERON VOKAL,1730.4299999999998,1568.4199999999998
V600218-00,CROSSOVER W/TERMINAL OPTICON 8 spare part,3730.43,2238.2599999999998
V600219-00,CROSSOVER W/TERMINAL OPTICON VOKAL,1730.4299999999998,1038.26
V650915-00,CROSSOVER W/TERMINAL RUBICON VOKAL,1730.4299999999998,1038.26
V600020-00,CROSSOVER W/TERMINAL ZENSOR 7,1121.74,673.04
C11125K,CXA61 Integrated Stereo Amplifier Luna Grey,24346.96,14608.17
C11129K,CXA81 Integrated Stereo Amplifier Luna Grey,33042.61,19825.57
C11133K,CXC v2  Dedicated CD Transport Luna Grey,16520.87,9912.519999999999
C11137K,CXN v2 ATF2™ Upsampling Network Player Luna Grey,31303.48,18782.09
ST-CAGE,Cabinet Cage Nuts,2.75,2.0
CB11-6,Cable - RG6 Coaxial 75Ohm 100m Roll,556.67,334.0
T18R,Cable Ties T18R 100 x 2.5mm,11.5,8.0
T30R,Cable Ties T30R 150 x 3.6mm,20.0,15.0
T50I,Cable Ties T50I 300 x 4.8mm,65.0,45.0
T50L,Cable Ties T50L 370 x 4.8mm,75.0,55.0
T50R,Cable Ties T50R 200 x 4.8mm,40.0,30.0
TOOL-CABC,Cable cutter,230.54999999999998,159.0
NET-CAT6-CON-LQ,Cabling | RJ45 CATS6 STRANDED CONNECTOR,11.7938578329883,8.25570048309179
COCALIB,Calibration Kit (DIRAC),43478.26,0.0
C11225,Cambridge Audio Evo 150 Black,73912.17,44347.3
C10464K,Cambridge aptX® Bluetooth Dongle (each),3042.6099999999997,1825.57
Camera Pole,Camera Pole - Buried Type - 3400 Long + 500Mm In The Ground - Total 3.9M - Powder Coated Green,2703.33,1622.0
AP6642.GLA.B,Cattex 42U 600×600 Floor Server Cabinet – Glass – Networking,14400.0,10080.0
CF70-75S,Ceiling Flapout & scroll down for up to 75' TV,110530.0,82897.5
ECS2512,Cloud Managed Switch with 8 x 2.5G + 4 x SFP+. internal power supply. 13inch 1U rack-mountable.,13184.35,9229.05
ECS2512FP,Cloud Managed Switch with 8 x 2.5G PoE + 4 x SFP+. IEEE802.3bt/at/af. 240w PoE power budget.,18804.350000000002,13163.050000000001
ECW220,Cloud Management AP 11ax/ac wave2/a/b/g/n Dual Band Concurrent Ceiling Mount AP 1 x 10/100/1000 M,7132.169999999999,4992.53
ECS1552,Cloud Management Switch with 48 GE + 4 10GE SFP+. internal power supply. 19inch 1U rack-mountable,19885.22,13919.66
COACH,Coach Screws And Plugs,6.0,4.0
DS-2CD2647G2-LZS(3.6-9MM),ColorVu 4MP bullet 3.6-9mm lens  up to 60m IR  120dB WDR  1 audio/ 1 alarm I/O 12VDC/POE,8065.299999999999,4839.179999999999
DS-2CD2347G2H-LISU/SL 2.8MM,ColorVu 4MP turret 2.8mm lens 30m hybrid-light 130dB WDR microphone  1 audio/ 1 alarm I/O  built-in strobe-light & siren 12VDC/POE,3697.24285714286,2588.0699999999997
CDNGLWW1BLK,Combo Adapter WW (Black),1042.61,834.09
CDNGLWW1,Combo Adapter WW (White),1042.61,834.09
CNLGKXX,Controller Nova Hub Logic Gateway  Ethernet KNX,11250.43,6750.259999999999
CNLG4XX,Controller Nova Hub Logic Gateway  Ethernet RS485 for Control 4,7486.959999999999,4492.17
COOLPLUG-DK,Cool Plug Wired Split Unit HVAC(Daikin),5217.389999999999,4500.0
COOLPLUG-ME,Cool Plug Wired Split Unit HVAC(Mitsubi),5217.389999999999,4500.0
COOLPLUG,Cool Plug Wired Split Unit HVAC(Samsung),5217.389999999999,4500.0
CMNETH-DK,CoolMasterNet HVAC Bridge (Daikin),43043.48,37125.0
CMNETH-LG,CoolMasterNet HVAC Bridge (LG),43043.48,37125.0
CMNETH-MD,CoolMasterNet HVAC Bridge (Midea),43043.48,37125.0
CMNETH-SM,CoolMasterNet HVAC Bridge (Samsung),43043.48,37125.0
COOLPLUGWRLS-DK,CoolPlug Wireless Split Unit HVAC(Daikin,6608.7,5700.0
COOLPLUGWRLS-SM,CoolPlug Wireless Split Unit HVAC(Samsun,6608.7,5700.0
COOLLINKHUB,Coolautomation HVAC SplitandMulti Split W,6086.96,5250.0
CD-FS1010P,Cudy 10 Port Fast Ethernet 8 PoE 115W Switch | FS1010P,450.0,335.0
CD-GS1010P,Cudy 10 Port Gigabit 8 PoE 100W PoE Switch | GS1010P,625.0,450.0
CD-FS1018PS,Cudy 16 Port Fast Ethernet PoE 190W 2 Gigabit 1SFP Switch | FS1018PS1,1025.0,750.0
CD-GS1020PS,Cudy 16 Port Gigabit PoE 190W 2SFP Switch | GS1020PS2,2950.0,2050.0
CD-GS1016,Cudy 16 Port Gigabit Rack-Mount Switch | GS1016,595.0,450.0
CD-FS1026PS,Cudy 24 Port Fast Ethernet PoE 290W 2 Gigabit 1SFP Switch | FS1026PS1,1750.0,1295.0
CD-GS1028PS,Cudy 24 Port Gigabit PoE 290W 2SFP Switch | GS1028PS2,3595.0,2495.0
CD-GS1024,Cudy 24 Port Gigabit Rack-Mount Switch | GS1024,850.0,625.0
CD-GSPOE40,Cudy 4 Port Gigabit PoE 1x PoE Input 60W Switch | POE40,550.0,395.0
CD-LT500O,Cudy 4G LTE4 Dual Band 1200Mbps Outdoor WiFi 5 Router | LT500 Outdoor,1350.0,995.0
CD-LT500,Cudy 4G LTE4 Dual Band 1200Mbps WiFi 5 Router | LT500,775.0,575.0
CD-LT700,Cudy 4G LTE6 Dual SIM 1200Mbps WiFi 5 Router | LT700,1925.0,1425.0
CD-GS1005PT,Cudy 5 Port Gigabit 4 PoE 120W 1SFP Switch | GS1005PTS1,550.0,395.0
CD-GS105D,Cudy 5 Port Gigabit Desktop Switch | GS105D,185.0,125.0
CD-R700,Cudy 5 Port Gigabit Multi-WAN VPN Router | R700,625.0,450.0
CD-FS1006P,Cudy 6 Port Fast Ethernet 4 PoE 60W Switch | FS1006P,350.0,250.0
CD-FS1010PG,Cudy 8 Port Fast Ethernet PoE 115W 2 Gigabit Switch | FS1010PG,550.0,395.0
CD-GS108D,Cudy 8 Port Gigabit Desktop Switch | GS108D,275.0,195.0
CD-AP1300O,Cudy Dual Band 1200Mbps WiFi 5 Outdoor Access Point | AP1300 Outdoor,1075.0,795.0
CD-M12003,Cudy Dual Band AC 1200Mbps Fast Ethernet Mesh 3 Pack | M1200 (3-Pack),1195.0,825.0
CD-WR1200,Cudy Dual Band WiFi 5 1200Mbps 5dBi Fast Ethernet Router | WR1200,350.0,250.0
CD-WR1300,Cudy Dual Band WiFi 5 1200Mbps 5dBi Gigabit Mesh Router | WR1300,475.0,325.0
CD-M12002,Cudy Dual Band WiFi 5 1200Mbps Fast Ethernet Mesh 2 Pack | M1200 (2-Pack),795.0,550.0
CD-M12001,Cudy Dual Band WiFi 5 1200Mbps Fast Ethernet Mesh Router | M1200 (1-Pack),375.0,275.0
CD-RE1200,Cudy Dual Band WiFi 5 1200Mbps Fast Ethernet Range Extender | RE1200,325.0,225.0
CD-M13002,Cudy Dual Band WiFi 5 1200Mbps Gigabit Mesh 2 Pack | M1300 (2-Pack),1025.0,750.0
CD-M13003,Cudy Dual Band WiFi 5 1200Mbps Gigabit Mesh 3 Pack | M1300 (3-Pack),1525.0,1125.0
CD-M13001,Cudy Dual Band WiFi 5 1200Mbps Gigabit Mesh Router | M1300 (1-Pack),525.0,375.0
CD-U1400,Cudy Dual Band WiFi 5 1300Mbps 5dBi USB 3.0 Adapter | WU1400,225.0,150.0
CD-U1300,Cudy Dual Band WiFi 5 1300Mbps USB 3.0 Adapter | WU1300S,175.0,125.0
CD-M18002,Cudy Dual Band WiFi 6 1800Mbps Gigabit Mesh 2 Pack | M1800 (2-Pack),1695.0,1175.0
CD-M18003,Cudy Dual Band WiFi 6 1800Mbps Gigabit Mesh 3 Pack | M1800 (3-Pack),2525.0,1750.0
CD-M18001,Cudy Dual Band WiFi 6 1800Mbps Gigabit Mesh Router | M1800 (1-Pack),850.0,595.0
CD-WR3000,Cudy Dual Band WiFi 6 3000Mbps 5dBi Gigabit Mesh Router | WR3000,575.0,395.0
CD-RE3000,Cudy Dual Band WiFi 6 3000Mbps Gigabit Range Extender | RE3000,750.0,550.0
CD-M30001,Cudy Dual Band WiFi 6 3000Mbps Multi-Gigabit Mesh Router | M3000_W (1-Pack),775.0,550.0
CD-MC220,Cudy Gigabit Ethernet Media Converter | MC220,215.0,150.0
CD-SFP-MM,Cudy Multi Mode 1.25G LC SFP 850nm 500m | SM100GMA-05,100.0,75.0
CD-SFP-MM10,Cudy Multi Mode 10G LC SFP+ 850nm 300m | SM10GMA-03,175.0,125.0
CD-SFP-MM25,Cudy Multi Mode 25G LC SFP28 850nm 100m | SM25GMA-01,350.0,250.0
CD-SFP-RJ45,Cudy SFP to RJ45 Gigabit Ethernet Module | SM220,130.0,95.0
CD-SFP-RJ45P,Cudy SFP+ to RJ45 10Gbps Ethernet Module | SM10GL,795.0,595.0
CD-SFP-SMB,Cudy Single Mode 1.25G LC Bi-Directional SFP 20km | SM100GSB-20AB,250.0,175.0
CD-SFP-SM,Cudy Single Mode 1.25G LC SFP 1310nm 20km | SM100GSA-20,95.0,70.0
CD-SFP-SMB10,Cudy Single Mode 10G LC Bi-Directional SFP 20km | SM10GSB-20AB,650.0,475.0
CD-SFP-SM10,Cudy Single Mode 10G LC SFP+ 1310nm 10km | SM10GSA-10,250.0,175.0
CD-SFP-SM25,Cudy Single Mode 25G LC SFP28 1310nm 10km | SM25GSA-10,595.0,450.0
CS-18C,Custom CS-18C Skyhook Cinch White In-Ceiling Speaker 8 Inch,2433.91,1460.35
Custom Gooseneck,Custom Gooseneck,2875.0,1725.0
D500LCRBL,D 500 LCR High Gloss Black,7825.219999999999,5477.65
D500SURBL,D 500 Surround High Gloss Black,13912.17,9738.519999999999
D600SURL,D 600 Surround LEFT,8252.17,4951.299999999999
D600SURR,D 600 Surround RIGHT,8252.17,4951.299999999999
D500LCRWH,D500 LCR High Gloss White,7825.219999999999,5477.65
D500SURWH,D500 SUR White,13912.17,9738.519999999999
C11217,DAC MAGIC 200M Luna Grey UK/EU/CU,17390.43,10434.26
DH-PFS3106-4ET-60,"DAHUA  4 Port Layer two Hardened PoEswitch· Supports PoE power management · MAC auto learning and aging, MAC address capacity is 8K · Conforms to IEEE",1735.6499999999999,1197.0
DH-PFS3110-8ET-96,"DAHUA  8 Port Layer two Hardened PoE switch· · Supports PoE power management · MAC auto learning and aging, MAC address capacity is 8K · Conforms to I",2106.85,1453.0
DH-TPC-BF2221-B7F8,"DAHUA (Thermal + Starlight ) Dual Lens IP Bullet Camera with smart video analytic IVS  Thermal: 256*192  lens: 7mm, Visible: 2Mp  8mm, Support IVS, Fi",24594.9,16962.0
DH-TPC-SD2221-B7F8,"DAHUA (Thermal + Starlight ) Dual Lens IP PAN / TILT Camera with smart video analytic IVS  Thermal: 256*192  lens: 7mm, Visible: 2Mp  8mm, Support IVS",28775.25,19845.0
DH-PFM800-E,"DAHUA 1 Channel Passive HDCVI Balun >Real-time transmission over UTP CAT5E/6 cable.>Passive, no need for power supply.>With female BNC connector, and",85.55,59.0
PFM801-4MP,"DAHUA 1 Channel Passive HDCVI Balun with Power > Input voltage DC24-36V, can provide DC12V 8W(max) power supply to remote cameras,> Real-time transmis",282.75,195.0
DH-PFM800B-4K,"DAHUA 1-CH Passive Video Balun > Real-time transmission over UTP CAT5E/6 cable> Passive, no need for power supply> Excellent anti-thunder, anti-static",114.55,79.0
DH-PLZ21C0-D,DAHUA 12 MP 10.5 mm to 42 mm Vari-focal Lens • 12 MP 1/1.7-in. Image Format• 10.5 mm to 42 mm Vari-focal Lens• CS-type Mount• IR Correction• Designed,1677.6499999999999,1157.0
DH-IPC-HFW81230E-ZE,DAHUA 12MP 50m IR BULLET Network Camera with smart video analytic IVS  ·1/2.5” 12Megapixel progressive scan CMOS · H.265&H.264 dual-stream encoding ·,5763.75,3975.0
DH-IPC-HDBW81230EP-ZH-S2,DAHUA 12MP Panoramic Network IR Fisheye Camera with smart video analytic IVS  ·1/2.5” 12Megapixel progressive scan CMOS · H.265&H.264 dual-stream enco,5763.75,3975.0
DH-IPC-EBW81242-AS-S2,"DAHUA 12MP Panoramic Network IR Fisheye Camera; · 12MP, 1/1.7”CMOS image sensor
· Max output 12MP (4000×3000)@30fps· 3D DNR,AWB,HLC, BLC,ROI, SVC, SMA",13709.75,9455.0
DH-PFM344D-8CH-EN,"DAHUA 12V 60W 8CH CCTV Distributed Power Supply ▪︎Multi-output DC12V switching power.
▪︎Output voltage adjustable.
▪︎Professional wall-mounted install",333.5,230.0
DH-PFM343-19CH,"DAHUA 12V20A 19CH CCTV Distributed Power Supply box> Wide voltage input: AC90~264Vac, meet the requirements in different parts for electric network fl",1442.75,995.0
DH-PFS4420-16GT-250,"DAHUA 16-port PoE Gigabit managed switch. , which supports IEEE802.3 af/at PoE standard. It supports Layer 2 network management and PoE management bas",7242.75,4995.0
DHI-NVR4216-16P-4KS2/L,DAHUA 16CH 16PoE 4K NVR  > 16-channel IP video access> Smart H.265+/Smart H.264+/H.265/H.264; H.265 auto switch> Max 200 Mbps incoming bandwidth > Up,7387.75,5095.0
DH-XVR7216A-4KL-X,DAHUA 16CH 4K 5in1 DVR with IoT functionalities >Embedded processor > 2x HDD up to 20TB >16 Channel Penta-brid 4K Mini 1U Digital Video Recorder> H.26,0.0,0.0
DH-XVR1B16-I,"DAHUA 16CH Penta-brid 1080N/720p WizSense XVR >· H.265+/H.265 dual-stream video compression
· Supports Full-channel AI-Coding· Supports HDCVI/AHD/TVI/",1772.3999999999999,1266.0
DH-XVR5216AN-S2,"DAHUA 16CH Penta-brid 1080P XVR  Embedded processor
· H.264+/H.264 dual-stream video compression
· Support HDCVI/AHD/TVI/CVBS/IP video inputs
· Max 6/",3783.0499999999997,2609.0
DH-XVR5116H-4KL-I3,"DAHUA 16CH Penta-brid 4K-N/5MP AI WizSense DVR > H.265+/H.265 dual-stream video compression.
> Supports Full-channel AI-Coding.> Supports HDCVI/AHD/TV",6799.049999999999,4689.0
DH-XVR5216A-4KL-I3,DAHUA 16CH Penta-brid 4K-N/5MP AI WizSense DVR> H.265+/H.265 dual-stream video compression.> Supports Full-channel AI-Coding.> Supports HDCVI/AHD/TVI/,7300.75,5035.0
DH-XVR5216AN-I3,"DAHUA 16CH Penta-brid 5M-N/1080P WizSense AI XVR  H.265+/H.265 dual-stream video compression
· Supports Full-channel AI Coding· Supports HDCVI/AHD/TVI",4974.5199999999995,3430.7
DH-XVR1B16H-I,"DAHUA 16CH Penta-brid 5M-N/1080P WizSense AI XVR , > H.265+/H.265 dual-stream video compression> Supports Full-channel AI Coding> Supports HDCVI/AHD/T",3783.0499999999997,2609.0
DH-XVR5116HS-I3,"DAHUA 16CH Penta-brid 5M-N/1080P WizSense AI XVR , > H.265+/H.265 dual-stream video compression> Supports Full-channel AI Coding> Supports HDCVI/AHD/T",4321.0,2980.0
DHI-NVR5216-EI,DAHUA 16CH WizSense Network Video Recorder  Smart H.265+/H.265/Smart H.264+/H.264/MJPEG decoding format 32-channel 1080p self-adaptive decoding capabi,6749.03,4654.5
DHI-NVR2216-16P-I2,DAHUA 16CH WizSense Network Video Recorder ●Smart H.265+/H.265/Smart H.264+/H.264/MJPEG decoding format●Max. decoding capability: 6 × 1080p@30 fps. Su,6394.5,4410.0
DHI-LM19-F100,"DAHUA 18.5  Industrial level monitor· suitable for extensive 7×24 continuous works· High fidelity digital processing, brilliant and vivid video· Suita",2492.0,1495.0
DH-IPC-HFW5241EP-Z5E,"DAHUA 2 MP WizMind AI 120m IR Motorized Lens Bullet Network Camera   · 1/2.8” 2Megapixel progressive scan STARVIS™ CMOS· ROI, SMART H.264+/H.265+, fle",6369.71,4392.9
DHI-LM22-H200,"DAHUA 21.5'' Industrial Monitor> Suitable for continuous 24/7 operation> Ultra-thin body with metal housing;> Micro bezel design, elegant appearance,",3617.75,2495.0
DHI-LM24-B200S,"DAHUA 24 '' Industrial Monitor ;>Suitable for continuous 24/7 operation.  Ultra-narrow bezel, elegant appearance, metal base;> 178°H/178°V extra-wide",3877.2999999999997,2674.0
DHI-LM27-B200,"DAHUA 27 '' Industrial Monitor ;>Suitable for continuous 24/7 operation.  Ultra-narrow bezel, elegant appearance, metal base;> 178°H/178°V extra-wide",5337.45,3681.0
DH-HAC-HDW1200TLMP-A,DAHUA 2MP 1080P HDCVI Weatherproof 30m IR Metal Dome Camera with built-in Microphone > Max 30fps@1080P > Built-in mic  > CVI/CVBS/AHD/TVI switchable >,558.25,398.75
DH-HAC-B4A21P-VF-2712,"DAHUA 2MP 1080P HDCVI Weatherproof 30m IR Vari-focal  2.7-12mm Lense: 25/30fps@1080P l High speed, long distance real-time transmission l Day/Night(IC",908.6,649.0
DH-HAC-HDW1239TLP-A-LED,DAHUA 2MP 24X7 Full-color Starlight HDCVI Dome Camera with - ·20m White LED illuminator / Built in Microphone Full-color starlight ·techology ·Max. 30,908.6,649.0
DH-HAC-HFW1239TP-LED-S2,DAHUA 2MP 24x7 Full-color Starlight HDCVI Bullet Camera with 20m White LED illuminator - ·Full-color starlight ·techology ·Max. 30fps@1080P ·CVI/CVBS/,698.6,499.0
DH-IPC-HUM8231-L1-0280B,DAHUA 2MP Covert Pinhole Network Camera-Lens -Unit..Round 2.8mm Incl 8m Cable,2301.1499999999996,1587.0
DH-IPC-HUM8231P-E1,DAHUA 2MP Covert Pinhole Network Camera-Main Box · H.265&H.264 triple-stream encoding· Support Smart H.265+/H.264+· 50/60fps@1080P(1920×1080)· Day/Nig,3791.75,2615.0
DH-HAC-HMW3200LP-FR,"DAHUA 2MP Double-lens HDCVI Mobile IR Camera, · Max 30fps@1080P· HD and SD output switchable· 2.1mm fixed lens · Built-in Mic · Max. IR length 3m, Sma",1123.75,775.0
DH-HAC-HFW1209CP-LED,"DAHUA 2MP Full-color Starlight HDCVI Bullet Camera · Full-color starlight
· 20 m illumination distance · Max. 30fps@1080P · CVI/CVBS/AHD/TVI switchabl",471.8,337.0
DH-HAC-HDW1209TLQP-LED,"DAHUA 2MP Full-color Starlight HDCVI Eyeball Camera · Full-color starlight
· 20 m illumination distance · Max. 30fps@1080P · CVI/CVBS/AHD/TVI switchab",471.8,337.0
DH-HAC-HMW3200L,"DAHUA 2MP HDCVI IR Eyeball Mobile Camera, · Max 30fps@1080P· HD and SD output switchable· 2.1mm fixed lens· Built-in Mic· Max. IR length 3m, Smart IR·",667.0,460.0
DH-HAC-T3A21P-VF-2712,"DAHUA 2MP HDCVI IR Vari-Focal Dome Camera > 30fps@1080P> HD and SD output switchable> 2.7-12mm vari-focal lens> Max. IR length 40m, Smart IR> IP67, DC",763.0,545.0
DH-HAC-LC1220TP-TH,DAHUA 2MP HDCVI Temperature & Humidity Camera  it records video with real-time environmental information using display temperature & humidity· 30fps@1,698.6,499.0
DH-HAC-HFW1200TLP-A,DAHUA 2MP HDCVI Weatherproof 80m IR Bullet Camera with built-in Microphone >  30fps@1080P > Built-in mic  > CVI/CVBS/AHD/TVI switchable > 2.8mm fixed,525.0,375.0
DH-IPC-HFW2230S-S-S2,"DAHUA 2MP IR Bullet Network Camera. ·  1/2.7” CMOS image sensor, low illuminance, high image definition
· Outputs 2MP (1920 × 1080)@25/30 fps  H.265 c",1434.05,989.0
DH-IPC-HDBW2230EP-S-S2,"DAHUA 2MP IR Dome Network Camera· 2MP, 1/2.7” CMOS image sensor, 2MP (1920 × 1080)@25/30 fps· H.265 codec, high compression rate, ultra-low bit rate·",1403.53,967.9499999999999
DH-IPC-HDW2230TP-AS,"DAHUA 2MP IR Dome Network Camera·. · 2MP, 1/2.7” CMOS image sensor, low illuminance, high image definition· Outputs 2MP (1920 × 1080)@25/30 fps· H.265",1403.53,967.9499999999999
DH-IPC-HDBW5241EP-ZE,"DAHUA 2MP IR Vari-focal Dome WizMind Network Camera ·· 2-MP 1/2.8"" CMOS image sensor, low luminance, and high definition image.· Outputs max. 2 MP (19",2602.75,1795.0
DH-HAC-HUM1220GP-M,"DAHUA 2MP Mobile HDCVI Camera · Max 30fps@1080P· HDCVI output (Aviation connector)· 2.8mm fixed lens  IP67, DC12V  Shock-proof",616.25,425.0
DH-HAC-HDBW1200FP-M,"DAHUA 2MP Mobile HDCVI IR Dome Camera, · Max 30fps@1080P· HDCVI output (Aviation connector)· 3.6mm fixed lens(2.8mm optional) · Max. IR length 20m, Sm",942.5,650.0
DH-HAC-HDW1220GP-M,"DAHUA 2MP Mobile HDCVI IR Eyeball Camera,  Max 30fps@1080P· HDCVI output (Aviation connector)· 2.8mm fixed lens · Max. IR length 20m, Smart IR· IP67,",761.25,525.0
DH-IPC-HFW2249S-S-IL,"DAHUA 2MP Smart Dual Illumination Bullet WizSense Network Camera - 2-MP 1/2.8"" CMOS image sensor, low luminance, and high definition image.  H.265 cod",1808.1499999999999,1247.0
DH-IPC-HDW2249T-S-IL,"DAHUA 2MP Smart Dual Illumination Dome WizSense Network Camera 2-MP 1/2.8"" CMOS image sensor, low luminance, and high definition image. H.265 codec, h",1719.85,1186.1
DH-IPC-HF8242FP-FD,DAHUA 2MP Starlight Face Detection Box AI Network Camera · 1/1.9” 2Megapixel progressive scan CMOS· H.265&H.264 triple-stream encoding· 50/60fps@1080P,3762.75,2595.0
DH-IPC-HFW8232EP-ZE,DAHUA 2MP Starlight IR Bullet Network Camera. · 1/1.9” 2Megapixel progressive scan CMOS· H.265&H.264 triple-stream encoding· 50/60fps@1080P(1920×1080),3646.75,2515.0
DH-IPC-HFW8232EP-Z12-IRA,DAHUA 2MP Starlight IR Bullet Network Camera. · 1/1.9” 2Megapixel progressive scan CMOS· H.265&H.264 triple-stream encoding· 50/60fps@1080P(1920×1080),4328.25,2985.0
DH-IPC-HFW5242HP-Z6E-MF,"DAHUA 2MP Vari-focal Bullet WizMind 140m IR Network Camera> 2MP, 1/1.8” CMOS image sensor, low illuminance, high image definition> Outputs max. 2MP (1",7044.099999999999,4858.0
DH-IPC-HDW5241H-ASE-PV,"DAHUA 2MP WizMind AI IR Active Deterrence Dome Network Camea> 2MP 1/2.8"" CMOS image sensor, low illuminance, high definition image> Outputs max. 2MP (",3748.25,2585.0
DH-PFA162,"DAHUA 3 Axis bracket >Aesthetic design
>Material: aluminum >Housing bracket >Suitable for Housing  / ANPR / IR illuminator / General accessories insta",259.55,179.0
DHI-LM32-F200,"DAHUA 32 '' Industrial Monitor
· High fidelity digital processing for a brilliant and vivid video 
· 8ms fast response time with no image blurring or",6781.65,4677.0
DHI-NVR608-32-4KS2,"DAHUA 32CH NVR 4K ·384Mbps input, 16ch 1080P decoding, max 32 IPC input, H.265&H.264
8 HDD, 1 VGA&2 HDMI, 2 RJ45(1000M), 4 USB(2USB3.0)
Smart 2.0, Fis",12317.75,8495.0
DH-XVR4232AN-I,DAHUA 32CH Penta-brid 1080N/720p WizSense XVR> H.265+/H.265 dual-stream video compression.> Supports 8-channel AI-Coding.> Supports HDCVI/AHD/TVI/CVBS,5800.2,4143.0
DH-XVR5232AN-4KL-I2,DAHUA 32CH Penta-brid 4K-N/5MP AI WizSense DVR > H.265+/H.265 dual-stream video compression> Supports HDCVI/AHD/TVI/CVBS/IP video inputs> Max 32 chann,13016.65,8977.0
DH-XVR5232AN-I3,DAHUA 32CH Penta-brid 5M-N/1080P WizSense AI XVR > H.265+/H.265 dual-stream video compression.> Supports 16-channel AI-Coding.> Supports HDCVI/AHD/TVI,8006.32,5521.599999999999
DHI-NVR5232-EI,DAHUA 32CH WizSense Network Video Recorder · Smart H.265+/H.265/Smart H.264+/H.264/MJPEG decoding format. · 32-channel 1080p self-adaptive decoding ca,7678.98,5295.849999999999
DH-IPC-HDW8341XP-BV-3D,"DAHUA 3MP Dual-Lens People Counting AI Network Camera - · 3MP WizMind Dual-Lens Network Camera
> 1/2.8” CMOS image sensor, low illuminance, high image",9809.25,6765.0
DH-IPC-HDBW8331EP-ZE,"DAHUA 3MP WDR IR Dome Network Camera · 1/2.8” 3Megapixel progressive scan STARVIS™ CMOS
· H.265&H.264 triple-stream encoding · 50/60fps@3M(2048×1536)",3269.75,2255.0
DH-HAC-PFW3601P-A180,DAHUA 3X2MP Multi-Sensor Panoramic HDCVI IR-Bullet Camera · Three 1/2.8” 2Megapixel progressive scan CMOS · 1 panoramic view &3 individual 2MP video o,3913.0,2795.0
SDT7C424-4F-ZBZJ-APV-0400,"DAHUA 4 MP 24x Startlight IR WizMind Network Panoramic + PTZ Camema
Panoramic: 1/1.8"" 4 Megapixel F1.0 STARVIS™ CMOS
1/2.8"" 4 Megapixel STARVIS™ CMOS>",23790.15,16407.0
DH-SD6C3425XB-HNR-A-PV1,"DAHUA 4 MP 25x Starlight IR WizSense Network PTZ Camera> 1/2.8"" 4Megapixel STARVIS™ CMOS> Powerful 25x optical zoom> Starlight technology> Perimeter p",17236.15,11887.0
DH-SD5A445XA-HNR,"DAHUA 4 MP 45x Starlight IR WizSense Network PTZ Camera. 45x optical zoom, H.265, IVS, IR Distance up to 150m,  ±25% wide voltage input, -40°C~70°C wi",19038.5,13130.0
DHI-KTA02M,"DAHUA 4-Wire Video Intercom kit ·: 7 inch screen. Video intercom function: Unlock, voice call, video call, volumeadjustment, and doorway monitoring",2230.1,1538.0
DHI-LM43-F200,"DAHUA 43 '' Industrial Monitor
· Light and cost-effective plastic housing
· suitable for continuous 24/7 operation
· 178°H/178°V extra-wide viewing an",9625.029999999999,6637.95
DH-XVR1B04H-I,"DAHUA 4CH Penta-brid 5M-N/1080P WizSense AI XVR · H.265+/H.265 dual-stream video compression
· Supports Full-channel AI-Coding· Supports HDCVI/AHD/TVI",1152.1999999999998,823.0
DH-XVR1B04-I,"DAHUA 4CH Pentra-brid HDCVI/AHD/TVI/CVBS/IP 720P / 1080N DVR support CVI audio 
> H.265+/H.265 dual-stream video compression
> Supports Full channel A",868.0,620.0
DH-WM4700-O,"DAHUA 4G router 4G Router> 4G transmission: High speed 4G LTE connection, 100 Mbps downlink and 50 Mbps uplink.> Wi-Fi transmission: Connect your smar",4489.2,3096.0
DH-SD8A840WA-HNF,"DAHUA 4K 40x Starlight+ WizMind Network PTZ Camera   1/1.8” 8Megapixel STARVIS™ CMOS
· Powerful 40x optical zoom· Starlight+ technology· IR distance u",41978.950000000004,28951.0
DH-SD4E425GB-HNR-A-PV1,"DAHUA 4MP 25x Starlight IR WizSense Network PTZ Camera, IR distance up to 100 m, Auto-tracking 3.0, Full-color illuminator; red and blue warning light",10562.5,7393.75
DH-SD6CE445XA-HNR,"DAHUA 4MP 45x Starlight IR PTZ AI Network Camera · 1/2.8” 4Megapixel STARVIS™ CMOS
· Powerful 45x optical zoom· Starlight technology Max. 25/30fps@4MP",23192.75,15995.0
DH-SD6AL445XA-HNR,"DAHUA 4MP 45x Starlight Laser WizMind Network PTZ Camera > 1/2.8"" 4Megapixel CMOS > Powerful 45x optical zoom > Starlight technology > Max. 25/30 fps@",31827.5,21950.0
DHI-ITC413-PW4D-IZ3,"DAHUA 4MP AI ANPR / LPR Camera, High-performance CMOS image sensor and processor that supports continuously extracting metadata 24/7. Adopts intellige",11923.28,8222.949999999999
DHI-ITC413-PW4D-IZ1,"DAHUA 4MP AI ANPR / LPR Camera, High-performance CMOS image sensor and processor that supports continuously extracting metadata 24/7. Adopts intellige",10594.5,7306.549999999999
DHI-ITC431-RW1F-IRL8,"DAHUA 4MP IR AI Enforcement ANPR / LPR Camera ultra starlight CMOS with high sensitivity, high SNR, and excellent WDR, providing lifelike images 24/7.",19376.350000000002,13363.0
DH-IPC-HFW2441S-S,"DAHUA 4MP Smart Bullet WizSense Network Camera 4-MP 1/2.9"" CMOS image sensor, low luminance, and high definition image.Outputs max. 4 MP (2688 × 1520)",2342.1666999999998,1405.3
DH-IPC-HDW2441T-S,"DAHUA 4MP Smart Dome WizSense Network Camera 4-MP 1/2.9"" CMOS image sensor, low luminance, and high definition image.Outputs max. 4 MP (2688 × 1520)@2",1772.4099999999999,1222.35
DH-IPC-HDW2449T-S-IL,"DAHUA 4MP Smart Dual Illumination Dome WizSense Network Camera. 4-MP 1/2.9"" CMOS image sensor, low luminance, and high definition image. 
Outputs max.",1942.7099999999998,1339.8
DH-IPC-HFW2449S-S-IL,"DAHUA 4MP Smart Dual Illumination Fixed-focal Bullet WizSense Network Camera
> 4-MP 1/2.9"" CMOS image sensor, low luminance, and high definition image",1941.55,1339.0
DH-IPC-HFW3441EP-AS,"DAHUA 4MP WizSense AI IR Bullet Network Camera - 4MP, 1/3” CMOS image sensor, low illuminance, high image definition · Outputs max. 4MP (2688 × 1520)@",2567.1499999999996,1770.4499999999998
DH-IPC-HDW3441TMP-AS,"DAHUA 4MP WizSense AI IR Dome Network Camera, 1/3” CMOS image sensor, low illuminance, high image definition· Outputs max. 4MP (2688 × 1520) @30 fps·",2348.49,1619.6499999999999
DH-IPC-HDW3441TP-ZAS,"DAHUA 4MP WizSense AI Motorised Zoom varifocal lens WDR 40m IR Dome Network Camera -· 4MP, 1/3” CMOS image sensor, low illuminance, 4MP (2688 × 1520)@",3560.6899999999996,2455.6499999999996
DH-IPC-HFW3441TP-ZAS,"DAHUA 4MP WizSense AI Motorised Zoom varifocal lens WDR 60m IR Bullet Network Camera -· 4MP, 1/3” CMOS image sensor, low illuminance, 4MP (2688 × 1520",4046.1499999999996,2790.45
DH-IPC-HFW2441T-ZAS,"DAHUA 4MP WizSense AI Motorised Zoom varifocal lens WDR 60m IR Bullet Network Camera> 4-MP 1/2.9"" CMOS image sensor, low luminance, and high definitio",4049.4199999999996,2792.7
DH-SD2A500-GN-A-PV,"DAHUA 5 MP IR and White Light Full-color Network Pan Tilt Camera> 1/2.8"" 5Megapixel STARVIS™ CMOS> Max. 20 fps@5MP> Human detection> Tripwire, intrusi",2531.7,1746.0
DH-PFS3005-5ET-L,DAHUA 5-Port Desktop Fast Ethernet Switch · Compact design: Miniature size and light weight make it easy to deploy· Plug and play: No configuration re,210.25,145.0
DH-PFS3005-5GT-L,DAHUA 5-Port Desktop Gigabit Ethernet Switch. · Compact design: Miniature size and light weight make it easy to deploy· Plug and play: No configuratio,333.5,230.0
DHI-LM50-F400,"DAHUA 50'' UHD LED Monitor
> 4K Ultra-HD resolution
> Suitable for continuous 24/7 operation
> 8ms response time for no motion blur, judder or ghostin",16844.29,11616.75
DHI-LM55-F400,"DAHUA 55'' UHD LED Monitor
> 4K Ultra-HD resolution
> Suitable for continuous 24/7 operation
> 8ms response time for no motion blur, judder or ghostin",19250.06,13275.9
DH-PFWB5-30ac,DAHUA 5GHz AC867 15dBi Outdoor Wireless CPE > Integrated 5 GHz (2x2) MIMO radio > Frequency 5.150 - 5.850 GHz (FCC 5.150 - 5.250 and 5.725 - 5.850 GHz,2385.25,1645.0
DH-PFWB5-90ac,DAHUA 5GHz AC867 18dBi Outdoor Base Station> Integrated 5 GHz (2x2) MIMO radio> Frequency 5.150 - 5.850 GHz (FCC 5.150 - 5.250 and 5.725 - 5.850 GHz)>,3466.95,2391.0
DH-PFWB5-10ac,DAHUA 5GHz AC867 20dBi Outdoor Wireless CPE > Integrated 5 GHz (2x2) MIMO radio > Frequency 5.150 - 5.850 GHz (FCC 5.150 - 5.250 and 5.725 - 5.850 GHz,3037.75,2095.0
DH-PFWB5-30n,DAHUA 5GHz N300 15dBi Outdoor Wireless link CPE. · Integrated 5 GHz (2x2) MIMO radio· Frequency 5.150 - 5.850 GHz (FCC 5.150 - 5.250 and 5.725 -5.850,1587.75,1095.0
DH-PFWB5-90n,"DAHUA 5GHz N300 Outdoor Wireless Base Station, · Integrated 5 GHz (2x2) MIMO radio· Frequency 5.150 - 5.850 GHz (FCC 5.150 - 5.250 and 5.725 -5.850 GH",2747.75,1895.0
DH-HAC-HFW1509TLMP-IL-A-0360B,DAHUA 5MP Full-color Starlight HDCVI Bullet Camera with 40m White LED illuminator / Built in Microphone - ·Full-color starlight ·techology Max. 20fps@,1054.2,753.0
DH-HAC-HDW1509TP-IL-A,DAHUA 5MP Full-color Starlight HDCVI Dome Camera with 40m White LED illuminator / Built in Microphone - ·Full-color starlight ·techology ·Max. 20fps@5,1118.6,799.0
DH-HAC-ME1509THP-A-PV,DAHUA 5MP HDCVI Active Deterrence Weatherproof Full Color Bullet Camera with Blue & Red warning strobe light / Siren / White LED illuminator > · 24/7,1241.8,887.0
DH-HAC-ME1509B-LS,DAHUA 5MP HDCVI Active Deterrence Weatherproof Full Color Bullet Camera with Built-in Outdoor Passive Motion Detector / Siren / White LED illuminator,1118.6,799.0
DH-HAC-HDW1500TLQP-A,DAHUA 5MP HDCVI Weatherproof 30m IR Dome Camera with built-in Microphone > Max 20fps@5MP > HD and SD output switchable > 2.8mm fixed lens > 10m/110°de,838.6,599.0
DH-HAC-HDW1500TP-Z-A,"DAHUA 5MP HDCVI Weatherproof 60m IR Vari-focal Motorized 2.7-12mm  Dome Camera with built-in Microphone >1/2.7"" 5 Megapixel CMOS >HD and SD switchable",1379.0,985.0
DH-HAC-HFW1500RP-Z-IRE6-A,DAHUA 5MP HDCVI Weatherproof 60m IR Vari-focal Motorized 2.7-12mm Bullet Camera with built-in Microphone >· Max. 20fps@5MP· Built-in mic· HD and SD ou,1482.6,1059.0
DH-HY-SAV849HAP-E,"DAHUA 5MP IR AI-fire Smoke Sensing Network Camera > DC12V / PoE and 3V lithium battery> 1/2.7"" CMOS, 2.0mm focal length> H.265; H.264; > Horizontal: 1",2834.75,1955.0
DH-IPC-EW5541P-AS,DAHUA 5MP Panoramic Network IR Fisheye Camera> 1/2.7” 5Megapixel progressive scan STARVIS™ CMOS> H.265/H.264 triple-stream encoding> Max 25fps@5M(2592,3998.9599999999996,2757.8999999999996
DH-IPC-HFW5541TP-AS-PV-8mm,DAHUA 5MP WizMind AI IR Active Deterrence Bullet Network Camera  1/2.7” 5Megapixel progressive scan CMOS · H.265 & H.264 triple-stream encoding · 20 f,3907.75,2695.0
DH-IPC-HDW5541H-AS-PV,DAHUA 5MP WizMind AI IR Active Deterrence Dome Network Camera· 1/2.7” 5Megapixel progressive scan CMOS· H.265 & H.264 triple-stream encoding· 20 fps@2,3907.75,2695.0
DH-PFM700-E,"DAHUA 60m HDMI Extender  >Transmission distance: HDMI transmission distance 60m (max.196.85ft).
>Infrared function: support to transmit one-way infrar",1314.06,906.25
DHI-NVR608-64-4KS2,"DAHUA 64CH NVR 4K  > 384Mbps input, 16ch 1080P decoding, max 64 IPC input, H.265&H.264
8 HDD, 1 VGA&2 HDMI, 2 RJ45(1000M), 4 USB(2USB3.0)
Smart 2.0, F",23478.4,16192.0
DHI-NVR5464-4KS2,DAHUA 64CH NVR 4K· Smart H.265+/H.265/Smart H.264+/H.264/MJPEG · Max 320Mbps Incoming Bandwidth · Up to 12MP Resolution for Preview and Playback · 2HD,11378.15,7847.0
DHI-NVR5464-EI,DAHUA 64CH WizSense Network Video Recorder Smart H.265+/H.265/Smart H.264+/H.264/MJPEG decoding format 32-channel 1080p self-adaptive decoding capabil,14242.34,9822.3
DH-HAC-HFW2601TP-Z-A,"DAHUA 6MP WDR HDCVI IR Bullet Camera · 120dB True WDR, 3DNR · Max. 6MP resolution · HD/SD switchable · Audio in interface, built-in mic · 2.7-13.5mm m",1813.0,1295.0
DH-IPC-HDW3849H-AS-PV-S3,"DAHUA 8 MP WizSense  Smart Dual Illumination Active Deterrence domel Network Camera> 8 MP 1/2.8"" CMOS image sensor, low luminance, and high definition",5238.849999999999,3613.0
DH-PFS3008-8ET-L,DAHUA 8-Port Desktop Fast Ethernet Switch · Compact design: Miniature size and light weight make it easy to deploy· Plug and play: No configuration re,282.75,195.0
DH-PFS3008-8GT-L,DAHUA 8-Port Desktop Gigabit Ethernet Switch  Compact design: Miniature size and light weight make it easy to deploy· Plug and play: No configuration,500.25,345.0
DH-XVR1B08-I,DAHUA 8CH Penta-brid 1080N/720p WizSense XVR > H.265+/H.265 dual-stream video compression> Supports Full channel AI-Coding> Supports HDCVI/AHD/TVI/CVB,1188.6,849.0
DH-XVR5108HS-4KL-I3,DAHUA 8CH Penta-brid 4K-N/5MP AI WizSense DVR>· H.265+/H.265 dual-stream video compression· Supports HDCVI/AHD/TVI/CVBS/IP video inputs· Max 16 channe,3617.75,2495.0
DH-XVR1B08H-I,"DAHUA 8CH Penta-brid 5M-N/1080P WizSense AI XVR
> H.265+/H.265 dual-stream video compression> Supports Full-channel AI-Coding> Supports HDCVI/AHD/TVI/",1883.55,1299.0
DH-XVR5108H-I3,"DAHUA 8CH Penta-brid 5M-N/1080P WizSense AI XVR, new deep-learning algorithm, SMD Plus can recognize moving objects and differentiate human and vehicl",2757.8999999999996,1902.0
DH-IPC-HFW3849T1-ZAS-PV-S5,"DAHUA 8MP Smart Dual Light Active Deterrence Vari-focal Bullet WizSense Network Camera> 8-MP 1/2.8"" CMOS image sensor, low luminance, and high definit",6585.71428571429,4610.0
DH-IPC-HFW3841EP-AS,"DAHUA 8MP WizSense AI IR Bullet Network Camera  8MP, 1/2.8” CMOS image sensor, low illuminance, 8MP (3840 × 2160) @20 fps @25/30 fps H.265 codec, Buil",3748.25,2585.0
DH-IPC-HDW3841TMP-AS,"DAHUA 8MP WizSense AI IR Dome Network Camera,8MP, 1/2.8” CMOS image sensor, low illuminance, 8MP (3840 × 2160) @20 fps H.265 codec,, high compression",3893.25,2685.0
DH-IPC-HFW3849T1-AS-PV-S3,"DAHUA 8MP WizSense Smart Dual Illumination Active Deterrence Bullet Network Camera
> 8MP 1/2.8"" CMOS image sensor, low luminance, and high definition>",5238.849999999999,3613.0
DHI-MHVR8004-GFWI,DAHUA AI 4 Channels H.265 2 SD Mobile Video Recorder> Support HDCVI/AHD/TVI/IP video input> Support H.265/smart H.265 video compression> Support 4 cha,12253.95,8451.0
DEE1010B,DAHUA Access Control Extension Module Dahua relay module allows the expansion of video door phone features for control of another door or gate. Built-,1220.8696,732.5217
DHI-ASI1202M,"DAHUA Access Control Standalone Terminal > Material: Zinc alloy plate> Support card unlock, fingerprint unlock, and card&fingerprint unlock> Card read",2718.75,1875.0
DHI-ARB1606,"DAHUA Alarm Extender 16 Alarm In/6 Alarm Out, 1RS485,  Support 2-bit DIP switch (0/1) to determine the diﬀerent alarm box access; Max support 4 alarm",572.75,395.0
DHI-ART-ARC3000H-03-FW2(868),"DAHUA Alarm KIT > Supports 150 wireless peripherals (6 sirens, 64 wireless keyfobs).> Peripherals status display (signal strength, battery level, temp",6372.75,4395.0
DH-VTO1210C-X,"DAHUA Apartment Outdoor Station > HD CMOS camera
> Stainless steel panel, IP54, IK07 > Night vision & Voice indication
> Local card openning > Video &",8698.55,5999.0
DHI-VTO6521F,"DAHUA Apartment Outdoor Station >· 4.3 inch IPS display; screen resolution 800×480· 2MP CMOS; true WDR· Aluminum anode surface; metal button; IP65, IK",8698.55,5999.0
DH-MPT221,"DAHUA Body Camera. Android 9.0.· 8-core 1.8 GHz High-Performance CPU.· 2.0"" touch screen.·1080p@30 fps recording, the image resolution up to 34MP (780",12796.25,8825.0
DH-PFB300C,DAHUA Ceiling Mount Bracket,282.75,195.0
DH-PFA151,"DAHUA Corner Mount Bracket
- Aesthetic design",485.75,335.0
DH-DSM-C01,"DAHUA DSM camera -  Dahua Driver Status Monitoring Camera is to  monitoring the driver’s face, with the help of DHI-MHVR8004-GFWI AI intelligent MVR c",3014.5499999999997,2079.0
DHI-TPC-SD5441-B50Z45-BM-S24,"DAHUA Dual View Thermal PTZ IP Camera>Thermal Hybrid Speed Dome Camera
> Vanadium oxide uncooled focal plane detector.> 4Megapixel progressive scan CM",110737.95000000001,76371.0
DHI-ASI6214J-MFW,"DAHUA Face Recognition Access Control Terminal  ·> 4.3-inch LCD touch screen; resolution 480 × 272> 2MP wide-angle dual lens camera; support DWDR, whi",7808.25,5385.0
DHI-ASR1102A(V2),"DAHUA Fingerprint RFID Reader - RS-485 protocol · Default IC (Mifare) card · Support card, fingerprint · Up to 3000 fingerprints capacity · Blue backl",2434.5499999999997,1679.0
DH-VTOB107,DAHUA Flush Mounted Box for VTO2000A > Material: Metal > Size: 125mm*135mm*56mm > Weight: 0.8 Kg > Flush mounted box,506.05,349.0
DH-PFM791,"DAHUA HD Video Isolator , to solve the HDCVI image interference caused by ground loops
effectively;",143.54999999999998,99.0
DH-MCVR6208-GC,"DAHUA HDCVI 8 Channel mobile DVR 3G GPS . Supports HDCVI/Analog Video Input
• Dual-stream Recording• Eight-channel 1080p Real-time Recording• Simultan",11528.95,7951.0
DH-HAP120,"DAHUA Hi-fidelity Pickup >Use high sensitivity, all directional microphone head and omnidirectional microphone, clear and natural sound;
>Lightning pr",382.8,264.0
DH-HAP200,DAHUA Hi-fidelity audio mic ,340.75,235.0
DHI-VTO3311Q-WP,"DAHUA IP 1 / 2 / 4-button Villa Outdoor Station ·Wi-Fi Villa Door Station
> Full metal casing design.> Customizable Number of Buttons.> Wi-Fi connecti",3754.0499999999997,2589.0
DHI-VTO2101E-P,"DAHUA IP Villa Outdoor Station · HD CMOS camera · alloy body vandal proof, IP65, IK10· ICR Night vision &Voice indication· Video & Audio messaging· TC",2682.5,1850.0
DHI-VTH2421FW-P,"DAHUA IP touch screen 7"" monitor for intercom.   7"" TFT Capacitive touch screen, 1024x600 · IPC surveillance· Alarm integration ·",2827.5,1950.0
DH-PFM905-E,"DAHUA Integrated Mount Tester - • Ergonomic, Portable Design • One-hand Operation with Removable Wrist Strap • 4.3-in. TFT Screen, 480 x 272 Resolutio",2167.75,1495.0
DH-PFM907,"DAHUA Integrated Mount Tester >Integrated Mount Tester> Support IP, HDCVI/AHD/HDTVI/CVBS;> Highly compatible with ONVIF protocol;> POE power supply/re",16133.060000000001,11126.25
DHI-VTS5A40B,"DAHUA Intercom Master Station> 10"" TFT Capacitive touch screen, 1024×600> IPC surveillance> Alarm integration> Micro SD card optional, max 32GB > Reco",9574.789999999999,6603.299999999999
DH-MD02,DAHUA MVR Alarm disply,1850.1999999999998,1276.0
DHI-DAE-CDR8213-GFW,DAHUA Mobile DVR with built-in Dash Camera > 1080P resolution with 128.6° FOV> Supports 3 external CVI/AHD cameras input> Built-in MIC and speaker sup,8518.75,5875.0
DH-MLCDF7-E,DAHUA Moible DVR LCD display screen  • 7-in. Widescreen TFT-LCD Monitor • LED Backlight • M12 A-coding Connector,2588.25,1785.0
DH-PFA114,DAHUA Mount Adapter >Aesthetic design >Material: aluminum - 6 Series PTZ,137.75,95.0
DH-PFA122-V2,DAHUA Mounting box for 3 hole camera • Material: aluminum • IP66 protection class,384.76,265.35
DH-PFA121-V2,DAHUA Mounting box for 4 hole camera • Material: aluminum • IP66 protection class,384.76,265.35
DH-NKB1000,DAHUA Network Keyboard & Control Keyboard & Dome keyboard,4203.55,2899.0
KIT/DH-PFM811-4CH/DH-PFM811-C,DAHUA POC Transmitter - Features Support 400m RG59 transmission; support max. 15.6W HDCVI camera in single channel; Support 400m OSD control; Support,1428.25,985.0
DH-PFB303S,"DAHUA Parapet Mount Bracket  \
- Parapet mount bracket
- Rotatable, easy to install
- Neat & Integrated design",2202.19,1518.75
DH-HAP100,"DAHUA Pinhole Pickup > Omni-directional condenser microphone, high fidelity;> 30KV Air contact ESD, built-in Lightning Protection, power supply polari",288.55,199.0
DH-PFA12C,"DAHUA Plastic Junction Box • Flame retardant PC features outdoor weathering resistance, high intensity and reliability • Dependable waterproof structu",72.5,50.0
DH-PFA12A,DAHUA Plastic Junction Box • Material: weatherability and nondiscolouring PP • Structural water-proof design • Aesthetic design,56.550000000000004,39.0
PFT1300,DAHUA PoE Extender > Support passive PoE cascade power supply and Ethernet data exchange> Support IEEE 802.3af/at standard power supply IP Camera> Coo,474.15,327.0
DH-TAM1GT1GT-30,DAHUA PoE+ Midspan is designed to work in extreme temperature environments and in applications that experience lightning. The midspan offers a single,552.45,381.0
DH-PFA150-V2,"DAHUA Pole Mount Bracket
- Material: SECC & SUS304
- Pole mount bracket
- Aesthetic design  Pole mount for 0-10kg device",485.75,335.0
DH-PFA152-E,"DAHUA Pole Mount Bracket
>Material: aluminum & SUS304
>Pole mount bracket
>Aesthetic design Pole mount for 0-3kg device",285.65,197.0
DH-PFM790,"DAHUA Power supply isolator, to solve the HDCVI image interference caused by power supply effectively. Optimised for HDCVI video. Apply to indoor or i",288.55,199.0
DHI-ASR1101M,"DAHUA RFID READER  RS-485 or Wiegand protocol> Default IC (Mifare) card > Support card, password> All-metal buttons with blue backlight> Watch dog fun",1631.25,1125.0
DH-SD49225DB-HNY,DAHUA Starlight 2MP 25x 100m IR PTZ Network Camera  with Smart Video Analytics IVS + Alarm + Audio >1/2.8” 2Megapixel CMOS· Powerful 25x optical zoom·,8112.75,5595.0
DH-PTZ1A225U-IRA-XA,"DAHUA Starlight 2MP 25x Zoom IR AI WizSense Network Positioning System Camera  with Smart Video Analytics IVS + Auto-Tracking + Perimeter Protection,",11201.25,7725.0
DH-VTOB108,DAHUA Surface Mounted Box for VTO2000A > Material: Metal > Size: 145mm*134mm*88mm > Weight: 1 Kg > Surface mounted box,506.05,349.0
DH-TPC-BF5401-B13,"DAHUA Thermal IP Bullet Camera.Thermal:400*300   Lens:13mm Support IVS,Fire detection Support SD card 128G Audio:1 in  Alarm:2 in/1 out",44720.9,30842.0
DH-TPC-BF5401-B25,"DAHUA Thermal IP Bullet Camera.Thermal:400*300   Lens:25mm Support IVS,Fire detection Support SD card 128G Audio:1 in  Alarm:2 in/1 out",51109.6,35248.0
DH-TPC-BF5401-B35,"DAHUA Thermal IP Bullet Camera.Thermal:400*300   Lens:35mm Support IVS,Fire detection Support SD card 128G Audio:1 in  Alarm:2 in/1 out",59628.35,41123.0
DH-TPC-BF5601-B25,"DAHUA Thermal IP Bullet Camera.Thermal:640*512   Lens:25mm Support IVS,Fire detection Support SD card 128G Audio:1 in  Alarm:2 in/1 out",112015.40000000001,77252.0
DH-TPC-BF5601-B35,"DAHUA Thermal IP Bullet Camera.Thermal:640*512   Lens:35mm Support IVS,Fire detection Support SD card 128G Audio:1 in  Alarm:2 in/1 out",122662.75,84595.0
DH-M869,DAHUA Two way communication handset for MDVR,862.75,595.0
PFM820,"DAHUA UTC Controller -  Compact Controller Connects Analog Cameras to a Dahua DVR via the OSD
Supports HDCVI, AHD, HDTVI, and CVBS Formats
Indicators",288.55,199.0
DH-PFB604W,"DAHUA Wall mount for 14"""" housing,  support ITC231",323.34999999999997,223.0
DH-PFA138-V2,DAHUA Water-proof Junction Box >Neat & Integrated design >Material: Aluminum & SECC > HDBW domes,288.55,199.0
DH-PFA134,DAHUA Water-proof Junction Box >Neat & Integrated design >Material: Aluminum & SECC > Mini Bullets & Motion Eye,180.82,124.7
DH-PFB203W,DAHUA Water-proof Wall Mount Bracket >Neat & Integrated design >Material: Aluminum & SECC,256.51,176.9
DHI-ARD323-W2(868),"DAHUA Wireless Door Detector • Detection gap up to 40mm
• 1-channel dry contact input
• Remote configuration, cloud upgrade and check status (via mobi",700.35,483.0
DHI-ARD1233-W2(868),"DAHUA Wireless PIR • Detection Range: 12m/90°(2.2m mounting height)
• Up to 18KG pet immunity 
• Remote configuration, cloud upgrade and check status",906.25,625.0
DHI-ARD822-W2(868),"DAHUA Wireless Panic Button • IP54 for easy handling of routine hassles.
• Supports multiple alarm modes, such as burglar, fire, gas, and more.
• Remo",433.55,299.0
DH-WR5210-IDC,DAHUA Wireless Router> AC1200 Dual-band Wi-Fi: 867 Mbps at 5 GHz band and 300 Mbps at 2.4 GHz band> Beamforming Technology: Auto detects connected dev,1268.75,875.0
DHI-NVR608H-64-XI,"DAHUA WizMind AI /64CH NVR Supports Smart H.265+, H.265, Smart H.264+, H.264 and MJPEG decoding formats.
Max. decoding capability: 32 × 1080p@30 fps.M",34445.26,23755.350000000002
DHI-NVR5864-I,"DAHUA WizMind AI /64CH NVR · AI technologies with deep learning algorithms that target people and vehicles, offer Face Recognition, ANPR, Metadata, Pe",28992.75,19995.0
DHI-NVR5216-8P-I/L,"DAHUA WizMind AI 16CH NVR ·   AI technologies with deep learning algorithms that target people and vehicles, offer Face Recognition, ANPR, Metadata, P",16996.9,11722.0
DHI-NVR608H-32-XI,"DAHUA WizMind AI 32CH NVR Supports Smart H.265+, H.265, Smart H.264+, H.264 and MJPEG decoding formats.
Max. decoding capability: 32 × 1080p@30 fps.Ma",29517.0,20356.55
DHI-NVR5432-16P-I/L,"DAHUA WizMind AI 32CH NVR ·   AI technologies with deep learning algorithms that target people and vehicles, offer Face Recognition, ANPR, Metadata, P",23192.75,15995.0
DH-TPC-DF1241-D7F8,"DAHUA WizSense (Thermal + Starlight ) Dual Lens Network Dome Camera · VOx uncooled thermal sensor technology· Athermalized lens (thermal camera), focu",10618.35,7323.0
DHI-TPC-BF1241-B10F12-DW-S2,DAHUA WizSense AI (Thermal + Starlight ) Dual Lens Network Bullet Camera · · VOx uncooled thermal sensor technology· Athermalized lens (thermal camera,13864.4167,8318.65
DHI-TPC-BF1241-B7F8-DW-S2,DAHUA WizSense AI (Thermal + Starlight ) Dual Lens Network Bullet Camera · · VOx uncooled thermal sensor technology· Athermalized lens (thermal camera,12839.75,7703.849999999999
DHI-NVR2116HS-I,"DAHUA WizSense AI 16CH NVR > New 4.0 user interface> Remote surveillance, live view and video play on mobile phone App> Max. decoding capability: 4×10",2674.3799999999997,1844.3999999999999
DHI-NVR2108HS-I2,"DAHUA WizSense AI 8CH NVR > New 4.0 user interface> Remote surveillance, live view and video play on mobile phone App> Max. decoding capability: 4×108",2323.2599999999998,1602.25
DHI-NVR2108HS-8P-I2,"DAHUA WizSense AI 8CH NVR●Smart H.265+/H.265/Smart H.264+/H.264/MJPEG decoding format
●Max. decoding capability: 6 × 1080p@30 fps. Supports adaptive d",3900.14,2689.75
DH-XVR7108HE-4KL-I,"DAHUA WizSense AI 8CH XVR, new deep-learning algorithm,· H.265+/H.265 dual-stream video compression· Supports HDCVI/AHD/TVI/CVBS/IP video inputs · Sup",0.0,0.0
MC-DF4-DM4-3,DAHUA aviation cable. - M12 (D-Coding) Network Cable 3 meters,143.54999999999998,99.0
MC-DF4-DM4-6,DAHUA aviation cable. - M12 (D-Coding) Network Cable 6 meters,282.75,195.0
MC-AF4-AM4-12,"DAHUA aviation cable. 4-pin CVI cable: M12 A-Coding, 12 meter extension cable with female aviation connector to male aviation connector, for HDCVI cam",282.75,195.0
MC-AF4-AM4-6,"DAHUA aviation cable. 4-pin CVI cable: M12 A-Coding, 6 meter extension cable with female aviation connector to male aviation connector, for HDCVI came",143.54999999999998,99.0
DHI-ARA43-W2(868),"DAHUA wireless repeater • Connects up to 32 peripherals
• Automatic and manual pairing modes
• Automatic switch between two antennas to reduce blind a",1892.25,1305.0
383610,DALI CONNECT STAND E-600 BLACK Pair,4346.96,2608.1699999999996
383611,DALI CONNECT STAND E-600 WHITE,4346.96,2608.1699999999996
OBERON 1 WAL,DALI OBERON 1 DARK WALNUT,7817.389999999999,5738.61
OBERON 9 B,DALI OBERON 9 BLACK ASH,36520.87,21912.52
OBERON 9 WAL,DALI OBERON 9 DARK WALNUT,36520.87,21912.52
OPTICON 6 MK2 TO,DALI OPTICON 6 MK2 TOBACCO OAK,34781.74,20869.04
OPTICON LCR MK2 B,DALI OPTICON LCR MK2 BLACK,14781.74,8869.039999999999
OPTICON LCR MK2 WH,DALI OPTICON LCR MK2 WHITE,14781.74,8869.039999999999
SUB E-9 F BS,DALI SUB E-9 F BLACK SATIN 220-240 V,9991.3,5994.78
CON-10GEN-00,DB-9 MINI GENDER CHANGER (10-PACK),2060.0,1236.0
CON-1GEN-00,DB-9 MINI GENDER CHANGER SINGLE,205.22,123.14
DC-F-Q,DC Female quick connector,11.59,7.99
DC-M-Q,DC Male quick connector,11.59,7.99
TERM-JACK,DC Terminal to 2.1mm Jack Adapter,6.75,5.0
DC-1F4M,DC cable with 1 female in + 4 male out,43.5,30.0
SOLAR-SUN-12K-SG04LP3-EU/AU,DEYE 12KW 3 phase inverter,59450.0,41000.0
SOLAR-SUN-5K-SG01/03LP1,DEYE 5KW Inverter,26100.0,18000.0
SOLAR-SUN-8K-SG01LP1-EU,DEYE 8KW Inverter,42775.0,29500.0
DIN1,DIN rail mount 12V-5A PSU,1478.55714285714,1034.99
DMX-DRIVER1-00,DMX DRIVER WITH INTEGRATED POWER SUPPLY,4308.7,3446.9599999999996
952020-0-0,DOGLEG PHANTOM SERIE ORANGE,1730.4299999999998,1038.26
9155036,DOOR STATION DISPLAY,0.0,0.0
9155031B,DOOR STATION KEYPAD MODULE BLACK,9156.519999999999,6409.57
9155031,DOOR STATION KEYPAD MODULE SILVER,0.0,0.0
DRAGONTAILAND,DRAGON TAIL ANDROID,695.65,486.96
DRAGONTAIL,DRAGON TAIL USB EXTENDER,695.65,486.96
DRAGONFLYBLKG,DRAGONFLY DAC BLACK 1.5 Global,3304.35,2313.04
DRAGONFLYREDG,DRAGONFLY DAC RED GLOBAL,6260.87,4382.61
DSP8000XE,DSP Active Loudspeaker - per pair,2254037.27142857,1577826.09
DHI-DSSPro8-VDPApp-License,"DSS Agile VDP App license for DSS Professional V8, One license for one additional user, when exceeds 500 users. 
Supported: Call records, monitor, mes",426.81,294.34999999999997
DHI-DSSPro8-ExtDatabase-License,"DSS Extend Database license for DSS Professional V8，One Extend Database for one system.
Support: maximum 30 million for one specified SQL database, ex",297882.2,205436.0
DHI-DSSPro8-MultiSite-License,"DSS Multi-site license for DSS Professional V8, supports to enable PC Clients to access other sites or be accessed by PC Clients of other sites.",25532.760000000002,17608.8
DHI-DSSPro8-Door-Base-License,"DSS Professional V8 access control channel base package includes 16 door licenses and is a prerequisite for access control channel expansion. 
Note: F",7655.2,5279.45
DHI-DSSPro8-Video-Base-License,"DSS Professional V8 video surveillance base package includes 16 video channels and is a prerequisite for video channel expansion.
Supported: live view",15170.0,9102.0
3 Decoder DSTV Installation Bundle,"DSTV Hardware Bundle 100cm Galvanised Dish and Bracket, and all Cabcon required (Excluding Decoders)",16992.13,13593.7
SHA-B6BA-00,DUAL MOTOR MOUNT (BLACK ALUMINUM),10772.17,8617.74
SHA-B6SA-00,DUAL MOTOR MOUNT (SILVER ALUMINUM),10772.17,8617.74
C10501,DacMagic 100  Black Digital to Analogue Converter,5216.5199999999995,3129.91
DH-PFM920I-5EUN-100,Dahua 100m UTP CAT5E Cable >100m UTP CAT5E;>Support PoE long-distance transmission;>Excellent OFC with 99.99% OFC(oxygen free copper) purity;>Environm,642.35,443.0
DH-PFM920I-6UN-C-100,"Dahua 100m UTP CAT6 Cable
100m UTP CAT6; >Support PoE long-distance transmission; >Excellent OFC with 99.97% OFC (oxygen free copper) purity; >Environ",1071.55,739.0
PFR4K-E120,"Dahua 120m Intrusion Detection Security Radar >  24/7 all-weather high-accuracy detection in
the range of 120m/120°. Support radar-PTZ smart tracking,",30620.81,21117.8
DH-PFM113,"Dahua 128GB Micro SD card.  Class 10, UHS-I(reading speed: 90MB/s, writing speed: 20MB/s) Compatible with the devices which can support micro SDHC, mi",0.0,0.0
DH-PFS4218-16ET-190,"Dahua 16 Port Layer 2 management PoE switch, a dedicated PoE switch for security industry,. PoE management function realizes power control and real-ti",4334.05,2989.0
DH-PFS4226-24ET-360,"Dahua 24 Port Layer 2 Managed PoE Switch. • Supports PoE, PoE+, and Hi-PoE (use with PFT1300 PoE Extender)• 360 W PoE Budget• 250 m (820 Ō ) PoE Trans",6904.9,4762.0
DH-PFS4226-24ET-240,"Dahua 24 Port Layer 2 management PoE switch · PoE budget: 240W · Support PoE, PoE+, Hi-PoE · 'Orange port' support Hi-PoE, can be used with the PoE ex",5753.599999999999,3968.0
DHI-EVS5124S,"Dahua 24-HDD Enterprise Video Storage 64-bit high-performance multi-core processor.
●Max 320-ch IP camera inputs.
●Max 800 Mbps incoming/recording/for",83427.2,57536.0
DHI-EVS7124S,Dahua 24-HDD Enterprise Video Storage>●High performance multi-core processor and large capacity server memory to ensure stable processing of massive d,106445.37000000001,73410.6
DH-PFS4428-24GT-370,"Dahua 24-Port PoE Gigabit Managed Switch. · Layer 2 network management PoE switch· Support IEEE802.3af, IEEE802.3at standard· Network Redundancy: STP/",10099.25,6965.0
DHI-TPC-BF5441-B25F12-BM-S2,"Dahua 25mm Thermal Network Hybrid Bullet Camera> Vanadium oxide uncooled focal plane detector.> 1/1.8"" 4Megapixel progressive scan CMOS.> Heat detecti",63352.53,43691.4
PFR4K-D300,"Dahua 300m Intrusion Detection Security Radar > 24/7 all-weather high-accuracy detection in
the range of 300m/90°. Support radar-PTZ smart tracking, c",99513.43000000001,68629.95
DH-PFM920I-5EU-C,Dahua 305m UTP CAT5E Cable >305m UTP CAT5E;>Support PoE long-distance transmission;>Excellent OFC with 99.99% OFC(oxygen free copper) purity;>Environm,1877.75,1295.0
DH-PFM923I-6U-C,"Dahua 305m UTP CAT6 Cable
>305m UTP CAT6; >Support PoE long-distance transmission; >Excellent OFC with 99.97% OFC (oxygen free copper) purity; >Enviro",3168.25,2185.0
DH-PFM111,"Dahua 32GB Micro SD card.  Class 10, UHS-I(reading speed: 90MB/s, writing speed: 20MB/s) Compatible with the devices which can support micro SDHC, mic",288.55,199.0
DHI-TPC-BF5441-B35F,"Dahua 35mm Thermal Network Hybrid Bullet Camera> Vanadium oxide uncooled focal plane detector.> 1/1.8"" 4Megapixel progressive scan CMOS.> Heat detecti",72738.09,50164.200000000004
DH-PFS3006-4ET-60,Dahua 4 Port Layer two PoE switch > Supports PoE power management> Supports wall-mount installation> Supports anti-theft lock hole> MAC auto learning,833.75,575.0
PFR4K-D450,"Dahua 450m Intrusion Detection Security Radar > 24/7 all-weather high-accuracy detection in
the range of 450m/90°. Support radar-PTZ smart tracking, c",122476.93000000001,84466.85
DH-PFR5QI-E60-PV,Dahua 4MP IR 60 m Sound & Light Visual Radar· Radar and video integration. · 60 GHz high frequency radar is not affected by severe weather.  Extremely,17363.75,11975.0
PFR4K-E50,"Dahua 50m Intrusion Detection Security Radar >  24/7 all-weather high-accuracy detection in
the range of 50m/120°. Support radar-PTZ smart tracking, c",22965.61,15838.35
DH-IPC-HFW3549T1P-AS-PV,"Dahua 5MP WizSense AI Full-color Active Deterrence Bullet Network Camera · 5MP, 1/2.7” CMOS image sensor, low illuminance, high image definition· Outp",4190.5,2890.0
DH-IPC-HDW3549H-AS-PV-S4,"Dahua 5MP WizSense AI Full-color Active Deterrence Dome Network Camera · 5MP, 1/2.7” CMOS image sensor, low illuminance, 5MP (2592 × 1944) @20 fps, an",3907.75,2695.0
DH-PFM112,"Dahua 64GB Micro SD card.  Class 10, UHS-I(reading speed: 90MB/s, writing speed: 20MB/s) Compatible with the devices which can support micro SDHC, mic",433.55,299.0
DH-PFS3010-8ET-96,Dahua 8 Port Layer two PoE switch > Supports PoE power management > Supports wall-mount installation > Supports anti-theft lock hole > MAC auto learni,1406.5,970.0
DHI-DSS7016DR-S2,"Dahua General Surveillance Management Center > >Support 1000 channels(Support 500 input devices)
Support 200 online users, unlimited user management.",158381.33000000002,109228.5
DHI-DSS4004-S2,"Dahua General Surveillance Management Center > Max support 256 video channels
Support 100 online users, unlimited user management.
Support 350M transf",61241.62,42235.6
DHI-ASi120iE,Dahua Water-proof RFID Standalone,1625.0,975.0
DH-PFS3211-8GT-120,"Dahua·8 Port Layer 2 Hardened Ethernet switch· MAC auto study and aging, MAC address list capacity is 4K · Conform IEEE802.3, IEEE802.3u, IEEE802.3ab/",3743.8999999999996,2582.0
DAISY2,Dedicated 2 Way IEC Power Cable,115.0,85.0
DAISY3,Dedicated 3 Way IEC Power Cable,155.0,115.0
POWU,Dedicated 3 pin to Clover Cable,36.0,25.0
DN12BK,Definitive DN12 Subwoofer (Black),20078.260000000002,13854.0
DELIVER,Deliver,1428.5714285714298,1000.0
AHC630WBKEM,Denon AHC630W Earphones (Black),1216.52,1105.21
AHC630WWTEM,Denon AHC630W Earphones (White),1216.52,1105.21
AHC830NCWBKEM,Denon AHC830NCW Earphones (Black),2173.04,1974.2099999999998
AHC830NCWWTEM,Denon AHC830NCW Earphones (White),2173.04,1974.2099999999998
AHGC30BKEM,Denon AHGC30 Headphone (Black),5042.61,4639.2
AHGC30WTEM,Denon AHGC30 Headphone (White),5042.61,4639.2
AVCA1HBKE2,Denon AVCA1H AV Amplifier (Black),165208.7,113994.0
AVCX3800HBKE2,Denon AVCX3800H AV Amplifier (Black),40252.17,32403.0
AVCX4800HBKE2,Denon AVCX4800H AV Amplifier (Black),59556.520000000004,47943.0
AVCX6800HBKE2,Denon AVCX6800H AV Amplifier (Black),78252.17,62993.0
AVCX8500HABKE2,Denon AVCX8500HA AV Amplifier (Black),95643.48000000001,65994.0
AVRS670HBKE2,Denon AVRS670H AV Receiver (Black),10426.09,9592.0
AVRX1800HBKE2,Denon AVRX1800H AV Receiver (Black),16513.04,13293.0
AVRX2800HBKE2,Denon AVRX2800H AV Receiver (Black),19991.3,16093.0
AVS3BKEM,Denon AVS3 AV Switcher (Black),3469.5699999999997,3192.0
DCD1700NEBKE2,Denon DCD1700NE CD Player (Black),32165.22,22194.0
DCD1700NESPE2,Denon DCD1700NE CD Player (Silver),32165.22,22194.0
DCD600NEBKE2,Denon DCD600NE CD Player (Black),7817.389999999999,6293.0
DCD900NEBKE2,Denon DCD900NE CD Player (Black),9556.519999999999,7693.0
DCD900NESPE2,Denon DCD900NE CD Player (Silver),9556.519999999999,7693.0
DCDA110GSE2,Denon DCDA110 CD Player (Gunmetal),86078.26000000001,59394.0
DHTS216BKE2,Denon DHTS216 Soundbar (Black),4078.2599999999998,3752.0
DHTS217BKE2,Denon DHTS217 Soundbar (Black),4686.96,4312.0
DHTS316BKE2,Denon DHTS316 Soundbar (Black),4600.0,4232.0
DHTS416BKE2,Denon DHTS416 Soundbar (Black),5556.5199999999995,5112.0
DHTS517BKE2,Denon DHTS517 Soundbar (Black),6860.87,6312.0
DL103EM,Denon DL103EM MC Cartridge,7382.61,5094.0
DL103REM,Denon DL103REM MC Cartridge,9991.3,6894.0
DL110EM,Denon DL110EM MC Cartridge,7382.61,5094.0
DNP2000NEBKE2,Denon DNP2000NE Network Player (Black),37382.61,25794.0
DP3000NEMEM,Denon DP3000NEMEM Turn Table,52165.22,35994.0
DP400BKEM,Denon DP400 Turntable (Black),11034.78,8883.0
DP450USBBKEM,Denon DP450USB Turntable (Black),12947.83,10423.0
DRA900HBKE2,Denon DRA900H Network Receiver (Black),17382.61,13993.0
HEOSAMPHS2SRE2,Denon HEOSAMPHS2 Wireless Amp (Silver),13208.7,11392.5
HEOSDRIVEHS2BKE,Denon HEOSDRIVEHS2 Multiroom Amp,55643.48,44793.0
HEOSLINKHS2SRE2,Denon HEOSLINKHS2 Wireless PreAmp (Silve,9382.609999999999,8092.5
DENONHOME150BKE,Denon Home 150 Wireless Speaker (Black),4339.13,3992.0
DENONHOME150WTE,Denon Home 150 Wireless Speaker (White),4339.13,3992.0
DENONHOME250BKE,Denon Home 250 Wireless Speaker (Black),7817.389999999999,7192.0
DENONHOME250WTE,Denon Home 250 Wireless Speaker (White),7817.389999999999,7192.0
DENONHOME350BKE,Denon Home 350 Wireless Speaker (Black),9991.3,9192.0
DENONHOME350WTE,Denon Home 350 Wireless Speaker (White),9991.3,9192.0
DENONHOMESB550E,Denon Home SB550 Soundbar (Black),10860.87,9992.0
DENONHOMESUBBKE,Denon Home Subwoofer (Black),8686.96,7992.0
D-M41BKEpx,Denon M41 Mini HiFi System Kit,7991.299999999999,7352.0
DN10BKpx,Denon N10 Mini System with HEOS (Black),10426.09,9592.0
DN10GYpx,Denon N10 Mini System with HEOS (Grey),10426.09,9592.0
DN10WTpx,Denon N10 Mini System with HEOS (White),10426.09,9592.0
PMA1700NEBKE2,Denon PMA1700NE Amplifier (Black),43034.78,29694.0
PMA600NEBKE2,Denon PMA600NE Amplifier (Black),10947.83,8813.0
PMA900HNEBKE2,Denon PMA900HNE Amplifier (Black),19121.74,15393.0
PMA900HNESPE2,Denon PMA900HNE Amplifier (Silver),19121.74,15393.0
AHC10PLBKEM,Denon PerL Earphone (Black),3042.6099999999997,2764.21
AHC15PLBKEM,Denon PerL Pro Earphones (Black),5216.5199999999995,4739.21
RCDM41BKE2,Denon RCDM41 CD Receiver ( Black),5730.429999999999,5272.0
RCDN10BKE2,Denon RCDN10 CD Receiver (Black),8686.96,7992.0
RCDN10GYE2,Denon RCDN10 CD Receiver (Grey),8686.96,7992.0
RCDN10WTE2,Denon RCDN10 CD Receiver (White),8686.96,7992.0
Code & PDF Link,Description,0.0,0.0
Diffuse Screen 3930 W x 2375 H Roller 100,Diffuse Screen 3930 W x 2375 H Roller 100,19780.2,13846.140000000001
Diffuse Screen 3945 W x 2375 H Roller 100,Diffuse Screen 3945 W x 2375 H Roller 100,19780.2,13846.140000000001
DAC,Digital to Analogue Converter,1295.6499999999999,777.39
C11228K,Direct Drive Turntable with Bluetooth Aptx HD,52173.04,15651.91
UA-Hub-Door-Mini,Door Hub Mini - Compact Access Control Hub for a single door.,2925.71,2048.0
DLC,Door Lock Cable,550.0,275.0
423860360,DoorBird 2Wire Ether PoE Converter A1071,8956.519999999999,7210.009999999999
423872059,DoorBird IP Access Control Device A1121,13652.17,10990.0
423872790,DoorBird IP Access Control Device A1122,13652.17,10990.0
423860346,DoorBird IP I/O Door Controller A1081,8956.519999999999,7210.009999999999
423866744,DoorBird IP Video DoorStation D1101 Surf,14173.91,11410.0
423871601,DoorBird IP Video DoorStation D1101KV-S,28043.48,22574.99
423872738,DoorBird IPAccess Control Device A1122,13043.480000000001,10499.99
423872141,DoorBird IPVideo Door Station D1101FV,24260.870000000003,19530.0
423866768,DoorBird IPVideo Door Station D1102 Surf,16869.57,13580.01
423866782,DoorBird IPVideo DoorStation D1101 Flush,17130.43,13790.0
423872172,DoorBird IPVideo DoorStation D1101FV Flu,27130.43,21840.0
423866805,DoorBird IPVideo DoorStation D1102 Flush,20260.87,16310.0
423872295,DoorBird IPVideo DoorStation D1102FV Flu,29652.170000000002,23870.0
423871694,DoorBird IPVideo DoorStation D1102KV Fla,34434.78,27720.0
423871663,DoorBird IPVideo DoorStation D1102KV Sur,31043.48,24989.99
423872264,DoorBird IPVideo DoorStation D1102KVFM,31739.13,25550.0
423872677,DoorBird IPVideo Indoor Station A1101 BL,12608.7,10150.0
423860902,DoorBird IPVideo IndoorStation A1101 S/M,12608.7,10150.0
423872684,DoorBird TableStand A8003 IPVideo Indoor,2347.83,1890.0
423872028,Doorbird IPAccess Control Device A1121,13043.480000000001,10499.99
DRAGONFLYCOBG,DragonFly Cobalt  Global,8695.65,6086.96
No 626,Dual-Monaural Preamplifier with Phono Stage and High-Res DAC (2025 Model),657391.3,460173.91000000003
C10935,Duo MC Phono Amplifier,11303.48,6782.089999999999
E-80 SG,E-80 Square Grill,1129.57,677.73
5E1200UI,EATON 5E 1200VA USB IEC GEN2,2733.12857142857,1913.1899999999998
WP3-BK0002-00,ECHO AUXILIARY CONTROL BLACK,984.35,689.05
WP3-LA0002-00,ECHO AUXILIARY CONTROL LIGHT ALMOND,984.35,689.05
WP3-SW0002-00,ECHO AUXILIARY CONTROL SNOW WHITE,984.35,689.05
WPB-BKENGV-00,ECHO CONFIGURABLE KEYPAD ENGRAVING (BLACK),685.22,479.65999999999997
WPB-LAENGV-00,ECHO CONFIGURABLE KEYPAD ENGRAVING (LIGHT ALMOND),685.22,479.65999999999997
WPB-SWENGV-00,ECHO CONFIGURABLE KEYPAD ENGRAVING (SNOW WHITE),685.22,479.65999999999997
WPK-LAENGV-00,ECHO DIAL KEYPAD ENGRAVING (LIGHT ALMOND),685.22,479.65999999999997
WPK-SWENGV-00,ECHO DIAL KEYPAD ENGRAVING (SNOW WHITE),685.22,479.65999999999997
WPB-BKLV06-00,ECHO LOW VOLTAGE CONFIGURABLE KEYPAD (BLACK),6155.65,4308.96
WPB-LALV06-00,ECHO LOW VOLTAGE CONFIGURABLE KEYPAD (LIGHT ALMOND),6155.65,4308.96
WPB-SWLV06-00,ECHO LOW VOLTAGE CONFIGURABLE KEYPAD (SNOW WHITE),6155.65,4308.96
WPK-BKLV05-00,ECHO LOW VOLTAGE DIAL KEYPAD (BLACK),6155.65,4308.96
WPK-LALV05-00,ECHO LOW VOLTAGE DIAL KEYPAD (LIGHT ALMOND),6155.65,4308.96
WPK-SWLV05-00,ECHO LOW VOLTAGE DIAL KEYPAD (SNOW WHITE),6155.65,4308.96
WPB-BKLV02-00,ECHO LOW VOLTAGE PADDLE KEYPAD (BLACK),4308.7,3016.0899999999997
WPB-LALV02-00,ECHO LOW VOLTAGE PADDLE KEYPAD (LIGHT ALMOND),4308.7,3016.0899999999997
WPB-SWLV02-00,ECHO LOW VOLTAGE PADDLE KEYPAD (SNOW WHITE),4308.7,3016.0899999999997
WPX-BKLV06-00,ECHO WIRELESS CONFIGURABLE KEYPAD WITH DMX CONTROL (BLACK),13430.43,9401.31
WPX-LALV06-00,ECHO WIRELESS CONFIGURABLE KEYPAD WITH DMX CONTROL (LIGHT ALMOND),13430.43,9401.31
WPX-SWLV06-00,ECHO WIRELESS CONFIGURABLE KEYPAD WITH DMX CONTROL (SNOW WHITE),13430.43,9401.31
EFC6215,EFC 6215 CEILING MOUNT KIT,3078.2599999999998,2154.7799999999997
EFF8230,EFF 8230 TV Floor Stand,5216.5199999999995,2400.0
EFF8330,EFF 8330 TV Floor Stand,5216.5199999999995,2817.39
EFW8105,EFW 8105 Fixed TV Wall Mount,391.3,0.0
EFW8206,EFW 8206 Fixed TV Wall Mount,1182.61,709.5699999999999
EFW8305,EFW 8305 Fixed TV Wall Mount,1643.4799999999998,986.09
YT1,EGA Trunking 16mm x 16mm,25.0,17.0
YT2,EGA Trunking 25mm x 16mm,50.0,35.0
YT4,EGA Trunking 40mm x 25mm,75.0,55.0
YT5,EGA Trunking 40mm x 40mm,115.0,85.0
EWS850AP,ENGENIUS 11 a/b/g/n/ac/ax Dual Band Concurrent Outdoor Managed AP 2Tx+2Rx: 574+1200Mbps 1 x 10/100/,11239.130000000001,7867.4
EWS330AP,ENGENIUS 11ac Wave 2  5Ghz aand 24Ghs. EWS330AP is a compact Indoor AP that is also incredibly powe,3025.22,2117.66
EWS355AP,ENGENIUS 11ac Wave 2  5Ghz aand 24Ghs. EWS355AP is a compact Indoor AP that is also incredibly powe,4427.83,3099.48
EWS511AP,ENGENIUS 11ac/b/g/n Dual Band Concurrent Indoor Managed AP 2Tx+2Rx: 300+433Mbps 1 x 10/100/1000/250,2593.04,1815.1399999999999
EWS860AP,ENGENIUS 2.4GHz/5GHz Dual Band Antenna External 3 x 5 dBi (2.4 GHz) 3 x 7 dBi (5GHz) Speed: 3 x 3 1,27921.74,19545.22
EWS7926EFP,ENGENIUS 24 Port. 2 xSFP.10G POE + 410w. 50 x Managed AP.,17727.83,12409.48
EWS7952FP,ENGENIUS 48 Port. 4 SFP. 1000Mbps PoE+ 740w. 104Gps Switching. L2 Managed PoE+ Switch features simp,30260.0,21182.0
EWS5912FP,ENGENIUS 8 Port. 2 SFP. 1000Mbps PoE+ 130w. 24Gps Switching. L2 Managed PoE+ Switch features simpli,7564.349999999999,5295.049999999999
EWS2910P,ENGENIUS 8 Port. 2 SFP. 1000Mbps PoE+ 61.6w. 802.3af. 20Gps Switching. L2 Managed features simplifi,4754.78,3328.35
EWS385AP,ENGENIUS Band 2.4 GHz/5GHz TRI BAND Antenna Type: Internal 2 x 4 dBi  (2.4Ghz): Internal 4 x 5 dBi,6513.91,4559.74
EWS357AP,ENGENIUS Band 2.4GHz/5GHz Dual Band Antenna 2 x3 dBi Speed 2 x 2 11ax,5403.48,3782.4399999999996
ECW260,ENGENIUS Cloud Managed AP 11 a/b/g/n/ac/ax Dual Band Concurrent Outdoor AP 2Tx+2Rx: 574+1200Mbps 1,12535.65,8774.96
ECS5512,ENGENIUS Cloud Managed Switch with 8 x 10G + 4 x SFP+ internal power supply 13inch 1U rack-mountabl,25937.39,18156.18
ECS5512FP,ENGENIUS Cloud Managed Switch with 8 x 10G PoE + 4 x SFP+ IEEE802.3bt/at/af 240w PoE power budget i,32853.91,22997.74
ECW115,ENGENIUS Cloud Managed Wall-Plate AP 11ac wave2 a/b/g/n 2Tx+2Rx: 400+867Mbps 2 x 10/100/1000Mbps LA,3414.7799999999997,2390.35
ECW230,ENGENIUS Cloud Management AP 11 ax/ac/b/g/n Dual Band Concurrent Ceiling Mount AP 4Tx+4Rx: 1148+240,10158.26,7110.79
ECW120,ENGENIUS Cloud Management AP 11ac wave2/a/b/g/n Dual Band Concurrent Ceiling Mount AP 1 x 10/100/10,3890.43,2723.31
ECW160,ENGENIUS Cloud Management AP 11ac wave2/a/b/g/n Dual Band Concurrent Outdoor AP 1 x 10/100/1000 Mbp,6916.5199999999995,4841.57
ECS1112FP,ENGENIUS Cloud Management Switch with 8 GE PoE + 2 GE + 2 GE SFP IEEE802.3at/af 130w PoE power budg,7564.349999999999,5295.049999999999
EWS1025CAM,ENGENIUS Combines ultra-fast mesh Wi-Fi and clear surveillance in a simple space saving design. Eli,8446.09,5912.2699999999995
ECS1528FP,ENGENIUS Coud Management Switch with 24 GE + 4 10GE SFP+ IEEE802.3at/af 410w PoE power budget inter,20317.39,14222.18
ECS1528,ENGENIUS Coud Management Switch with 24 GE + 4 10GE SFP+ internal power supply 19inch 1U rack-mount,13184.35,9229.05
ECS1552FP,ENGENIUS Coud Management Switch with 48 GE + 4 10GE SFP+ IEEE802.3at/af 740w PoE power budget inter,32421.74,22695.22
Sky Key 1,ENGENIUS Management Platform with 1G LAN (PoE 802.3af/at) + 1G LAN DC 12V Input,3335.6499999999996,2334.96
EWS7928P,ENGENIUS Ports: 24 Gigabit SFP Slots: 4 x 100/1000Mbps PoE Budget: 185w  Managed APs: 50,13833.04,9683.14
SFP-GLC-LH-SM,ENGENIUS SFP Module - gigabit - Single Mode Fiber 10k Multimode Fiber 550m,731.3,511.92
EWS550AP,ENGENIUS Wall Mounted Advanced 11ac Wave 2 In room wofo operating on both 5 Ghz and 24 Ghz with 3 o,3890.43,2723.31
ECS1008P,ENGENIUS Wireless Management Switch with 8 GE PoE IEEE802.3af PoE Budget 55w External Power Adapter,5403.48,3782.4399999999996
STR601P,EOC (Ethernet over coax) coverter - Enable coaxial cable or power cable & etc to do transmission of the network signal up to 100 meters.  suitable for,578.55,399.0
STR601C,EOC (Ethernet over coax) coverter - Enable coaxial cable or power cable & etc to do transmission of the network signal up to 1200 meters.  suitable fo,2608.5499999999997,1799.0
EPC6545,EPC 6545 Projector Ceiling Mount,3477.39,1363.48
EPICON 2 RM,EPICON 2 RUBY MACAS BOOKSHELF SPEAKER,83469.57,50081.740000000005
EPICON 2 WAL,EPICON 2 WALNUT BOOKSHELF SPEAKER,83469.57,50081.740000000005
EPICON 6 RM,EPICON 6 RUBY MACAS FLOOR STANDING SPEAKER,156513.04,93907.83
EPICON 6 W,EPICON 6 WHITE FLOOR STANDING SPEAKER,156513.04,93907.83
EPICON 8 RM,EPICON 8 RUBY MACAS FLOOR STANDING SPEAKER,260860.87000000002,156516.52000000002
EPICON 8 WAL,EPICON 8 WALNUT FLOOR STANDING SPEAKER,260860.87000000002,156516.52000000002
EPICON 8 W,EPICON 8 WHITE FLOOR STANDING SPEAKER,260860.87000000002,156516.52000000002
EPICON STAND,EPICON STAND SPEAKER STAND,16513.04,9907.83
EPICON VOK RM,EPICON VOKAL RUBY MACAS CENTER SPEAKER,74781.74,44864.35
EPICON VOK WAL,EPICON VOKAL WALNUT CENTER SPEAKER,74773.91,44864.35
EPICON VOK W,EPICON VOKAL WHITE CENTER SPEAKER,74773.91,37649.66
EPW6565,EPW 6565 Projector Wall Mount,4346.96,2002.61
C5181,ES20 Incognito 5.25' Outdoor Speaker White,7825.219999999999,4695.13
C6181,ES30 Incognito 6' Outdoor Speaker White,10433.91,6260.349999999999
ESN-AVB12E-01,EXTREME NETWORKS 12 PORT AVB SWITCH,53416.520000000004,42733.22
ESN-AVB24E-01,EXTREME NETWORKS 24 PORT AVB SWITCH,71222.61,56978.090000000004
ESN-AVB24POE-01,EXTREME NETWORKS 24 PORT AVB SWITCH WITH POE,97930.43000000001,78344.35
eZi-PSU-12V-5A,{HDR-60-15} SAVANT POWER SUPPLY. (MEANWELL). 12V 60W. DIN RAIL MOUNT. ADJUSTABLE OUTPUT,781.74,547.22
DS-2CD2041G0-LIU 2.8MM,Eco 4MP hybrid-light bullet  2.8mm lens  up to 30m IR  microphone12VDC/POE,1561.0,1092.7
DS-7108NI-Q1_C,Eco 8ch NVR  1 SATA  up to  4MP recording,1397.1999999999998,978.04
BRA-EC0,Economy Mast Bracket 38mm,70.0,50.0
C10925,Edge A Integrated Amplifier Dark Grey,147825.22,88695.13
C11214,Edge M Power Amplifier Luna Grey,104346.96,62608.170000000006
C10927,Edge NQ Network Player Dark Grey,130433.91,78260.35
C10926,Edge W Power Amplifier Dark Grey,104346.96,62608.170000000006
EWS330AP-KIT,EnGenius 2x2 AV Wave 2 kit with 3 AP,7997.389999999999,5598.179999999999
EWS377AP,EnGenius Band 2.4GHz/5GHz Dual Band Antenna 4 x3 dBi Speed 4 X 4 11ax,7780.87,5446.61
SFP-GLC-SX-MM,EnGenius SFP Module - gigabit - Single Mode Fiber,731.3,511.92
EWS1200-28TFP,Engenius 24 Port Gigabit POE Managed switch,15778.26,11044.79
LR1002,"EoC Passive Converter > Supports IEEE802.3, IEEE802.3u standards > Port: 1*RJ45 10/100Mbps, 1*BNC > Supports RG59 coaxial cable: 400m/100Mbps, 1000m/1",230.54999999999998,159.0
ESCORE16IC,Episode CORE16IC In-Ceiling Speaker,3043.48,2100.0
ESCORE16IW,Episode CORE16IW In-Wall Speaker,4782.61,3300.0099999999998
ESCORE18IC,Episode CORE18IC In-Ceiling Speaker,4347.83,3000.0099999999998
ESCORE38AWIC,Episode CORE38AWIC In-Ceiling Speaker,7739.129999999999,5340.0
ESCORE38AWICDVC,Episode CORE38AWICDVC In-ceiling Speaker,6782.61,4680.009999999999
ESCORE38IC,Episode CORE38IC In-Ceiling Speaker,6347.83,4380.009999999999
ESCORE38ICDVCS,Episode CORE38ICDVCS In-ceiling Speaker,5826.089999999999,4020.0
IRF-COVER,Episode IR Flasher Cover 10pck,304.34999999999997,210.0
IRF1,Episode IRF1 12v IR Emitter,304.34999999999997,210.0
EA-300-LYNK,Episode Lynk-300 Audio Casting Interface,7295.65,5034.0
EA-RSP-12D-100,Episode RSP12D100 12C Audio Matrix,56260.87,38820.0
EA-RSP-16D-100,Episode RSP16D100 16C Audio Matrix,66434.78,45840.0
EA-RSP-2D-200,Episode RSP2D200 2C Amplifier,23913.04,16500.0
EA-RSP-8D-100,Episode RSP8D100 8C Audio Matrix,46956.520000000004,32400.0
SIG76IWLCR,Episode SIG76IWLCR In-wall Speaker,9565.22,6600.0
SIG76POINT,Episode SIG76POINT In-ceiling Speaker,11652.17,8040.0
SIG-78-IC,Episode SIG78IC In-ceiling Speaker,10260.87,7080.0
SIG-78-IW,Episode SIG78IW In-wall Speaker,10260.87,7080.0
E10MTWW1BLK,Era 100 Mount WW (Black),1477.3899999999999,1181.9099999999999
E10MTWW1,Era 100 Mount WW (White),1477.3899999999999,0.0
E10FSWW1BLK,Era 100 Stand WW (Black),3042.6099999999997,2434.0899999999997
E10FSWW1,Era 100 Stand WW (White),3042.6099999999997,2434.0899999999997
E30MTWW1BLK,Era 300 Mount WW (Black),1738.26,1390.61
E30MTWW1,Era 300 Mount WW (White),1738.26,1390.61
E30FSWW1BLK,Era 300 Stand WW (Black),3303.48,2642.7799999999997
E30FSWW1,Era 300 Stand WW (White),3303.48,2642.7799999999997
EUR,Euromate Plugtops,14.0,10.0
C11222,Evo 75 75 Watt All-In-One Player Black,60868.700000000004,36521.22
LENS-CSM,F1.4 CS mount Lens for Megapixel camera,129.05,89.0
FAU3125,FAU 3125 AUTOLOCK DISPLAY INTERFACE VESA MIS D-E + 20X20CM,1513.04,907.8299999999999
FAU3150,FAU 3150 AUTOLOCK DISPLAY INTERFACE VESA MIS-F,2904.35,1742.61
FAU-D,FAU-D INTERFACE VESA MIS-D FOR PFC 915-918 PFA 9030,495.65,297.39
FAU-E,FAU-E Interface,513.04,307.83
FAZON LCR ST,FAZON LCR STAND DESKTOP SPEAKER STAND,3643.4799999999996,2186.0899999999997
FAZON M/W,FAZON MIKRO WHITE PR SATELLITE SPEAKER,6773.91,4064.35
FAZON LCR W,FAZON WHITE LEFT CENTER RIGHT,8686.96,5212.17
FTK-F2000-01,FIBER TERMINATION KIT,34197.39,20518.440000000002
CON-FSFP10-00,FIBER TRANSCEIVER MODULE (10 PACK),22188.7,13313.220000000001
CON-FSFP1-00,FIBER TRANSCEIVER MODULE (SINGLE),2376.52,1425.9199999999998
TVM 3205,FIXED MOUNT SMALL,868.6999999999999,416.87
EN61,FLDX 1.7‑ 2.5: 1 (EN61),81739.1285714286,57217.39
SHA-B4MANUALBA-00,FLOATING/OUTSIDE MOUNT(MANUAL): DRIVE SIDE (BLACK ALUMINUM),10700.87,8560.699999999999
SHA-B4MANUALSA-00,FLOATING/OUTSIDE MOUNT(MANUAL): DRIVE SIDE (SILVER ALUMINUM),10700.87,8560.699999999999
SHA-B4BA-00,FLOATING/OUTSIDE MOUNT: DRIVE SIDE (BLACK ALUMINUM),5073.91,4059.14
SHA-B4BK-00,FLOATING/OUTSIDE MOUNT: DRIVE SIDE (BLACK),3382.6099999999997,2706.0899999999997
SHA-B4SA-00,FLOATING/OUTSIDE MOUNT: DRIVE SIDE (SILVER ALUMINUM),4406.09,3524.87
SHA-B4WH-00,FLOATING/OUTSIDE MOUNT: DRIVE SIDE (WHITE),2937.39,2349.92
SHA-B3BA-00,FLOATING/OUTSIDE MOUNT: IDLER SIDE (BLACK ALUMINUM),5073.91,4059.14
SHA-B3BK-00,FLOATING/OUTSIDE MOUNT: IDLER SIDE (BLACK),3382.6099999999997,2706.0899999999997
SHA-B3SA-00,FLOATING/OUTSIDE MOUNT: IDLER SIDE (SILVER ALUMINUM),5073.91,4059.14
SHA-B3WH-00,FLOATING/OUTSIDE MOUNT: IDLER SIDE (WHITE),2937.39,2349.92
EPICON 6 WAL,FLOOR STANDING SPEAKER,156513.04,93907.83
EPICON WAL,FLOOR STANDING SPEAKER,74773.91,0.0
9155015,FLUSH MOUNT BACKBOX FOR KEYPAD DOOR STATION,0.0,0.0
9155017,FLUSH MOUNT BOX FOR SINGLE HEIGHT DOOR STATION,0.0,0.0
DOR-FM0B-00,FLUSH MOUNT DOOR STATION BLACK,36628.700000000004,25640.09
DOR-FM0S-00,FLUSH MOUNT DOOR STATION SILVER,36628.700000000004,25640.09
DOR-FMB-00,FLUSH MOUNT SINGLE HEIGHT DOOR STATION BLACK,35611.3,24927.920000000002
DOR-FMS-00,FLUSH MOUNT SINGLE HEIGHT DOOR STATION SILVER,35611.3,24927.920000000002
V760149-00,FRONT GRILLE SUB E-9 F BLACK,773.91,464.34999999999997
TVM 3425,FULL MOTION MOUNT MEDIUM,3651.2999999999997,1773.3899999999999
TVM 3225,FULL MOTION MOUNT SMALL,2520.87,1251.6499999999999
TVM 3445,FULL MOTION+ MOUNT MED.,4694.78,2295.1299999999997
TVM 3245,FULL MOTION+ MOUNT SMALL,3042.6099999999997,1512.52
TVM 3625,FULL-MOTION MOUNT LARGE,4781.74,2451.6499999999996
FAN-X4U,Fanvil 12SIP Gigabit Colour Screen PoE VoIP Phone | X4U,1585.0,1095.0
FAN-X5U,Fanvil 16SIP Gigabit Bluetooth PoE VoIP Phone | X5U,1995.0,1395.0
FAN-X7C,Fanvil 20SIP Gigabit Bluetooth PoE Video VoIP Phone | X7C,2850.0,1975.0
FAN-X301P,Fanvil 2SIP Entry Level PoE VoIP Phone | X301P,750.0,525.0
FAN-X301,Fanvil 2SIP Entry Level VoIP Phone with PSU | X301,675.0,495.0
FAN-X301G,Fanvil 2SIP Gigabit Entry Level PoE VoIP Phone | X301G,750.0,550.0
FAN-X303P,Fanvil 4SIP Colour Screen PoE VoIP Phone | X303P,925.0,650.0
FAN-X303W,Fanvil 4SIP Colour Screen PoE WiFi VoIP Phone | X303W,1225.0,850.0
FAN-X303,Fanvil 4SIP Colour Screen VoIP Phone with PSU | X303,925.0,650.0
FAN-X303G,Fanvil 4SIP Gigabit Colour Screen PoE VoIP Phone | X303G,1145.0,795.0
FAN-W610W,Fanvil 4SIP Portable Dual Band WiFi VoIP Phone | W610W,2395.0,1675.0
FAN-HT301,Fanvil Monaural RJ9 Headset with Microphone | HT301,395.0,295.0
FAN-WB108,Fanvil Wall Mount Accessory for Select Fanvil VoIP Phones | WB108,75.0,50.0
DC-CAB-F,Female DC connector with cable,5.79,3.99
ZA-FOC4.0-15M,Fiber Optical Cable OD 4.0-15 MTR,0.0,0.0
FIBREMAX100M,Fibre Optic MAX HDMI 100m,16086.960000000001,9652.17
FIBREMAX50M,Fibre Optic MAX HDMI 50m,12000.0,7200.0
FIBREMAX75M,Fibre Optic MAX HDMI 75m,13913.04,8347.83
FT-WIPE,Fibre Optic Wipes Low Lint Tissues,100.0,75.0
First Floor Dimensions 4000x2400 Diffuse,First Floor Dimensions 4000x2400 Diffuse,18147.8,12703.460000000001
PFW910,Fixed Wall Bracket for FAU3125/3150,608.6999999999999,426.09
LENS-CS,Fixed lens CS mount,56.550000000000004,39.0
BRA-FM,Flush Mount Bracket Heavy Duty,515.0,375.0
Netman 208,For remote monitoring of the UPS via the computer network,3350.0,4785.71
UVC-G6B,"G6 Bullet - All-weather 4K PoE camera with a 1/1.8"" 8MP image sensor, Multi-TOPS AI Engine, and long-range IR night vision.",5432.43697478992,3802.7058823529396
UVC-G6B-B,"G6 Bullet - All-weather 4K PoE camera with a 1/1.8"" 8MP image sensor, Multi-TOPS AI Engine, and long-range IR night vision.",5150.0,3795.0
UVC-G6-ENTRY,G6 Entry - An intelligent door entry system with native UniFi Protect and UniFi Access integration.,6225.0,4595.0
UVC-G6T-B,"G6 Turret-All-weather, tamper-resistant 4K PoE camera with a 1/1.8"" 8MP image sensor, Multi-TOPS AI Engine, and 3-axis manual adjustment for flexible",5150.0,3795.0
UVC-G6-Turret,"G6 Turret-All-weather, tamper-resistant 4K PoE camera with a 1/1.8"" 8MP image sensor, Multi-TOPS AI Engine, and 3-axis manual adjustment for flexible",5106.67,3830.0
SHA-MGEIG200-00,GEIGER WIRED MOTOR WITH WIRED CONTROLS,14410.43,8646.269999999999
TPE115GI,GIGABIT POE+ INJECTOR,5278.259999999999,650.0699999999999
GPS-AT4,GPS Personal tracker with magnet EXTENDED BATTERY,0.0,0.0
GPS-TRK2,GPS vehicle tracker with panic bottom /immobilizer relay/mic,0.0,0.0
SKIN-ORBIT-GREY,GREY SILICON SKIN FOR THE ORBIT CAMERA,741.74,593.4
RCC640-MK2-PCG-00,GRILLE FOR DUAL 320 SUBS (PRE CONSTRUCTION),5143.48,3086.0899999999997
TUBE-1M,Galvanised 50mm Pole / Mast 1M,165.0,115.0
TUBE-2M,Galvanised 50mm Pole / Mast 2M,315.0,225.0
TUBE-3M,Galvanised 50mm Pole / Mast 3M,475.0,350.0
TUBE-6M,Galvanised 50mm Pole / Mast 6M,925.0,675.0
Pole 100 x50 3M,Galvanised Pole,1922.85714285714,1346.0
AGA-03TXRM-OE,Garage Opening Kit,338.571428571429,237.0
UA-HUB-GATE,Gate Hub - An advanced Gate Hub enabling seamless gate access control via connected Access readers or Intercom.,6295.0,4650.0
GLU-GUN,Glue Gun,215.0,150.0
GLU-STI,Glue Sticks,6.75,5.0
IC50-4,Gooseneck - No Base Plate Stainless Steel,1324.28571428571,927.0
Ground Floor Dimensions 3000x3705 Diffuse,Ground Floor Dimensions 3000x3705 Diffuse,17921.45,12545.02
BRA-GM,Ground Mount Bracket 1000x50mm,295.0,215.0
LAB-HAUT,HD Anyware IR Remittance,248.457142857143,173.92
HDASRX,HDA SRX Scaling Receiver,6521.74,3913.04
XTNDA300,HDANYWHERE  XTND 300m Audio Extender,5216.5199999999995,0.0
FIBRE-OPTICMAX8K20M,HDANYWHERE 20m 8K Ultra High Speed Fibre-Optic Max (48G),6520.87,3912.52
HCX-4KHDR100-00,HDBASET EXTENDERS WITH 4K HDR UP TO 100M,26589.57,15953.74
HCX-4KHDR40-00,HDBASET EXTENDERS WITH 4K HDR UP TO 40M,15736.52,9441.92
HDCP2.2CON,HDCP Converter 2.2>1.4,1304.35,782.61
BNC-GLI,"HDCVI / AHD / HDTV TURBO HD /  CVBS Ground loop isolator - Clear ground loop interference on video and auido, for CAT-5 cable or coax cable etc.",187.04999999999998,129.0
BALUN-HD,"HDCVI / AHD / HDTVI TURBO HD / CVBS Balun connector set - 1 Pair (2pcs) Passive Video Transceiver over CAT5 for HDCVI, AHD, HDTVI Turbo HD, CVBS  high",85.55,59.0
CAB-HDMI-1.8M,HDMI 1.8M CABLE,56.550000000000004,39.0
CAB-HDMI-10M,HDMI 10M CABLE,0.0,0.0
CAB-HDMI-15M,HDMI 15M CABLE,477.05,329.0
SPK615/8805/N,HDMI 2.1 Upgrade Kit for AV8805,16686.96,11514.0
CAB-HDMI-20M,HDMI 20M CABLE,651.05,449.0
CAB-HDMI-5M,HDMI 5M CABLE,129.05,89.0
OPADPWW1BLK,HDMI ARC to Optical Adaptor,1477.3899999999999,0.0
SIGNALMANAGER,HDMI Signal and Audio Manager,6955.65,4173.389999999999
HDCPDONGLE,HDanywhere HDCP Dongle,1304.35,782.61
DOR-HDFLBRICK-00,HEAVY DUTY GATE STATION FLUSH MOUNT KIT FOR BRICK INSTALLATION,4312.17,3018.5299999999997
DOR-HDFLPLAST-00,HEAVY DUTY GATE STATION FLUSH MOUNT KIT FOR PLASTER INSTALLATION,3487.83,2441.48
DOR-HDSMKB-00,HEAVY DUTY SURFACE MOUNT GATE STATION WITH KEYPAD - BLACK,44767.83,31337.48
CBL-HDMI2M1-00,HIGH SPEED CATEGORY HDMI 2.0 CABLE (1 METER),229.57,137.74
CBL-HDMI2M2-00,HIGH SPEED CATEGORY HDMI 2.0 CABLE (2 METER),306.09,183.66
CBL-HDMI2M3-00,HIGH SPEED CATEGORY HDMI 2.0 CABLE (3 METER),382.61,229.57
CBL-HDMI2IN12F-00,HIGH SPEED HDMI 2.0 FLAT CABLE (12 INCHES),957.39,574.4399999999999
CBL-HDMI2IN6F-00,HIGH SPEED HDMI 2.0 FLAT CABLE (6 INCHES),765.22,459.14
NET-HOOK-12X200-BLK,HOOK7LOOP WRAP STRAP 12X200MM,427.142857142857,299.0
YT7,Half Moon Trunking 70mm x 10mm,275.0,195.0
A23+S,Halo A23+ Power Amplifier Silver,51295.65,30777.39
PA-1727H,Heavy Duty Roller Shutter Mag,399.0,399.0
Heimdall+,"Heimdall+ is everything you ever wanted in a home cinema projector... A stunning native 4K picture with full REC2020 color gamut. RGB laser with 6,000",1326956.5285714301,928869.5700000001
DS-2CD2626G2-IZS (2.8-12)_C,"High quality imaging with 2MP resolution, Excellent low-light performance with powere-by-DarkFighter technology, Clear imaging against strong back lig",5402.085714285709,3781.4599999999996
HS-TF-L2/256G/P,Hikvision 256GB surveillance SD card,759.4,531.58
DS-K4H258S,Hikvision 280KG maglock with LED  12/24VDC,544.5,381.15
DS-2CD3T46G2H-LISU/SL 4MM,"Hikvision AcuSense 4MP bullet, 4mm lens , 60m IR, 120dB WDR, strobe & siren, 12VDC/POE",4584.585714285709,3209.2099999999996
DS-QAZ1307G1T,Hikvision Network Horn,6601.42857142857,4621.0
DS-2CD2T47G2H-LI 2.8MM,Hybrid ColorVu 4MP bullet 2.8mm lens 60m hybrid IR/white light 130dB WDR 12VDC/POE,4764.08,2858.45
IC206FG,IC 206 Flat Grill,4078.2599999999998,2446.96
IC208FG,IC 208 Flat Grill,4339.13,2603.48
IC404SLM,IC 404 Slim In-ceiling speaker,7208.7,4325.219999999999
IC604SLM,IC 604 Slim In-ceiling speaker,8686.96,5212.17
IC206LCRFG,IC206LCR Flat Grill,3469.5699999999997,2081.74
IC408LCRFGII,IC408LCR Flat Grill v2,5208.7,3125.22
IC606FGII,IC606 v2 (Flat Grill),7556.5199999999995,4533.91
IC608LCRFGII,IC608LCR Flat Grill v2,6339.129999999999,3803.4799999999996
IC610LCRFGII,IC610LCRFGII In-ceiling LCR,11295.65,6777.389999999999
IC95CAN,IC95 Back can Pair,4520.87,2835.8199999999997
IC95,IC95 Pair Miller&Kreisel,13042.61,8181.2699999999995
HD10TBSATA,ICREALTIME 10TB Surveillance Grade Recorder Hard Drive,22804.350000000002,13682.61
NVR-EL128-4U12MP1,ICREALTIME 128 CH. EMBEDDED 4K NVR NO HDD ENHANCED H.265 SUPPORTS UP TO 12MP (No HDD Included).  (M,323665.22000000003,194199.14
ICIP-D8123-IR,ICREALTIME 12MP 4K IP Indoor/Outdoor Full Size Vandal Dome. Varifocal 4.1-16.4 Motorized Lens (105°,27560.870000000003,16536.53
IPEL-B12V-IRW2,ICREALTIME 12MP IP INDOOR/OUTDOOR FULL SIZE BULLET. VARIFOCAL 2.7 - 12MM MOTORIZED LENS (103Â° - 44,43934.78,26360.870000000003
IPEL-F12F-IRW1,ICREALTIME 12MP IP Indoor/Outdoor 360Â° Spherical Dome. 1.5mm Fisheye Lens (360Â°). 30 ft IR. Built,33072.17,19843.31
NVR-7516K,ICREALTIME 16 CH. EMBEDDED 4K 2U NVR ENHANCED H.264 16 POE PORTS SUPPORTS UPTO 8MP (No HDD Included,58020.87,34812.53
NVR-6016K,ICREALTIME 16 Channel 2U 4K NVR - Supports 12MP Resolution - 320Mbps throughput - H.264 - HDM,65608.7,39365.22
NVR-MX16POE-1U4K1,ICREALTIME 16CH IP 1U SHELFMOUNT NVR - 2HDD - IP RESOLUTION UP TO 8MP/30FPS (128MBPS) - 16 PORT EMB,34757.39,20854.440000000002
HD1TBSATA,ICREALTIME 1TB Surveillance Grade Recorder Hard Drive,3422.6099999999997,2053.5699999999997
IPEL-M40F-IRW1,ICREALTIME 2 x 2MP Dual Lens IP Wedge Dome. I-Sniper. 2 x 2.8 Fixed Lenses (110°). 66 Feet of IR. B,15669.57,9401.74
THIP-B2078FL-IR,ICREALTIME 256 X 192 THERMAL IP INDOOR/OUTDOOR FULL SIZE HYBRID BULLET. 7MM / 8MM FIXED LENS (24Â°,44293.91,26576.350000000002
THIP-P2078FM-IR,ICREALTIME 256 X 192 THERMAL IP INDOOR/OUTDOOR HYBRID PTZ. 7MM / 8MM FIXED LENS (24Â° / 40Â° ). FIR,65448.700000000004,39269.22
IPEL-P2030X-IRS1,ICREALTIME 2MP IP Full Size Anti-Corrosion PTZ. 30X Optical Zoom. I-SnIPer. POE +. Basic Intelligen,144332.17,86599.31
ICIP-2501HD-IR,ICREALTIME 2MP IP Full Size PTZ. 25X Optical Zoom. 450 Feet Smart IR. AI (Advanced Intelligence) On,50829.57,30497.74
IPFX-P2030X-IRW1,ICREALTIME 2MP IP Full Size PTZ. 30X Optical Zoom. 656 Feet Smart IR. AI (Advanced Intelligence) On,67322.61,40393.57
IPEL-P2045X-IRW1,ICREALTIME 2MP IP Full Size PTZ. 40X Optical Zoom. I-SnIPer. 1500 Feet Smart Laser. Hi-POE Capable.,164115.65000000002,98469.40000000001
IPEL-B2012X-IRW2,ICREALTIME 2MP IP INDOOR/OUTDOOR FULL SIZE BULLET. VARIFOCAL 5.3 - 64MM MOTORIZED LENS (59° - 34°).,26946.960000000003,16168.18
IPEG-B20V-IRW2,ICREALTIME 2MP IP INDOOR/OUTDOOR MID SIZE BULLET. VARIFOCAL 2.8-12MM MOTORIZED LENS (106Â° - 33Â°).,5813.91,3488.35
IPEG-B20F-IRW1,ICREALTIME 2MP IP INDOOR/OUTDOOR SMALL SIZE BULLET. FIXED 2.8MM LENS (93Â°). 98 FEET IR. POE CAPABL,2779.1299999999997,1667.4799999999998
IPEG-D20F-IRW1,ICREALTIME 2MP IP INDOOR/OUTDOOR SMALL SIZE VANDAL DOME. FIXED 2.8MM LENS (110Â°). 98 FEET IR. POE,3260.0,1956.0
IPEG-E20F-IRW1,ICREALTIME 2MP IP INDOOR/OUTDOOR SMALL SIZE VANDAL EYEBALL DOME. FIXED 2.8MM LENS (110Â°). 98 FEET,2779.1299999999997,1667.4799999999998
IPFX-S20F-W1,ICREALTIME 2MP IP Indoor Mini Pinhole. 2.8mm Lens. POE Capable. AI On-Board Analytics.,13401.74,8041.049999999999
ICIP-D2022-28-C,ICREALTIME 2MP IP Indoor Recessed Mount Starlight Dome. Fixed 2.8mm Lens (110°). Built-In MIC POE C,11174.78,6704.87
IPEL-D20V-IRS1,ICREALTIME 2MP IP Indoor/Outdoor Full Size Anti-Corrosion Vandal Dome. I-SnIPer. Varifocal 4.1-16.4,37938.26,22762.96
ICIP-D2048SL,ICREALTIME 2MP IP Indoor/Outdoor Full Size Vandal Dome. I-SnIPer. Varifocal 4-8mm Motorized Lens (1,11540.87,6924.53
IPFX-B20V-IRW1,ICREALTIME 2MP IP Indoor/Outdoor Mid Size Bullet. Varifocal 2.8-12mm Motorized Lens (98° - 30°). 90,8947.83,5368.7
IPFX-D20V-IRW1,ICREALTIME 2MP IP Indoor/Outdoor Mid Size Vandal Dome. Varifocal 2.8-12mm Motorized Lens (98° - 30°,7873.91,4724.349999999999
ICIP-MC2028,ICREALTIME 2MP IP Indoor/Outdoor Mobile Vandal Dome. Fixed 2.8mm Lens (86°). 90 Feet IR. POE Capabl,13649.57,8189.74
IPMX-B20F-IRB2,ICREALTIME 2MP IP Indoor/Outdoor Small Size Bullet. Fixed 2.8mm Lens (106Â°). 164 Feet IR. POE Capa,7795.65,4677.4
IPFX-E20V-IRW1,ICREALTIME 2MP IP Indoor/Outdoor Small Size Vandal Eyeball Dome. Vaifocal 2.7 - 13.5 mm Lens (108 -,10814.78,6488.87
ICIP-P2012T,ICREALTIME 2MP IP Mid Size PTZ. 12X Optical Zoom. POE + Capable. (Flush Mount Included).,31092.170000000002,18655.31
ICIP-P2012S,ICREALTIME 2MP IP Mid Size PTZ. 12X Optical Zoom. POE + Capable. (Gooseneck Wall Mount Included).,26762.61,16057.57
Orbit,ICREALTIME 2MP Indoor Pan Tilt WiFi security Camera Built-In Microphone And Speaker 33ft IR distanc,3006.96,2405.5699999999997
Flooder,ICREALTIME 2MP WiFi Floodlight Camera. Fixed 2.8mm Lens .2000 lm Brightness 3000K Color temperature,10453.04,8362.439999999999
Dinger,ICREALTIME 2MP WiFi Video Doorbell. Fixed 1.9mm Lens (79Â°). Maximum IR LED Length 5 m (16.50 ft).,6773.04,5418.44
HD2TBSATA,ICREALTIME 2TB Surveillance Grade Recorder Hard Drive,4659.13,2795.48
NVR-6032K,ICREALTIME 32 CH. EMBEDDED 4K 2U NVR 3TB ENHANCED H.264 SUPPORTS UPTO 12MP (No HDD Included).,89279.13,53567.48
IPEL-D30V-IRW1,ICREALTIME 3MP IP Indoor/Outdoor Full Size Vandal Dome. I-SnIPer. Varifocal 2.8-12mm Motorized Lens,23752.170000000002,14251.310000000001
HD3TBSATA,ICREALTIME 3TB Surveillance Grade Recorder Hard Drive,7009.57,4205.74
IPEL-M80V-IRW1,ICREALTIME 4 x 2MP Multi Lens IP Dome. I-Sniper. 4 x 2.7 - 12 mm Motorized Lens (105°). 98 Feet of,15620.87,9372.529999999999
IPMX-B40F-IRW1-A1,ICREALTIME 4MP IP AI series Indoor/Outdoor Mid Size Bullet. 2.8mm Fixed Lens (113° AOV). 131 Feet S,12256.52,7353.919999999999
IPEG-D40V-IRW2,ICREALTIME 4MP IP INDOOR/OUTDOOR MID SIZE VANDAL DOME. VARIFOCAL 2.8-12MM MOTORIZED LENS (98° - 31°,9057.39,5434.44
IPEG-B40F-IRW1,ICREALTIME 4MP IP INDOOR/OUTDOOR SMALL SIZE BULLET. FIXED 2.8MM LENS (101Â°). 98 FEET SMART IR. POE,5707.83,3424.7
IPEG-E40F-IRW1,ICREALTIME 4MP IP INDOOR/OUTDOOR SMALL SIZE EYEBALL DOME. FIXED 2.8MM LENS (102Â°). 98 FEET SMART I,5812.17,3487.31
IPEG-D40F-IRW1,ICREALTIME 4MP IP INDOOR/OUTDOOR SMALL SIZE VANDAL DOME. FIXED 2.8MM LENS (104Â°). 98 FEET SMART IR,6307.83,3784.7
IPMX-W40F-IRW2,ICREALTIME 4MP IP INDOOR/OUTDOOR SMALL SIZE VANDAL DOME. FIXED 2.8MM LENS (106Â°). 90 FEET IR. POE,7309.57,4385.74
IPMX-E40F-IRB2,ICREALTIME 4MP IP INDOOR/OUTDOOR SMALL SIZE VANDAL EYEBALL BLACK DOME. FIXED 2.8MM LENS (103Â°). 16,7610.429999999999,4566.2699999999995
IPEL-B40V-IRW1-AI,ICREALTIME 4MP IP Indoor/Outdoor Full Size Bullet. Varifocal 2.7-12mm Motorized Lens (100Â° - 33Â°),26901.74,16141.050000000001
IPEL-D40V-IRW1,ICREALTIME 4MP IP Indoor/Outdoor Full Size Vandal Dome. Varifocal 2.7-12mm Motorized Lens (100° - 3,23010.43,13806.27
IPEL-D40V-IRW1-AI,ICREALTIME 4MP IP Indoor/Outdoor Full Size Vandal Dome. Varifocal 2.7-12mm Motorized Lens (114° - 4,24742.61,14845.57
IPEG-B40V-IRW2,ICREALTIME 4MP IP Indoor/Outdoor Mid Size Bullet. Varifocal 2.7-12mm Motorized Lens (100° - 33°). 1,8786.96,5272.179999999999
IPFX-B40V-IRW2,ICREALTIME 4MP IP Indoor/Outdoor Mid Size Bullet. Varifocal 2.7-13.5mm Motorized Lens (100Â° - 33Â°,12216.52,7329.919999999999
IPFX-D40V-IRW2,ICREALTIME 4MP IP Indoor/Outdoor Mid Size Vandal Dome. Varifocal 2.7-13.5mm Motorized Lens (100Â° -,12436.52,7461.919999999999
IPMX-B40F-IRW2,ICREALTIME 4MP IP Indoor/Outdoor Small Size Bullet. Fixed 2.8mm Lens (104Â°). 98 Feet Smart IR. POE,7910.429999999999,4746.2699999999995
IPMX-E40F-IRW2,ICREALTIME 4MP IP Indoor/Outdoor Small Size Eyeball Dome. Fixed 2.8mm Lens (103Â°). 164 Feet Smart,7610.429999999999,4566.2699999999995
IPMX-E40F-IRW1-AI,ICREALTIME 4MP IP Indoor/Outdoor Small Size Eyeball Dome. Fixed 2.8mm Lens (113°). 131 Feet Smart I,11216.52,6729.919999999999
IPMX-D40F-IRW2,ICREALTIME 4MP IP Indoor/Outdoor Small Size Vandal Dome. Fixed 2.8mm Lens (104Â°). 98 Feet Smart IR,8010.429999999999,4806.2699999999995
IPFX-E40V-IRW1,ICREALTIME 4MP IP Indoor/Outdoor Small Size Vandal Eyeball Dome. Varifocal 2.7 - 13.5 mm Lens (104,11133.91,6680.349999999999
IPFX-P4030X-IRW1,ICREALTIME 4MP IP Mid Size PTZ. 30X Optical Zoom. 240 Feet Smart IR. POE + Capable. AI (Advanced In,62515.65,37509.4
HD4TBSATA,ICREALTIME 4TB Surveillance Grade Recorder Hard Drive,9278.26,5566.96
IPEL-MB80F-IRW1,ICREALTIME 4X 2MP (8MP Total) IP 180° Panoramic Full Size Bullet. I-Sniper. 4X 2.8mm Fixed Lens (18,55959.130000000005,33575.48
IPEL-M80F-IRW2,ICREALTIME 4x 2MP (8MP Total) IP 180 Panoramic Dome 4x 2.8mm Fixed Lens (180 AOV) 98 ft Smart IR PO,81156.52,48693.92
IPEL-M80F-IRW1,ICREALTIME 4x 2MP (8MP Total) IP 180° Panoramic Dome. I-SnIPer. 4x 3.0mm Fixed Lens (180°). 98 Feet,46291.3,27774.79
IPEL-P5030X-IRW1,ICREALTIME 5MP IP Full Size PTZ. 30X Optical Zoom. 300 Feet Smart IR. Hi-POE Capable. AI (Advanced,74216.52,44529.92
IPEL-F50F-W1,ICREALTIME 5MP Indoor 360° Spherical Dome. 1.18mm Fisheye Lens (360°). Built in Microphone. POE Cap,14156.52,8493.92
IPEL-F50F-W2,ICREALTIME 5MP Indoor/outdoor 360Â° Spherical Dome. 1.4mm Fisheye Lens (360Â°). Built in Microphone,24919.13,14951.480000000001
NVR-6064K,ICREALTIME 64 CH. EMBEDDED 4K 2U NVR 4TB ENHANCED H.264 SUPPORTS UPTO 12MP (No HDD Included).,111588.70000000001,66953.22
HD6TBSATA,ICREALTIME 6TB Surveillance Grade Recorder Hard Drive,13938.26,8362.96
NVR-208NS,ICREALTIME 8 Channel 1U Shelfmount NVR. Integrated 8 Port POE Switch. Up to 8MP IP Camera Support.,8529.57,5117.74
NVR-FX08POE-1U4K1,ICREALTIME 8CH IP 1U RACKMOUNT NVR - 2HDD - IP RESOLUTION UP TO 8MP/30FPS (128MBPS) - 8 PORT EMBEDD,31046.960000000003,18628.18
NVR-MX08POE-1U4K1,ICREALTIME 8CH IP 1U SHELFMOUNT NVR - 2HDD - IP RESOLUTION UP TO 8MP/30FPS (128MBPS) - 8 PORT EMBED,22996.52,13797.92
IPFX-B80V-IRW1,ICREALTIME 8MP IP INDOOR/OUTDOOR MID SIZE BULLET. VARIFOCAL 2.7-13.5MM MOTORIZED LENS (113Â° - 31Â°,17078.260000000002,10246.960000000001
IPEL-E80F-IRW2,ICREALTIME 8MP IP INDOOR/OUTDOOR MID SIZE EYEBALL DOME. FIXED 2.8MM LENS (108Â°). 98.4 FEET SMART I,10746.960000000001,6448.179999999999
IPEL-E80V-IRW1,ICREALTIME 8MP IP Indoor/Outdoor Small Size Varifocal Eyeball Dome. 2.7 - 13.5 mm Lens (113 - 31Â°),33826.090000000004,20295.66
HD8TBSATA,ICREALTIME 8TB Surveillance Grade Recorder Hard Drive,18556.52,11133.92
ICM-7100SE,ICREALTIME Central Management Server. 1U Rackmount. Dedicated Enterprise Video Management System Ap,89279.13,53567.48
IPEL-B2012X-IRW2 LPR SETUP,ICREALTIME LPR CONVERSION: 2MP IP Indoor/Outdoor Full Size Bullet. Varifocal 5.3 - 64mm Motorized L,24660.0,14796.0
Singer,ICREALTIME Wireless Door Chime For DINGER With Multiple Ringtones Options WiFi Connection,1731.3,1385.05
RCC320-MK2-PC,IN-WALL SUB 320V2 (PRE CONSTRUCTION),21254.780000000002,12752.87
RCC320-MK2-R,IN-WALL SUB 320V2 (RETROFIT),22672.170000000002,13603.310000000001
IRB-1006-00,INFRARED (IR) EMITTER 6 PACK,2153.91,1292.35
INS-TAPE-BL 2M,INS-TAPE-BL 20M,41.4285714285714,29.0
SHA-B2MANUALBA-00,INSIDE/JAMB MOUNT(MANUAL): DRIVE SIDE (BLACK ALUMINUM),7887.83,6310.2699999999995
SHA-B2MANUALSA-00,INSIDE/JAMB MOUNT(MANUAL): DRIVE SIDE (SILVER ALUMINUM),7887.83,6310.2699999999995
SHA-B2MANUALWH-00,INSIDE/JAMB MOUNT(MANUAL): DRIVE SIDE (WHITE),3151.2999999999997,2521.0499999999997
SHA-B2MINBA-00,INSIDE/JAMB MOUNT(MINI): DRIVE SIDE (BLACK ALUMINUM),3916.52,3133.22
SHA-B2MINBK-00,INSIDE/JAMB MOUNT(MINI): DRIVE SIDE (BLACK),1798.26,1438.61
SHA-B2MINSA-00,INSIDE/JAMB MOUNT(MINI): DRIVE SIDE (SILVER ALUMINUM),3916.52,3133.22
SHA-B2MINWH-00,INSIDE/JAMB MOUNT(MINI): DRIVE SIDE (WHITE),1798.26,1438.61
SHA-B1MINBA-00,INSIDE/JAMB MOUNT(MINI): IDLER SIDE (BLACK ALUMINUM),3916.52,3133.22
SHA-B1MINBK-00,INSIDE/JAMB MOUNT(MINI): IDLER SIDE (BLACK),1798.26,1438.61
SHA-B1MINSA-00,INSIDE/JAMB MOUNT(MINI): IDLER SIDE (SILVER ALUMINUM),3916.52,3133.22
SHA-B1MINWH-00,INSIDE/JAMB MOUNT(MINI): IDLER SIDE (WHITE),1798.26,1438.61
SHA-B2BA-00,INSIDE/JAMB MOUNT: DRIVE SIDE (BLACK ALUMINUM),3015.6499999999996,2412.5299999999997
SHA-B2BK-00,INSIDE/JAMB MOUNT: DRIVE SIDE (BLACK),1566.09,1252.87
SHA-B2SA-00,INSIDE/JAMB MOUNT: DRIVE SIDE (SILVER ALUMINUM),3015.6499999999996,2412.5299999999997
SHA-B2WH-00,INSIDE/JAMB MOUNT: DRIVE SIDE (WHITE),1798.26,1438.61
SHA-B1BA-00,INSIDE/JAMB MOUNT: IDLER SIDE (BLACK ALUMINUM),3471.2999999999997,2777.0499999999997
SHA-B1SA-00,INSIDE/JAMB MOUNT: IDLER SIDE (SILVER ALUMINUM),3471.2999999999997,2777.0499999999997
SHA-B1WH-00,INSIDE/JAMB MOUNT: IDLER SIDE (WHITE),1798.26,1438.61
HST-SIPA1SM-00,IP AUDIO 1 WITH INTEGRATED HOST AND SAVANT MUSIC 2.0,22609.57,13565.74
PAV-SIPA125SM-10,IP AUDIO 125 WITH SAVANT MUSIC SERVER,106066.96,63640.18
PAV-AOMBAL8C-10,IP AUDIO 16 CHANNEL BALANCED AUDIO OUTPUT IP RECEIVER WITH CONTROL,44479.130000000005,26687.48
PAV-SIPA50SMV2-05,IP AUDIO 50 V2 WITH SAVANT MUSIC SERVER,70711.3,42426.79
EDG-4-SAT-R-00,IP AUDIO MICRO APERTURE 4: ADD-ON PAIR (ROUND),5086.96,3560.87
EDG-4-SAT-S-00,IP AUDIO MICRO APERTURE 4: ADD-ON PAIR (SQUARE),5086.96,3560.87
EDG-4-AVB-R-00,IP AUDIO MICRO APERTURE 4: SPEAKER SET (ROUND),10173.91,7121.74
EDG-4-AVB-S-00,IP AUDIO MICRO APERTURE 4: SPEAKER SET (SQUARE),10173.91,7121.74
RMB-PAVAM2F-00,IP AUDIO MODULES AND SMART HOSTS (FRONT),1604.35,962.61
PAV-SMS2001-10,IP AUDIO MUSIC SERVER,21213.04,12727.83
PAV-AIO1C-00,IP AUDIO SINGLE IN AND OUT,11119.130000000001,6671.48
HST-STUDIO46BG-2CH-00,IP AUDIO STUDIO 46 WITH INTEGRATED HOST AND GRILLE - BLACK,30523.48,21366.440000000002
HST-STUDIO55BG-2CH-00,IP AUDIO STUDIO 55 WITH INTEGRATED HOST AND GRILLE - BLACK,32558.260000000002,22790.79
PAV-AOMWS1C-00,IP AUDIO WISA BRIDGE (STEREO),14826.09,8895.66
PAV-VIMAP4S-10,IP VIDEO 4 INPUT TRANSMITTER 4K UHD WITH AUDIO PROCESSING AND CONTROL,271305.22000000003,162783.14
PAV-VIMAP8S-10,IP VIDEO 8 INPUT TRANSMITTER 4K UHD WITH AUDIO PROCESSING AND CONTROL,478773.91000000003,287264.35000000003
PAV-VIM1CP2-00,IP VIDEO SINGLE INPUT TRANSMITTER 4K UHD WITH CONTROL (COPPER W/POE),22974.780000000002,13784.87
PAV-VIM1C-01,IP VIDEO SINGLE INPUT TRANSMITTER 4K UHD WITH CONTROL NO POE,24622.61,14773.57
PAV-VIMVP1CP2-00,IP VIDEO SINGLE INPUT TRANSMITTER 4K WITH POE+ (COPPER),50693.04,30415.83
PAV-VOM1CP2-00,IP VIDEO SINGLE OUTPUT RECEIVER 4K UHD WITH CONTROL (COPPER W/POE),20946.96,12568.18
PAV-VOMVP1F2-00,IP VIDEO SINGLE OUTPUT RECEIVER 4K WITH CONTROL (FIBER),46085.22,27651.14
PAV-VOMVP1CP2-00,IP VIDEO SINGLE OUTPUT RECEIVER 4K WITH POE+ (COPPER),41895.65,25137.4
271,"IP controlled Digital Theatre Controller, 16ch Analogue & Digital input",84596.2714285714,59217.39
72353,IPORT CONNECT PRO BaseStation White,8778.26,6144.79
72301,IPORT CONNECT PRO Case 10.2 White for iPad 10.2-inch 9th gen|8th gen |7th gen,8778.26,6144.79
72310,IPORT CONNECT PRO Case Mini Black for iPad mini 4th-5th Gen,17557.39,12290.18
72311,IPORT CONNECT PRO Case Mini White for iPad mini 4-5,17557.39,12290.18
72351,IPORT CONNECT PRO WallStation White,8778.26,6144.79
72106,IPORT CONNECT PoE+ Injector,2759.1299999999997,1931.3999999999999
72109,IPORT CONNECT PoE+ Upgrade,2759.1299999999997,1931.3999999999999
70720,IPORT GLASS MOUNTING KIT works with iPad Mini iPad Air iPad Pro 10.5 and iPad Pro 12.9,752.17,526.53
70310,IPORT IPORT POWER SUPPLY 15V 2A - BLACK,1404.35,983.05
70311,IPORT IPORT POWER SUPPLY 15V 2A - WHITE,1404.35,983.05
70314,IPORT IPORT POWER WALL PLATE,500.87,350.61
70304,IPORT LAUNCH AM.2 SLEEVE BLACK works with iPad Mini iPad Mini 2 iPad Mini 3 iPad Mini 4 and iPad Mi,6320.87,4424.61
70390,IPORT LAUNCH CASE 10.2 10.5 BLACK,6320.87,4424.61
70316,IPORT LAUNCH WALLSTATION FASCIA BLACK,500.87,350.61
70315,IPORT LAUNCH WALLSTATION FASCIA WHITE,500.87,350.61
71000,IPORT LUXE BASESTATION BLACK,15801.74,11061.220000000001
71002,IPORT LUXE BASESTATION WHITE,15801.74,11061.220000000001
71014,IPORT LUXE CASE AIR 1 I 2 I 9.7 WHITE,12415.65,8690.96
71009,IPORT LUXE CASE MINI4 I MINI 5th GEN BLACK,12290.43,8603.31
71010,IPORT LUXE CASE MINI4 I MINI 5th GEN SILVER,12290.43,8603.31
71011,IPORT LUXE CASE MINI4 I MINI 5th GEN WHITE,12290.43,8603.31
71019,IPORT LUXE USB CHARGE MODULE SILVER  - While Supplies Last,4263.48,2984.4399999999996
71020,IPORT LUXE USB CHARGE MODULE WHITE - While Supplies Last,4263.48,2984.4399999999996
71021,IPORT LUXE USB POWER SUPPLY 5V 2.4A BLACK,1404.35,983.05
71023,IPORT LUXE USB POWER SUPPLY 5V 2.4A WHITE,1404.35,983.05
71006,IPORT LUXE WALL ADAPTER KIT BLACK,2106.96,1474.87
71007,IPORT LUXE WALL ADAPTER KIT SILVER,2106.96,1474.87
71008,IPORT LUXE WALL ADAPTER KIT WHITE,2106.96,1474.87
71005,IPORT LUXE WALLSTATION WHITE,14046.09,9832.269999999999
71017,IPORT LX CASE WHITE works with iPad Air 3rd gen 10.5-inch | iPad 7th gen. 10.2-inch,12290.43,8603.31
70719,IPORT POE INJECTOR works with all Bezels,2006.09,1404.27
70718,IPORT POE SPLITTER works with all Bezels,5266.96,3686.87
70791,IPORT POE SURFACE MOUNT DATA CABLE,752.17,526.53
70796,IPORT SURFACE MOUNT BEZEL BLACK works with iPad Air 3rd gen 10.5-inch | iPad 7th gen. 10.2,12290.43,8603.31
70722,IPORT SURFACE MOUNT BEZEL BLACK works with iPad Mini 4 and iPad Mini 5th Gen,10534.78,7374.349999999999
70703,IPORT SURFACE MOUNT BEZEL BLACK works with iPad Pro 9.7 Air 2 and iPad Air,13685.220000000001,9579.66
70797,IPORT SURFACE MOUNT BEZEL SILVER works with iPad Air 3rd gen 10.5-inch | iPad 7th gen. 10.2,12290.43,8603.31
70701,IPORT SURFACE MOUNT BEZEL SILVER works with iPad Mini 3 Mini 2 and Mini - While Supplies Last,11587.83,8111.48
70723,IPORT SURFACE MOUNT BEZEL SILVER works with iPad Mini 4 and iPad Mini 5th Gen,10534.78,7374.349999999999
70744,IPORT SURFACE MOUNT BEZEL SILVER works with iPad Pro 12.9  - While Supplies Last,19975.65,13982.960000000001
70798,IPORT SURFACE MOUNT BEZEL WHITE works with iPad Air 3rd gen 10.5-inch | iPad 7th gen. 10.2,12290.43,8603.31
70702,IPORT SURFACE MOUNT BEZEL WHITE works with iPad Mini 3 Mini 2 and Mini - While Supplies Last,11587.83,8111.48
70724,IPORT SURFACE MOUNT BEZEL WHITE works with iPad Mini 4 and iPad Mini 5th Gen,10534.78,7374.349999999999
70705,IPORT SURFACE MOUNT BEZEL WHITE works with iPad Pro 9.7  Air 2 and iPad Air,13685.220000000001,9579.66
IRDONGA4KPRO,IR Dongle Type A 4K Pro (Yellow),765.22,459.13
IRDONGB4K,IR Dongle Type B 4K (Green),765.22,459.13
CEISP32AHRSAE,ISP 3D.32 Elite Analog AV Processor,391303.48000000004,234782.09000000003
IW1060SW,IW1060SW 10 In-wall Subwoofer,6339.129999999999,3803.4799999999996
IW150,IW150 Miller & Kreisel,32173.04,20181.27
IW150A,IW150 Miller & Kreisel,23477.39,14726.730000000001
IW150T,IW150T Pair Black Miller & Kreisel,43477.39,27272.18
IW28S,IW28S Subwoofer,20868.7,13090.36
IW300,IW300 Miller&Kreisel,59129.57,37090.36
IW408FGII,IW408 V 2 Flat Grill,9469.57,5681.74
IW5,IW5 Miller&Kreisel,10433.91,6544.91
IW5SG,IW5 Square Grill,869.5699999999999,521.74
IW95,IW95 Miller&Kreisel,17390.43,10908.550000000001
IW950,IW950 Miller&Kreisel,19129.57,11999.45
LK421-2,Idemia MorphoSmart MSO 330 Enrollment Device - USB MSO 330,9765.71428571429,6836.0
LK419,Idemia Sigma Lite - Bio MA Sigma Lite WR Bio,10597.1428571429,7418.0
3SBL,In/Outdoor 3 Stereo,5643.48,3386.0899999999997
3SWH,In/Outdoor 3 Stereo,5643.48,3386.0899999999997
IO-6BL,In/Outdoor 6 Black,9208.699999999999,5525.219999999999
UA-G3-Intercom,Indoor/outdoor intercom terminal for managing residential and commercial building entry requests with Touch Pass support.,11362.86,7954.0
SC-FLEXI,Inspection flexi camera with built-in WIFI,2898.5499999999997,1999.0
INSTALL,Installation of Equipment,1000.0,700.0
DRX2.4M2BMMA,Integra DRX-2.4 7.2-Channel Network AV Receiver,32173.04,19303.83
DRX3.4M2BMMA,Integra DRX-3.4 9.2-Channel Network AV Receiver,39999.130000000005,23999.48
DRX5.4M2BMMA,Integra DRX-5.4 9.2-Channel Network AV Receiver,52173.04,31303.83
DRX8.4BMMM,Integra DRX-8.4 11.4-Channel Network AV Receiver,86955.65000000001,52173.39
PFB3419,Interface Bar 1915mm - Connect-It,5738.259999999999,4016.7799999999997
PFB3407,Interface Bar 715mm - Connect-It,2346.96,1642.87
PFB3409,Interface bar 915mm - Connect-It,2738.2599999999998,1916.78
SUNDRY IN7004852500000,Intesis protocol translator with Serial and IP support - 250 points,50990.0,35693.0
DHI-Software-Data Migration-License/Per Day,"It is used for hardware transfer and different industry software version upgrade.
Supported: 
1. Data migration planning.
2. Data migration.
3. Offers",38273.91,26395.8
SHA-MGEIGSACONV-00,J-GEIGER MOTOR FINISH 10 PACK (SILVER ALUMINUM),5222.61,3133.5699999999997
SHA-MGEIGWHCONV-00,J-GEIGER MOTOR FINISH 10 PACK (WHITE),1305.22,783.14
8200-231,"JABRA - PANACAST 50, EMEA, BLACK; 180° FIELD OF VIEW, REAL-TIME WHITEBOARD STREAMING, PLUG-AND-PLAY, OPTIMIZED FOR ALL LEADING UC PLATFORMS, INCLUDING",33644.8142857143,23551.370000000003
Y79311,JAMO SUB 210 AMP MODULE,1645.55,0.0
CONTROL 28-1,"JBL - CONTROL 28-1 - CONTROL 28-1 - 8"" TWO-WAY VENTED LOUDSPEAKER, INVISIBALLÂ® INSTALLATION SYSTEM (PLUS U-BRACKET ATTACHMENT POINTS). 45 HZ - 20 KHZ",11461.53,6876.919999999999
JC2BP,JC2 BP Pre-Amplfier with H/T Bypass,130426.09000000001,126086.09000000001
JC3+,JC3 Phono Preamplifier,104339.13,99999.13
JITTERBUGFMJ,JITTERBUG FMJ,1913.04,1339.1299999999999
JKF9119TFFRM16X09,"JK Fixed Thin Frame Screen, 119"", 16:9 Aspect Ratio, Matt White Fabric",9725.71428571429,6808.0
DLA-NZ8BE,JVC DLA NZ-8  8K E-SHIFT LASER,434781.74000000005,326086.30000000005
DLA-NP5BE,JVC DLA-NP5 NATIVE 4K,217390.43000000002,152173.30000000002
LX-NZ30BG,JVC LX-NZ3 DLP 4K UHD/HDR Home Theatre Projector,86955.65000000001,65216.73
IC610LCRFG,Jamo IC610LCR FG - Centre,11295.65,6777.389999999999
J12SUBBL,Jamo J12 SUB Black,9556.519999999999,5733.91
JL10SW,Jamo JL-10 Subwoofer,20860.87,12516.52
JL4SAT,Jamo JL-4 Satellite outdoor speaker,3121.74,1873.04
JGS10,Jamo JL-4 Stake,860.87,516.52
JR-4GR,Jamo Rock 4 Granite,3382.6099999999997,2029.57
JR-4SA,Jamo Rock 4 Sandstone,3382.6099999999997,2029.57
JR-5GR,Jamo Rock 5 Granite,5382.61,3229.5699999999997
JR-5SA,Jamo Rock 5 Sandstone,5382.61,3229.5699999999997
JR-8SWGR,Jamo Rock 8 Subwoofer Granite,9469.57,5681.74
JR-8SWSA,Jamo Rock 8 Subwoofer Sandstone,9469.57,5681.74
1071179,Jamo Studio 7 S15B Bookshelf Surround Speaker Blue Fjord,6955.65,5216.74
1071180,Jamo Studio 7 S15B Bookshelf Surround Speaker Grey Cloud,6955.65,5216.74
1071181,Jamo Studio 7 S17B Bookshelf Speaker Blue Fjord,8694.779999999999,6521.089999999999
1071182,Jamo Studio 7 S17B Bookshelf Speaker Grey Cloud,8694.779999999999,6521.089999999999
1071183,Jamo Studio 7 S25C Centre Channel Speaker Blue Fjord,5216.5199999999995,3912.39
1071184,Jamo Studio 7 S25C Centre Channel Speaker Grey Cloud,5216.5199999999995,3912.39
1071185,Jamo Studio 7 S25F Floorstanding Speaker Blue Fjord,12607.83,9455.869999999999
1071187,Jamo Studio 7 S27F Floorstanding Speaker Blue Fjord,15216.52,11412.390000000001
1071188,Jamo Studio 7 S27F Floorstanding Speaker Grey Cloud,15216.52,11412.390000000001
1071189,Jamo Studio 7 S43C Center Channel Speaker Blue Fjord,5216.5199999999995,3912.39
1071190,Jamo Studio 7 S43C Center Channel Speaker Grey Cloud,5216.5199999999995,3912.39
K-MOVIE,K-Movie,34781.74,21817.64
1063967A,KLIPSCH - 1063967A -  REFERENCE PREMIERE PRO-180-RPC WHITE IN-CEILING SPEAKER,9730.43,5076.75
1070647,KLIPSCH SUBWOOFER RP-1200SW EUA BLACK SUBWOOFER,21721.74,11333.08
CAB-KETTLE,Kettle cord cable for PSU,42.050000000000004,29.0
46KB6W,Kicker 46KB6W Full Range White Speakers,3477.39,2086.43
1066277,Klipsch Passive Soundbar Heritage Theater Bar 6580 Passive Soundbar,88852.17,53311.590000000004
1063968A,Klipsch Reference Premiere PRO-180-RPC-LCR White In-Ceiling Speaker,10971.4285714286,7680.0
1070022,Klipsch Reference Premiere RP-404C II Ebony Center Speaker,11179.3857142857,7825.57
1070015,Klipsch Reference Premiere RP-5000F II Ebony Floorstanding Speaker,22358.7571428571,15651.130000000001
1070020,Klipsch Reference Premiere RP-502S II Ebony Surround Speaker,18632.8,13042.960000000001
1070643,Klipsch Subwoofer RP-1000SW EUA Black Subwoofer,19095.6571428571,13366.960000000001
Klipsch Subwoofer RP1200SW EUA Black Subwoofer,Klipsch Subwoofer RP1200SW EUA Black Subwoofer,26086.09,15651.650000000001
BRA-WS,L-Bracket 400x200x38mm,130.0,95.0
BRA-WX,L-Bracket 500x1000x50mm,350.0,250.0
BRA-WL,L-Bracket 500x500x50mm,295.0,215.0
70141,LAUNCH BASESTATION - SILVER,8427.83,5899.48
CON-F2010-00,LC MULTIMODE OM3 FIBER CONNECTORS (10 PACK),8716.519999999999,5229.92
LCR750B,LCR750 Black Pair,23477.39,14726.730000000001
LCR750CB,LCR750C Black,11303.48,7090.36
LCR950B,LCR950 Black,15651.300000000001,9817.64
LCRDM-IW-KIT,LCRDM INWALL KIT,16414.78,9848.869999999999
LCRDMIWKIT-PCB,LCRDM-IW PRE-CONSTRUCTION BRAC,3646.9599999999996,2188.18
CNV-LKV3061,LENGKENG CNV-LKV3061,1542.85714285714,1080.0
CNV-LKV312HDR.V3.0,LENKEN 1X12 HDMI SPLITTER,921.428571428571,645.0
ADA-MHDMI-HDMI-L,LINDY MICRO HDMI F TO HDMI M ADAPTER,349.785714285714,244.85
CAB-TOSLINK-20M-L,LINDY TOSLINK SPDIF OPTICAL DIGITAL AUDIO CABLE - 20M,74.2857142857143,52.0
CAB-HDMI-MM-3M-LQ: LINKQNET 3M 4K 60HZ,LINKQNET 3M 4K,92.8571428571429,65.0
UPS-ONL-3KVA-XRT-K,"LINKQNET MP 3KVA XRT 2U RM ONLINE UPS - NO BATT,.",6857.14285714286,4800.0
UPS-ONL-1KVA-K,LINKQNET TRUE ONLINE PURE SINEWAVE TOWER SERIES UPS 1KVA,3991.94285714286,2794.3599999999997
UPS-ONL-1KVA-X-K- G4 -02-03,LINKQNET TWR XR 1KVA,4135.71428571429,2895.0
DMX-DRIVER3-00,LOW VOLTAGE DMX DRIVER WITH 10A EXTERNAL POWER SUPPLY,10772.17,8617.74
PWM-PENC3-00,LOW VOLTAGE POWER MODULE ENCLOSURE,11490.43,6894.2699999999995
LCB-LEINT-00,LUTRON LEAP ADVANCED INTEGRATION BRIDGE,16414.78,9848.869999999999
D000346,Lambda Cat 5e LSZH Cat 5e 500m Drum,4221.42857142857,2955.0
F001157,Lambda SFP Module 1.25G LC,543.828571428571,380.68
LX-NZ3,Lazer 4K UHD Projector 4K (3840 x 2160) images HDR support 3000 lumens 20000 Hours light source,69564.35,52173.26
R9802623,Lens Holder Adapter for Heimdall,0.0,0.0
LENS-BD,Lens for board camera,42.050000000000004,29.0
LTP-1,Lightning protector for DVR,201.54999999999998,139.0
LTP-LAN,Lightning protector for Ethernet,191.4,132.0
LTP-3,Lightning protector for PTZ camera,450.95,311.0
LTP-2,Lightning protector for camera,275.5,190.0
LDNGLWW1BLK,Line-In Adapter WW (Black),520.87,416.7
LDNGLWW1,Line-In Adapter WW (White),520.87,416.7
FLY-1S,Linkbasic 1 Metre FTP Cat5e Flylead Blue,40.0,30.0
FLY-1B,Linkbasic 1 Metre UTP Cat5e Flylead Blue,20.0,15.0
FLY-1G,Linkbasic 1 Metre UTP Cat5e Flylead Green,20.0,15.0
FLY-1,Linkbasic 1 Metre UTP Cat5e Flylead Grey,20.0,15.0
FLY-1R,Linkbasic 1 Metre UTP Cat5e Flylead Red,20.0,15.0
FLY-1Y,Linkbasic 1 Metre UTP Cat5e Flylead Yellow,20.0,15.0
FLY-6-1B,Linkbasic 1 Metre UTP Cat6 Flylead Blue,29.0,22.0
FLY-6-1G,Linkbasic 1 Metre UTP Cat6 Flylead Green,29.0,22.0
FLY-6-1,Linkbasic 1 Metre UTP Cat6 Flylead Grey,29.0,22.0
FLY-6-1R,Linkbasic 1 Metre UTP Cat6 Flylead Red,29.0,22.0
FLY-6-1Y,Linkbasic 1 Metre UTP Cat6 Flylead Yellow,29.0,22.0
FLY-6A-1,Linkbasic 1 Metre UTP Cat6a Flylead Grey,45.0,30.0
FLY-10,Linkbasic 10 Metre UTP Cat5e Flylead Grey,145.0,110.0
FLY-6-10,Linkbasic 10 Metre UTP Cat6 Flylead Grey,175.0,125.0
CAB-P10,Linkbasic 10 Way Aluminium Moulded Rack Mount PDU,595.0,450.0
UTP-100,Linkbasic 100M Box Cat5e Solid Grey UTP Cable,875.0,650.0
UTP-6100,Linkbasic 100M Box Cat6 Solid Grey UTP Cable,1295.0,950.0
UTP-6100A,Linkbasic 100M Drum Cat6a Solid Grey UTP Cable,1350.0,995.0
TC-100,Linkbasic 100M Shielded UV Protected Cat5e Cable,1250.0,925.0
TC-6100,Linkbasic 100M Shielded UV Protected Cat6 Cable,1625.0,1195.0
TC-FLY10,Linkbasic 10M Shielded UV Protected Cat5e Flylead,215.0,150.0
CAB-12UR,Linkbasic 12U Desktop Open Rack,450.0,315.0
CAB-12U,Linkbasic 12U Fixed Wall Box,1995.0,1475.0
CAB-12US,Linkbasic 12U Swing Frame Wall Box,2475.0,1825.0
TC-FLY15,Linkbasic 15M Shielded UV Protected Cat5e Flylead,295.0,215.0
CAB-15U6,Linkbasic 15U 600 Deep Cabinet 2 Fans & 2 Shelves,4325.0,3195.0
CAB-15U,Linkbasic 15U Fixed Wall Box,2250.0,1650.0
CAB-15US,Linkbasic 15U Swing Frame Wall Box,2825.0,2075.0
CAB-18U6,Linkbasic 18U 600 Deep Cabinet 2 Fans & 2 Shelves,4695.0,3495.0
CAB-B1,Linkbasic 19-inch Rack Mount 1U Blank Panel,90.0,65.0
CAB-B2,Linkbasic 19-inch Rack Mount 2U Blank Panel,115.0,85.0
CAB-B4,Linkbasic 19-inch Rack Mount 4U Blank Panel,175.0,125.0
BRUSH,Linkbasic 19-inch Rack Mount Brush Panel,130.0,95.0
BRUSHU,Linkbasic 19-inch Rack Mount Silver Brush Panel,135.0,95.0
FLY-2B,Linkbasic 2 Metre UTP Cat5e Flylead Blue,36.0,25.0
FLY-2G,Linkbasic 2 Metre UTP Cat5e Flylead Green,36.0,25.0
FLY-2,Linkbasic 2 Metre UTP Cat5e Flylead Grey,36.0,25.0
FLY-2R,Linkbasic 2 Metre UTP Cat5e Flylead Red,36.0,25.0
FLY-2Y,Linkbasic 2 Metre UTP Cat5e Flylead Yellow,36.0,25.0
FLY-6-2B,Linkbasic 2 Metre UTP Cat6 Flylead Blue,45.0,32.0
FLY-6-2G,Linkbasic 2 Metre UTP Cat6 Flylead Green,45.0,32.0
FLY-6-2,Linkbasic 2 Metre UTP Cat6 Flylead Grey,45.0,32.0
FLY-6-2R,Linkbasic 2 Metre UTP Cat6 Flylead Red,45.0,32.0
FLY-6-2Y,Linkbasic 2 Metre UTP Cat6 Flylead Yellow,45.0,32.0
FLY-6A-2,Linkbasic 2 Metre UTP Cat6a Flylead Grey,70.0,50.0
TC-FLY20,Linkbasic 20M Shielded UV Protected Cat5e Flylead,395.0,295.0
CAB-22U6,Linkbasic 22U 600 Deep Cabinet 2 Fans & 2 Shelves,5275.0,3895.0
CAB-22UR,Linkbasic 22U 600 Deep Open Rack & 2 Shelves,2850.0,2095.0
FLY-0.2BL,Linkbasic 22cm UTP Cat5e Flylead Black,15.0,11.0
FLY-0.2B,Linkbasic 22cm UTP Cat5e Flylead Blue,15.0,11.0
FLY-0.2G,Linkbasic 22cm UTP Cat5e Flylead Green,15.0,11.0
FLY-0.2,Linkbasic 22cm UTP Cat5e Flylead Grey,15.0,11.0
FLY-0.2O,Linkbasic 22cm UTP Cat5e Flylead Orange,15.0,11.0
FLY-0.2R,Linkbasic 22cm UTP Cat5e Flylead Red,15.0,11.0
FLY-0.2W,Linkbasic 22cm UTP Cat5e Flylead White,15.0,11.0
FLY-0.2Y,Linkbasic 22cm UTP Cat5e Flylead Yellow,15.0,11.0
FLY-6-0.2,Linkbasic 22cm UTP Cat6 Patch Cable Grey,20.0,15.0
LB-PP24,Linkbasic 24 Port Cat5e Rack Mount Patch Panel,395.0,295.0
LB-PP246,Linkbasic 24 Port Cat6 Rack Mount Patch Panel,575.0,425.0
LB-PP246A,Linkbasic 24 Port Cat6a Rack Mount Patch Panel,950.0,695.0
LB-PP24S,Linkbasic 24 Port Shielded Rack Mount Patch Panel,650.0,475.0
CAB-T275,Linkbasic 275mm 19-inch Rear Supported Tray,250.0,175.0
CAB-27U1M,Linkbasic 27U 1M Deep Cabinet 4 Fans & 2 Shelves,7950.0,5875.0
CAB-27U,Linkbasic 27U 800 Deep Cabinet 4 Fans & 2 Shelves,6995.0,5195.0
CAB-27UPD,Linkbasic 27U Perforated Door for 800mm or 1M Deep Cabinet,1225.0,895.0
TC-FLY02,Linkbasic 2M Shielded UV Protected Cat5e Flylead,60.0,40.0
CAB-2URW,Linkbasic 2U Wall Mount Open Rack,315.0,225.0
FLY-3S,Linkbasic 3 Metre FTP Cat5e Flylead Blue,70.0,50.0
FLY-3B,Linkbasic 3 Metre UTP Cat5e Flylead Blue,48.0,35.0
FLY-3G,Linkbasic 3 Metre UTP Cat5e Flylead Green,48.0,35.0
FLY-3,Linkbasic 3 Metre UTP Cat5e Flylead Grey,48.0,35.0
FLY-3R,Linkbasic 3 Metre UTP Cat5e Flylead Red,48.0,35.0
FLY-3Y,Linkbasic 3 Metre UTP Cat5e Flylead Yellow,48.0,35.0
FLY-6-3B,Linkbasic 3 Metre UTP Cat6 Flylead Blue,60.0,45.0
FLY-6-3G,Linkbasic 3 Metre UTP Cat6 Flylead Green,60.0,45.0
FLY-6-3,Linkbasic 3 Metre UTP Cat6 Flylead Grey,60.0,45.0
FLY-6-3R,Linkbasic 3 Metre UTP Cat6 Flylead Red,60.0,45.0
FLY-6-3Y,Linkbasic 3 Metre UTP Cat6 Flylead Yellow,60.0,45.0
FLY-6A-3,Linkbasic 3 Metre UTP Cat6a Flylead Grey,90.0,65.0
CAB-T300,Linkbasic 300mm 19-inch Front Mount Tray,375.0,275.0
UTP-305B,Linkbasic 305M Box Cat5e Solid Blue UTP Cable,2575.0,1895.0
UTP-305,Linkbasic 305M Box Cat5e Solid Grey UTP Cable,2575.0,1895.0
UTP-305R,Linkbasic 305M Box Cat5e Solid Red UTP Cable,2575.0,1895.0
UTP-F,Linkbasic 305M Box Cat5e Stranded Grey UTP Cable,3650.0,2695.0
UTP-6305,Linkbasic 305M Box Cat6 Solid Grey UTP Cable,3795.0,2795.0
UTP-305S,Linkbasic 305M Drum Cat5e Solid Shielded Grey FTP Cable,3095.0,2295.0
UTP-6305A,Linkbasic 305M Drum Cat6a Solid Grey UTP Cable,3850.0,2850.0
TC-305,Linkbasic 305M Shielded UV Protected Cat5e Cable,3650.0,2695.0
TC-6305,Linkbasic 305M Shielded UV Protected Cat6 Cable,4595.0,3395.0
TC-FLY30,Linkbasic 30M Shielded UV Protected Cat5e Flylead,575.0,425.0
CAB-T350S,Linkbasic 350mm 19-Inch Rear Supported Sliding Tray,675.0,495.0
CAB-T350,Linkbasic 350mm 19-inch Rear Supported Tray,275.0,195.0
CAB-42U1M,Linkbasic 42U 1M Deep Cabinet 4 Fans & 3 Shelves,9995.0,7395.0
CAB-42U1P,Linkbasic 42U 1M Deep Cabinet 4 Fans 3 Shelves & Perforated Steel Doors,12525.0,9250.0
CAB-42U,Linkbasic 42U 800 Deep Cabinet 4 Fans & 3 Shelves,9025.0,6675.0
CAB-4U,Linkbasic 4U Preassembled Fixed Wall Box,1250.0,925.0
CAB-4URW,Linkbasic 4U Wall Mount Open Rack,450.0,315.0
FLY-5B,Linkbasic 5 Metre UTP Cat5e Flylead Blue,85.0,60.0
FLY-5G,Linkbasic 5 Metre UTP Cat5e Flylead Green,85.0,60.0
FLY-5,Linkbasic 5 Metre UTP Cat5e Flylead Grey,85.0,60.0
FLY-5R,Linkbasic 5 Metre UTP Cat5e Flylead Red,85.0,60.0
FLY-5Y,Linkbasic 5 Metre UTP Cat5e Flylead Yellow,85.0,60.0
FLY-6-5B,Linkbasic 5 Metre UTP Cat6 Flylead Blue,95.0,70.0
FLY-6-5G,Linkbasic 5 Metre UTP Cat6 Flylead Green,95.0,70.0
FLY-6-5,Linkbasic 5 Metre UTP Cat6 Flylead Grey,95.0,70.0
FLY-6-5R,Linkbasic 5 Metre UTP Cat6 Flylead Red,95.0,70.0
FLY-6-5Y,Linkbasic 5 Metre UTP Cat6 Flylead Yellow,95.0,70.0
FLY-6A-5,Linkbasic 5 Metre UTP Cat6a Flylead Grey,130.0,95.0
UTP-500,Linkbasic 500M Drum Cat5e Solid Grey UTP Cable,4195.0,3095.0
UTP-6500,Linkbasic 500M Drum Cat6 Solid Grey UTP Cable,6095.0,4495.0
TC-500,Linkbasic 500M Shielded UV Protected Cat5e Cable,6095.0,4495.0
TC-6500,Linkbasic 500M Shielded UV Protected Cat6 Cable,7450.0,5495.0
TC-FLY50,Linkbasic 50M Shielded UV Protected Cat5e Flylead,875.0,650.0
FLY-0.5BL,Linkbasic 50cm UTP Cat5e Flylead Black,17.0,12.0
FLY-0.5B,Linkbasic 50cm UTP Cat5e Flylead Blue,17.0,12.0
FLY-0.5G,Linkbasic 50cm UTP Cat5e Flylead Green,17.0,12.0
FLY-0.5,Linkbasic 50cm UTP Cat5e Flylead Grey,17.0,12.0
FLY-0.5O,Linkbasic 50cm UTP Cat5e Flylead Orange,17.0,12.0
FLY-0.5R,Linkbasic 50cm UTP Cat5e Flylead Red,17.0,12.0
FLY-0.5W,Linkbasic 50cm UTP Cat5e Flylead White,17.0,12.0
FLY-0.5Y,Linkbasic 50cm UTP Cat5e Flylead Yellow,17.0,12.0
FLY-6-0.5,Linkbasic 50cm UTP Cat6 Flylead Grey,22.0,16.0
CAB-T550,Linkbasic 550mm 19-inch Rear Supported Tray,375.0,275.0
TC-FLY05,Linkbasic 5M Shielded UV Protected Cat5e Flylead,115.0,85.0
CAB-P06,Linkbasic 6 Way Aluminium Moulded Rack Mount PDU,375.0,275.0
CAB-6U,Linkbasic 6U Fixed Wall Box,1595.0,1150.0
CAB-6UB,Linkbasic 6U Preassembled Fixed Wall Box,1625.0,1195.0
CAB-6US,Linkbasic 6U Swing Frame Wall Box,2125.0,1575.0
CAB-6URW,Linkbasic 6U Wall Mount Open Rack,575.0,425.0
CAB-T700,Linkbasic 700mm 19-inch Rear Supported Tray,475.0,350.0
CAB-9U,Linkbasic 9U Fixed Wall Box,1650.0,1225.0
CAB-9UB,Linkbasic 9U Preassembled Fixed Wall Box,1750.0,1295.0
CAB-9US,Linkbasic 9U Swing Frame Wall Box,2250.0,1650.0
SFP-AOC5,Linkbasic Active Optical Cable 5m 10G SFP+ Uplink Cable,675.0,495.0
RJ45B-BL,Linkbasic Black Boots RJ45,0.9500000000000001,0.65
RJ45B-6FTPBL,Linkbasic Black Boots for RJ45-6FTP,1.5,0.9500000000000001
RJ45B-B,Linkbasic Blue Boots RJ45,0.9500000000000001,0.65
SFP-DQB100,Linkbasic Breakout Cable 1M 1 QSFP28 to 4 SFP28 Uplink Cable,1425.0,1050.0
SFP-DQB4,Linkbasic Breakout Cable 3m 1 QSFP to 4 SFP+ Uplink Cable,1150.0,850.0
LB-SM2,Linkbasic Cat5e Double Surface Mount Box,40.0,25.0
LB-KEY45S,Linkbasic Cat5e Shielded UTP Keystone Jack,36.0,25.0
LB-SM1,Linkbasic Cat5e Single Surface Mount Box,25.0,18.0
LB-KEY45,Linkbasic Cat5e UTP Keystone Jack,17.0,12.0
LB-SM4,Linkbasic Cat6 Double Surface Mount Box,60.0,45.0
LB-SM3,Linkbasic Cat6 Single Surface Mount Box,45.0,30.0
LB-KEY6,Linkbasic Cat6 UTP Keystone Jack,20.0,15.0
LB-SM6,Linkbasic Cat6a Double Surface Mount Box,85.0,60.0
LB-SM5,Linkbasic Cat6a Single Surface Mount Box,60.0,40.0
LB-KEY6A,Linkbasic Cat6a UTP Keystone Jack,36.0,25.0
SFP-DQ1,Linkbasic Direct Attached 1m 40G QSFP+ Uplink Cable,650.0,475.0
SFP-DC1,Linkbasic Direct Attached Copper 1m 10G SFP+ Uplink Cable,250.0,175.0
SFP-DC3,Linkbasic Direct Attached Copper 3m 10G SFP+ Uplink Cable,295.0,215.0
SFP-DC5,Linkbasic Direct Attached Copper 5m 10G SFP+ Uplink Cable,450.0,325.0
SFP-D100G1,Linkbasic Direct Attached QSFP28 1m 100G Uplink Cable,875.0,650.0
SFP-D25G1,Linkbasic Direct Attached SFP28 1m 25G Uplink Cable,395.0,295.0
CAB-MAN,Linkbasic Front Cable Management Panel,110.0,75.0
RJ45B-G,Linkbasic Green Boots RJ45,0.9500000000000001,0.65
RJ45B,Linkbasic Grey Boots RJ45,0.9500000000000001,0.65
RJ45B-6FTP,Linkbasic Grey Boots for RJ45-6FTP,1.5,0.9500000000000001
CAB-MR27,Linkbasic Network Cabinet 27U Mounting Rail,295.0,215.0
CAB-MR42,Linkbasic Network Cabinet 42U Mounting Rail,345.0,250.0
LB-FM1,Linkbasic One Port Faceplate 115 x 70mm,8.15,6.0
CAB-FAN,Linkbasic Panel Fan with Finger Guard,175.0,115.0
CAB-MANC,Linkbasic Plastic Cable Management Clip,30.0,22.0
RJ45CB-BL,Linkbasic RJ45 Black Crimp Boot,0.9500000000000001,0.65
RJ45CB-B,Linkbasic RJ45 Blue Crimp Boot,0.9500000000000001,0.65
RJ45-FTP,Linkbasic RJ45 Cat5e Shielded FTP Modular Plug,3.75,2.75
RJ-45,Linkbasic RJ45 Cat5e UTP Modular Plug,1.3,0.9500000000000001
RJ45-6FTP,Linkbasic RJ45 Cat6 Shielded FTP Modular Plug,10.75,7.95
RJ45-CAT6,Linkbasic RJ45 Cat6 UTP Modular Plug,3.5,2.5
RJ45-6A,Linkbasic RJ45 Cat6a UTP Modular Plug,8.0,5.95
RJ45CB,Linkbasic RJ45 Grey Crimp Boot,0.9500000000000001,0.65
RJ45CB-O,Linkbasic RJ45 Orange Crimp Boot,0.9500000000000001,0.65
RJ45CB-R,Linkbasic RJ45 Red Crimp Boot,0.9500000000000001,0.65
CAB-MAN2,Linkbasic Rear Cable Management Panel,50.0,35.0
RJ45B-R,Linkbasic Red Boots RJ45,0.9500000000000001,0.65
CAB-CT10M,Linkbasic Reusable Cable Tie 10000x15mm,95.0,70.0
CAB-CT200,Linkbasic Reusable Cable Tie 200x12mm 12 Pack,30.0,20.0
CAB-SLOCK,Linkbasic Side Door Lock for Linkbasic Cabinets,36.0,25.0
LB-FM2,Linkbasic Two Port Faceplate 115 x 70mm,8.15,6.0
TOOL-STRIP,Linkbasic UTP Cable Stripper Tool,50.0,35.0
TOOL-TEST,Linkbasic UTP Cable Tester,175.0,125.0
TOOL-CRIMP,Linkbasic UTP Combo Crimp Tool RJ11/RJ12/RJ45,175.0,125.0
TOOL-KRONE,Linkbasic UTP Krone Tool,60.0,40.0
UTP-PM,Linkbasic UTP Solid Cat5e Cable per Metre,10.5,6.95
RJ45B-Y,Linkbasic Yellow Boots RJ45,0.9500000000000001,0.65
LBB2,Little Black Box 10 Front Ends Aria and Alba,12833.91,7700.349999999999
UACC-Pro-Bullet-Enhancer-W,"Long-range IR LED, floodlight, and radar detection accessory for the G6 Pro Bullet",4950.0,3650.0
SC-1-MN,Lutron 1 Gang Cover Plate  Midnight,278.26,224.0
SC-1-SW,Lutron 1 Gang Cover Plate  Snow,278.26,224.0
LFGR-1-CWH,Lutron 1Gang Faceplate US Clear Wh Glass,1304.35,1050.0
LWT-S-A-SN,Lutron 1Gang Palladiom FacePlate (Nickel,3391.2999999999997,2730.0
LWT-U-P-CWH,Lutron 1Gang faceplate kits (Clear Wh),2956.52,2380.0
LWT-U-P-GR,Lutron 1Gang faceplate kits (Grey),1043.48,840.0
SC-2-MN,Lutron 2 Gang Cover Plate  Midnight,391.3,315.0
SC-2-SW,Lutron 2 Gang Cover Plate  Snow,391.3,315.0
HQWT-S-P2RW-CWH,Lutron 2But Left RL Right w/Eng Credit,24869.57,17160.0
HQWT-U-P2W-BE-E,Lutron 2Button PreEng Beige Polymer,8608.699999999999,5940.0
HQWT-U-P2W-WH-E,Lutron 2Button PreEng White Polymer,8608.699999999999,5940.0
LWT-S-AA-WH,Lutron 2Gang Palladiom FacePlate (White),1652.1699999999998,1330.0
LWT-U-PP-GR,Lutron 2Gang faceplate kits (Grey),1565.2199999999998,1260.0
RKA-W3BSRLN-WHE,Lutron 3BRL SeeTouch Button Kit White,0.0,0.0
HQWT-U-P3W-AL-E,Lutron 3But w/ RandL PreEng Almond Polymer,8608.699999999999,5940.0
HQWT-U-PRW-GR-E,Lutron 3But w/ RandL PreEng Grey Polymer,8608.699999999999,5940.0
SC-3-MN,Lutron 3Gang Faceplate Matte Black,547.83,441.0
SC-3-SW,Lutron 3Gang Faceplate Matte White,547.83,441.0
LWT-S-AAA-WH,Lutron 3Gang Palladiom FacePlate (White),2608.7,2100.0
LWT-S-PPPP-BL,Lutron 4 Gang Faceplate Black,3913.04,3150.0
LWT-S-PPPP-GR,Lutron 4 Gang Faceplate Grey,3913.04,3150.0
HQWT-S-P42W-PGE,Lutron 4But 2But PreEng Polish Graphite,22608.6957,13565.217400000001
HQWT-S-P44W-SBE,Lutron 4But 4But PreEng Satin Brass,17478.260000000002,12060.0
HQWT-B-P4W-CBLE,Lutron 4Button Keypad Black Glass,9130.43,6300.0
HQWT-S-P4W-BB-E,Lutron 4Button PreEng BrightBrass,11391.300000000001,7860.0
PD8-64-F,Lutron 64In Low Volt Section,28347.83,22820.0
HQWA-W6BRLN-CLA,Lutron 6But w/ RandL Clear Anodized Alum,12521.74,8640.0
HW-NW-KP-S1-ABE,Lutron Alisse S1 Keypad (Aged Brass),9130.43,6300.0
HW-NW-KP-S1-AZE,Lutron Alisse S1 Keypad (Aged Bronze),9217.39,6360.0
HW-NW-KP-S1-AWH,Lutron Alisse S1 Keypad (Arch White),9565.2174,5739.1304
HW-NW-KP-S1-BCE,Lutron Alisse S1 Keypad (Bright Chrome),9217.39,6360.0
HW-NW-KP-S1-BWH,Lutron Alisse S1 Keypad (Brill White),8608.699999999999,5940.0
HW-NW-KP-S1-BRB,Lutron Alisse S1 Keypad (Brushed Brass),9826.09,6780.0
HW-NW-KP-S1-CPE,Lutron Alisse S1 Keypad (Champagne),12086.9565,7252.1739
HW-NW-KP-S1-GPE,Lutron Alisse S1 Keypad (Graphite),10347.83,7140.0
HW-NW-KP-S1-BLE,Lutron Alisse S1 Keypad (Matte Black),8086.959999999999,5580.0
HW-NW-KP-S1-SNE,Lutron Alisse S1 Keypad (Satin Nickel),10782.6087,6469.5652
HW-NW-KP-S1-SWH,Lutron Alisse S1 Keypad (Snow White),8608.699999999999,5940.0
HW-NW-KP-S2-ABE,Lutron Alisse S2 Keypad (Aged Brass),12869.57,8880.0
HW-NW-KP-S2-AZE,Lutron Alisse S2 Keypad (Aged Bronze),14956.521700000001,8973.912999999999
HW-NW-KP-S2-AWH,Lutron Alisse S2 Keypad (Arch White),13652.1739,8191.3043
HW-NW-KP-S2-BCE,Lutron Alisse S2 Keypad (Bright Chrome),12869.57,8880.0
HW-NW-KP-S2-BWH,Lutron Alisse S2 Keypad (Brill White),12347.83,8520.0
HW-NW-KP-S2-BRB,Lutron Alisse S2 Keypad (Brushed Brass),13565.220000000001,9360.0
HW-NW-KP-S2-CPE,Lutron Alisse S2 Keypad (Champagne),16260.8696,9756.521799999999
HW-NW-KP-S2-GPE,Lutron Alisse S2 Keypad (Graphite),16260.8696,9756.521799999999
HW-NW-KP-S2-BLE,Lutron Alisse S2 Keypad (Matte Black),11565.220000000001,7980.0
HW-NW-KP-S2-SNE,Lutron Alisse S2 Keypad (Satin Nickel),14956.521700000001,8973.912999999999
HW-NW-KP-S2-SWH,Lutron Alisse S2 Keypad (Snow White),12347.83,8520.0
HW-NW-KP-S3-ABE,Lutron Alisse S3 Keypad (Aged Brass),16347.83,11280.0
HW-NW-KP-S3-AZE,Lutron Alisse S3 Keypad (Aged Bronze),16347.83,11280.0
HW-NW-KP-S3-AWH,Lutron Alisse S3 Keypad (Arch White),17739.13,10643.48
HW-NW-KP-S3-BCE,Lutron Alisse S3 Keypad (Bright Chrome),16347.83,11280.0
HW-NW-KP-S3-BWH,Lutron Alisse S3 Keypad (Brill White),16086.960000000001,11100.0
HW-NW-KP-S3-CPE,Lutron Alisse S3 Keypad (Champagne),20347.826100000002,12208.6957
HW-NW-KP-S3-GPE,Lutron Alisse S3 Keypad (Graphite),17478.260000000002,12060.0
HW-NW-KP-S3-BLE,Lutron Alisse S3 Keypad (Matte Black),15130.43,10440.0
HW-NW-KP-S3-SNE,Lutron Alisse S3 Keypad (Satin Nickel),19043.478300000002,11426.087
HW-NW-KP-S3-SWH,Lutron Alisse S3 Keypad (Snow White),17739.130400000002,10643.4783
RKA-W2BSI-WH-E,Lutron Arch 2BSI BTN Kit White Engraved,1739.1299999999999,1200.0
RKA-W4BSI-WH-E,Lutron Arch 4BSI BTN Kit White Engraved,1739.1299999999999,1200.0
RKA-W5BI-WH-E,Lutron Arch 5BI BTN Kit White Engraved,1739.1299999999999,1200.0
RKA-W5BRLN-BL-E,Lutron Arch 5BRL N/Ins BTN Kit Blk Eng,1739.1299999999999,1200.0
RKA-W5BRLN-WH-E,Lutron Arch 5BRL N/Ins BTN Kit White Eng,1739.1299999999999,1200.0
RKA-W5BRLI-WH-E,Lutron Arch 5BSRLI BTN Kit White Engrave,1739.1299999999999,1200.0
RKA-W6BRLI-WH-E,Lutron Arch 6BSRLI BTN Kit White Engrave,1739.1299999999999,1200.0
HQWT-B-P2W-QB-E,Lutron Base Pal 1Col 2B Antique Brass,9913.039999999999,6840.0
HQWT-B-P3W-QB-E,Lutron Base Pal 1Col 3B Antique Brass,9913.039999999999,6840.0
HQWT-B-P4W-QB-E,Lutron Base Pal 1Col 4B Antique Brass,9913.039999999999,6840.0
HQWT-B-P22W-QBE,Lutron Base Pal 2Col 2B Antique Brass,15652.17,10800.0
HQWT-B-P2RW-QBE,Lutron Base Pal 2Col 2B3BRL Antique Bras,15652.17,10800.0
HQWT-B-P24W-QBE,Lutron Base Pal 2Col 2B4B Antique Brass,15652.17,10800.0
HQWT-B-PRRW-QBE,Lutron Base Pal 2Col 3BRL Antique Brass,15652.17,10800.0
HQWT-B-PR4W-QBE,Lutron Base Pal 2Col 3BRL2B Antique Bras,15652.17,10800.0
HQWT-B-PR2W-QBE,Lutron Base Pal 2Col 3BRL2B Antique Bras,15652.17,10800.0
HQWT-B-P42W-QBE,Lutron Base Pal 2Col 4B2B Antique Brass,15652.17,10800.0
HQWT-B-P4RW-QBE,Lutron Base Pal 2Col 4B3BRL AntiqueBrass,15652.17,10800.0
HQWT-B-P44W-QBE,Lutron Base Pal 2Col 4B4B Antique Brass,15652.17,10800.0
HQWT-S-P44W-GRE,Lutron Base Unit 4B4B Black PreEng,12608.7,8700.0
HQWT-B-P44W-GRE,Lutron Base Unit 4B4B Grey PreEng,10869.57,7500.0
HW-QS-B-R1,Lutron Base Unit RD BB,5130.429999999999,3540.0
HW-QS-B-R3,Lutron Base Unit RD BB 3 Column,5130.429999999999,3540.0
HW-QS-B-S1,Lutron Base unit SQ BB,5391.3043,3234.7826
HW-QS-B-S3,Lutron Base unit SQ BB three column,5391.3043,3234.7826
DV-BI-BL,Lutron Blank Insert (Gloss Black),173.91,140.0
DV-BI-WH,Lutron Blank Insert (Gloss White),173.91,140.0
SC-BI-MN,Lutron Blank Insert Satin Midnight,234.78,189.0
SC-BI-SW,Lutron Blank Insert Satin White,234.78,189.0
LBI,Lutron Blinds Installation,84812.5,67850.0
LBP,Lutron Blinds Programming,0.0,0.0
CW-1-BL,Lutron CW1 Faceplate (Black),121.74,98.0
CW-1-WH,Lutron CW1 Faceplate (White),130.4348,78.2609
CW-2-BL,Lutron CW2 Faceplate (Black),234.78,189.0
CW-2-SS,Lutron CW2 Faceplate (Stainless Steel),495.65,399.0
CW-2-WH,Lutron CW2 Faceplate (White),260.8696,156.5217
CW-3-BL,Lutron CW3 Faceplate (Black),347.83,280.0
CW-3-SS,Lutron CW3 Faceplate (Stainless Steel),695.65,560.0
CW-3-WH,Lutron CW3 Faceplate (White),347.83,280.0
CW-4-BL,Lutron CW4 Faceplate (Black),478.26,385.0
CW-4-SS,Lutron CW4 Faceplate (Stainless Steel),956.52,770.0
CW-4-WH,Lutron CW4 Faceplate (White),478.26,385.0
PICO-CARVISORCL,Lutron Car Visor Clip,208.7,192.0
QSMX-4W-C,Lutron Connects to 4 wired sensors,4956.5199999999995,3990.0
LMK-CC01-24-B,Lutron Contact Closure Output RF module,3043.48,2100.0
PICO-CORDMOUNT,Lutron Cord Mount PICO Wireless Control,2434.7799999999997,1960.0
PDW-T-1,Lutron DIN Panel 0-10V Wire Harness,1043.48,720.0
PD-BLANK-1,Lutron DIN Panel Blanking Plate 1 Piece,582.61,469.0
PDW-QS-10,Lutron DIN Panel PD10 QS Wire Harness,6173.91,5700.0
QSE-CI-DMX,Lutron DMX control interface Low Voltage,19391.3043,11634.7826
LQSE-4M-D,Lutron Din Rail Motor Control,16521.74,11400.0
LQSE-4T10-D,Lutron Dinrail Power Module 010V Dim,15565.220000000001,10740.0
LOS-CDT-1000R-W,Lutron Dual Tech 1000 sq ft Sensor,5391.299999999999,4340.0
LOS-CDT-500R-WH,Lutron Dual Tech 500 sq ft Sensor,4260.87,3430.0
EBB-1-SQ,Lutron Euro Backbox Round - Metal,434.78,350.0
EBB-15-SQ,Lutron Euro Backbox Round - Metal (15),2521.74,2030.0
EBB-1-RD,Lutron Euro Backbox Round - Plastic,434.78,350.0
EBB-15-RD,Lutron Euro Backbox Round - Plastic (15),1565.2199999999998,1260.0
GRX-CBL-46L-500,Lutron GRXCBL46L Keypad Cable (500ft),32434.780000000002,26110.0
HQK-REP1,Lutron Hybrid Repeater,0.0,12782.6
HQK-T10CRL-SW,Lutron HQKT10CRL W/Keypad (Snow White),16000.0,11040.0
HQP7-1,Lutron HQP71 Homeworks Processor,30782.6087,18469.5652
HQP7-2,Lutron HQP72 Homeworks Processor,38608.700000000004,26640.0
HQRK-R25NE-240,Lutron HQRKR25NE240 Reverse phase dimmer,4434.78,3060.0
HQRK-R6ANS-240,Lutron HQRKR6ANS240 Switching module,4434.78,3060.0
HQWIS-NB-NONE,Lutron HQWISNBNONE,7739.129999999999,5340.0
HQW-NB-NONE,Lutron HQWNBNONE,6608.7,4560.0
HQWT-B-P2RW-GRE,Lutron HQWTBP2RW Keypad Custom (Grey),11391.300000000001,7860.0
HQWT-B-P2W-CWH,Lutron HQWTBP2W Keypad Custom (CWH),13043.480000000001,9000.0
HQWT-B-P4RW-CWH,Lutron HQWTBP4RW Keypad (CWH),21652.170000000002,14940.0
HQWT-B-P4W-CWH,Lutron HQWTBP4W Keypad Custom (CWH),13043.480000000001,9000.0
HQWT-S-P2RW-GR-,Lutron HQWTSP2RW Keypad (Grey),19304.350000000002,13320.0
HQWT-S-P44W-BLE,Lutron HQWTSP44W Keypad Custom (Black),12608.7,8700.0
HQWT-S-P44W-WHE,Lutron HQWTSP44W Keypad Custom (White),13913.0435,8347.8261
HQWT-S-P44W-SNE,Lutron HQWTSP44W Keypad Custom(S/Nickel),19304.3478,11582.6087
HQWT-S-P44W-CBL,Lutron HQWTSP44W keypad Black Glass,24869.57,17160.0
HQWT-S-P4RW-SN,Lutron HQWTSP4RW Keypad (Satin Nickel),24869.57,17160.0
HQWT-S-P4RW-WH,Lutron HQWTSP4RW Keypad (White),19304.350000000002,13320.0
HQWT-S-P4RW-WHE,Lutron HQWTSP4RW Keypad Custom (White),12608.7,8700.0
HQWT-S-P4W-BB,Lutron HQWTSP4W Keypad (B/Brass),15130.43,10440.0
HQWT-S-P4W-BL,Lutron HQWTSP4W Keypad (Black),11652.17,8040.0
HQWT-S-P4W-SN,Lutron HQWTSP4W Keypad (Satin Nickel),15130.43,10440.0
HQWT-S-P4W-WH,Lutron HQWTSP4W Keypad (White),11652.17,8040.0
HQWT-S-P4W-BL-E,Lutron HQWTSP4W Keypad Custom (Black),8434.779999999999,5820.0
HQWT-S-P4W-CWHE,Lutron HQWTSP4W Keypad Custom (CWH),11391.300000000001,7860.0
HQWT-S-P4W-SN-E,Lutron HQWTSP4W Keypad Custom (S/Nickel),12608.6957,7565.2173999999995
HQWT-S-P4W-WH-E,Lutron HQWTSP4W Keypad Custom (White),8434.779999999999,5820.0
HQWT-S-P4W-CBL,Lutron HQWTSP4W keypad Black Glass,15130.43,10440.0
HQWT-S-PR4WBB,Lutron HQWTSPR4W Keypad (B/Brass),24869.57,17160.0
HQWT-S-PR4WCBLE,Lutron HQWTSPR4W Keypad Custom (CBL),17478.260000000002,12060.0
HQWT-S-PR4W-WHE,Lutron HQWTSPR4W Keypad Custom (White),12608.7,8700.0
HQWT-T-HW-BL-A,Lutron HQWTTHW Thermostat (Black),16260.87,11220.0
HQWT-T-HW-CBL-A,Lutron HQWTTHW Thermostat (CBL),21391.3,14760.0
HQWT-T-HW-WH-A,Lutron HQWTTHW Thermostat (White),16260.87,11220.0
HQWT-T-HW-CWH-A,Lutron HQWTTHWCWHA Thermostat Clear WG,21391.3,14760.0
HQWT-U-P2W-CWH,Lutron HQWTUP2W Keypad (CWH),15304.35,10560.0
HQWT-U-P2W-BL-E,Lutron HQWTUP2W Keypad Custom (Black),8608.699999999999,5940.0
HQWT-U-P2W-SC-E,Lutron HQWTUP2W Keypad Custom (S/Chrome),11652.17,8040.0
HQWT-U-P3W-BL-E,Lutron HQWTUP3W Keypad Custom (Black),8608.699999999999,5940.0
HQWT-U-P3WCWH-E,Lutron HQWTUP3W Keypad Custom (CWH),11652.17,8040.0
HQWT-U-P3W-SC-E,Lutron HQWTUP3W Keypad Custom (S/Chrome),11652.17,8040.0
HQWT-U-P3W-WH-E,Lutron HQWTUP3W Keypad Custom (White),8608.699999999999,5940.0
HQWT-U-P4W-BL,Lutron HQWTUP4W Keypad (Black),11826.09,8160.0
HQWT-U-P4W-CWH,Lutron HQWTUP4W Keypad (CWH),15304.35,10560.0
HQWT-U-P4W-SC,Lutron HQWTUP4W Keypad (S/Chrome),15304.35,10560.0
HQWT-U-P4W-WH,Lutron HQWTUP4W Keypad (White),11826.09,8160.0
HQWT-U-P4W-BL-E,Lutron HQWTUP4W Keypad Custom (Black),8608.699999999999,5940.0
HQWT-U-P4W-CBLE,Lutron HQWTUP4W Keypad Custom (CBL),11652.17,8040.0
HQWT-U-P4WGRE,Lutron HQWTUP4W Keypad Custom (Grey),8608.699999999999,5940.0
HQWT-U-P4W-SC-E,Lutron HQWTUP4W Keypad Custom (S/Chrome),11652.17,8040.0
HQWT-U-P4WWHE,Lutron HQWTUP4W Keypad Custom (White),8608.699999999999,5940.0
HQWT-U-PRW-SC,Lutron HQWTUPRW Keypad (S/Chrome),15304.35,10560.0
HQWT-U-PRW-GRE,Lutron HQWTUPRW Keypad Custom (Grey),8608.699999999999,5940.0
HQWT-U-PRW-SC-E,Lutron HQWTUPRW Keypad Custom (S/Chrome),11652.17,8040.0
HQWT-U-PRW-WH-E,Lutron HQWTUPRW Keypad Custom (White),8608.699999999999,5940.0
HWI-MI-230,Lutron HWIMI230 Interface Module,20260.87,13980.0
HWI-Q96,Lutron HWIQ96,27217.39,18780.0
HWIS-10BRL-F-AW,Lutron HWIS10BRLF Keypad (Artic White),2086.96,1680.0
HWIS-10BRL-F-MC,Lutron HWIS10BRLF Keypad (Mica),2521.74,2030.0
HWIS-2B-F-AW,Lutron HWIS2BF Keypad (Artic White),2086.96,1680.0
HWIS-5BRL-F-AW,Lutron HWIS5BRLF Keypad (Artic White),2086.96,1680.0
HWIS-5BRL-F-MC,Lutron HWIS5BRLF Keypad (Mica),2521.74,2030.0
HWIS-6BRL-F-AW,Lutron HWIS6BRLF Keypad (Artic White),2086.96,1680.0
HWIS-6BRL-F-MC,Lutron HWIS6BRLF Keypad (Mica),2521.74,2030.0
HWIS-8BRL-F-AW,Lutron HWIS8BRLF Keypad (Artic White),2086.96,1680.0
HWIS-8BRL-F-MC,Lutron HWIS8BRLF Keypad (Mica),2521.74,2030.0
SMC55-HWQS,Lutron HWQS DIN rail HVAC controller,10695.65,7380.0
HW-RPM-4R,Lutron HWRPM4R Switching Module,23217.39,16020.0
PD-BLANK-5,Lutron Homework Empty module cover plate,2347.83,1890.0
LOS-CIR-1500-WH,Lutron Infrared 1500 sq ft Active High,4782.61,3850.0
LQSE-4A5-230-D,Lutron LED+ 4 Channel Dimming Module,24260.870000000003,14556.52
LFGP-S1-CWH,Lutron LFGPS1CWH (Clear White Glass),1826.09,1470.0
LFGP-S2-CWH,Lutron LFGPS2CWH (Clear White Glass),1826.09,1470.0
LFK-T10CRL-SW-E,Lutron LFKT10CRLSWE,2086.96,1440.0
L-LV14-230,Lutron LV Panel - LUTRON - Power Supplies (Wired),0.0,7608.69
L-LV21-230,Lutron LLV21230,14347.83,11550.0
LMK-16R-DV-B,Lutron LMK16RDVB,4434.78,3060.0
L-PED1-BL,Lutron LPED1BL Pedestal (Black),495.65,456.0
L-PED1-WH,Lutron LPED1WH Pedestal (White),321.74,296.0
L-PED2-BL,Lutron LPED2BL Pedestal (Black),791.3,728.0
L-PED2-WH,Lutron LPED2WH Pedestal (White),600.0,552.0
LPFP-S1-TBL,Lutron LPFPS1 Faceplate (Black),321.74,259.0
LPFP-S1-BC,Lutron LPFPS1 Faceplate (Bright Chrome),2000.0,1610.0
LPFP-S1-SB,Lutron LPFPS1 Faceplate (Satin Brass),2000.0,1610.0
LPFP-S1-SN,Lutron LPFPS1 Faceplate (Satin Nickel),2000.0,1610.0
LPFP-S1-TAW,Lutron LPFPS1 Faceplate (White),321.74,259.0
LPFP-S2-TBL,Lutron LPFPS2 Faceplate (Black),321.74,259.0
LPFP-S2-BC,Lutron LPFPS2 Faceplate (Bright Chrome),2000.0,1610.0
LPFP-S2-SB,Lutron LPFPS2 Faceplate (Satin Brass),2000.0,1610.0
LPFP-S2-SN,Lutron LPFPS2 Faceplate (Satin Nickel),2000.0,1610.0
LPFP-S2-TAW,Lutron LPFPS2 Faceplate (White),321.74,259.0
LQSE-4A1-D,Lutron LQSE4A1D,19130.4348,11478.260900000001
LQSE-4S10-D,Lutron LQSE4S10D,13217.390000000001,7930.429999999999
LQSE-4S5-230-D,Lutron LQSE4S5230D,10000.0,6000.0
LRF3-OCR2B-P-WH,Lutron LRF3OCR2BPWH,2304.3478,1382.6087
LRF3-OKLB-P-WH,Lutron LRF3OKLBP WH,2086.96,1680.0
LRF3-OWLB-P,Lutron LRF3OWLBP,2086.96,1680.0
LRF3-SSM-WH,Lutron LRF3SSMWH,8782.609999999999,7070.0
HQ-HWI-KP-SW,Lutron License Link for HWI keypad,19669.57,18095.0
HQ-HWI-GRX-SW,Lutron License Link for WPM,28608.7,23030.0
HQWA-W4SN-AU,Lutron No Insert KP Gold,11304.35,7800.0
LOS-CIR-450-WH,Lutron Occupancy/Vacancy Sensor 114Diame,3304.35,2660.0
LOS-WDT-R-WH,Lutron Occupancy/Vacancy Sensor Wall,5652.17,4550.0
PICO-WBX-ADAPT,Lutron PICO 2x4 Wall Adapter,234.7826,140.8696
LMK-5T-DV-B,Lutron PWM/010V RF dimming module,5826.089999999999,4020.0
HQWT-U-PRW-CBLE,Lutron Palladiom 3But R/L BlackGlass Eng,11652.17,8040.0
HQWT-B-P44W-BLE,Lutron Palladiom Base 4But4But Black,10869.57,7500.0
HQWT-B-P42W-CBL,Lutron Palladiom Base Unit 4 Button Righ,21652.170000000002,14940.0
LWT-S-A-BE,Lutron Palladiom FacePlate 1 Gang Beige,1391.3,1120.0
LWT-S-P-BE,Lutron Palladiom FacePlate 1Column Beige,1043.48,840.0
LWT-S-P-BL,Lutron Palladiom FacePlate 1Column Black,1043.48,840.0
LWT-S-P-WH,Lutron Palladiom FacePlate 1Column White,1043.48,840.0
LWT-S-PP-BE,Lutron Palladiom FacePlate 2Column Beige,1565.2199999999998,1260.0
LWT-S-PP-SN,Lutron Palladiom FacePlate 2Column SN,3739.1299999999997,3010.0
LWT-S-AA-BE,Lutron Palladiom FacePlate 2Gang Beige,1652.1699999999998,1330.0
LWT-S-PPP-BE,Lutron Palladiom FacePlate 3Gang Beige,2695.6499999999996,2170.0
LWT-S-AAA-BE,Lutron Palladiom FacePlate 3Gang Beige,2608.7,2100.0
LWT-S-P-SN,Lutron Palladiom FacePlate Satin Nickel,2956.52,2380.0
LWT-S-PPP-WH,Lutron Palladiom Square FacePlate 3Gang,2695.6499999999996,2325.0
PD9-64-RU10-2L4,Lutron Panel 10A in 9DIN mods 3Phse,74695.65000000001,60130.0
PD8-64-RU10-2L4,Lutron Panel 10A in for 8DIN mods 3Phse,70608.7,56840.0
PD-36-DOOR,Lutron Panel door for PD-36panels,11478.26,9240.0
PK2-2B-TBL-P02,Lutron Pico 2B Bedside (Black),1826.09,1260.0
PK2-2B-TAW-P02,Lutron Pico 2B Bedside (White),1826.09,1260.0
PK2-2B-TBL-P01,Lutron Pico 2B Entrance (Black),1826.09,1260.0
PK2-2B-TAW-P01,Lutron Pico 2B Entrance (White),1826.09,1260.0
PK2-2B-TBL-L01,Lutron Pico 2B Light Icon (Black),1130.4299999999998,780.0
PK2-2B-TAW-L01,Lutron Pico 2B Light Icon (White),1130.4299999999998,780.0
PK2-2BRL-TBLL01,Lutron Pico 2B R/L light icons (Black),1130.4299999999998,780.0
PK2-2BRL-TAWL01,Lutron Pico 2B R/L light icons (White),1130.4299999999998,780.0
PK2-3B-TBL-L01,Lutron Pico 3B Light Icons (Black),1130.4299999999998,780.0
PK2-3B-TAW-L01,Lutron Pico 3B Light Icons (White),1130.4299999999998,780.0
PK2-3BRL-TAWS01,Lutron Pico 3B R/L Shade icons,2000.0,1380.0
PK2-3BRL-TBLS02,Lutron Pico 3B R/L Shade icons,2000.0,1380.0
PK2-3BRL-TBLS01,Lutron Pico 3B R/L Shade icons,2000.0,1380.0
PK2-3BRL-TBLS07,Lutron Pico 3B R/L Shade icons,2000.0,1380.0
PK2-3BRL-TBLS09,Lutron Pico 3B R/L Shades Black,2000.0,1380.0
PK2-3BRL-TBLA01,Lutron Pico 3B R/L audio icons (Black),1826.09,1260.0
PK2-3BRL-TAWA01,Lutron Pico 3B R/L audio icons (White),1826.09,1260.0
PK2-3BRL-TBLL01,Lutron Pico 3B R/L light icons (Black),1130.4299999999998,780.0
PK2-3BRL-TAWL01,Lutron Pico 3B R/L light icons (White),1130.4299999999998,780.0
PK2-3BRL-TAWS09,Lutron Pico 3B Shades (White),2000.0,1380.0
PK2-4B-TBL-S21,Lutron Pico 4B 2 Group Shades (Black),2000.0,1380.0
PK2-4B-TAW-S21,Lutron Pico 4B 2 Group Shades (White),2000.0,1380.0
PK2-4B-TBL-L21,Lutron Pico 4B 2Group Lights (Black),1826.09,1260.0
PK2-4B-TAW-L21,Lutron Pico 4B 2Group Lights (White),1826.09,1260.0
PK2-4B-TBL-L41,Lutron Pico 4B 4Group Lights (Black),1826.09,1260.0
PK2-4B-TAW-L41,Lutron Pico 4B 4Group Lights (White),1826.09,1260.0
PK2-4B-TBL-P03,Lutron Pico 4B Any Room (Black),1826.09,1260.0
PK2-4B-TAW-P03,Lutron Pico 4B Any Room (White),1826.09,1260.0
PK2-4B-TBL-P02,Lutron Pico 4B Kitchen (Black),1826.09,1260.0
PK2-4B-TAW-P02,Lutron Pico 4B Kitchen (White) PL2-4B-TAW-PO2,1826.09,1260.0
PK2-4B-TBL-P01,Lutron Pico 4B Living Room (Black),1826.09,1260.0
PK2-4B-TAW-P01,Lutron Pico 4B Living Room (White),2130.4348,1278.2609
PK2-4B-TBL-L31,Lutron Pico 4B Scene Lights (Black),1826.09,1260.0
PK2-4B-TAW-L31,Lutron Pico 4B Scene Lights (White),1826.09,1260.0
PK2-4B-TAW-S01,Lutron Pico 4B Shades (White),2000.0,1380.0
PK2-4B-TBL-P04,Lutron Pico 4B Universal Room (Black),1826.09,1260.0
PK2-4B-TAW-P04,Lutron Pico 4B Universal Room (White),1826.09,1260.0
PK2-4B-TBL-L01,Lutron Pico 4B Zone Lights (Black),1826.09,1260.0
PK2-4B-TAW-L01,Lutron Pico 4B Zone Lights (White),1826.09,1260.0
PK2-4B-TBL-LS21,Lutron Pico 4B2G Shade 2G Light (Black),2000.0,1380.0
PK2-4B-TAW-LS21,Lutron Pico 4B2G Shade 2G Light (White),2000.0,1380.0
RRK-P20-240F-BL,Lutron Plug-In Lamp Dimmer Black,3478.2599999999998,2400.0
RRK-P20-240F-AW,Lutron Plug-In Lamp Dimmer White,3478.2599999999998,2400.0
QSPS-DH-1-75-H,Lutron QS 75W Link PS w/Harness,7478.260899999999,5234.7826
PDW-QS-4,Lutron QS Link wiring harness with 5 con,3217.39,2960.0
HQRK-P20-240FBL,Lutron QS Plug in lamp dimmer (BL),4434.78,3060.0
HQRK-P20-240FAW,Lutron QS Plug in lamp dimmer (WH),4434.78,3060.0
QSE-CI-NWK-E,Lutron QS RS232/Ethernet Interface,23478.260000000002,16200.0
QSE-CI-WCI,Lutron QS Wall box Closure Interface - 8in,8086.956499999999,4852.1739
PDW-QS-9,Lutron QS link wiring harness with 10 co,5391.299999999999,4960.0
PDW-QS-5,Lutron QS link wiring harness with 6 con,3739.1299999999997,3440.0
QSE-IO,Lutron QSEIO,10260.87,7080.0
PDW-QS-8,Lutron QSLink -9 Wiring Harness,4869.57,4480.0
QSM3-XW-C,Lutron QSM3XWC,4173.91,2921.74
QSM3-4W-C,Lutron QSM34WC,5043.48,4060.0
QSPS-10PNL,Lutron QSPS10PNL,41478.26,33390.0
QSPS-P2-1-35V,Lutron QSPSP2135V,5478.259999999999,3850.0
QS-WLB,Lutron QSWLB,1826.09,1680.0
QSWS2-5BRLN-WH,Lutron QSWS25BRLNWH,7739.129999999999,5340.0
RRK-SEL-REP2-BL,Lutron RA2 Select Main Repeater,0.0,7652.169999999999
LK-REPPRO-BL,Lutron RA2 Select Wireless Repeater 868,6347.826099999999,3808.6956999999998
RK-T10CRL-SW-E,Lutron RKT10CRLSWE,2695.6499999999996,1860.0
RRK-R25NE-240,Lutron RRKR25NE240,3913.0434999999998,2347.8260999999998
RRK-R6ANS-240,Lutron RRKR6ANS240,3913.0434999999998,2347.8260999999998
LRF3-DCRB-WH,Lutron Radio Wireless Daylight Sensor,2956.52,2550.0
PD10-64-F,Lutron Rough in panel for 10 DIN rail mo,30000.0,21000.0
PD5-36-F,Lutron Rough in panel for 5 DIN rail mod,17130.43,13790.0
PD9-64-F,Lutron Rough in panel for 9 DIN rail mod,29913.04,24080.0
SIB-2B-AW-E,Lutron SIB2BAWE,1652.1699999999998,1140.0
EBB-1-3COL,Lutron SQ 3Col Thermostat backbox,1130.4299999999998,910.0
EBB-15-3COL,Lutron SQ 3Col Thermostat backbox (15),14608.7,12600.0
LWT-S-P-QB,Lutron SQ Faceplate 1 Gang Antique Brass,4173.91,3360.0
LWT-S-PP-QB,Lutron SQ Faceplate 2 Gang Antique Brass,5304.349999999999,4270.0
LWT-S-PPP-QB,Lutron SQ Faceplate 3 Gang Antique Brass,9478.26,7630.0
LWT-S-PPPP-QB,Lutron SQ Faceplate 4 Gang Antique Brass,11478.26,9240.0
HQWT-S-P2W-QB-E,Lutron SQ Pal 1Col 2B Antique Brass,14434.78,9960.0
HQWT-S-P3W-QB-E,Lutron SQ Pal 1Col 3B Antique Brass,14434.78,9960.0
HQWT-S-PRW-QB-E,Lutron SQ Pal 1Col 3BRL Antique Brass,14434.78,9960.0
HQWT-S-PRW-SN-E,Lutron SQ Pal 1Col 3BRL Satin Nickel,11391.300000000001,7860.0
HQWT-S-P4W-QB-E,Lutron SQ Pal 1Col 4B Antique Brass,14434.78,9960.0
HQWT-S-P22W-QBE,Lutron SQ Pal 2Col 2B2B Antique Brass,20782.61,14340.0
HQWT-S-P2RW-QBE,Lutron SQ Pal 2Col 2B3BRL Antique Brass,20782.61,14340.0
HQWT-S-P24W-QBE,Lutron SQ Pal 2Col 2B4B Antique Brass,20782.61,14340.0
HQWT-S-PRRW-QBE,Lutron SQ Pal 2Col 3BRL Antique Brass,22869.5652,13721.7391
HQWT-S-PR2W-QBE,Lutron SQ Pal 2Col 3BRL2B Antique Brass,20782.61,14340.0
HQWT-S-PR4W-QBE,Lutron SQ Pal 2Col 3BRL4B Antique Brass,20782.61,14340.0
HQWT-S-P42W-QBE,Lutron SQ Pal 2Col 4B2B Antique Brass,20782.61,14340.0
HQWT-S-P4RW-QBE,Lutron SQ Pal 2Col 4B3BRL Antique Brass,20782.61,14340.0
HQWT-S-PR4W-CWH,Lutron SQ Pal 2Col3BRL4B ClearWhiteGlass,24869.57,17160.0
NT-C71-NFB-SN,Lutron SeeT NoInsert Cov Plate (Nickel),5130.429999999999,3540.0
HQWA-W1BN-QZ,Lutron SeeTouch 1B N/Ins AntiqueBronze,11304.35,7800.0
HQWA-W2BSN-QZ,Lutron SeeTouch 2B N/Ins AntiqueBronze,11304.35,7800.0
HQWA-W3BSN-QZ,Lutron SeeTouch 3B N/Ins AntiqueBronze,11304.35,7800.0
HQWA-W3BDN-QZ,Lutron SeeTouch 3B3B N/Ins AntiqueBronze,11304.35,7800.0
HQWA-W4BSN-QB,Lutron SeeTouch 4 Button Antique Brass,11304.35,7800.0
HQWA-W4BSN-QZ,Lutron SeeTouch 4B N/Ins AntiqueBronze,11304.35,7800.0
HQWA-W4SN-QZ,Lutron SeeTouch 4BRL N/Ins AntiqueBronze,11304.35,7800.0
HQWA-W5BN-QZ,Lutron SeeTouch 5B N/Ins AntiqueBronze,11304.35,7800.0
HQWA-W6BN-QZ,Lutron SeeTouch 6B N/Ins AntiqueBronze,11304.35,7800.0
HQWA-W7BN-QZ,Lutron SeeTouch 7B N/Ins Antique Bronze,11304.35,7800.0
HQWA-W2RLDN-QZ,Lutron SeeTouch N/Ins AntiqueBronze,11304.35,7800.0
HQWA-W1RLDN-QZ,Lutron SeeTouch N/Ins AntiqueBronze,11304.35,7800.0
SKA-7B-NI-BL-E,Lutron SeeTouch Wired Keypad button Kit,3478.2599999999998,2400.0
SKA-6BRL-NI-WHE,Lutron SeeTouch Wired keypad Button Kit,3478.2599999999998,2400.0
HQWA-W3BSRLN-BL,Lutron Seetouch 3B W/RL (Black),9652.17,6660.0
HQWA-W3BSRLN-WH,Lutron Seetouch 3B W/RL (White),9652.17,6660.0
HQWA-W5BRLN-BL,Lutron Seetouch 5B W/RL (Black),9652.17,6660.0
HQWA-W5BRLN-WH,Lutron Seetouch 5BRL (White),9652.17,6660.0
HQWA-W5BRLN-QZ,Lutron Seetouch 5BRL N/Ins AntiqueBronze,11304.35,7800.0
HQWA-W6BRLN-BL,Lutron Seetouch 6B W/RL (Black),9652.17,6660.0
HQWA-W6BRLN-WH,Lutron Seetouch 6BRL (White),9652.17,6660.0
HQWA-W6BRLN-QZ,Lutron Seetouch 6BRL N/Ins AntiqueBronze,11304.35,7800.0
HQWA-W7BN-WH,Lutron Seetouch 7B (White),9652.17,6660.0
HW-C37-NFB-GR,Lutron Seetouch Faceplate 6BNR/L (Grey),1826.09,1260.0
SM-CK-DEMO,Lutron Signature Metal Chip  Demo Allise,18173.91,12540.0
PD4-36-F,Lutron Small DINRail Panel Enclosure,17130.43,13790.0
HQWT-S-P2W-CWHE,Lutron Square 2Button PreEng White Glass,11391.300000000001,7860.0
PDT-ED-1,Lutron Terminal Kit for DALI Module,1478.26,1360.0
HQWT-T-HW-QB-A,Lutron Thermostat Antique Brass,32347.83,22320.0
LWT-U-P-QB,Lutron US Faceplate 1 Gang Antique Brass,4869.57,3920.0
LWT-U-PP-QB,Lutron US Faceplate 2 Gang Antique Brass,5565.219999999999,4480.0
LWT-U-PPP-QB,Lutron US Faceplate 3 Gang Antique Brass,7304.349999999999,5880.0
LWT-U-PPPP-QB,Lutron US Faceplate 4 Gang Antique Brass,11043.48,8890.0
HQWT-U-P2W-QB-E,Lutron US Pal 1Col 2B Antique Brass,14434.78,9960.0
HQWT-U-P3W-QB-E,Lutron US Pal 1Col 3B Antique Brass,14434.78,9960.0
HQWT-U-PRW-QB-E,Lutron US Pal 1Col 3BRL Antique Brass,14434.78,9960.0
HQWT-U-P4W-QB-E,Lutron US Pal 1Col 4B Antique Brass,14434.78,9960.0
HQWT-U-P4W-CBL,Lutron US Palladiom 4Button w Engraving,15304.35,10560.0
LWT-U-PP-CBL,Lutron US Palladiom Faceplate 2Gang,3739.1299999999997,3010.0
LQSE-2DALUNV-D,Lutron Universal Dali Module - Tuneable,34869.565200000005,20921.739100000003
PDW-ED-1,Lutron Wiring Harness for DALI Module,739.13,680.0
PDW-D-1,Lutron Wiring Harness for Dimming Module,739.13,680.0
PDW-S-1,Lutron Wiring Harness for Switch Module,739.13,680.0
PD5-36-BU10-2L4,Lutron panel 10Ain breakers5DIN mod 3P,31217.39,25130.0
PD-64-DOOR,Lutron panel door for PD-64 panels,14347.83,11550.0
PD10-64-BU10-2L,Lutron panel10Ain breakers 10DIN mod 3P,56260.87,45290.0
PD4-36-BU10-2L4,Lutron panel10Ain breakers 4DIN mod 3P,31217.39,25130.0
PD8-64-BU10-2L4,Lutron panel10Ain breakers8DIN mod3P,56260.87,45290.0
PD9-64-BU10-2L4,Lutron panel10Ain breakers9DIN mod3P,59391.3,47810.0
Tweeter LCR 750,M&K Tweeter LCR 750,22607.83,12516.52
V8 AMP,M&K V8 AMP MODULE,16947.83,0.0
MU9D3SO/A,M4 Mac Mini,12173.04,12173.04
M40TB,M40T Black Pair,17390.43,10908.550000000001
M40TW,M40T White Pair,17390.43,10908.550000000001
M4TW,M4T White Pair,14773.91,8864.35
M5B,M5 Black,7390.429999999999,3907.83
M5W,M5 White,7390.429999999999,3907.83
M70B,M70 Black,10426.09,6540.0
M70 Tweeter,M70 Tweeter,10426.09,0.0
M70W,M70 White,10426.09,6540.0
RAWLB,M8 Rawl Bolt Shielded Zinc (8x65),9.5,7.0
M90B,M90 Black,17390.43,10908.550000000001
GPG6R,MA PG6-R Premium In-Ceiling Grille,1391.3,1200.0
MA1000,MA1000-A1 Fixed TV Wall Mount,191.29999999999998,0.0
MA1010,MA1010-A1 Tilting TV Wall Mount,339.13,203.48
MA2000,MA2000-A1 Fixed TV Wall Mount,600.0,0.0
MA2010,MA2010-A1 Tilting TV Wall Mount,408.7,0.0
MA2030,MA2030-A1 Full-Motion TV Wall Mount,573.91,0.0
MA2040,MA2040-A1 Full-Motion TV Wall Mount,956.52,0.0
MA3000,MA3000-A1 Fixed TV Wall Mount,513.04,307.83
MA3010,MA3010-A1 Tilting TV Wall Mount,608.6999999999999,365.21999999999997
MA3030,MA3030-A1 Full-Motion TV Wall Mount,1391.3,829.5699999999999
MA3040,MA3040-A1 Full-Motion TV Wall Mount,1704.35,0.0
MA4000,MA4000-A1 Fixed TV Wall Mount,826.09,495.65
MA4010,MA4010-A1 Tilting TV Wall Mount,721.74,0.0
360163-2-0,MAIN 2 AMP,513.04,307.83
370039-0-0,MAINS ADAPTER KATCH IN BOX,513.04,307.83
93608,MARINER MX62 BLACK,18037.2714285714,12626.09
93612,MARINER MX86 BLACK | SONANCE MX 86 OUTDOOR SPEAKER BLACK (1PAIR),24515.2571428572,17160.68
M-LCRDM-MK2,MASTERPIECE LCR-DM MK2,47481.740000000005,28489.05
A-BQ10-B01200,MEGANE CABLE TIES BLACK,82.69714285714291,57.888000000000005
A-BH25-B00250,MEGANET CABLE 500M | MEGANET CABLE SOLD CAT5,1024.24761904762,716.973333333333
A-BQ10-B00850,MEGANET TAPE NITTO BLACK,28.8642857142857,20.205000000000002
A-BH13-COO100,MEGANNET Cs CABLE SOLID CATS 6 GREY,1157.04339285714,809.930375
A-BB13-B01070,MEGAnet Cs CABLE SM SSA MINI 75m 24-OD 5.6mm (100m),1669.08,1001.4499999999999
A-BE28-B00400,MEGAnet QS RACK 42U Assembled,8830.41785714286,6181.2925
A-bh19-B00155,MEGAnet Qs CABLE SOLID U/UTP CAT5e,785.417142857143,549.792
A-BH19-B00150,MEGAnet Qs CABLE SOLID U/UTP CAT5e V2 - Grey,868.314285714286,607.8199999999999
A-BH19-B00175,MEGAnet Qs Cable Solid CAT%E V Yello,858.56,600.992
SHA-FBINDMERMET-01,MERMET BINDERS FOR SAMPLES OF ALL MERMET FABRIC SAVANT IS OFFERING,8054.78,6443.83
MEZZ-8-SURR-PCB,MEZZANINE - PRE-CONSTRUCTION B,82.61,49.57
MEZZ-8-G-SQ,MEZZANINE - SQUARE GRILLE,1823.4799999999998,1094.09
MEZZ-8-SURR,MEZZANINE SURROUND SATELLITES,13188.7,7913.219999999999
MFL100,MFL 100 Fixed TV Wall Mount,782.61,469.57
MFM80,MFM 80 Fixed TV Wall Mount,443.48,266.09
MHUB41140,MHUB (4x1+1) (EU),19999.13,11999.48
MHUBMAX(4x4),MHUB MAX 4x4 HDMI Matrix,13042.61,7825.57
MHUBMAX,MHUB MAX 4x4 HDMI Matrix,22600.0,13560.0
MHUBPRO(4X4)40,MHUB PRO (4X4) 40,43478.26,30000.0
MHUBPRO2.0-4X4,MHUB PRO 2.0 (4X4),86955.65000000001,52173.39
MHUBPRO2.0-8X8,MHUB PRO 2.0 (8X8),208694.78,125216.87000000001
MHUBPRORACKEAR,MHUB PRO Rack Ear Pair,304.34999999999997,182.60999999999999
MHUBPRORX,MHUB PRO Receiver,6521.74,3913.04
MHUBPROSERCAB,MHUB PRO Serial Cable DB9-DB9,330.43,198.26
MHUB431UREC,MHUB Receiver V4 (uControl),4339.13,3254.3399999999997
MHUBS161616100A,MHUB S (16+16x16) 100A,235699.385714286,164989.57
MHUB431V3PSU,MHUB431 PSU 24V 1A,1295.6499999999999,777.39
MHUBS(8+8x8)100,MHUBS(8+8x8)100,130433.91,78260.35
MHUBUREC,MHUBUREC,4339.13,3254.3399999999997
C10934,MM Phono Preamplifier with Auto Power Down,6520.87,3912.52
MNT100,MNT 100 Fixed TV Wall Mount,347.83,208.7
MNT102,MNT 102 Tilting TV Wall Mount,417.39,250.43
MNT104,MNT 104 Full-Motion TV Wall Mount,617.39,370.43
MNT108,MNT 108 Full-Motion TV Wall Mount,1034.78,620.87
MNT200,MNT 200 Fixed TV Wall Mount,417.39,250.43
MNT202,MNT 202 Tilting TV Wall Mount,443.48,266.09
MNT204,MNT 204 Full-Motion TV Wall Mount,1243.48,746.09
MNT208,MNT 208 Full-Motion TV Wall Mount,1878.26,1126.96
MNT300,MNT 300 Fixed TV Wall Mount,617.39,370.43
MNT302,MNT 302 Tilting TV Wall Mount,721.74,433.03999999999996
MNT50,MNT 50 Fixed TV Wall Mount,208.7,125.22
MNT52,MNT 52 Tilting TV Wall Mount,313.04,187.82999999999998
M360-B-VOLF,MOTION SENSOR 360 BLACK- VOLT FREE (DRY CONTACT),2448.70714285714,1714.0949999999998
M360-W-VOLF,MOTION SENSOR 360 WHITE- VOLT FREE (DRY CONTACT),2482.08,1499.99
RMB-PAVAM2-00,MOUNT FOR IP AUDIO MODULES AND SMART HOSTS (REAR),2297.39,1378.4399999999998
MP150L,MP150 Left Black,31303.48,19635.82
MP150LW,MP150 Left White,30433.91,17212.170000000002
MP150R/CB,MP150 Richt/C Black,31303.48,19635.82
MP150R/CW,MP150 Richt/C White,30433.91,17212.170000000002
MP300L,MP300 Left Black,60868.700000000004,36521.22
MP300LW,MP300 Left White,60868.700000000004,34429.57
MP300R/C,MP300 Right/C Black,60868.700000000004,34429.57
MP300R/CW,MP300 Right/C White,60868.700000000004,34429.57
MP950B,MP950 Black,16520.87,10363.09
MP950W,MP950 White,16520.87,10363.09
MPA-201,MPA-201 Power Amp,9208.699999999999,5525.219999999999
REM-2000I-00,MULTI ROOM REMOTE TOUCH SCREEN END OF LIFE,20891.3,12534.79
CLI-W210B-01,MULTISTAT SMART THERMOSTAT - BLACK,18056.52,10833.92
CLI-W210W-01,MULTISTAT SMART THERMOSTAT - WHITE,18056.52,10833.92
93613,MX86 OUTDOOR SPEAKER WHITE (1 PAIR),25582.61,13347.45
MACBOOK-AIR-13-M4-256GB,MacBook Air 13-inch | Apple M4 - 256gb,27949.071428571402,19564.350000000002
DC-CAB,Male DC connector with cable,5.79,3.99
IEC-MALE,Male IEC 10A Connector,36.0,25.0
LENS-VS0615,Manual iris vari-focal CS mounted lens,114.55,79.0
AMP10/N1B,Marantz AMP10 Power Amplifier (Black),182600.0,125994.0
AV10/N1B,Marantz AV10 AV Processor (Black),182600.0,125994.0
AV7706/N1B,Marantz AV7706 AV Processor (Black),69556.52,47994.0
AV8805A/N1B,Marantz AV8805A AV Processor (Black),104339.13,71994.0
CD50N/N1B,Marantz CD50N Network CDPlayer (Black),33556.521700000005,20133.913
CD50N/N1SG,Marantz CD50N Network CDPlayer (Silver),43469.57,29994.0
CD60/N1B,Marantz CD60 CD Player (Black),18686.9565,11212.1739
CD60/N1SG,Marantz CD60 CD Player (Silver),26600.0,18354.0
CD6007/N1B,Marantz CD6007 CD Player (Black),13904.35,9594.0
CD6007/N1SG,Marantz CD6007 CD Player (Silver),13904.35,9594.0
CINEMA30/N1B,Marantz CINEMA30 AV Amplifier (Black),95382.6087,66767.8261
CINEMA40/N1B,Marantz CINEMA40 AV Amplifier (Black),59382.608700000004,41567.8261
CINEMA40/N1SG,Marantz CINEMA40 AV Amplifier (Silver),77904.35,53754.0
CINEMA50/N1B,Marantz CINEMA50 AV Amplifier (Black),45121.7391,31585.2174
CINEMA50/N1SG,Marantz CINEMA50 AV Amplifier (Silver),55643.48,38394.0
CINEMA60/N1B,Marantz CINEMA60 AV Receiver (Black),38252.17,26394.0
CINEMA60/N1SG,Marantz CINEMA60 AV Receiver (Silver),38252.17,26394.0
CINEMA70S/N1B,Marantz CINEMA70 AV Receiver (Black),27817.39,13080.8696
CINEMA70S/N1SG,Marantz CINEMA70 AV Receiver (Silver),27817.39,19194.0
MCR612/N1B,Marantz MCR612 CD Network System (Black),15208.7,10494.0
MCR612/N1SG,Marantz MCR612 CD Network System(Silver),15208.7,10494.0
MM7025/N1B,Marantz MM7025 Power Amp (Black),29469.57,20334.0
MM7055/N1B,Marantz MM7055 Power Amp (Black),39991.3,27594.0
MM8077/N1B,Marantz MM8077 Power Amp (Black),59991.3,41394.0
MODELM1/N1B,Marantz MODEL M1 Network Amp (Black),20974.34,14682.04
MODEL30/N1B,Marantz MODEL30 Amplifier (Black),76078.26000000001,52494.0
MODEL30/N1SG,Marantz MODEL30 Amplifier (Silver),76078.26000000001,52494.0
MODEL40N/N1B,Marantz MODEL40N Network Amp (Black),46686.9565,28012.1739
MODEL40N/N1SG,Marantz MODEL40N Network Amp (Silver),58686.96,40494.0
MODEL50/N1B,Marantz MODEL50 Amplifier (Black),33556.521700000005,20133.913
MODEL50/N1SG,Marantz MODEL50 Amplifier (Silver),43469.57,29994.0
MODELM4/EX1B,Marantz Model M4 Streaming Amp (Black),68804.79000000001,48163.35
PM10S1/N1B,Marantz PM10S1 Amplifier (Black),242078.26,167034.0
PM10S1/N1G,Marantz PM10S1 Amplifier (Silver),242078.26,167034.0
PM12SE/N1B,Marantz PM12SE Amplifier (Black),85643.48,59094.0
PM12SE/N1G,Marantz PM12SE Amplifier (Silver),85643.48,59094.0
PM6007/N1B,Marantz PM6007 Amplifier (Black),13904.35,9594.0
PM6007/N1SG,Marantz PM6007 Amplifier (Silver),13904.35,9594.0
PM7000N/N1B,Marantz PM7000N Network Amp (Black),26078.260000000002,17994.0
PM7000N/N1SG,Marantz PM7000N Network Amp (Silver),26078.260000000002,17994.0
SA10S1/N1B,Marantz SA10S1 SACD Player (Black),191730.43000000002,132294.0
SA10S1/N1G,Marantz SA10S1 SACD Player (Silver),191730.43000000002,132294.0
SA12SE/N1B,Marantz SA12SE SACD Player (Black),85643.48,59094.0
SA12SE/N1G,Marantz SA12SE SACD Player (Silver),85643.48,59094.0
SACD30N/N1B,Marantz SACD30N SACD Player (Black),76078.26000000001,52494.0
SACD30N/N1SG,Marantz SACD30N SACD Player (Silver),76078.26000000001,52494.0
STEREO70S/N1B,Marantz STEREO70S Receiver (Black),24339.13,16794.0
VS3003/M1B,Marantz VS3003/M1B HDMI Switch 3/1,4339.13,2994.0
93617,Mariner MX62 SST White,15421.1142857143,10794.78
MHUB4K431REM,Master Remote for mHub 4K (4x3+1) Old Type V3,434.78,260.87
MHUB4K862REM,Master Remote for mHub 4K (8x6+2) Old Type V3,434.78,260.87
MHUBMASTERREM4,Master Remote for mHub PRO/431U New,434.78,260.87
MHUBMASTERREM8,Master Remote for mHub PRO/862U New,434.78,260.87
CBOX-MS,"Medium Slim (330 x 330 x 140) Slab Box, fits 8"" Ceiling  Speaker",428.571428571429,300.0
A-BB13-B01850,Meganet Cs Cable SM NHD CST 24 1.150M,2455.4380952380898,1718.8066666666698
RB-4011SRM,MikroTik 10 Port Gigabit 1SFP+ 4 Core L5 Rack-Mount Router | RB4011iGS+RM,4275.0,3150.0
RB-FTCXG,MikroTik 10Gbps Fibre to Copper Converter | FTC11XG,2695.0,1995.0
RB-1100AHX4,MikroTik 13 Port Gigabit 4 Core L6 Rack-Mount Router | RB1100x4,7175.0,4995.0
RB-951UI2,MikroTik 2.4GHz 2.5dBi 5 Port Ethernet WiFi Router | RB951Ui-2HnD,1195.0,875.0
RB-5009UPSIN,MikroTik 7 Gigabit 1x 2.5Gbps 1SFP+ 4 Core PoE Router | RB5009UPr+S+IN,5795.0,4275.0
RB-5009UGSIN,MikroTik 7 Gigabit 1x 2.5Gbps 1SFP+ 4 Core Router | RB5009UG+S+IN,4195.0,3095.0
RB-5009UPSO,MikroTik 7 Port Gigabit 1x 2.5Gbps 1SFP+ 4 Core Outdoor PoE Router | RB5009UPr+S+OUT,6325.0,4675.0
RB-L009UGSRM,MikroTik 8 Gigabit 1x2.5Gbps SFP Dual Core Router | L009UiGS-RM,2295.0,1695.0
RB-L009UGSAX,MikroTik 8 Gigabit 1x2.5Gbps SFP Dual Core WiFi 6 Router | L009UiGS-2HaxD-IN,2475.0,1850.0
RB-ATL18,MikroTik ATL18 Kit LTE18 Wide Band Outdoor CPE | ATLGM&EG18-EA,5525.0,4095.0
RB-GPS,MikroTik Active GPS antenna for LtAP mini LTE Kit | ACGPSA,145.0,110.0
RB-SXTSQM,MikroTik Adjustable SXTsq Mount | SXTsq-mount,175.0,120.0
RB-AUD52,MikroTik Audience Tri-band PoE Mesh AP | RBD25G-5HPacQD2HPnD,2975.0,2075.0
RB-BASEBOX2,MikroTik BaseBox 2 Gigabit USB WiFi Router | RB912UAG-2HPnD-OUT,1995.0,1395.0
RB-BASEBOX5,MikroTik BaseBox 5 Gigabit USB WiFi Router | RB912UAG-5HPnD-OUT,1725.0,1275.0
TR-MTCNA,MikroTik Certified Network Associate,8295.0,6495.0
RB-CHAT5G,MikroTik Chateau 5G WiFi 5 Dual Band 5 Port Gigabit Router | D53G-5HacD2HnD-TC&RG520F-EU,10995.0,7695.0
RB-CHATLTE6,MikroTik Chateau LTE6 WiFi 5 Dual Band 5 Port Gigabit Router | D53G-5HacD2HnD-TC&FG621-EA,3295.0,2295.0
RB-CCR2116P,MikroTik Cloud Core 12 Port Gigabit 4SFP+ 16 Core Router | CCR2116-12G-4S+,19195.0,14195.0
RB-CCR2004SP,MikroTik Cloud Core 12 Port SFP+ 2 SFP28 4 Core Router | CCR2004-1G-12S+2XS,11495.0,8495.0
RB-CCR2216SP,MikroTik Cloud Core 12 Port SFP28 2 QSFP28 16 Core Router | CCR2216-1G-12XS-2XQ,54250.0,40095.0
RB-CCR2004P,MikroTik Cloud Core 16 Port Gigabit 2SFP+ 4 Core Router | CCR2004-16G-2S+,8925.0,6595.0
RB-CCR2004PC,MikroTik Cloud Core 16 Port Gigabit 2SFP+ Passive Cooling Router | CCR2004-16G-2S+PC,9075.0,6695.0
RB-CCR2004PCIE,MikroTik Cloud Core 2 Port SFP28 4 Core Smart PCIe NIC | CCR2004-1G-2XS-PCIe,4595.0,3195.0
RB-CRS317,MikroTik Cloud Router Switch 16 Port SFP+ | CRS317-1G-16S+RM,9595.0,7095.0
RB-CRS518S,MikroTik Cloud Router Switch 16 Port SFP28 2 QSFP28 | CRS518-16XS-2XQ-RM,37095.0,25795.0
RB-CRS328S,MikroTik Cloud Router Switch 20 Port SFP 4SFP+ 4 Gigabit/SFP Ports | CRS328-4C-20S-4S+RM,8650.0,6395.0
RB-CRS326G,MikroTik Cloud Router Switch 24 Port 2.5Gbps 4SFP+ Combo Ports 2xQSFP+ | CRS326-4C+20G+2Q+RM,22995.0,15995.0
RB-CRS326,MikroTik Cloud Router Switch 24 Port Gigabit 2SFP+ | CRS326-24G-2S+RM,4095.0,3025.0
RB-CRS328,MikroTik Cloud Router Switch 24 Port PoE 450W 4SFP+| CRS328-24P-4S+RM,10450.0,7725.0
RB-CRS326Q,MikroTik Cloud Router Switch 24 Port SFP+ 2QSFP+ | CRS326-24S+2Q+RM,11525.0,8525.0
RB-CRS305S,MikroTik Cloud Router Switch 4 Port SFP+ | CRS305-1G-4S+IN,2895.0,2150.0
RB-CRS354Q,MikroTik Cloud Router Switch 48 Port Gigabit 4SFP+ 2 QSFP+ | CRS354-48G-4S+2Q+RM,11895.0,8795.0
RB-CRS354QP,MikroTik Cloud Router Switch 48 Port PoE 700W 4SFP+ 2 QSFP+ | CRS354-48P-4S+2Q+RM,20295.0,14995.0
RB-CRS106,MikroTik Cloud Router Switch 5 Port SFP 1 PoE/SFP Port | CRS106-1C-5S,1150.0,850.0
RB-CRS310S,MikroTik Cloud Router Switch 5 Port SFP 4 SFP+ | CRS310-1G-5S-4S+IN,3850.0,2850.0
RB-CRS312,MikroTik Cloud Router Switch 8 Port 10Gbps 4SFP+/10Gbps Ports | CRS312-4C+8XG-RM,13795.0,10195.0
RB-CRS310,MikroTik Cloud Router Switch 8 Port 2.5Gbps Ethernet 2SFP+ | CRS310-8G+2S+IN,4275.0,3150.0
RB-CRS1128P,MikroTik Cloud Router Switch 8 Port PoE 4SFP | CRS112-8P-4S-IN,4095.0,3025.0
RB-CRS309S,MikroTik Cloud Router Switch 8 Port SFP+ with PoE Input | CRS309-1G-8S+IN,5275.0,3895.0
RB-CRS510S,MikroTik Cloud Router Switch 8 Port SFP28 2 QSFP28 | CRS510-8XS-2XQ-IN,18680.0,12995.0
RB-CUBE60P,MikroTik Cube Pro60 AC 60GHz/5GHz Outdoor CPE | CubeG-5ac60ay,2895.0,2150.0
RB-CUBE60PS,MikroTik CubeSA 60Pro ac 60GHz 60° Integrated Sector | CubeG-5ac60ay-SA,3850.0,2850.0
ANT-O25,MikroTik Dual Band High Gain Outdoor Whip Antenna | HGO-antenna-OUT,175.0,125.0
RB-FBPLUS,MikroTik FiberBox Plus 4 SFP+ Outdoor Switch | CRS305-1G-4S+OUT,5030.0,3495.0
RB-FLEX,MikroTik Flex-Guide 0.5M RPSMA-RPSMA Cable | ACRPSMA,215.0,150.0
RB-GPEN21,MikroTik GPEN21 Smart Media Converter with PoE Pass-through | GPEN21,775.0,575.0
RB-FTC,MikroTik Gigabit Fibre to Copper Converter | RBFTC11,775.0,575.0
RB-GPER,MikroTik Gigabit Passive Ethernet Repeater | GPeR,550.0,395.0
RB-GROOVEA52,MikroTik GrooveA 52 Dual Band L4 Outdoor WiFi Radio | RBGrooveA-52HPn,1595.0,1150.0
RB-GPERO,MikroTik IP67 Outdoor Enclosure for RB-GPER | GPeR-IP67-Case,130.0,95.0
RB-GESPIN,MikroTik Indoor Gigabit PoE Injector with Surge Protection | GESP+POE-IN,295.0,215.0
RB-TAG-IN,MikroTik Indoor IoT Bluetooth Tag | TG-BT5-IN,215.0,150.0
RB-LHG5-3,MikroTik LHG 5 Tripack 24.5dBi PtP CPE | RBLHG5kit,4095.0,3025.0
RB-LHG60,MikroTik LHG 60GHz PtP CPE | RBLHGG-60ad,3095.0,2275.0
RB-LHGLTE6,MikroTik LHG LTE6 Kit 17dBi Outdoor CPE | LHGGR&FG621-EA,4295.0,2995.0
RB-LHGM,MikroTik LHG Series Metal Pole Mount Adapter | LHGMount,275.0,195.0
RB-LHGSM,MikroTik LHG Series Metal Pole Mount Bracket | solidMOUNT,575.0,425.0
RB-LHG60KIT,MikroTik LHG Wireless Wire Dish 60GHz PtP Kit | RBLHGG-60adkit,6095.0,4495.0
RB-LHG5ACXL4,MikroTik LHG XL 5 ac 27dBi PtP CPE 4 Pack | RBLHGG-5acD-XL4pack,9475.0,6995.0
RB-LHGHP5XL4,MikroTik LHG XL HP5 27dBi PtP CPE 4 Pack | RBLHG-5HPnD-XL4pack,7975.0,5895.0
ANT-LORA,MikroTik LoRa 6.5dBi Antenna Kit | 868_Omni_antenna,995.0,725.0
RB-LTDM,MikroTik LtAP DINRail Pro Mounting Bracket | DRP-LTM,175.0,125.0
RB-LTAPHDLTE6,MikroTik LtAP LTE6 Kit 3 SIM 2 mPCIe and GPS Router | LtAP-2HnD&FG621-EA,4675.0,3250.0
RB-LTAP,MikroTik LtAP Mini LTE Kit Dual SIM and GPS Router | RB912R-2nD-LTm&R11e-LTE,1975.0,1450.0
RB-NETBOX5,MikroTik NetBox 5 Outdoor WiFi Router | RB911G-5HPacD-NB,2515.0,1750.0
RB-NETBOX5AX,MikroTik NetBox 5 ax Outdoor WiFi 6 Router | L11UG-5HaxD-NB,2175.0,1625.0
RB-NETMETAL,MikroTik NetMetal 5SHP AC 1SFP Outdoor WiFi Router | RB921UAGS-5SHPacD-NM,2850.0,2095.0
RB-OMNITIK5AC,MikroTik OmniTIK 5ac 7.5dBi PoE Outdoor WiFi Omni AP | RBOmniTikPG-5HacD,2750.0,2025.0
RB-GESP,MikroTik Outdoor Gigabit Surge Protector with PoE | GESP,625.0,450.0
RB-TAG-OUT,MikroTik Outdoor IoT Bluetooth Tag | TG-BT5-OUT,350.0,250.0
RB-PBPRO,MikroTik PowerBox Pro 5 Port Gigabit 1SFP Outdoor Router | RB960PGS-PB,2175.0,1575.0
RB-QMPLHG,MikroTik QuickMount Pro for Light Head Grid | QMP-LHG,140.0,100.0
RB-QMP,MikroTik QuickMount Pro for Sectors and SXT | QMP,130.0,95.0
RB-QM,MikroTik QuickMount for Small Pole Mount Devices | QM,75.0,50.0
RB-5009RMKIT,MikroTik RB-5009 Rack Mount Kit | K-79,145.0,110.0
RB-SXTLTE6,MikroTik SXT LTE6 Kit 9dBi PoE Outdoor CPE | SXTR&FG621-EA,2790.0,1950.0
RB-SXTG5ACSA,MikroTik SXT SA5 ac 14dBi 90' Integrated Sector | RBSXTG-5HPacD-SA,2775.0,1925.0
RB-SXTSQ5AC,MikroTik SXTsq 5 ac 16dBi Dual Chain Outdoor CPE | RBSXTsqG-5acD,1250.0,925.0
RB-SXTSQ2,MikroTik SXTsq Lite 2 10dBi Outdoor CPE | RBSXTsq2nD,775.0,575.0
RB-CSS326,MikroTik SwOS Smart Switch 24 Port Gigabit 2SFP+ | CSS326-24G-2S+RM,3095.0,2295.0
RB-260GSP,MikroTik SwOS Smart Switch 5 Port Gigabit 1SFP PoE Out | CSS106-1G-4P-1S,1125.0,825.0
RB-260GS,MikroTik SwOS Smart Switch 5 Port Gigabit 1SFP | CSS106-5G-1S,850.0,625.0
RB-CSS610,MikroTik SwOS Smart Switch 8 Port Gigabit 2SFP+ PoE Input | CSS610-8G-2S+IN,2295.0,1695.0
RB-CSS610P,MikroTik SwoS Cloud Switch 8 Port PoE 2 SFP+ | CSS610-8P-2S+IN,4475.0,3295.0
RB-L4,MikroTik WISP Level 4 License,750.0,550.0
RB-CUBE60PKIT,MikroTik Wireless Wire Cube Pro 60GHz/5GHz Outdoor Kit | CubeG-5ac60aypair,5825.0,4295.0
RB-CAPLITE,MikroTik cAP Lite 300Mbps WiFi 4 Ceiling AP | RbcAPL-2nD,575.0,415.0
RB-CAPACXL,MikroTik cAP XL ac Dual Band 1200Mbps WiFi 5 Ceiling AP | RBcAPGi-5acD2nD-XL,1925.0,1425.0
RB-CAPAC,MikroTik cAP ac Dual Band 1200Mbps WiFi 5 Ceiling AP | RbcAPGi-5acD2nD,1625.0,1195.0
RB-CAPAX,MikroTik cAP ax Dual Band WiFi 6 1800Mbps Ceiling AP | cAPGi-5HaxD2HaxD,2525.0,1850.0
RB-HAP,MikroTik hAP 5 Port Ethernet 300Mbps WiFi 4 Router | RB951Ui-2nD,875.0,650.0
RB-HAPL,MikroTik hAP Lite 4 Port Ethernet 300Mbps WiFi 4 Router | RB941-2nD,485.0,360.0
RB-HAPLTC,MikroTik hAP Lite Tower 4 Port Ethernet 300Mbps WiFi 4 Router | RB941-2nD-TC,485.0,360.0
RB-HAPACL,MikroTik hAP ac Lite 5 Port Ethernet 750Mbps WiFi 5 Router | RB952Ui-5ac2nD,1095.0,815.0
RB-HAPACLTC,MikroTik hAP ac Lite Tower 5 Port Ethernet 750Mbps WiFi 5 Router | RB952Ui-5ac2nD-TC,1095.0,815.0
RB-HAPAC2,MikroTik hAP ac2 5 Port Gigabit 1200Mbps WiFi 5 Router | RBD52G-5HacD2HnD-TC,1525.0,1125.0
RB-HAPAXL,MikroTik hAP ax lite 4 Port Gigabit 600Mbps WiFi 6 Router | L41G-2axD,1125.0,825.0
RB-HAPAXLLTE6,MikroTik hAP ax lite LTE6 4 Port Gigabit 600Mbps WiFi 6 Router | L41G-2axD&FG621-EA,2350.0,1625.0
RB-HAPAX2,MikroTik hAP ax2 5 Port Gigabit 1800Mbps WiFi 6 Router | C52iG-5HaxD2HaxD-TC,1975.0,1450.0
RB-HAPAX3,MikroTik hAP ax3 4 Gigabit 1 Port 2.5G PoE 1800Mbps WiFi 6 Router | C53UiG+5HPaxD2HPaxD,2695.0,1995.0
RB-HEX,MikroTik hEX 5 Port Gigabit Desktop Router | RB750Gr3,1150.0,850.0
RB-HEXLITE,MikroTik hEX Lite 5 Port Ethernet Desktop Router | RB750r2,825.0,615.0
RB-HEXPOE,MikroTik hEX PoE 5 Port Gigabit 1SFP PoE Out Desktop Router | RB960PGS,1750.0,1295.0
RB-HEXPOEL,MikroTik hEX PoE Lite 5 Port Ethernet 4 PoE Router | RB750UPr2,1195.0,875.0
RB-HEXS,MikroTik hEX S 5 Port Gigabit 1SFP Desktop Router| RB760iGS,1325.0,975.0
ANT-MLTE,MikroTik mANT LTE 5o 5dBi Omni Antenna | MTAO-LTE-5D-SQ,375.0,275.0
ANT-D530PA,MikroTik mANT30 5.8GHz 30dBi Precision Alignment Dish | MTAD-5G-30D3-PA,4695.0,3475.0
ANT-D530,MikroTik mANT30 5GHz 30dBi Dish Antenna | MTAD-5G-30D3,4165.0,2895.0
RB-MANTBOX12,MikroTik mANTBox 2 12s 12dBi 120' Integrated Sector | RB911G-2HPnD-12S,1925.0,1425.0
RB-MANTBOX15AX,MikroTik mANTBox ax 15s WiFi 6 Integrated Sector | L22UGS-5HaxD2HaxD-15S,3425.0,2595.0
RB-MAP,MikroTik mAP 2.4GHz  1.2dBi USB PoE WiFi AP | RbmAP2nD,875.0,650.0
RB-NETPOWER16P,MikroTik netPower 16P 16 PoE Output 2 SFP+ Outdoor Switch | CRS318-16P-2S+OUT,5395.0,3995.0
RB-NETPOWERL7R,MikroTik netPower Lite 7R 1 PoE out 7 PoE input Switch | CSS610-1Gi-7R-2S+OUT,3295.0,2295.0
RB-QMX,MikroTik quickMOUNT X Pole Mount Bracket for SXTSQ | QM-X,75.0,50.0
RB-WAPLORA8,MikroTik wAP LR8 Kit 2.4Ghz 2dBi LoraWAN Gateway | RBwAPR-2nD&R11e-LR8,2750.0,2025.0
RB-WAPLTE,MikroTik wAP LTE Kit 2.4GHz Wireless Router with LTE Modem | wAPR-2nD&EC200A-EU,1925.0,1425.0
RB-WAPAC,MikroTik wAP ac Dual Band 2.5dBi Outdoor WiFi Router | RBwAPG-5HacD2HnD,2095.0,1450.0
RB-WAPLTEAC,MikroTik wAP ac LTE Kit Dual Band Router with LTE Modem | wAPGR-5HacD2HnD&EC200A-EU,3925.0,2725.0
RB-WAPLTE6AC,MikroTik wAP ac LTE6 Kit Dual Band Router with LTE6 Modem | RBwAPGR-5HacD2HnD&R11e-LTE6,4850.0,3375.0
Mogami 8-Channel DB25 to DB25,Mogami 8-Channel DB25 to DB25 Analogue Snake Cable - 2 Meter,4658.38571428571,3260.87
SP8INCH-OS,Monitor Audio 8' (Round) Off Shutter,217.39,150.0
SAX10W,Monitor Audio A10 Satellite (White),9730.43,6714.0
SAXSTB,Monitor Audio A10 Speaker stands (Black),6078.259999999999,5592.0
SAXSTW,Monitor Audio A10 Speaker stands (White),7382.61,6792.0
SAX40B,Monitor Audio A40 LCR (Black),16860.87,11634.0
SAX40W,Monitor Audio A40 LCR (White),16860.87,11634.0
G20PKAWC6SQ,Monitor Audio AWC 6 Square Grille,339.13,312.0
G20PKAWC8SQ,Monitor Audio AWC 8 Square Grille,426.09,392.0
SAWC265,Monitor Audio AWC265 In-ceiling,6426.089999999999,4434.0
SAWC265T2,Monitor Audio AWC265T2 Stereo In-ceiling,8773.91,6054.0
SAWC280,Monitor Audio AWC280 In-ceiling,8773.91,5264.349999999999
SAWC280T2,Monitor Audio AWC280T2 Stereo In-ceiling,10947.83,7554.0
SANTHW10BG,Monitor Audio Anthra W10 (Black),38252.17,26394.0
SANTHW12BG,Monitor Audio Anthra W12 (Black),43469.57,29994.0
SANTHW15BG,Monitor Audio Anthra W15 (Black),56513.04,38994.0
AXSTB,Monitor Audio Apex Floorstand (Black),7382.61,6792.0
SB6G100B,Monitor Audio Bronze 100 (Black),7730.429999999999,6223.0
SB6G100WN,Monitor Audio Bronze 100 (Walnut),7730.429999999999,6223.0
SB6G100W,Monitor Audio Bronze 100 (White),7730.429999999999,6223.0
MASYS1Bpx,Monitor Audio Bronze 100/Denon AVRX1800H 5.1 System (Black),42165.22,36342.25
MASYS1WNpx,Monitor Audio Bronze 100/Denon AVRX1800H 5.1 System (Walnut),42165.22,36342.25
MASYS1Wpx,Monitor Audio Bronze 100/Denon AVRX1800H 5.1 System (White),42165.22,36342.25
SB6G200B,Monitor Audio Bronze 200 (Black),13382.61,10773.0
SB6G200WN,Monitor Audio Bronze 200 (Walnut),13382.61,10773.0
SB6G200W,Monitor Audio Bronze 200 (White),13382.61,10773.0
MASYS2Bpx,Monitor Audio Bronze 200/Denon AVRX1800H 5.1 System (Black),47991.3,41396.25
MASYS2WNpx,Monitor Audio Bronze 200/Denon AVRX1800H 5.1 System (Walnut),47991.3,41396.25
MASYS2Wpx,Monitor Audio Bronze 200/Denon AVRX1800H 5.1 System (White),47991.3,41396.25
SB6G50B,Monitor Audio Bronze 50 (Black),6252.17,5033.0
SB6G50WN,Monitor Audio Bronze 50 (Walnut),6252.17,5033.0
SB6G50W,Monitor Audio Bronze 50 (White),6252.17,5033.0
SB6G500B,Monitor Audio Bronze 500 (Black),18426.09,14833.0
SB6G500WN,Monitor Audio Bronze 500 (Walnut),18426.09,14833.0
SB6G500W,Monitor Audio Bronze 500 (White),18426.09,14833.0
MASYS3Bpx,Monitor Audio Bronze 500/Denon AVRX2800H 5.1 System (Black),55556.520000000004,47913.25
MASYS3WNpx,Monitor Audio Bronze 500/Denon AVRX2800H 5.1 System (Walnut),55556.520000000004,47913.25
MASYS3Wpx,Monitor Audio Bronze 500/Denon AVRX2800H 5.1 System (White),55556.520000000004,47913.25
SB6GAMSB,Monitor Audio Bronze AMS (Black),7208.7,5803.0
SB6GAMSW,Monitor Audio Bronze AMS (White),7208.7,5803.0
SB6GC150B,Monitor Audio Bronze C150 (Black),4165.219999999999,3353.0
SB6GC150WN,Monitor Audio Bronze C150 (Walnut),4165.219999999999,3353.0
SB6GC150W,Monitor Audio Bronze C150 (White),4165.219999999999,3353.0
SB6GFXB,Monitor Audio Bronze FX (Black),7208.7,5803.0
SB6GFXW,Monitor Audio Bronze FX (White),7208.7,5803.0
SB7GOWB,Monitor Audio Bronze On-Wall 7G (Black),5208.69523809524,3646.0866666666698
SB7GOWW,Monitor Audio Bronze On-Wall 7G (White),4739.91428571429,3317.9399999999996
SB6GW10B,Monitor Audio Bronze W10 (Black),12860.87,10353.0
SB6GW10WN,Monitor Audio Bronze W10 (Walnut),12860.87,10353.0
SB6GW10W,Monitor Audio Bronze W10 (White),12860.87,10353.0
SCC165,Monitor Audio C165 In-ceiling,2600.0,1794.0
SCC165T2,Monitor Audio C165T2 Stereo In-ceiling,3208.7,2214.0
SCC180,Monitor Audio C180 In-ceiling,3382.6086999999998,2029.0
SCF230,Monitor Audio CF230 Mini In-ceiling,6513.04,4494.0
CFB3R,Monitor Audio CFB3R Mini In-ceiling Kit,947.8299999999999,872.0
CFB3SQ,Monitor Audio CFB3SQ Mini In-ceiling Kit,947.8299999999999,872.0
IA1254,Monitor Audio CI Amp IA125-4,36252.1739,21751.3
IA1508C,Monitor Audio CI Amp IA1508C,84165.22,58074.0
IA604,Monitor Audio CI Amp IA60-4,24339.13,16794.0
IA6012,Monitor Audio CI Amp IA6012,38773.91,26754.0
IA7502,Monitor Audio CI Amp IA750-2,48252.17,33294.0
IA7504,Monitor Audio CI Amp IA750-4,72860.87000000001,50274.0
G20PKCP8SQ,Monitor Audio CP8 Square Grille,260.87,240.0
SCPC120SW,Monitor Audio CPC120 In-ceiling (S/White,2165.22,1494.0
SCPIW260X,Monitor Audio CPIW260X In-wall,21295.65,14694.0
SCPIW460X,Monitor Audio CPIW460X In-wall,32513.04,22434.0
SCSS230,Monitor Audio CSS230 Slim In-ceiling,6339.129999999999,4374.0
G20PKCT6SQ,Monitor Audio CT 6 Square Grille,139.13,128.0
G20PKCPCT6S,Monitor Audio CT165 Square Grille,186.96,172.0
SCIN100,Monitor Audio Cinergy 100,42165.22,29094.0
SCIN200,Monitor Audio Cinergy 200,65556.52,45234.0
SCIN300,Monitor Audio Cinergy 300,74947.83,51714.0
SCINSUB15,Monitor Audio Cinergy Subwoofer 15,37469.57,25854.0
SCL50B,Monitor Audio Climate 50 Outdoor (Black),8600.0,5934.0
SCL50W,Monitor Audio Climate 50 Outdoor (White),8600.0,5934.0
SCL60B,Monitor Audio Climate 60 Outdoor (Black),10947.83,7554.0
SCL60W,Monitor Audio Climate 60 Outdoor (White),10947.83,7554.0
SCL80B,Monitor Audio Climate 80 Outdoor (Black),14078.26,9714.0
SCL80W,Monitor Audio Climate 80 Outdoor (White),14078.26,9714.0
SCL2MB,Monitor Audio Climate CL2M (3G) (Black),11713.607142857101,8199.525
SCL2MW,Monitor Audio Climate CL2M (3G) (White),10763.857142857101,7534.7
SCL2SB,Monitor Audio Climate CL2S (3G) (Black),10427.328571428601,7299.129999999999
SCLG140BR,Monitor Audio Climate G140 Sat (Brown),7904.349999999999,5454.0
SCLG160BR,Monitor Audio Climate G160 Sat (Brown),10165.220000000001,7014.0
SCLGW10BR,Monitor Audio Climate GW10 Sub (Brown),34252.17,23634.0
SCLGW12BR,Monitor Audio Climate GW12 Sub (Brown),46773.91,32274.0
BCLGMBR,Monitor Audio Climate Garden Sat Mount,726.09,668.0
CLGSPR,Monitor Audio Climate Garden Spike,686.96,632.0
SCSC1L,Monitor Audio Creator C1L In-ceiling,6173.91,3704.3459999999995
SCSC1M,Monitor Audio Creator C1M In-ceiling,5304.349999999999,3660.0
SCSC1S,Monitor Audio Creator C1S In-ceiling,4347.83,3000.0099999999998
SCSC2L,Monitor Audio Creator C2L In-ceiling,7739.129999999999,4643.48
SCSC2LT2X,Monitor Audio Creator C2LT2X In-ceiling,8608.699999999999,5940.0
SCSC2M,Monitor Audio Creator C2M In-ceiling,6782.61,4680.009999999999
SCSC2MT2X,Monitor Audio Creator C2MT2X In-ceiling,7739.129999999999,5340.0
SCSC2S,Monitor Audio Creator C2S In-ceiling,6173.91,4260.0
SCSC3L,Monitor Audio Creator C3L In-ceiling,12869.57,7721.741999999999
SCSC3LA,Monitor Audio Creator C3LA LCRIn-ceiling,16260.87,11220.0
SCSC3M,Monitor Audio Creator C3M In-ceiling,11043.48,7620.0
SCSW1M,Monitor Audio Creator W1M In-wall,6782.61,4680.009999999999
SCSW1ME,Monitor Audio Creator W1ME In-wall,4956.5199999999995,3420.0
SCSW2M,Monitor Audio Creator W2M In-wall,9826.09,6780.0
SCSW3M,Monitor Audio Creator W3M In-wall,17217.39,11879.99
SG6GOWBG,Monitor Audio Gold On-wall (Black),18626.085714285702,13038.26
SG5G100B,Monitor Audio Gold100 Bookshelf (Black),37121.74,25614.0
SG5G100E,Monitor Audio Gold100 Bookshelf (Ebony),37121.74,25614.0
SG5G100WN,Monitor Audio Gold100 Bookshelf (Walnut),37121.74,25614.0
SG5G100W,Monitor Audio Gold100 Bookshelf (White),37121.74,25614.0
SG5G200B,Monitor Audio Gold200 F/Stander (Black),76513.04000000001,52794.0
SG5G200E,Monitor Audio Gold200 F/Stander (Ebony),76513.04000000001,52794.0
SG5G200WN,Monitor Audio Gold200 F/Stander (Walnut),76513.04000000001,52794.0
SG5G200W,Monitor Audio Gold200 F/Stander (White),76513.04000000001,52794.0
SG5G300B,Monitor Audio Gold300 F/Stander (Black),106165.22,73254.0
SG5G300E,Monitor Audio Gold300 F/Stander (Ebony),106165.22,73254.0
SG5G300WN,Monitor Audio Gold300 F/Stander (Walnut),106165.22,73254.0
SG5GC250B,Monitor Audio GoldC250 Centre (Black),28600.0,19734.0
SG5GC250E,Monitor Audio GoldC250 Centre (Ebony),28600.0,19734.0
SG5GC250WN,Monitor Audio GoldC250 Centre (Walnut),28600.0,19734.0
SG5GC250W,Monitor Audio GoldC250 Centre (White),28600.0,19734.0
SG5GFXB,Monitor Audio GoldFX Surround (Black),45034.78,31074.0
SG5GFXE,Monitor Audio GoldFX Surround (Ebony),45034.78,31074.0
SG5GFXWN,Monitor Audio GoldFX Surround (Walnut),45034.78,31074.0
SG5GW12E,Monitor Audio GoldW12 Subwoofer (Ebony),55382.61,38214.0
SG5GW12WN,Monitor Audio GoldW12 Subwoofer (Walnut),55382.61,38214.0
SHYPHNW,Monitor Audio Hyphn Pure Satin White,1434782.61,990000.01
SICS8,Monitor Audio ICS8 In-celing Subwoofer,14947.83,10314.0
IMS4,Monitor Audio IMS4 Music Streamer,44773.91,30894.0
SIV140,Monitor Audio IV140 Invisible In-wall,12513.04,8634.0
IWA250,Monitor Audio IWA250 Subwoofer Amplifier,8513.039999999999,5874.0
IWB10,Monitor Audio IWB10 back box for IWS10,3295.6499999999996,2274.0
IWS10,Monitor Audio IWS10 In-wall Subwoofer,8513.039999999999,5874.0
CFB3KIT,Monitor Audio Mini Inceling Retrofit Kit,947.8299999999999,872.0
SCPPC,Monitor Audio Platinum In-ceiling II,27730.43,19134.0
SP3G100B,Monitor Audio Platinum100 B/Shelf(Black),86947.83,59994.0
SP3G200B,Monitor Audio Platinum200 F/Stand(Black),173904.35,119994.0
SP3G200E,Monitor Audio Platinum200 F/Stand(Ebony),173904.35,119994.0
SP3G300B,Monitor Audio Platinum300 F/Stand(Black),226078.26,155994.0
SP3G300E,Monitor Audio Platinum300 F/Stand(Ebony),226078.26,155994.0
SP3GC250B,Monitor Audio PlatinumC250 Centre(Black),77382.61,53394.0
SPRO80,Monitor Audio Pro80 (Pack of 5),10869.57,7500.0
RADSTW,Monitor Audio Radius  Stand (White),4165.219999999999,3832.0
SRAD390BL,Monitor Audio Radius 390 (Black Gloss),17991.3,12414.0
RADSTBL,Monitor Audio Radius Stand (Black),4165.219999999999,3832.0
SRAD200BL,Monitor Audio Radius200 Centre (Black),5817.389999999999,4014.0
SRAD200SW,Monitor Audio Radius200 Centre (White),5817.389999999999,4014.0
SRAD225BL,Monitor Audio Radius225 LCR (Black),8426.09,5814.0
SRAD225SW,Monitor Audio Radius225 LCR (White),8426.09,5814.0
SRAD270BL,Monitor Audio Radius270 F/Stander(Black),21295.65,14694.0
SRAD270SW,Monitor Audio Radius270 F/Stander(White),21295.65,14694.0
SRAD380SW,Monitor Audio Radius380 Sub (White),14860.87,10254.0
SRAD390SW,Monitor Audio Radius390 Sub (White),17991.3,12414.0
SRAD90BL,Monitor Audio Radius90 Sat (Black),10339.130000000001,7134.0
SRAD90SW,Monitor Audio Radius90 Sat (White),10339.130000000001,7134.0
SRAD1SW,Monitor Audio RadiusONE L/C/R (White),14860.87,10254.0
BSB,Monitor Audio SB  Bracket,600.0,552.0
SB2B,Monitor Audio SB2 Soundbar (Black),13208.7,9114.0
SB3B,Monitor Audio SB3 Soundbar (Black),16513.04,11394.0
SB4B,Monitor Audio SB4 Soundbar (Black),19643.48,13554.0
SSF1BI,Monitor Audio SF 1 In-wall (Black Gloss),14078.26,9714.0
SSF1B,Monitor Audio SF 1 On-wall (Black Gloss),14078.26,9714.0
SSF1W,Monitor Audio SF 1 On-wall (White Gloss),14078.26,9714.0
SSF2WI,Monitor Audio SF 2 In-wall (White Gloss),14078.26,9714.0
SSF2B,Monitor Audio SF 2 On-wall (Black Gloss),14078.26,9714.0
SSF2W,Monitor Audio SF 2 On-wall (White Gloss),14078.26,9714.0
SSF3B,Monitor Audio SF 3 On-Wall (Black Gloss),7121.74,4914.0
SSF3W,Monitor Audio SF3 On-Wall (White),7121.74,4914.0
SWSSIWSPK,Monitor Audio SWS130/230/430 In-wall Box,517.39,356.99
SS7G100BL,Monitor Audio Silver100 B/Shelf (Black),14773.91,10194.0
SS7G100BG,Monitor Audio Silver100 B/Shelf (GBlack),14773.91,10194.0
SS7G100WN,Monitor Audio Silver100 B/Shelf (Walnut),14773.91,10194.0
SS7G100W,Monitor Audio Silver100 B/Shelf (White),14773.91,10194.0
MASYS4Bpx,Monitor Audio Silver100/Denon AVRX2800H 5.1 System (Black),65034.78,53341.55
MASYS4GBpx,Monitor Audio Silver100/Denon AVRX2800H 5.1 System (GBlack),65034.78,53341.55
MASYS4WNpx,Monitor Audio Silver100/Denon AVRX2800H 5.1 System (Walnut),65034.78,53341.55
MASYS4Wpx,Monitor Audio Silver100/Denon AVRX2800H 5.1 System (White),65034.78,53341.55
SS7G200BL,Monitor Audio Silver200 F/Stander(Black),23469.57,16194.0
SS7G200W,Monitor Audio Silver200 F/Stander(White),23469.57,16194.0
MASYS5Bpx,Monitor Audio Silver200/Denon AVRX2800H 5.1 System (Black),72860.87000000001,59611.55
MASYS5GBpx,Monitor Audio Silver200/Denon AVRX2800H 5.1 System (GBlack),72860.87000000001,59611.55
MASYS5WNpx,Monitor Audio Silver200/Denon AVRX2800H 5.1 System (Walnut),72860.87000000001,59611.55
MASYS5Wpx,Monitor Audio Silver200/Denon AVRX2800H 5.1 System (White),72860.87000000001,59611.55
SS7G200BG,Monitor Audio Silver200F/Stander(GBlack),23469.57,16194.0
SS7G200WN,Monitor Audio Silver200F/Stander(Walnut),23469.57,16194.0
SS7G300BL,Monitor Audio Silver300 F/Stander(Black),29991.300000000003,20694.0
SS7G300W,Monitor Audio Silver300 F/Stander(White),29991.300000000003,20694.0
MASYS6Bpx,Monitor Audio Silver300/AVCX3800H 5.1 System (Black),96078.26000000001,79381.05
MASYS6GBpx,Monitor Audio Silver300/AVCX3800H 5.1 System (GBlack),96078.26000000001,79381.05
MASYS6WNpx,Monitor Audio Silver300/AVCX3800H 5.1 System (Walnut),96078.26000000001,79381.05
MASYS6Wpx,Monitor Audio Silver300/AVCX3800H 5.1 System (White),96078.26000000001,79381.05
SS7G300BG,Monitor Audio Silver300F/Stander(GBlack),29991.300000000003,20694.0
SS7G300WN,Monitor Audio Silver300F/Stander(Walnut),29991.300000000003,20694.0
SS7G50BL,Monitor Audio Silver50 B/Shelf (Black),11295.65,7794.0
SS7G50BG,Monitor Audio Silver50 B/Shelf (GBlack),11295.65,7794.0
SS7G50WN,Monitor Audio Silver50 B/Shelf (Walnut),11295.65,7794.0
SS7G50W,Monitor Audio Silver50 B/Shelf (White),11295.65,7794.0
SS7G500BL,Monitor Audio Silver500 F/Stander(Black),34773.91,23994.0
SS7G500W,Monitor Audio Silver500 F/Stander(White),34773.91,23994.0
MASYS7Bpx,Monitor Audio Silver500/AVCX3800H 5.1 System (Black),107817.39000000001,88786.05
MASYS7GBpx,Monitor Audio Silver500/AVCX3800H 5.1 System (GBlack),107817.39000000001,88786.05
MASYS7WNpx,Monitor Audio Silver500/AVCX3800H 5.1 System (Walnut),107817.39000000001,88786.05
MASYS7Wpx,Monitor Audio Silver500/AVCX3800H 5.1 System (White),107817.39000000001,88786.05
SS7G500BG,Monitor Audio Silver500F/Stander(GBlack),34773.91,23994.0
SS7G500WN,Monitor Audio Silver500F/Stander(Walnut),34773.91,23994.0
SS7GAMSBG,Monitor Audio SilverAMS ATM/Sur (GBlack),13034.78,8994.0
SS7GAMSW,Monitor Audio SilverAMS ATM/Sur (White),13034.78,8994.0
SS7GC250BL,Monitor Audio SilverC250 Centre (Black),12165.220000000001,8394.0
SS7GC250BG,Monitor Audio SilverC250 Centre (GBlack),12165.220000000001,8394.0
SS7GC250WN,Monitor Audio SilverC250 Centre (Walnut),12165.220000000001,8394.0
SS7GC250W,Monitor Audio SilverC250 Centre (White),12165.220000000001,8394.0
SS7GFXBG,Monitor Audio SilverFX Surround (GBlack),12165.220000000001,8394.0
SS7GFXW,Monitor Audio SilverFX Surround (White),12165.220000000001,8394.0
MASMB,Monitor Audio Speaker Mount (Black),426.09,392.0
MASMS,Monitor Audio Speaker Mount (Silver),426.09,392.0
MASMW,Monitor Audio Speaker Mount (White),426.09,392.0
STANDW,Monitor Audio Stand (White),8339.13,7672.0
SV240B,Monitor Audio Vecta 240 Sat (Black),7556.5199999999995,5214.0
SV240W,Monitor Audio Vecta 240 Sat (White),7556.5199999999995,5214.0
BVMB,Monitor Audio Vecta Bracket (Black),686.96,632.0
BVMW,Monitor Audio Vecta Bracket (White),686.96,632.0
BVMBC,Monitor Audio Vecta Corner Brkt (Black),686.96,632.0
SCW165,Monitor Audio W165 In-wall,3121.74,2154.0
SCW180,Monitor Audio W180 In-wall,3817.39,2634.0
SWSS130,Monitor Audio WSS130 Super Slim In-wall,5469.57,3774.0
SWSS230,Monitor Audio WSS230 Super Slim In-wall,7034.78,4854.0
SWSS430,Monitor Audio WSS430 Super Slim In-wall,9817.39,6774.0
UA-Intercom-Viewer,Monitor for UniFi Access door intercom,5217.389999999999,2930.0
MWIFI,Monthly WIfi prorate March 2026,336.67,336.67
MVCHBEU1BLK,Move Charging Base EU (Black) 8519.8990.90,1477.3899999999999,1181.9099999999999
MVCHBEU1,Move Charging Base EU (White) 8504.40.82,1477.3899999999999,1181.9099999999999
MVBATWW1BLK,Move Replacement Battery Kit WW (Black) 8507.60.00,1121.73,897.38
MVBATWW1,Move Replacement Battery Kit WW (White) 8507.60.00,1121.73,897.38
MP-02WIEC,Multi Plug 1x16A 1x5A 0.5m IEC Cord,65.0,45.0
MP-06W,Multi Plug 3x16A 3x5A 0.5m Cord,85.0,65.0
MP-06WIEC,Multi Plug 3x16A 3x5A 0.5m IEC Cord,105.0,80.0
MP-08WU,Multi Plug 4x16A 4x5A 2xUSB 0.5m Cord,190.0,135.0
MP-10W,Multi Plug 5x16A 5x5A 0.5m Cord,130.0,95.0
MP-10WIEC,Multi Plug 5x16A 5x5A 0.5m IEC Cord,145.0,100.0
MP-10W3M,Multi Plug 5x16A 5x5A 3m Cord,215.0,150.0
MP-10W5M,Multi Plug 5x16A 5x5A 5m Cord,275.0,195.0
Multi Territory PSU 24V 1A,Multi Territory PSU 24V 1A,478.26,286.96
MZMA,Multi Zone Matrix Amp (6x4) 55,69564.35,41738.61
DHI-DSSExpress8-MultiSite-License,"Multi-site ability license for DSS Express V8, supports to be accessed by DSS Professional PC Clients remotely.",25532.760000000002,17608.8
DH-GSFP-850-MMF,"Multiple mode double fiber;
LC port;
850nm sending, and 850nm receiving;
Transmission distance up to 550m;",651.78,449.5
MYLAR4CCORE1M,Mylar 4 core 1m,9.9,9.9
NANO-BP-P5,NANO BACKPACK P5,21765.22,13059.140000000001
DLA-NZ7,NATIVE 4K (4096 x 2160)/ 1900lm/ Native Contrast Ratio of 80000:1 (Dynamic Contrast Ratio 800000,347825.22000000003,243477.65000000002
STP-NEONACC-00,NEON ACCESSORY PACK,861.74,689.4
STP-NEON10MOD-00,NEON LIGHT STRIP - OUTDOOR (10M),19389.57,15511.66
NEXT7345,NEXT 7345 DesignMount,9469.57,5681.74
NEXT7346,NEXT 7346 LG OLED Mount,9556.519999999999,5733.91
NEXT7355,NEXT 7355 MotionMount EU,20513.04,12307.83
NEXT7356,NEXT 7356 MotionMount Universal OLED EU,21643.48,12986.09
NEXT7825,NEXT 7825 AV Support,2078.2599999999998,1246.96
NEXT7840,NEXT 7840 Cable Cover,2078.2599999999998,1246.96
NEXT8365,NEXT 8365 SoundMount EU,1938.26,1162.96
NEXT8375,NEXT 8375 MotionSoundMount EU,26408.7,15845.220000000001
NEXTOP1,NEXT OP1 TV Floorstand Light Oak,26955.65,11092.17
NEXTOP2,NEXT OP2 TV Floorstand Light Oak,30433.91,12480.0
NEXTOPHANG,NEXT OPHANG Console Holder,2313.04,1387.83
VID-NTSCPAL,NTSC / PAL converter,723.55,499.0
GSM4210PD-100EUS,Netgear GSM4210PD 8x1G PoE+ 110W 1x1G and 1xSFP Managed Switch,15035.7142857143,10525.0
Network Point,Network Point Panel,0.0,0.0
NP,Network Point Wireless,550.0,225.0
CL2250BV2,New Classic 2250 v2 Black,54773.91,32864.35
GPS-OB22,OBD VEHICLE TRACKER (plug & play)  with compact design,0.0,0.0
OBERON 1 B,OBERON 1 BLACK BOOKSHELF SPEAKER,7817.389999999999,5733.91
OBERON 1 W,OBERON 1 WHITE BOOKSHELF SPEAKER,7817.389999999999,5733.91
OBERON 3 B,OBERON 3 BLACK BOOKSHELF SPEAKER,10426.09,6255.65
OBERON 3 DWAL,OBERON 3 DARK WALNUT BOOKSHELF SPEAKER,10426.09,6255.65
OBERON 3 W,OBERON 3 WHITE BOOKSHELF SPEAKER,10426.09,6255.65
OBERON 5 B,OBERON 5 BLACK FLOOR STANDING SPEAKER,15643.480000000001,9386.09
OBERON 5 WAL,OBERON 5 DARK WALNUT FLOOR STANDING SPEAKER,15643.480000000001,9386.09
OBERON 5 W,OBERON 5 WHITE FLOOR STANDING SPEAKER,15643.480000000001,9386.09
OBERON 5 WO,OBERON 5 WHITE OAK FLOOR STANDING SPEAKER,15643.480000000001,9386.09
OBERON 7 B,OBERON 7 BLACK FLOOR STANDING SPEAKER,21738.260000000002,11994.78
OBERON 7 DWAL,OBERON 7 DARK WALNUT FLOOR STANDING SPEAKER,21738.260000000002,11994.78
OBERON 7 W,OBERON 7 WHITE FLOOR STANDING SPEAKER test,21738.260000000002,13042.960000000001
OBERON OW B,OBERON ON-WALL BLACK,11303.48,6255.65
OBERON OW DWAL,OBERON ON-WALL DARK WALLNUT,11303.48,0.0
OBERON OW W,OBERON ON-WALL WHITE,11303.48,6255.65
OBERON VOK B,OBERON VOKAL BLACK,7295.65,4377.389999999999
OBERON VOK DWAL,OBERON VOKAL DARK WALLNUT,7295.65,4377.389999999999
OBERON VOK W,OBERON VOKAL WHITE,7295.65,4377.389999999999
SEN-OCC24V-00,OCCUPANCY SENSOR 24V CONTACT,4924.349999999999,3447.0499999999997
OPADBWW1BLK,OPTICAL ADAPTER 5-PACK,1477.3899999999999,0.0
OPTICON 2 B,OPTICON 2 BLACK BOOKSHELF SPEAKER,20868.7,12521.220000000001
OPTICON 5 W,OPTICON 5 WHITE FLOOR STANDING SPEAKER,26947.83,16168.7
OPTICON 8 B,OPTICON 8 BLACK FLOOR STANDING SPEAKER,58260.0,31299.13
OPTICON 8 MK2 B,OPTICON 8 BLACK FLOOR STANDING SPEAKER,58260.0,34956.0
OPTICON VOK B,OPTICON VOKAL BLACK CENTER SPEAKER,10426.09,6255.65
OPTICON VOK W,OPTICON VOKAL WHITE CENTER SPEAKER,10426.09,6255.65
OPTICON LCR W,OPTICON WHITE LEFT CENTER RIGHT,12600.0,7560.0
SKIN-GUARDIAN-BUCK,ORANGE SILICON SKIN FOR THE GUARDIAN CAMERA,648.6999999999999,518.96
SKIN-ORBIT-ORANGE,ORANGE SILICON SKIN FOR THE ORBIT CAMERA,741.74,593.4
SST-OTEMP1-00,OUTDOOR REMOTE TEMPERATURE SENSOR,2412.17,1447.31
OMI,Offsite Monitoring Integration,1.0,0.0
OLARM MAX,Olarm MAX empowers you to monitor and manage a broad spectrum of security peripherals conveniently from your phone with the Olarm APP.,1129.57,895.0
DHI-DSSPro8-GroupTalk-Module-License,One Group Talk license for DSS Professional V8. Prerequisite: Video surveillance base package and MPT devices access. If there are more than 16 MPT de,63831.9,44022.0
DHI-DSSPro8-LEDScreen-Device-License,"One LED Screen device license for DSS Professional V8.
Prerequisite: Video surveillance base package, parking module license.",1278.32,881.6
DHI-DSSPro8-Lift Controller-License,"One Lift controller channel license for DSS Professional V8, no prerequisite.",2127.73,1467.3999999999999
DHI-DSSPro8-POS-Channel-License,"One POS channel license for DSS Professional V8, no prerequisite.",1150.07,793.15
DHI-DSSPro8-Parkingspace-License,"One Parking Spacing license for DSS Professional V8.
Prerequisite: Video surveillance base package, parking module license, and smart video parking de",86.2,59.45
DHI-DSSPro8-SSM-Device-License,"One Security Screening Machine device license for DSS Professional V8, no prerequisite.",34043.68,23478.4
DHI-DSSPro8-WMD-Device-License,"One Walk-through Metal Detector device license for DSS Professional V8, no prerequisite.",12766.380000000001,8804.4
DHI-DSSExpress8-Door-Channel-License,"One access control channel license for DSS Express V8, no prerequisite.
Note: For access control devices with video channels, the video channel licens",384.76,265.35
DHI-DSSExpress8-Alarm-Device-License,"One alarm controller device license for DSS Express V8, no prerequisite.",1150.07,793.15
DHI-DSSPro8-Alarm-Device-License,"One alarm controller device license for DSS Professional V8, no prerequisite.",2298.0299999999997,1584.85
DHI-DSSPro8-Attendance-Module-License,"One attendance management module license for DSS Professional V8. 
Prerequisite: Access control channel base package. If there are more than 16 access",20669.68,14254.95
DHI-DSSPro8-Emergency-Device-License,"One emergency call device license for DSS Professional V8, no prerequisite.",4593.96,3168.25
DHI-DSSPro8-Radar-Device-License,"One radar device license for DSS Professional V8, no prerequisite.",4593.96,3168.25
DHI-DSSPro8-Bridge Connector-License,One third-party system event synchronization license for DSS Professional V8,42554.6,29348.0
DHI-DSSExpress8-Parking-Module-License,"One vehicle entrance and exit management module license for DSS Express V8. 
Supported:  vehicle entrance and exit rule management, calling center fro",13779.79,9503.3
DHI-DSSPro8-Parking-Module-License,"One vehicle entrance and exit management module license for DSS Professional V8. 
Prerequisite: Video surveillance base package. If there are more tha",13779.79,9503.3
DHI-DSSExpress8-Video-Channel-License,"One video channel license for DSS Express V8, no prerequisite.
Note: It can support up to 65 video channels by purchasing one video license.",767.41,529.25
DHI-DSSExpress8-VDP-Device-License,"One video intercom device license for DSS Express V8, no prerequisite, supported video intercom device includes VTO, VTH, VTS, etc.",384.76,265.35
DHI-DSSPro8-VDP-Device-License,"One video intercom device license for DSS Professional V8, no prerequisite, supported video intercom devices include VTO, VTH, VTS, etc.",576.09,397.3
DHI-DSSExpress8-Care-License/Per year,"One year care service license of one channel or device for DSS Express V8.
Supported: bug fix, delivery patch to the customer, the third-party develop",77.79,53.65
DHI-DSSPro8-Care-License/Per year,"One year care service license of one channel or device for DSS Professional V8.
Supported: bug fix, delivery patch to the customer, the third-party de",153.48,105.85
OA62,OneAcoustic 6.5inch In-ceiling Speaker Pair,2173.04,1303.83
OA82,OneAcoustic 8inch In-ceiling Speaker Pair,2868.7,1721.2199999999998
TXNR5100M2BMMP,Onkyo TX-NR5100 7.2-Channel Network 8K AV Receiver,16086.09,12782.0
TXNR6100M2BMMP,Onkyo TX-NR6100 7.2-Channel THX Certified Network 8K AV Receiver,19999.13,13999.390000000001
TX-NR7100,Onkyo TX-NR7100 9.2-Channel THX Certified 8K AV Receiver,28694.780000000002,20086.350000000002
TX-RZ50,Onkyo TX-RZ50 9.2-Channel THX Certified AV Receiver,39129.57,23477.74
TXNR6100BMMP,Onkyo TXNR6100 7.2-Channel THX Certified AV Reciever,20868.7,14608.09
TXNR696M3BMMP,Onkyo TXNR696 7.2-Cannel Network AV Receiver,19129.57,13390.7
TXSR494DABBMMP,Onkyo TXSR494 Bluetooth Reciever Dolby Atmoas and DTS:X,13912.17,9738.519999999999
OPTSPL,Optical Splitter HDANYWHERE,607.83,364.7
DS-UPS1000/SA,Oversea UPS,1616.2142857142899,1131.35
FNIP-6x2AD,P5 - FNIP-6X2AD - 6 CHANNEL ETHERNET SMART DIMMER WITH ENERGY METERING,18933.91,13253.74
FNIP-12XPWM,P5 12 Channel Ethernet Low-Voltage Led Dimmer,11360.0,7952.0
FNIP-12XMZT,P5 12 Zone Ethernet Thermostat,13884.35,9719.05
FNIP-RGB&010,P5 4 Channel Ethernet Low Voltage LED Dimmer and 0-10v Output module,9466.96,6626.87
FNIP-4XSH,P5 4 Channel Ethernet Window Shading Controller,9466.96,6626.87
FNIP-8x16A.v4,P5 8 channel relay unit,9466.96,6626.87
PA-1265,PA-469 SWIVEL MOUNT BRACKET,121.71428571428599,85.2
PB050,PB 050 DISPLAY TABLE STAND,4346.96,3042.87
PB150,PB 150 DISPLAY TROLLEY 150CM,9390.43,6573.299999999999
PB175,PB 175 DISPLAY TROLLEY 175CM,10173.04,7121.129999999999
STR601PV-HD,PEOC (Power & Ethernet over coax) coverter  - Enable Power & Ethernet over coax coverter 400m,723.55,499.0
PFA9001,PFA 9001 TURN&TILT UNIT,2539.1299999999997,1777.3899999999999
PFA9002,PFA 9002 DUAL TURN&TILT UNIT,2539.1299999999997,1777.3899999999999
PFA9003,PFA 9003 EXTENSION POLE 150CM,1913.04,1339.1299999999999
PFA9004,PFA 9004 EXTENSION POLE 300CM,2773.91,1941.7399999999998
PFA9006,PFA 9006 STABILISATION KIT,1530.4299999999998,1071.3
PFA9007,PFA 9007 JOIST ADAPTER,669.5699999999999,468.7
PFA9008,PFA 9008 ANTI-THEFT LOCK SET FOR FAU 3125/3150,278.26,194.78
PFA9010,PFA 9010 CEILING PLATE,278.26,194.78
PFA9011,PFA 9011 DISPLAY FIXED FLOOR STAND,11400.0,7980.0
PFA9015,PFA 9015 EXTENSION POLE 80CM,1295.6499999999999,906.96
PFA9016,PFA 9016 EXTENSION POLE 30CM,721.74,505.21999999999997
PFA9023,PFA 9023 POLE COUPLER 9000 SERIES,1643.4799999999998,1150.4299999999998
PFA9028,PFA 9028 FLOOR PLATE 9000 SERIES,947.8299999999999,663.48
PFA9030,PFA 9030 TURN&TILT UNIT,1295.6499999999999,906.96
PFA9033,PFA 9033 ACCESSORY SHELF,3999.1299999999997,2799.39
PFA9034,PFA 9034 LOCKING CABINET,6694.78,4686.349999999999
PFA9038,PFA 9038 ACCESSORY SHELF FOR PFA POLES PFF 1550/1570 & PFA 9011,4086.0899999999997,2860.2599999999998
PFA9052,PFA 9052 LOCKING CABINET LARGE,9303.48,6512.429999999999
PFA9100,PFA 9100 MOUNTING KIT INSERTS M5/M8,113.03999999999999,79.13
PFA9101,PFA 9101 CONNECT-IT SMALL FLOOR PLATE,582.61,407.83
PFA9102,PFA 9102 DUAL MONITOR ADAPTER,4086.0899999999997,2860.2599999999998
PFA9103,PFA 9103 CONNECT-IT LARGE FLOOR PLATE,955.65,668.96
PFA9104,PFA 9104 CONNECT-IT LARGE  BAR COUPLER,1303.48,912.43
PFA9105,PFA 9105 WHITE POLE COVERS FOR PUC 23XX SERIES,52.17,36.52
PFA9106,PFA 9106 WHITE CEILING COVERS FOR PUC 21XX AND 23XX SERIES,42.61,29.830000000000002
PFA9107,PFA 9107 WHITE POLE COVERS FOR PUC 25XX SERIES,120.87,84.61
PFA9108,PFA 9108 WHITE CEILING COVERS FOR PUC 25XX SERIES,77.39,54.17
PFA9109,PFA 9109 PADLOCK FOR PFS 33XX,207.82999999999998,145.48
PFA9112,PFA 9112 CONNECT-IT LOCKING CABINET SMALL,9042.609999999999,6329.83
PFA9113,PFA 9113 CONNECT-IT LOCKING CABINET LARGE,9390.43,6573.299999999999
PFA9114,PFA 9114 WHEELS HEAVY DUTY,3477.39,2434.17
PFA9115,PFA 9115 BACK COVERS 42-47 INCH BLACK,7825.219999999999,5477.65
PFA9116,PFA 9116 BACK COVERS 50-55 INCH BLACK,9042.609999999999,6329.83
PFA9117,PFA 9117 WALL MOUNT SUPPORT FOR PFWE 7150,5825.219999999999,4077.6499999999996
PFA9118,PFA 9118 PC HOLDER FOR PFTE 7112,2607.83,1825.4799999999998
PFA9119,PFA 9119 ELECTRONIC SAFETY STRIP,4346.96,3042.87
PFA9120,PFA 9120 BACK COVERS 42-47 INCH PORTRAIT,8607.83,6025.48
PFA9121,PFA 9121 BACK COVERS 50-55 INCH PORTRAIT,9825.22,6877.65
PFA9122,PFA 9122 Z-BRACKET,1477.3899999999999,1034.1699999999998
PFA9123,PFA 9123 MOUNTING KIT PFB 34XX TO PUC 23XX,139.13,97.39
PFA9124,PFA 9124 TROLLEY GRIP,520.87,364.61
PFA9125,PFA 9125 DUAL DESK MOUNT ADAPTER,3651.2999999999997,2555.91
PFA9126,PFA 9126 PFB 34XX BRACKET KIT,416.52,291.57
PFA9127,PFA 9127 ACCESSORY CLAMP,1477.3899999999999,1034.1699999999998
PFA9128,PFA 9128 CABLE CLIP PFB 34xx 20PCS/BOX,955.65,668.96
PFA9129,PFA 9129 CONNECT-IT VIDEO WALL CROSS BAR 1150MM,5129.57,3590.7
PFA9130,PFA 9130 CONNECT-IT VIDEO WALL CROSS BAR 1500MM,5912.17,4138.5199999999995
PFA9131,PFA 9131 CONNECT-IT POLE COUPLER FOR PUC 29xx,1721.74,1205.22
PFA9132,PFA 9132 CONNECT-IT FLOOR / CEILING SUPPORT,3477.39,2434.17
PFA9133,PFA 9133 CONNECT-IT WALL SUPPORT SLIDING BRACKET,2686.96,1880.87
PFA9134,PFA 9134 WALL BRACKET MOTORIZED DISPLAY LIFT,1382.61,967.8299999999999
PFA9136,PFA 9136 UNISEE MOUNTING ADAPTER 9  PCS,7129.57,4990.7
PFA9137,PFA 9137 UNISEE MOUNTING BOX,781.74,547.22
PFA9138,PFA 9138 UNISEE SPACER STRAIGHT VIDEO WALL,1825.2199999999998,1277.6499999999999
PFA9139,PFA 9139 ANGLED ADAPTER FOR PFW 6875,6121.74,4285.219999999999
PFA9140,PFA 9140 UNISEE SPACER CURVED VIDEO WALL 0-10 DEGREE,51303.48,35912.43
PFA9145,PFA 9145 COLUMN CLAMP CONNECT-IT,4520.87,3164.6099999999997
PFA9146,PFA 9146 INTERFACE EXTENDER 800x400,1704.35,1193.04
PFA9147,PFA 9147 COVER FOR PFI 3061/3062,1704.35,1193.04
PFA9150,PFA 9150 UNISEE PORTRAIT EVEN,40868.700000000004,28608.09
PFA9151,PFA 9151 UNISEE SPACER PORTRAIT UNEVEN,40868.700000000004,28608.09
PFA9031,PFA9031 Column Clamp,2947.83,2063.48
PFB3402B,PFB 3402 INTERFACE BAR 290MM BLACK,1104.35,851.5699999999999
PFB3402,PFB 3402 INTERFACE BAR 290MM SILVER,1529.57,1070.7
PFB3405B,PFB 3405 INTERFACE BAR 515MM BLACK,1400.0,851.5699999999999
PFB3407B,PFB 3407 INTERFACE BAR 715MM BLACK,1686.9599999999998,1338.52
PFB3409B,PFB 3409 INTERFACE BAR 915MM BLACK,1956.52,1521.1299999999999
PFB3411B,PFB 3411 INTERFACE BAR 1175MM BLACK,2373.91,1825.4799999999998
PFB3419B,PFB 3419 INTERFACE BAR 1915MM BLACK,5738.259999999999,3042.87
PFB3427B,PFB 3427 INTERFACE BAR 2765MM BLACK,5165.219999999999,4016.7799999999997
PFB3433B,PFB 3433 INTERFACE BAR 3315MM BLACK,8694.779999999999,4868.96
PFC555,PFC 555 DISPLAY CEILING KIT,4695.0,3286.35
PFC585,PFC 585 DISPLAY CEILING KIT,5390.0,3773.2999999999997
PFD8522,PFD 8522 DESK MOUNT 2 PIVOTS,4607.83,3225.48
PFD8523,PFD 8523 DESK MOUNT 3 PIVOTS,4868.7,3408.0899999999997
PFD8541,PFD 8541 DESK MOUNT GAS SPRING LIGHT - MEDIUM,6955.65,4868.96
PFD8543,PFD 8543 DESK MOUNT GAS SPRING MEDIUM - HEAVY,6955.65,4868.96
PFF1550,PFF 1550 DISPLAY FLOOR STAND 150CM,15765.220000000001,11035.65
PFF1570,PFF 1570 DISPLAY FLOOR STAND 170CM,16904.350000000002,11833.04
PFF2420,PFF 2420 DISPLAY FLOOR STAND,26520.870000000003,18564.61
PFF5100,PFF 5100 VIDEO CONFERENCING FURNITURE,83216.52,58251.57
PFF5211,PFF 5211 VIDEO CONFERENCING FURNITURE,86955.65000000001,60868.96
PFF7020,PFF 7020 FLOOR PLATE LARGE Black,7825.219999999999,5477.65
PFF7025,PFF 7025 FLOOR PLATE LARGE BLACK,5286.96,3700.87
PFF7030,PFF 7030 FLOOR PLATE EXTRA LARGE Black,10694.78,7486.349999999999
PFF7040,PFF 7040 FLOOR PLATE BACK TO BACK LARGE Black,9564.349999999999,6695.04
PFF7050,PFF 7050 FLOOR PLATE BACK TO BACK EXTRA LARGE Black,9156.519999999999,6409.57
PFF7060,PFF 7060 FLOOR MOUNTING PLATE Black,2173.04,1521.1299999999999
PFF7805,PFF 7805 VIDEO WALL FLOOR STAND 2X2 FOR 46-55 INCH,111486.96,78040.87000000001
PFF7810,PFF 7810 VIDEO WALL FLOOR STAND 3X3 FOR 46 INCH,156626.09,109638.26000000001
PFF7920,PFF 7920 CONNECT-IT VIDEO WALL FLOOR STAND BASE,8694.779999999999,6086.349999999999
PFF7960,PFF 7960 CONNECT-IT FLOOR MOUNTING PLATE,4617.389999999999,3232.1699999999996
PFF7965,PFF 7965 FLOOR PLATE ADJUSTABLE,9564.349999999999,6695.04
PFFE7105,PFFE 7105 MOTORIZED DISPLAY LIFT 50CM,11678.26,8174.78
PFFE7106,PFFE 7106 MOTORIZED DISPLAY LIFT 60CM,12373.91,8661.74
PFFE7109,PFFE 7109 MOTORIZED DISPLAY LIFT 99CM,18843.48,13190.43
PFFE7131,PFFE 7131 MOTORIZED DISPLAY LIFT,23365.22,16355.650000000001
PFI3015,PFI 3015 INTERFACE 50X50 75X75 100X100,1216.52,851.5699999999999
PFI3035,PFI 3035 (TO BE REPLACED WITH PFI 3045),1643.4799999999998,1150.4299999999998
PFI3045,PFI 3045 INTERFACE 200X100 200X200,1564.35,1095.04
PFI3061,PFI 3061 INTERFACE BOX FOR PFFE 7105 / 7106,7295.65,5106.96
PFI3062,PFI 3062  INTERFACE BOX FOR for PFFE 7109,7295.65,5106.96
PFS3204,PFS 3204 INTERFACE DISPLAY STRIP 160 KG,2173.04,1521.1299999999999
PFS3208,PFS 3208 INTERFACE DISPLAY STRIP 160 KG,2868.7,2008.09
PFS3302,PFS 3302 INTERFACE DISPLAY STRIPS 300MM,1738.26,1216.78
PFS3304,PFS 3304 INTERFACE DISPLAY STRIPS 450MM,1912.1699999999998,1338.52
PFS3306,PFS 3306 INTERFACE DISPLAY STRIPS 630MM,2173.04,1521.1299999999999
PFS3308,PFS 3308 INTERFACE DISPLAY STRIPS 830MM,2433.91,1703.74
PFS3311,PFS 3311 INTERFACE DISPLAY STRIP 1130MM,3042.6099999999997,2129.83
PFS3504,PFS 3504 INTERFACE 3-D ADJUSTABLE DISPLAY STRIP,3477.39,2434.17
PFS3508,PFS 3508 INTERFACE 3-D ADJUSTABLE DISPLAY STRIP,4955.65,3468.9599999999996
PFT2515,PFT 2515 DISPLAY TROLLEY 59-64CM,21564.350000000002,15095.04
PFT2520,PFT 2520 DISPLAY TROLLEY 113-177CM,26433.91,18503.74
PFT8520,PFT 8520 TROLLEY FRAME LARGE Black,8346.96,5842.87
PFT8525,PFT 8525 TROLLEY FRAME LARGE BLACK,5486.96,3840.87
PFT8530,PFT 8530 TROLLEY FRAME EXTRA LARGE Black,10955.65,7668.959999999999
PFT8810,PFT 8810 VIDEO WALL TROLLEY 3X3,93043.48000000001,65130.43
PFT8920,PFT 8920 CONNECT-IT VIDEO WALL TROLLEY BASE,9477.39,6634.169999999999
PFTE7111,PFTE 7111 MOTORIZED DISPLAY TROLLEY WITH CABINET,73042.61,51129.83
PFTE7112,PFTE 7112 MOTORIZED DISPLAY TROLLEY,54781.740000000005,38347.22
PFTE7121,PFTE 7121 TOUCH TABLE MOTORIZED CABINET,113042.61,79129.83
PFW1030,PFW 1030 DISPLAY WALL MOUNT TURN &TILT,1912.1699999999998,1338.52
PFW1040,PFW 1040 DISPLAY WALL MOUNT TURN &TILT,2346.96,1642.87
PFW2020,PFW 2020 DISPLAY WALL MOUNT TURN AND TILT,1564.35,1095.04
PFW2030,PFW 2030 DISPLAY WALL MOUNT TURN AND TILT,2086.0899999999997,1460.26
PFW2040,PFW 2040 DISPLAY WALL MOUNT TURN AND TILT,2781.74,1947.2199999999998
PFW3030,PFW 3030 DISPLAY WALL MOUNT TURN AND TILT,2955.6499999999996,2068.96
PFW3040,PFW 3040 DISPLAY WALL MOUNT TURN AND TILT,4520.87,3164.6099999999997
PFW4200,PFW 4200 WALL MOUNT,860.86,395.04
PFW4210,PFW 4210 WALL MOUNT TILT,694.78,486.34999999999997
PFW4500,PFW 4500 DISPLAY WALL MOUNT FLAT,1216.52,851.5699999999999
PFW4510,PFW 4510 DISPLAY WALL MOUNT TILT,1738.26,1216.78
PFW4700,PFW 4700 DISPLAY WALL MOUNT FLAT,2086.0899999999997,1460.26
PFW4710,PFW 4710 DISPLAY WALL MOUNT TILT,2346.96,1642.87
PFW5808,PFW 5808 INTERFACE WALL PLATE XL 800MM,2373.91,1661.74
PFW5810,PFW 5810 INTERFACE WALL PLATE XL 1050 MM,2834.7799999999997,1984.35
PFW5814,PFW 5814 INTERFACE WALL PLATE XL 1450MM,3147.83,2203.48
PFW5870,PFW 5870 VIDEO WALL MODULE FIXED,8520.869999999999,5964.61
PFW5908,PFW 5908 INTERFACE DISPLAY STRIP SET XL 800MM,3904.35,2733.04
PFW5909,PFW 5909 INTERFACE DISPLAY STRIP SET XL 1050MM,4460.87,3122.6099999999997
PFW5914,PFW 5914 INTERFACE DISPLAY STRIP SET XL 1450MM,5686.96,3980.87
PFW6400,PFW 6400 DISPLAY WALL MOUNT FIXED,2433.91,1703.74
PFW6410,PFW 6410 DISPLAY WALL MOUNT TILT,3216.52,2251.5699999999997
PFW6800,PFW 6800 DISPLAY WALL MOUNT FIXED,2868.7,2008.09
PFW6810,PFW 6810 DISPLAY WALL MOUNT TILT,3651.2999999999997,2555.91
PFW6815,PFW 6815 DISPLAY WALL MOUNT PORTRAIT FIXED,3216.52,2251.5699999999997
PFW6850,PFW 6850 DISPLAY WALL MOUNT ULTRA FLAT TURN & TILT 45KG,14346.960000000001,10042.87
PFW6851,PFW 6851 DISPLAY WALL MOUNT TURN & TILT 80KG,9564.349999999999,6695.04
PFW6852,PFW 6852 DISPLAY WALL MOUNT TURN & TILT 136KG,16520.87,11564.61
PFW6854,PFW 6854 DISPLAY WALL MOUNT ROTATING,6139.129999999999,4297.389999999999
PFW6855,PFW 6855 DISPLAY WALL MOUNT TURN & TILT 227KG,30955.65,21668.96
PFW6858,PFW 6858 DISPLAY WALL MOUNT ROTATE 90°,9390.43,6573.299999999999
PFW6870,PFW 6870 VIDEO WALL POP-OUT MODULE,11999.130000000001,8399.39
PFW6875,PFW 6875 VIDEO WALL POP OUT MODULE PORTRAIT,13738.26,9616.779999999999
PFW6880,PFW 6880 VIDEO WALL POP-OUT MODULE SLIM,13042.61,9129.83
PFW6885,PFW 6885 VIDEO WALL POP-OUT MODULE PORTRAIT SLIM,14346.960000000001,10042.87
PFW6910,PFW 6910 DISPLAY WALL MOUNT TILT XXL,8173.039999999999,5721.129999999999
PFW950,PFW 950 RIGHT-ANGLED DISPLAY WALL MOUNT,6513.04,4559.13
PFW952,PFW 952 RIGHT-ANGLED DISPLAY WALL MOUNT FOR 2 DISPLAYS BACK-TO-BACK,7121.74,4985.219999999999
PFW3240,PFW3240 LCD Wall Support,1947.83,1363.48
PFWE7150,PFWE 7150 MOTORIZED DISPLAY WALL MOUNT,44346.96,31042.870000000003
PHA500,PHA 500 Cable sleeve,200.0,120.0
PHA600,PHA 600 Cable Cover,391.3,234.78
PHA700,PHA 700 AV Support,756.52,453.90999999999997
PHAN E-60,PHANTOM E-60 ROUND IN-CEILING SPEAKER,5208.7,3125.22
E-60 S,PHANTOM E-60 S,4346.96,2608.1699999999996
PHAN E-80,PHANTOM E-80 ROUND IN-CEILING SPEAKER,7295.65,4377.389999999999
PHAN H-60,PHANTOM H-60 SQUARE IN-CEILING SPEAKER,10426.09,6255.65
PHAN S-80,PHANTOM S-80 IN-WALL SPEAKER,26947.83,16168.7
PHW100L,PHW 100 L Fixed TV Wall Mount,1469.57,881.74
PHW100M,PHW 100 M Fixed TV Wall Mount,756.52,453.90999999999997
PHW100S,PHW 100 S Fixed TV Wall Mount,426.09,255.65
PHW200L,PHW 200 L Tilting TV Wall Mount,1730.4299999999998,1038.26
PHW200M,PHW 200 M Tilting TV Wall Mount,1260.87,756.52
PHW200S,PHW 200 S Tilting TV Wall Mount,756.52,453.90999999999997
PHW300L,PHW 300 L Full-Motion TV Wall Mount,3208.7,1925.2199999999998
PHW300M,PHW 300 M Full-Motion TV Wall Mount,2513.04,1507.83
PHW300S,PHW 300 S Full-Motion TV Wall Mount,1469.57,881.74
PHW400L,PHW 400 L  Full-Motion TV Wall Mount,4339.13,2603.48
PHW400M,PHW 400 M Full-Motion TV Wall Mount,3469.5699999999997,2081.74
PHW400S,PHW 400 S Full-Motion TV Wall Mount,2252.17,1351.3
PICTURESLIDE R65,PICTURESLIDE R65,19200.0,13440.0
PLA1001,PLA 1001 ACTUATOR BASE SET,26243.48,18370.43
PLA1002,PLA 1002 ACTUATOR EXTENSION SET,13104.35,9173.039999999999
PLA8105,PLA 8105 LED MOUNTING BOLTS M5 4 PCS,929.5699999999999,650.6999999999999
PLA8106,PLA 8106 LED MOUNTING BOLTS M6 4 PCS,929.5699999999999,650.6999999999999
PLA8108,PLA 8108 LED MOUNTING BOLTS M8 4 PCS,782.61,547.83
PLA8110,PLA 8110 LED MOUNTING BOLTS M10 4 PCS,782.61,547.83
PLA8201,PLA 8201 LED INTERFACE T/B,1052.1699999999998,736.52
PLA8202,PLA 8202 LED INTERFACE T/B,1052.1699999999998,736.52
PLA8203,PLA 8203 LED INTERFACE T/B,1052.1699999999998,736.52
PLA8204,PLA 8204 LED INTERFACE T/B,1052.1699999999998,736.52
PLA8205,PLA 8205 LED INTERFACE T/B,1052.1699999999998,736.52
PLA8206,PLA 8206 LED INTERFACE T/B,1052.1699999999998,736.52
PLA8207,PLA 8207 LED INTERFACE T/B,1052.1699999999998,736.52
PLA8208,PLA 8208 LED INTERFACE T/B,1052.1699999999998,736.52
PLA8209,PLA 8209 LED INTERFACE T/B,1052.1699999999998,736.52
PLA8210,PLA 8210 LED INTERFACE T/B,1052.1699999999998,736.52
PLA8211,PLA 8211 LED INTERFACE T/B,1052.1699999999998,736.52
PLA8301,PLA 8301 LED INTERFACE MIDDLE,1052.1699999999998,736.52
PLA8302,PLA 8302 LED INTERFACE MIDDLE,1052.1699999999998,736.52
PLA8303,PLA 8303 LED INTERFACE MIDDLE,1052.1699999999998,736.52
PLA8304,PLA 8304 LED INTERFACE MIDDLE,1052.1699999999998,736.52
PLA8305,PLA 8305 LED INTERFACE MIDDLE,1052.1699999999998,736.52
PLA8306,PLA 8306 LED INTERFACE MIDDLE,1243.48,870.43
PLA8307,PLA 8307 LED INTERFACE MIDDLE,1243.48,870.43
PLA8308,PLA 8308 LED INTERFACE MIDDLE,1052.1699999999998,736.52
PLA8309,PLA 8309 LED INTERFACE MIDDLE,1052.1699999999998,736.52
PLA8310,PLA 8310 LED INTERFACE MIDDLE,1052.1699999999998,736.52
PLA8311,PLA 8311 LED INTERFACE MIDDLE,1052.1699999999998,736.52
PLA8705,PLA 8705 LED MOUNTING BOLTS M5 EXTENDED 4PCS,1347.83,943.48
PLA8706,PLA 8706 LED MOUNTING BOLTS M6 EXTENDED 4PCS,1347.83,943.48
PLA8708,PLA 8708 LED MOUNTING BOLTS M8 EXTENDED 4PCS,1347.83,943.48
PLA8710,PLA 8710 LED MOUNTING BOLTS M5 EXTENDED 4PCS,1347.83,943.48
PLA8901,PLA 8901 LED BRACKET KIT PLA 83XX,1139.1299999999999,797.39
12BSPKP10,PLANETWAVES 12AWG Speaker Connector,1361.74,953.22
14BSPKP10,PLANETWAVES 14AWG Speaker Connector,1361.74,953.22
16BSPKP10,PLANETWAVES 16AWG Speaker Connector,1361.74,953.22
BCBNCP10,PLANETWAVES BNC Connectors-Male,1634.78,1144.35
CITK01,PLANETWAVES Cutter/Screwdriver Tool Kit,837.39,586.18
BCFP10,PLANETWAVES F Connectors-Male,1005.2199999999999,703.66
CXSCHD250,PLANETWAVES HD Coax-Black,5421.74,3795.22
CXSCHD250B,PLANETWAVES HD Coax-Blue,5421.74,3795.22
CXSCHD250G,PLANETWAVES HD Coax-Green,5421.74,3795.22
CXSCHD250R,PLANETWAVES HD Coax-Red,5421.74,3795.22
CXSCHD250W,PLANETWAVES HD Coax-White,5421.74,3795.22
CXDCHD250,PLANETWAVES HD Dual Coax-bLACK,10988.7,7692.089999999999
PSDNE,PLANETWAVES HDMI Port Saver Right Angle Down,258.26,180.79
PSLTE,PLANETWAVES HDMI Port Saver Right Angle Left,260.0,182.0
PSUPE,PLANETWAVES HDMI Port Saver Right Angle Up,260.0,182.0
PW-OPT-05,PLANETWAVES Optical Cable-5',324.34999999999997,227.04999999999998
CXSCP500,PLANETWAVES Pre-Wire Coax-Single-Black,3254.7799999999997,2278.35
BCRCAFP10,PLANETWAVES RCA Connectors-Female,1047.83,733.48
BCRCAP50,PLANETWAVES RCA Connectors-Male,4945.219999999999,3461.66
STRCAP10,PLANETWAVES RCA Connectors-Male,654.78,458.34999999999997
RCAP50,PLANETWAVES RCA Connectors-Male,3405.22,2383.66
BCRCAP10,PLANETWAVES RCA Connectors-Male,1079.1299999999999,755.4
STRCAP50,PLANETWAVES ST Series Gold Plated RCA 50 Pack,6664.349999999999,4665.049999999999
CBLT01,PLANETWAVES Universal Remote Tester,665.22,465.65999999999997
PFIXPLANO-00066,PLANO - 113 - Vision Acoustik 16:9,26752.170000000002,18726.52
PFIXPLANO-00544,PLANO- 128 - Amb Grey 16:9,25473.91,18717.39
PFIXPLANO-00063,PLANO-99-Ref White 16:9,14884.35,12904.35
PLAY1EU1,PLAY:1 WHITE,3477.39,2781.91
PL5G2EU1BLK,PLAY:5 (gen2) EU (Black),9556.519999999999,7645.219999999999
PL5G2EU1,PLAY:5 (gen2) EU (White),9564.349999999999,7651.48
PBAR1EU1BLK,PLAYBAR EU (Black),12173.04,9738.43
PBRWMWW1,PLAYBAR WALLMOUNT,520.87,416.69
PBASEEU1BLK,PLAYBASE BLACK,12173.04,0.0
PBASEEU1,PLAYBASE WHITE,12173.04,0.0
CLI-PLEN1C-00,PLENUM REMOTE SENSOR COMMERCIAL,3327.83,1996.6999999999998
CLI-PLEN1R-00,PLENUM REMOTE SENSOR RESIDENTIAL,3327.83,1996.6999999999998
PLM8030,PLM8030 Vertical Profile 3m,5390.429999999999,3773.2999999999997
PLS8001,PLS 8001 LED VERTICAL PROFILE MOUNTING STRIP,2433.91,1703.74
PLW1001,PLW 1001 1X2 LED VIDEO WALL MOUNT,1610260.87,1127182.61
PLW1002,PLW 1002 2X2 LED VIDEO WALL MOUNT,2283739.13,1598617.3900000001
PLW1003,PLW 1003 1X3 LED VIDEO WALL MOUNT,172765.22,120935.65000000001
PLW1004,PLW 1004 2X3 LED VIDEO WALL MOUNT,238565.22,166995.65000000002
PMA7901,PMA 7901 MEDICALL WALL BOX,2478.2599999999998,1734.78
PMW7014,PMW 7014 MEDICAL WALL MOUNT 1-4KG,19139.13,13397.390000000001
PMW7038,PMW 7038 MEDICAL WALL MOUNT 3-8KG,19139.13,13397.390000000001
SHA-CB34-10,POCKET BRACKET KIT,1353.04,1082.4399999999998
SHA-CB5-10,POCKET SHADE COUPLER,1798.26,1438.61
POE-SPL,"POE injector & splitter kit for IP camera Power over Ethernet kit, including one passive splitter and one passive injector. It provides the most conve",85.55,59.0
UPS-BAT-CAS-2U-XRM-P,"POPULATED BATTERY CASE 2U FOR MP 2KVA/3KVA UPS..,",7035.71428571429,4925.0
P-LCRDM-MK2,PORTRAIT LCR-DM MK2,36842.61,22105.57
HST-DIRECTOR-00,POWER SYSTEM DIRECTOR,28262.61,16957.57
SEM-2015-00,POWER SYSTEM MONITOR,14837.390000000001,11869.92
PPA310,PPA 310 PROJECTOR ANTI THEFT HOUSING SMALL - MEDIUM,11042.61,7729.83
PPA320,PPA 320 PROJECTOR ANTI THEFT HOUSING LARGE,12607.83,744.35
PPA901,PPA 901 CEILING TILE HOLDER,4781.74,3347.22
PPA902,PPA 902 RF REMOTE CONTROL KIT,5999.129999999999,4199.389999999999
PPA903,PPA 903 CONTROL PAD FOR RD REMOTE CONTROL KIT,2607.83,1825.4799999999998
PPA904,PPA 904 LOW VOLTAGE CONTACT,4086.0899999999997,2860.2599999999998
PPA905,PPA 905 INTERFACE SWITCH 12V,4086.0899999999997,2860.2599999999998
PPA906,PPA 906 SMARTBOX RF FOR PPL 2500,23617.39,16532.170000000002
PPC1500,PPC 1500 PROJECTOR CEILING MOUNT,2520.87,1764.61
PPC1540,PPC 1540 PROJECTOR CEILING MOUNT LENGTH 40-55CM,3738.2599999999998,2616.7799999999997
PPC1555,PPC 1555 PROJECTOR CEILING MOUNT LENGTH 55-85CM,4260.0,2982.0
PPC1585,PPC 1585 PROJECTOR CEILING MOUNT LENGTH 85-135CM,5216.5199999999995,3651.5699999999997
PPC2500,PPC 2500 PROJECTOR CEILLING MOUNT,3738.2599999999998,2616.7799999999997
PPC2540,PPC 2540 PROJECTOR CEILING MOUNT LENGTH 40-55CM,6346.96,309.57
PPC2555,PPC 2555 PROJECTOR CEILING MOUNT LENGTH 55-85CM,6694.78,4686.349999999999
PPC2585,PPC 2585 PROJECTOR CEILING MOUNT LENGTH 85-135CM,7651.299999999999,5355.91
PPL2035,PPL 2035 PROJECTOR LIFT SYSTEM,31303.48,21912.43
PPL2100,PPL 2100 PROJECTOR LIFT SYSTEM,36173.04,25321.13
PPL2170,PPL 2170 PROJECTOR LIFT SYSTEM,42346.96,29642.870000000003
PPL2500,PPL 2500 PROJECTOR LIFT SYSTEM,180868.7,126608.09000000001
SAV-PROHOST,"PRO HOST, PLUS RUNTIME",115971.3,92777.05
P1LI58G512G11P,PROLINE DESKTOP ONE i5-12400 H610 8GB 512GB SSD WIFI BT WIN11PRO,10714.271428571401,7499.99
PS-S83T-WH,PS-S83T WHITE PRO SURFACE MOUNT (Pair),21737.39,0.0
40145,PS-S83T WHITE PRO SURFACE MOUNT (Pair),23565.22,14139.140000000001
40146,PS-S83T WHITE PRO SURFACE MOUNT (Single),14760.0,8856.0
PSP17006,PSP 17006 CISCO ADAPTER,1477.3899999999999,1034.1699999999998
PSP18001L,PSP 18001L Shelf Mount,2043.4799999999998,1430.4299999999998
PSP18001S,PSP 18001S Shelf Mount,1965.2199999999998,1375.6499999999999
PTA3002,PTA 3002 (TO BE REPLACED BY PTA 3102),1947.83,1363.48
PTA3101,PTA 3101 TABLOCK FLOOR STAND BLACK,5477.389999999999,3834.1699999999996
PTA3102,PTA 3102 TABLOCK TABLE STAND,3303.48,2312.43
PTA3103,PTA 3103 TABLOCK WALL / TABLE MOUNT,1390.4299999999998,973.3
PTA3105,PTA 3105 TABLOCK TABLE STAND WITH FOOT PLATE,3825.22,2677.6499999999996
PTS1205,PTS 1205 IPAD 2 3 4 HOME BUTTON ACCESSIBLE (L&K),2695.6499999999996,1886.9599999999998
PTS1206,PTS 1206 IPAD 2 3 4 HOME BUTTON HIDDEN (L&K),2695.6499999999996,1886.9599999999998
PTS1211,PTS 1211 TABLOCK SAMSUNG GALAXY TAB 3 AND 4 10.1 HOME BUTTON ACCESSIBLE (L&K),2695.6499999999996,1886.9599999999998
PTS1212,PTS 1212 TABLOCK SAMSUNG GALAXY TAB 3 AND 4 10.1 HOME BUTTON HIDDEN (L&K),2695.6499999999996,1886.9599999999998
PTS1213,PTS 1213 IPAD AIR 1 & 2 IPAD PRO 9.7 IPAD HOME BUTTON ACCESSIBLE (L&K),3825.22,2677.6499999999996
PTS1214,PTS 1214 IPAD AIR 1 & 2 IPAD PRO 9.7 IPAD HOME BUTTON HIDDEN (L&K),3825.22,2677.6499999999996
PTS1217,PTS 1217 TABLOCK SAMSUNG GALAXY TAB S 10.5 HOME BUTTON ACCESSIBLE (L&K),2695.6499999999996,1886.9599999999998
PTS1218,PTS 1218 TABLOCK SAMSUNG GALAXY TAB S 10.5 HOME BUTTON HIDDEN (L&K),2695.6499999999996,1886.9599999999998
PTS1219,PTS 1219 TABLOCK FOR SAMSUNG GALAXY TAB S2 & S3 HOME BUTTON ACCESSIBLE (L&K),2695.6499999999996,1886.9599999999998
PTS1220,PTS 1220 TABLOCK FOR SAMSUNG GALAXY TAB S2 & S3 HOME BUTTON HIDDEN (L&K),2695.6499999999996,1886.9599999999998
PTS1223,PTS 1223 TABLOCK FOR IPAD PRO HOME BUTTON ACCESSIBLE(L&K),3269.5699999999997,2288.7
PTS1224,PTS 1224 TABLOCK FOR IPAD PRO HOME BUTTON HIDDEN (L&K),3269.5699999999997,2288.7
PTS1225,PTS 1225 TABLOCK FOR IPAD MINI 4 HOME BUTTON ACCESSIBLE (L&K),2582.6099999999997,1807.83
PTS1226,PTS 1226 TABLOCK FOR IPAD MINI 4 HOME BUTTON HIDDEN (L&K),2582.6099999999997,1807.83
PTS1227,PTS 1227 TABLOCK IPAD PRO 10.5 HBA,3825.22,2677.6499999999996
PTS1228,PTS 1228 TABLOCK IPAD PRO 10.5 HBH,3825.22,2677.6499999999996
PTS1229,PTS 1229 TABLOCK FOR TAB A 10.1 HBA,3825.22,2677.6499999999996
PTS1230,PTS 1230 TABLOCK FOR TAB A 10.1 HBH,3825.22,2677.6499999999996
PTS1231,PTS 1231 TABLOCK FOR TAB A 10.5,2695.6499999999996,1886.9599999999998
PTS1232,PTS 1232 TABLOCK FOR TAB S4,2695.6499999999996,1886.9599999999998
PTS1233,PTS 1233 TABLOCK FOR IPAD PRO 11,2695.6499999999996,1886.9599999999998
PTS1234,PTS 1234 TABLOCK FOR IPAD PRO 12.9,3269.5699999999997,2288.7
PTS1235,PTS 1235 SAMSUNG GALAXY TAB S5E,3825.22,2677.6499999999996
PTS2010,PTS 2010 UNIVERSAL TABLOCK,3129.5699999999997,2190.7
PUA9501,PUA 9501 CONNECT-IT SMALL POLE COUPLER,1060.87,742.61
PUA9502,PUA 9502 CONNECT-IT SMALL STABILISATION KIT,3999.1299999999997,2799.39
PUA9503,PUA 9503 CONNECT-IT LARGE POLE COUPLER,520.87,364.61
PUA9504,PUA 9504 CONNECT-IT LARGE STABILISATION KIT,4346.96,3042.87
PUA9505,PUA 9505 CONNECT-IT GIRDER H-BEAM MOUNT 70-180MM,2200.0,1540.0
PUA9506,PUA 9506 CONNECT-IT GIRDER H-BEAM MOUNT 150-300MM,2417.39,1692.1699999999998
PUA9507,PUA 9507 ACCESSORY TRAY FOR PUC 25XX SERIES,3477.39,2434.17
PUA9507B,PUA 9507 ACCESSORY TRAY FOR PUC25XX AND PUC27XX BLACK,2486.96,1740.87
PAS-1000-00,PUBLIC ANNOUNCEMENT SYSTEM,12064.35,7238.61
PUC1011,PUC 1011 CONNECT-IT SMALL CEILING PLATE FIXED,825.0,577.65
PUC1030,PUC 1030 CONNECT-IT SMALL CEILING PLATE TILT,1165.22,815.65
PUC1035,PUC 1035 CONNECT-IT BASIC CEILING PLATE TILT,843.48,590.43
PUC1040,PUC 1040 CONNECT-IT SMALL CEILING PLATE BALL JOINT,1513.04,1059.1299999999999
PUC1050,PUC 1050 CONNECT-IT SMALL TRUSS ADAPTER,1365.22,955.65
PUC1060,PUC 1060 CONNECT-IT LARGE CEILING PLATE FIXED,1217.0,851.5699999999999
PUC1065,PUC 1065 CONNECT-IT LARGE CEILING PLATE TURN,1738.0,1216.78
PUC1070,PUC 1070 CONNECT-IT LARGE CEILING PLATE TILT,1738.0,1216.78
PUC1080,PUC 1080 CONNECT-IT LARGE CEILING PLATE TILT AND TURN,1738.0,1216.78
PUC1090,PUC 1090 CONNECT-IT LARGE TRUSS ADAPTER,2086.0,1460.26
PUC1910,PUC 1910 CONNECT-IT CEILING PLATE FIXED,4617.389999999999,3232.1699999999996
PUC2108,PUC 2108 BASIC SMALL POLE 80CM,1130.0,790.6999999999999
PUC2115,PUC 2115 BASIC SMALL POLE 150CM,1912.0,1338.52
PUC2130,PUC 2130 BASIC SMALL POLE 300CM,3477.0,2434.17
PUC2308,PUC 2308 CONNECT-IT SMALL POLE 80CM,1017.39,712.17
PUC2315,PUC 2315 CONNECT-IT SMALL POLE 150CM,1617.3899999999999,1132.1699999999998
PUC2330,PUC 2330 CONNECT-IT SMALL POLE 300CM,2869.5699999999997,2008.6999999999998
PUC2408,PUC 2408,1651.0,1155.9099999999999
PUC2415,PUC 2415,2608.0,1825.4799999999998
PUC2508,PUC 2508 CONNECT-IT LARGE POLE 80CM,1999.0,1399.3899999999999
PUC2515,PUC 2515 CONNECT-IT LARGE POLE 150CM,3129.5699999999997,2190.7
PUC2530,PUC 2530 CONNECT-IT LARGE POLE 300CM,5564.349999999999,3895.04
PUC2715,PUC 2715 CONNECT-IT XL POLE 150CM Black,7129.57,4990.7
PUC2718,PUC 2718 CONNECT-IT XL POLE 180CM Black,7825.219999999999,5477.65
PUC2720,PUC 2720 CONNECT-IT XL POLE 200CM Black,8607.83,6025.48
PUC2920,PUC 2920 CONNECT-IT POLE 200CM,9129.57,6390.7
PUC2927,PUC 2927 CONNECT-IT POLE 270CM,10607.83,7425.48
PUC2933,PUC 2933 CONNECT-IT POLE 330CM,12694.78,8886.35
PUC2963,PUC 2963 POLE 630CM,16460.87,11522.61
PUC1045,PUC1045,1825.0,1277.6499999999999
PVA4307,PVA 4307 VIDEO CONFERENCE SPEAKER,31303.48,21912.43
PVA4310,PVA 4310 VIDEO CONFERENCE SPEAKER,43477.39,30434.170000000002
PVA4316,PVA 4316 VIDEO CONFERENCE SPEAKER,39600.0,27720.0
PVA5050,PVA 5050 CAMERA AND LOUDSPEAKER HOLDER,3042.6099999999997,2129.83
PVA5070,PVA 5070 CAMERA AND LOUDSPEAKER HOLDER,3564.35,2495.04
PVF4112S,PVF 4112 VIDEO CONFERENCING FURNITURE,81617.39,57132.170000000006
PVF4112W,PVF 4112 VIDEO CONFERENCING FURNITURE WHITE,81617.39,57132.170000000006
PWR-ADA-2X16,PWR-ADA-2X16-SURG,92.8571428571429,65.0
PWR-MP-8PIEC-BPS,PWR-MP-8PIEC-BPS,1228.57142857143,860.0
PWR-N-PLUG-B-L10-02-07,PWR-N-PLUG-B 3 PRONG NORMAL 16A PLUG,33.1142857142857,23.18
C50-Pack,Packaged Surface-Mount Subwoofer-Satellite Loudspeaker System,23543.4,14126.04
FM-10G-DA-1M-01,Pakedge 10G SFP+ Fibre Module,4608.7,3710.0
ZPK-FM-1G-SM,Pakedge 1G SFP Fiber Module,2608.7,2100.0
MS-1212,Pakedge MS1212 Switch,21739.13,17500.0
MS-2400,Pakedge MS2400 Switch,22695.65,18270.0
MS-2416,Pakedge MS2416 Switch,34521.74,27790.0
MS-2424,Pakedge MS2424 Switch,38521.74,31010.0
MS-4424,Pakedge MS4424 Switch,50347.83,40530.0
RK-1,Pakedge RK-1 Router,11913.04,9590.0
WR-1,Pakedge WR1 WiFi Router,6608.7,5320.0
PA3707,Paradox DCTXP2 Wireless Door Contact,974.571428571429,682.1999999999999
PA-1098,Paradox DG75+ Digiguard Pet 41Kg,674.0,404.4
BRA-PC,Parallel Clamp 300mm,395.0,295.0
ZM1250,Parasound Zonemaster 1250,66078.26000000001,39646.96
POE-KIT,Passive PoE Injector and Splitter Set,30.0,22.0
TOOL-POE,Passive and 802.3af/at PoE Detector,95.0,65.0
F000165,Patch lead MM OM3 LC-LC Duplex,139.02857142857098,97.32000000000001
PHW200XL,Physix Wall Mount Tilt Extra Large,1295.6499999999999,777.39
PK2-3B-TAW-E-CP,Pico Wireless Contr 3 Butt Icon Arctic W,3478.2599999999998,2400.0
PICTURESLIDE R75,Picture Slider 75â€,22600.0,15820.0
SX10AEBMMP,Pioneer 2X100W  Stereo Receiver with Bluetooth Connectivity,8694.779999999999,4850.0
A40AESMGP,Pioneer A-40AE Integrated Amplifier with Wolfson DAC,13912.17,9738.519999999999
A10AEBMGP,Pioneer A10A10AE Integrated Amplifier 2x50 watts Direct Energy Design Phono MM Black,8694.779999999999,6086.349999999999
A10AESMGP,Pioneer A10A10AE Integrated Amplifier 2x50 watts Direct Energy Design Phono MM Silver,8694.779999999999,6086.349999999999
HTP076BMMP,Pioneer HTP076 5.1-Channel Home Cinema Package,11303.48,8477.609999999999
PD10AEM2BMMP,Pioneer PD10AE Pure Audio CD/SACD Player,7390.429999999999,5173.299999999999
PD30AEBMMP,Pioneer PD30AE Pure Audio CD Player,8260.0,5782.0
SXN30AEBMPP,Pioneer SXN30AE Network Stereo Receiver,14781.74,10347.220000000001
VSX534BMMP,Pioneer VSX-534 5X150W 4K AV Receiver,11303.48,7912.429999999999
VSX534DBMMP,Pioneer VSX-534D 5X150W 4K AV Receiver DAB,13042.61,9129.83
VSX934BMMP,Pioneer VSX-934 - 7X160W 4K Network Av Receiver,14781.74,10347.220000000001
VSX935BMMP,Pioneer VSX-935 7X165W 8K Network AV Receiver,18260.0,12782.0
VSX935SMMP,Pioneer VSX-935 7X165W 8K Network AV Receiver (Silver),19999.13,13999.390000000001
VSXLX305BMMP,Pioneer VSX-LX305 Elite 9X225W 8k Network AV Receiver with Dirac Live,37390.43,22434.260000000002
VSXLX305SMMP,Pioneer VSX-LX305 Elite 9X225W 8k Network AV Receiver with Dirac Live,37390.43,22434.260000000002
VSXLX505SMMP,Pioneer VSX-LX505 Elite 9X230W 8k Network AV Receiver with Dirac Live,42607.83,25564.7
VSXLX505BMMP,Pioneer VSX-LX505 Elite 9X230W 8k Network AV Receiver with Dirac Live,42607.83,25564.7
GPS-TRK-B,Plug & play GPS vehicle tracker with backup battery,0.0,0.0
ATRIUM100SUBTE,Polk Atrium 100 Garden Sub (Terracotta),10947.83,7554.0
ATRIUM300BR,Polk Atrium 300 Garden Sat (Brown),4339.13,2994.0
ATRIUM4BK,Polk Atrium 4 Outdoor (Black),6686.96,4614.0
ATRIUM4WT,Polk Atrium 4 Outdoor (White),6686.96,4614.0
ATRIUM5BK,Polk Atrium 5 Outdoor (Black),8686.96,5994.0
ATRIUM5WT,Polk Atrium 5 Outdoor (White),8686.96,5994.0
ATRIUM6BK,Polk Atrium 6 Outdoor (Black),9556.519999999999,6594.0
ATRIUM6WT,Polk Atrium 6 Outdoor (White),9556.519999999999,6594.0
ATRIUM8BK,Polk Atrium 8 Outdoor (Black),6600.0,4554.0
ATRIUM8WT,Polk Atrium 8 Outdoor (White),6600.0,4554.0
PAMXT2Bpx,Polk Audio MXT60/12SUB 5.1 System (Black),17382.61,15955.380000000001
SIGS10ELBK,Polk ES10 Bookshelf (Black),3469.5699999999997,2793.0
SIGS15ELBK,Polk ES15 Bookshelf (Black),4773.91,3843.0
SIGS20ELBK,Polk ES20 Bookshelf (Black),5643.48,4543.0
PKSYS1px,Polk ES20/Denon AVRX1800H 5.1 System (Black),33295.65,28694.75
SIGS30CELBK,Polk ES30C Centre (Black),4078.2599999999998,3283.0
SIGS35CELBK,Polk ES35C Centre (Black),5208.7,4193.0
SIGS50ELBKpr,Polk ES50 Floorstander (Black),10860.87,8743.0
PKSYS2px,Polk ES50/Denon AVRX1800H 5.1 System (Black),37904.35,32684.75
SIGS55ELBKpr,Polk ES55 Floorstander (Black),13904.35,11193.0
PKSYS3px,Polk ES55/Denon AVRX2800H 5.1 System (Black),45991.3,39667.25
SIGS60ELBKpr,Polk ES60 Floorstander (Black),17382.61,13993.0
PKSYS4px,Polk ES60/Denon AVCX3800H 5.1 System (Black),68078.26000000001,58686.25
HTSSUB10BK,Polk HTS10 Subwoofer (Black),7817.389999999999,6293.0
HTSSUB12BK,Polk HTS12 Subwoofer (Black),9121.74,7343.0
MAGMAXAXSR,Polk MAGMAX AX SR 5.1 Soundbar (Black),13034.78,11992.0
MAGMAXAX,Polk MAGMAX AX Soundbar (Black),11303.48,10399.2
MXT12SUBBK,Polk MXT12SUB Subwoofer (Black),6078.259999999999,4893.0
MXT15BK,Polk MXT15 Bookshelf (Black),3469.5699999999997,2793.0
MXT30CBK,Polk MXT30C Centre (Black),3469.5699999999997,2793.0
MXT60BKpr,Polk MXT60 Floorstander (Black),8686.96,6993.0
MXT90BK,Polk MXT90 Atmos/Surround (Black),3469.5699999999997,2793.0
MAGMINIAX,Polk Mag Mini AX Soundbar (Black),6955.65,6399.2
MAGSR2,Polk Magnifi SR2 Wireless Surrounds,2607.83,2399.2
OWM3BK,Polk OWM3 Multiapplication (Black),6078.259999999999,4194.0
OWM3WT,Polk OWM3 Multiapplication (White),6078.259999999999,4194.0
R100BK,Polk R100 Bookshelf (Black),9991.3,6894.0
R100BR,Polk R100 Bookshelf (Brown),9991.3,6894.0
R100WT,Polk R100 Bookshelf (White),9991.3,6894.0
R200BK,Polk R200 Bookshelf (Black),13034.78,8994.0
R200BR,Polk R200 Bookshelf (Brown),13034.78,8994.0
R200WT,Polk R200 Bookshelf (White),13034.78,8994.0
PKSYS5px,Polk R200/Denon AVRX2800H 5.1 System (Black),49904.35,41627.1
R300CBK,Polk R300C Center (Black),7817.389999999999,5394.0
R300CBR,Polk R300CBR Center Brn,7817.389999999999,5394.0
R350SYSBK,Polk R350SYS L/C/R (Black),9991.3,6894.0
R350SYSBR,Polk R350SYSBR Reserve R350 L/C/R Brn,9991.3,6894.0
R400CBK,Polk R400C Centre (Black),10860.87,7494.0
R400CBR,Polk R400CBR Reserve R400 Centre Brn,10860.87,7494.0
R500BKpr,Polk R500 Floorstander (Black),25208.7,17394.0
R500WTpr,Polk R500 Floorstander (White),25208.7,17394.0
PKSYS6px,Polk R500/Denon AVRX2800H 5.1 System (Black),59817.39,49607.1
R600BKpr,Polk R600 Floorstander (Black),26078.260000000002,17994.0
PKSYS7px,Polk R600/Denon AVCX3800H 5.1 System (Black),88339.13,73111.05
R600BRpr,Polk R600BR Reserve Floor Stand Brn (Pair),28686.960000000003,19794.0
R700BKpr,Polk R700 Floorstander (Black),34773.91,23994.0
PKSYS8px,Polk R700/Denon AVCX3800H 5.1 System (Black),103904.35,85651.05
R700BRpr,Polk R700BR Reserve R700 Floor Stand Brn (pair),34773.92,23993.99
R900HTBK,Polk R900HT Atmos Module (Black),8686.96,5994.0
R900HTBR,Polk R900HTBR Reserve R900 HT Module Brn,8686.96,5994.0
R900HTWT,Polk R900HTWT Reserve HT Module Wht 1pr,8686.96,5994.0
SIGNAS2,Polk Signa S2 Soundbar,3730.43,3432.0
SIGNAS4,Polk Signa S4 Soundbar,6078.259999999999,5592.0
V65,Polk V65 In-wall,3913.04,2700.0
V6S,Polk V6S Stereo In-ceiling,4260.87,2940.0
SP85INCH-POLK,Polk V85 Speaker box (Rect),460.87,318.0
DS-7764NI-M4,Pro series  64ch NVR  4 SATA up to 16TB  POS & IOT overlay  16/9 alarm IO,23342.5,14005.5
DS-7616NXI-K2/16P,Pro series 16ch POE NVR  2 SATA up to 10TB up to  8MP recording  1ch facial recognition/4ch face capture 16 POE ports  4/1 alarm IO,6573.75714285714,4601.63
PFW4601,Pro wall mount FLAT 55-65 75KG,3869.5699999999997,2708.7
P100,Processor,329060.871428571,230342.61000000002
POE-24V15W,Procet Gigabit 24V 15W PoE Adapter with No Cable,115.0,80.0
POE-48V15W,Procet Gigabit 48V 15W PoE Adapter with No Cable,115.0,80.0
POE-52V30W,Procet Gigabit 52V 30W PoE Adapter with No Cable,175.0,115.0
PSU-10AP-BAT,"Professional 12V 10A 120W Switching Power Supply in 18ch self-recovery protection box Input:AC100-240V, Output:DC12V 10A , Channels:18 channels,  Fuse",0.0,0.0
PSU-20AP,"Professional 12V 20A 240W Switching Power Supply in 18ch self-recovery protection box Input:AC100-240V, Output:DC12V 20A,Channels: 18channels,Fuse typ",0.0,0.0
PSU-10AP,"Professional 12V 8,3A 120W Switching Power Supply in 9ch self-recovery protection box Input:AC100-240V, Output:DC12V 10A,Channels: 18channels,Fuse typ",0.0,0.0
DHI-Software-Training-License/Per Day,"Provide extra software training services.
Note: Minimum service engagement: 1 day.",38273.91,26395.8
IROPTOCABLE1.0M,Pulse 8 1m Secure IR Matrix Cable,1043.48,720.0
PROAMP8,Pulse 8 Amp 8,50086.96,34560.0
P8DDAC,Pulse 8 Audio Converter,4260.87,2940.0
HDBT2UFFMJ1210K,Pulse 8 Neo+ (Kit),231304.35,159600.0
HDBTLFFMS4422K,Pulse 8 Neo4 Pro (Kit),39304.35,27120.0
HDBTLFFMN68AK,Pulse 8 Neo6A (Kit),80956.52,55860.0
HDBTLFFMN810AK,Pulse 8 Neo8A (Kit),102086.96,70440.0
HDBTLEXSET,Pulse 8 NeoLite,6260.87,4320.0
HDBTLRX,Pulse 8 NeoLite RX,4173.91,2880.0
HDBT2PEXSET,Pulse 8 NeoPro,12434.78,8580.0
PRO16,Pulse 8 ProAudio 16,62521.740000000005,43140.0
PRO1632,Pulse 8 ProAudio 1632,160086.96000000002,110460.0
PRO8,Pulse 8 ProAudio 8,40086.96,27660.0
P84REMOTE,Pulse8 P8-4 Remote push button 4x4 model,565.22,390.0
P88REMOTE,Pulse8 P8-8 Remote Push Button 8x10model,652.17,450.0
P8IRPACK,Pulse8 P8-IR-Pack,565.22,390.0
A-SS20,QED 2Way Parallel Speaker Switch,4173.91,2880.0
A-SS30,QED 3Way Series/Parallel Speaker Switch,5452.17,3762.0
A-SS40,QED 4Way Series/Parallel Speaker Switch,6469.57,4464.0
QE1810,QED Airloc ABS 4mm Plug (20 Pack),3582.6099999999997,2472.0
QE1910,QED Airloc Metal 4mm Plug (20 Pack),5365.219999999999,3702.0
QE8124,QED Connect 3.5mm Jack-Jack 1.5m,234.78,162.0
QE8127,QED Connect 3.5mm Jack-Jack 3m,278.26,192.0
QE8111,QED Connect 3.5mm Jack-Phono 0.75m,252.17,174.0
QE8114,QED Connect 3.5mm Jack-Phono 1.5m,278.26,192.0
QE8117,QED Connect 3.5mm Jack-Phono 3m,295.65,204.0
QE8101,QED Connect Audio 0.75m,234.78,162.0
QE8104,QED Connect Audio 1.5m,252.17,174.0
QE8107,QED Connect Audio 3m,295.65,204.0
QE8164,QED Connect HDMI 1.5m,347.83,240.0
QE8167,QED Connect HDMI 3m,460.87,318.0
QE8174,QED Connect Optical 1.5m,234.78,162.0
QE8177,QED Connect Optical 3m,252.17,174.0
QE8254,QED Connect Speaker Cable 6m,478.26,330.0
QE8144,QED Connect Subwoofer 3m,417.39,288.0
QE8147,QED Connect Subwoofer Cable 6m,504.34999999999997,348.0
QE1484,QED Genesis Preterm Speaker Cable 3m,10173.91,7020.0
QE1486,QED Genesis Preterm Speaker Cable 5m,15391.300000000001,10620.0
QE6036,QED Perf Optical Ultra HS HDMI 10M,4000.0,2760.0
QE6037,QED Perf Optical Ultra HS HDMI 12M,4513.04,3114.0
QE6038,QED Perf Optical Ultra HS HDMI 15M,4939.13,3408.0
QE6039,QED Perf Optical Ultra HS HDMI 20M,6217.389999999999,4290.0
QE6035,QED Perf Optical Ultra HS HDMI 7.5M,3495.6499999999996,2412.0
QE6023,QED Performance Active HDMI 12m HS,4434.78,3060.0
QE6113,QED Performance Audio 40i 1m,1426.09,984.0
QE6115,QED Performance Audio 40i 2m,1904.35,1314.0
QE6117,QED Performance Audio 40i 3m,2356.52,1626.0
QE6101,QED Performance Audio Graphite 1m,895.65,618.0
QE6102,QED Performance Audio Graphite 3m,1365.22,942.0
QE6200,QED Performance Digital Audio 1m,1365.22,942.0
C-QM/30,QED Performance Micro (30m),2556.52,1764.0
QE6601,QED Performance Optical 1.5M Graphite,1365.22,942.0
QE6603,QED Performance Optical Graphite 3m,1617.3899999999999,1116.0
C-QO/100,QED Performance Original (100m),13043.480000000001,9000.0
C-QBO/50,QED Performance Original BiWire (50m),13043.480000000001,9000.0
QE6302,QED Performance Subwoofer 10m,2982.6099999999997,2058.0
QE6300,QED Performance Subwoofer 3m,1304.35,900.0
QE6301,QED Performance Subwoofer 6m,2113.04,1458.0
QE1325,QED Performance XT25 Speaker Cable 50m,8286.96,5718.0
C-42/100B,QED Profile 42 Strand 100m (Black),3904.35,2694.0
C-42/100W,QED Profile 42 Strand 100m (White),3904.35,2694.0
C-79/100B,QED Profile 79 Strand 100m (Black),7147.83,4932.0
C-79/100W,QED Profile 79 Strand 100m (White),7147.83,4932.0
QE2707,QED Profile Audio 5m,1478.26,1020.0
QE2741,QED Profile EFlex HDMI 1m,652.17,450.0
QE2743,QED Profile Eflex HDMI 1.5m,730.43,504.0
QE2745,QED Profile Eflex HDMI 2m,791.3,546.0
QE2737,QED Profile J2J 5m,817.39,564.0
QE2717,QED Profile J2P 1m,443.48,306.0
QE2723,QED Profile J2P 5M,678.26,390.0
QE2713,QED Profile Optical 3m,608.6999999999999,420.0
QE2715,QED Profile Optical 5m,956.52,660.0
QE3282,QED Ref Analoque XLR 40 1m,4713.04,3252.0
QE3284,QED Ref Analoque XLR 40 3m,6173.91,4260.0
QE2453,QED Reference Audio 40 1m,3234.7799999999997,2232.0
QE2455,QED Reference Audio 40 3m,4000.0,2760.0
QE3212,QED Reference Digital Audio 40 1m,2600.0,1794.0
QE3214,QED Reference Digital Audio 40 3m,3086.96,2130.0
QE3330,QED Reference Optical Quartz 3.0m,4939.13,3408.0
QE3320,QED Reference Quartz Optical 2m,3747.83,2586.0
C-QSAXT/100,QED Reference Silver Anniversary XT,22695.65,15660.0
C-QSAXTBW/50,QED Reference Silver Anniversary XT Bi,22695.65,15660.0
QE3234,QED Reference Subwoofer 40 10m,4391.3,3030.0
QE3230,QED Reference Subwoofer 40 3m,2356.52,1626.0
QE3232,QED Reference Subwoofer 40 6m,3330.43,2298.0
QE1350,QED Reference XT40 XTube Spk Cable,15304.35,10560.0
C-XT400/50,QED Reference XT400 XTUBE Spk Cable,41478.26,28620.0
QE1440,QED Revltn Preterm Speaker Cable (2m),4165.219999999999,2874.0
QE1442,QED Revltn Preterm Speaker Cable (3m),5452.17,3762.0
QE1444,QED Revltn Preterm Speaker Cable (5m),8173.91,5640.0
QE1880,QED Screwloc ABS 4mm Plug 2Red/2Blk,660.87,456.0
QE1885,QED Screwloc ABS 4mm Plug 5Red/5Blk,1617.3899999999999,1116.0
QE1890,QED Screwloc ABS DUO Spade 2Red/2Blk,852.17,588.0
QE2445,QED Signature Audio 40 1M,6173.91,4260.0
QE2448,QED Signature Audio 40 3M,8286.96,5718.0
C-GNSS/50,QED Signature Genesis Silver Spiral,64956.520000000004,44820.0
C-GNSSBW/30,QED Signature Genesis Silver Spiral Bi,78000.0,53820.0
QE0004,QED Signature Supremus 3m,32521.74,22440.0
QE0005,QED Signature Supremus 4m,41478.26,28620.0
QE1430,QED Silver XT Preterm speaker cable (2m),2730.43,1884.0
QE1432,QED Silver XT Preterm speaker cable (3m),3321.74,2292.0
QE1434,QED Silver XT Preterm speaker cable (5m),4086.9599999999996,2820.0
QE1330,QED XT25 BiWire Spk Cable 30m,9913.039999999999,6840.0
QE1460,QED XT25 Preterm Speaker Cable (2m),2034.78,1404.0
QE1462,QED XT25 Preterm Speaker Cable (3m),2356.52,1626.0
QE1464,QED XT25 Preterm Speaker Cable (5m),3086.96,2130.0
QE1451,QED XT40i Preterm Speaker Cable (2m),3330.43,2298.0
QE1453,QED XT40i Preterm Speaker Cable (3m),3904.35,2694.0
QE1455,QED XT40i Preterm Speaker Cable (5m),5200.0,3588.0
WS-XL04-i7,"Quad HDMI output operator workstation. I7, 16GB RAM, 512GB SSD, RTX 3050 Nvidia video card",37357.1428571429,26150.0
RMB-0025-00,RACK MOUNT BRACKET FOR SMARTCONTROL 25,1493.04,895.8299999999999
RC-911R,RC-911R REMOTE,1382.61,1036.96
RCA-AUD,RCA F to audio 3.5 converter,8.69,5.99
RCC1000-SA,RCC 1000 SUBWOOFER AMPLIFIER,27206.960000000003,16324.18
RECMCEXPLORA3-UL,RECEIVER MULTICHOICE EXPLORA ULTRA STANDALONE,3667.1899999999996,2347.0
CLI-PTAC1K1-00,"RELAY MODULE FOR PTAC WITH ONE 6-PORT CLIMATE RELAY (W1, W2, Y1, Y2, G, O) AND ONE 10K THERMISTOR IN",7924.349999999999,4754.61
CLI-REL1AUX1-00,"RELAY MODULE WITH ONE 6-PORT CLIMATE RELAY (W1, W2, Y1, Y2, G, O) AND ONE AUX RELAY (NO, NC, COM)",7924.349999999999,4754.61
CLI-AUX3-00,"RELAY MODULE WITH THREE AUX RELAY (NO, NC, COM)",7924.349999999999,4754.61
370212-0-0,REMOTE CONTROL ZENSOR AX,339.13,203.48
SST-TEMP1-00,REMOTE TEMPERATURE SENSOR (FLUSH MOUNT),2297.39,1378.4399999999998
PK-EM2G,RF 3D Emitter,2434.7799999999997,1704.35
PK-AG3G,RF 3D Glass,4652.17,3256.52
TOOL-RJ45,RJ11 / RJ 45 CRIMP TOOL,362.5,250.0
NET-BOOT-BLACK-LQ-N2-02-01,RJ45 BOOT BLACK PBB02-A,3.5,2.45
RJ45A,RJ45 Barrel Connector Female to Female,14.0,10.0
NET-CAT6WALL-LQ,RJ45 CAT6 WALL BOX LQ (LKE101-C6U),50.0,35.0
CON-10NFN-00,RJ45 SERIAL ADAPTERS  NO FLOW NULL  10-PACK,2060.0,1236.0
CON-1NFN-00,RJ45 SERIAL ADAPTERS  NO FLOW NULL  SINGLE,205.22,123.14
CON-10FNN-00,RJ45 SERIAL ADAPTERS FLOW NO NULL 10-PACK,2060.0,1236.0
CON-1FNN-00,RJ45 SERIAL ADAPTERS FLOW NO NULL SINGLE,205.22,123.14
CON-10FN-00,RJ45 SERIAL ADAPTERS FLOW NULL 10-PACK,2060.0,1236.0
CON-1FN-00,RJ45 SERIAL ADAPTERS FLOW NULL SINGLE,205.22,123.14
CON-10NFNN-00,RJ45 SERIAL ADAPTERS NO FLOW NO NULL 10-PACK,2060.0,1236.0
CON-1NFNN-00,RJ45 SERIAL ADAPTERS NO FLOW NO NULL SINGLE,205.22,123.14
AUTOMATE-PULSE2,ROLLEASE AUTOMATE PULSE HUB 2,14784.35,8870.609999999999
AUTOMATE-BAT1.1,ROLLEASE AUTOMATE | LION 1.1 SHADE MOTOR,9559.13,5735.48
AUTOMATE-CHRG,ROLLEASE AUTOMATE | LION CHARGER,1470.4299999999998,882.27
AUTOMATE-BATQ2.0,ROLLEASE AUTOMATE | LION Q2.0 SHADE MOTOR,10588.7,6353.219999999999
AUTOMATE-REM1,ROLLEASE AUTOMATE | PARADIGM 1 CHANNEL REMOTE,3330.43,1998.27
AUTOMATE-BKCONV2.0,ROLLEASE Q2.0 MOTOR FINISH 10 PACK (BLACK),1028.7,617.22
AUTOMATE-SACONV2.0,ROLLEASE Q2.0 MOTOR FINISH 10 PACK (SILVER ALUMINUM),1470.4299999999998,882.27
AUTOMATE-WHCONV2.0,ROLLEASE Q2.0 MOTOR FINISH 10 PACK (WHITE),1028.7,617.22
RS485-DIS4,RS485 distributor box,2173.5499999999997,1499.0
RUBICON 2 W,RUBICON 2 WHITE BOOKSHELF SPEAKER,36513.04,21907.83
RUBICON 8 B,RUBICON 8 BLACK HIGH GLOSS FLOOR STANDING SPEAKER,92165.22,55299.130000000005
RUBICON LCR R,RUBICON ROSSO LEFT CENTER RIGHT,20860.87,12516.52
RUBICON VOK B,RUBICON VOKAL BLACK CENTER SPEAKER,31295.65,18777.39
RUBICON VOK R,RUBICON VOKAL ROSSO CENTER SPEAKER,31295.65,18777.39
OSL-PRO10-00,RUNTIME LICENSE - PRO 10,90873.91,54524.35
OSL-SMRT10-00,RUNTIME LICENSE - SMART 10,12721.74,7633.049999999999
OSL-SMRT9-00,RUNTIME LICENSE - SMART 9,12128.7,7277.219999999999
OSL-SUPERPRO10-00,RUNTIME LICENSE - SUPER PRO 10,181747.83000000002,109048.70000000001
RS-2R100,Rackstuds 2.2mm 100 Pack Red | RSL2.2R100-S2,875.0,650.0
RS-2R20,Rackstuds 2.2mm 20 Pack Red | RSL2.2R20-S2A,190.0,150.0
RS-3P20,Rackstuds 3.2mm 20 Pack Purple | RSL3.2P20-S2,175.0,125.0
RS-DUOB20,Rackstuds Duo 2.2mm/3.2mm 20 Pack Black | RSLDUO-1RUB20-S2/40,475.0,350.0
UA-G3-Flex-B,Reader Flex - Third-generation NFC card reader with a keypad and Touch Pass support.,4821.429999999999,3375.0
UA-G3-Flex-W,Reader Flex - Third-generation NFC card reader with a keypad and Touch Pass support.,4785.71428571429,3350.0
BG-G1P-RS,Resettable break glass -Green,207.142857142857,145.0
DHI-DSSPro8-Retail-Module-License,"Retail business application module license for DSS Professional V8, supports store management, Customer Traffic Analysis, queue management, etc.",82207.75,56695.0
RG-EG310GP,Reyee 10 Port Gigabit 4 WAN 8 PoE 110W Cloud Router | RG-EG310GH-P-E,3450.0,2550.0
RG-EG210GP,Reyee 10 Port Gigabit 4 WAN 8 PoE 70W Cloud Router | RG-EG210G-P,2730.0,1895.0
RG-ES220GP,Reyee 18 Port Gigabit with 16 PoE 250W 2SFP Managed Switch | RG-ES220GS-P,3050.0,2250.0
RG-EST100,Reyee 2.4GHz 300Mbps 8dBi 70° Pre-Paired Kit | RG-EST100-E,825.0,595.0
RG-NBS24G4S,Reyee 24 Port Gigabit 4SFP Layer 2+ Smart Switch | RG-NBS3100-24GT4SFP-V2,2595.0,1925.0
RG-NBS24P4S,Reyee 24 Port Gigabit PoE 370W 4SFP Layer 2+ Smart Switch | RG-NBS3100-24GT4SFP-P-V2,4850.0,3575.0
RG-ES228GP,Reyee 26 Port Gigabit with 24 PoE 370W 2SFP Managed Switch | RG-ES228GS-P,4050.0,2995.0
RG-EG105GP,Reyee 5 Port Gigabit 2 WAN 4 PoE 54W Cloud Router | RG-EG105G-P,1550.0,1150.0
RG-EG105G,Reyee 5 Port Gigabit 2 WAN Cloud Router | RG-EG105G,1350.0,995.0
RG-EG305GP,Reyee 5 Port Gigabit 4 WAN 4 PoE 60W Cloud Router | RG-EG305GH-P-E,3150.0,2195.0
RG-EG105GW,Reyee 5 Port Gigabit AC Wave 2 Cloud Router | RG-EG105GW(T),1425.0,1050.0
RG-ES205GP,Reyee 5 Port Gigabit with 4 PoE 54W Managed Switch | RG-ES205GC-P,1050.0,725.0
RG-EST310,Reyee 5GHz AC 10dBi 60° Pre-Paired Kit | RG-EST310 V2,1795.0,1325.0
RG-NBS8P2S,Reyee 8 Port Gigabit PoE 125W 2SFP Layer 2+ Smart Switch | RG-NBS3100-8GT2SFP-P,2650.0,1950.0
RG-EG1510XS,Reyee 8 Port Multi Gigabit 2SFP+ Multi-WAN Cloud Router | RG-EG1510XS,7075.0,5195.0
RG-ES209GP,Reyee 9 Port Gigabit with 8 PoE 120W Managed Switch | RG-ES209GC-P,1895.0,1325.0
RG-EW1200R,Reyee Dual Band AC 1200Mbps 4dBi Mesh Range Extender | RG-EW1200R,575.0,425.0
RG-EW1200F,Reyee Dual Band AC 1200Mbps 5dBi Fast Ethernet Mesh Router | RG-EW1200,375.0,275.0
RG-EW1300G,Reyee Dual Band AC 1300Mbps Gigabit Mesh Router | RG-EW1300G,575.0,425.0
RG-RAP1200GP,Reyee Dual Band WiFi 5 1300Mbps 5 Port Gigabit Mesh In-Wall AP | RG-RAP1200(P),1150.0,850.0
RG-RAP2200F,Reyee Dual Band WiFi 5 1300Mbps Fast Ethernet Ceiling Mount AP | RG-RAP2200(F),925.0,675.0
RG-RAP2200G,Reyee Dual Band WiFi 5 1300Mbps Gigabit Ceiling Mount AP | RG-RAP2200(E),1050.0,775.0
RG-RAP52G,Reyee Dual Band WiFi 5 1300Mbps Gigabit Compact Outdoor AP | RG-RAP52-OD,1250.0,925.0
RG-EW1800GX,Reyee Dual Band WiFi 6 1800Mbps 6dBi Gigabit Mesh Router | RG-EW1800GX Pro,1295.0,895.0
RG-RAP6262GX,Reyee Dual Band WiFi 6 1800Mbps Gigabit Outdoor AP | RG-RAP6262G,2995.0,2095.0
RG-EW3000GX,Reyee Dual Band WiFi 6 3000Mbps 5dBi Gigabit Mesh Router | RG-EW3000GX PRO,825.0,595.0
RG-RAP2266GX,Reyee Dual Band WiFi 6 3000Mbps Gigabit Ceiling Mount AP | RG-RAP2266,1625.0,1195.0
SDU 3kVA,Riello Sentinel Dual 3kVA UPS,19481.4285714286,13637.0
ATTINTAMPB,Roksan Attessa Amplifier (Black),32165.22,22194.010000000002
ATTCDTB,Roksan Attessa CD Transport (Black),16078.26,11094.01
ATTSTREAMAMPB,Roksan Attessa Streaming Amp (Black),48513.04,33474.020000000004
ATTTB,Roksan Attessa Turntable (Satin Black),29991.300000000003,20694.010000000002
K3POW/CHAR,Roksan K3 Power Amplifier (Charcoal),34226.090000000004,23616.0
QSSC-EDU-R100,Roller 100 EDU,6521.74,4565.219999999999
QSSC-EDU-R150,Roller 150 EDU - LUTRON - Electronic Drive Units,0.0,8695.65
QSSC-EDU-R300,Roller 300 EDU - LUTRON - Electronic Drive Units,0.0,9565.21
QSSC-EDU-R64,Roller 64 EDU,7126.74,4988.719999999999
MHUB88ROOMREM,Room Remote for mHub 4K PRO 8x8 New,260.87,156.52
MHUB44ROOMREM,Room Remote for mHub PRO/431U New,260.87,156.52
Calkit,RoomPerfect calibration kit,8433.914285714289,5903.74
FR01260,Rotel A10 MKII Amplifier (Black),13034.78,8994.0
FR01289,Rotel A11 MKII Amplifier (Black),17382.61,11994.01
FR01263,Rotel A11 Tribute Amplifier (Black),13469.57,10843.01
FR01273,Rotel A12 MKII Amplifier (Black),23382.61,16134.0
FR01266,Rotel A14MKII Amplifier (Black),28860.870000000003,19914.0
FR01276,Rotel C8 Matrix Amplifier (Black),52426.090000000004,36174.0
FR01277,Rotel C8+ Matrix Amplifier (Black),67382.61,46494.0
FR01290,Rotel CD11 MKII CD Player (Black),11295.65,7794.0
FR01274,Rotel CD14 MKII - CD Player (Black),16078.26,11094.0
FR01267,Rotel RA1572MKII Amplifier (Black),42252.17,29154.0
FR01269,Rotel RA1592MKII Amplifier (Black),55295.65,38154.0
FR01281,Rotel RAS5000 Amplifier (Black),69556.52,47994.0
FR01209,Rotel RB1552MKII Power Amplifier (Black),24339.13,16794.0
FR01207,Rotel RB1582MKII Power Amplifier (Black),39991.3,27594.0
FR01228,Rotel RB1590 Power Amplifier (Black),75643.48,52194.0
FR01268,Rotel RC1572MKII Preamplifier (Black),27295.65,18834.0
FR01270,Rotel RC1590MKII Preamplifier (Black),43469.57,29994.0
FR01275,Rotel RCD1572 MKII CD Player (Black),23382.61,16134.0
FR01137,Rotel RMB1506 Power Amplifier (Black),26947.83,18594.0
FR01200,Rotel RMB1555 Power Amplifier (Black),41295.65,28494.0
FR01287,Rotel RMB1585MKII Power Amplifier(Black),78252.17,53994.0
FR01285,Rotel RMB1587MKII Power Amplifier(Black),85730.43000000001,59154.0
FR01279,Rotel S14 Integrated Network Amp (Black),52165.22,35994.0
FR01245,Rotel T11 Tuner (Black),7469.57,6013.0
2000-115837,Russound AH2 ABus Hub,4347.83,3000.0
2000-115851,Russound AH4 ABus Hub,6695.65,4620.0
2000-115882,Russound AH484 ABus Hub,18521.74,12780.0
2000-534591,Russound AK4 ABus Keypad (White),6000.0,4140.0
6100-536281,Russound ALT126R Volume Control,1043.48,720.0
2000-114557,Russound APS ABus Power Supply,4347.83,3000.0
2460-853708,Russound BSK2 Bluetooth Source Kit,9304.349999999999,6420.0
2460-533709,Russound BTC1X CSeries Bluetooth,4339.13,2994.0
2460-853692,Russound BTC2X Bluetooth Receiver,5826.089999999999,4020.0
1210-532474,Russound CAA66 Multiroom Controller,43478.26,30000.0
2880-536380,Russound D1650I Power Amplifier,56260.87,38820.0
2800-533280,Russound D250LS Power Amplifier,11217.390000000001,7740.0
1550-853630,Russound IPK1 Keypad,6000.0,4140.0
5300-536519,Russound IRE1 Low Profile IR Emitter,260.87,180.0
5300-536533,Russound IRE2 Dual Emitter,365.21999999999997,252.0
1210-528392,Russound KP6 LED Keypad,4173.91,2880.0
1210-528385,Russound KPL LCD Keypad,8000.0,5520.0
4500-537110,Russound MBXAMPi WiFi Streamer Amplifier,19130.43,13200.0
4500-537226,Russound MBXPRE Wifi Streamer,13913.04,9600.0
1550-536403,Russound MCA66i Multiroom Controller,61739.130000000005,42600.0
1550-536410,Russound MCA88i Multiroom Controller,85913.04000000001,59280.0
4700-853470,Russound MixAmp60 Line Amplifier,10434.78,7200.0
3615-604027,Russound SDB4.1 4Z Volume Control,13043.480000000001,9000.0
3615-604034,Russound SDB6.1 6Z Volume Control,16173.91,11160.0
5300-536809,Russound SLM1K IR kit,2347.83,1620.0
3630-520679,Russound SS4.2 4Z Speaker Selector,3478.2599999999998,2400.0
3630-520686,Russound SS6.2 6Z Speaker Selector,4782.61,3300.0
1700-535000,Russound USRC Remote control,1478.26,1020.0
2800-853678,Russound VKP1 Keypad,8695.65,6000.0
2800-853685,Russound VPS2 Power Supply,2956.52,2040.0
2620-853791,Russound XTS7 Colour Touchscreen,17391.3,12000.0
Model S-15 L/R,S-15 L/R speaker,111576.52857142901,78103.57
S-210,S-210 Woofers,115447.82857142901,80813.48
SAV-S12,"S12 HOST, PLUS RUNTIME",40176.520000000004,24105.920000000002
SAV-S12VIDEO,"S12 HOST, PLUS RUNTIME, 3RD PART VIDEO PACKAGE",46330.43,27798.27
SAV-S12REM,"S12 HOST, PLUS RUNTIME, PLUS REM-4000",46941.740000000005,28165.05
SAV-S12REMVIDEO,"S12 HOST, PLUS RUNTIME, PLUS REM-4000, 3RD PART VIDEO PACKAGE",62426.96,37456.18
S150L,S150 Left Black,33042.61,20726.73
S150R/C,S150 Right/C Black,33042.61,20726.73
S150T,S150T Black Pair,43477.39,27272.18
S150TW,S150T White Pair,42607.83,23994.780000000002
SHR-S2-01,S2 HOST RACK MOUNTABLE,20518.260000000002,12310.960000000001
SAV-Cinema,S2 HOST WITH PRO REMOTE X2,84178.26000000001,0.0
SAV-S2,"S2 HOST, PLUS RUNTIME",19790.43,11874.27
SAV-S2REM,"S2 HOST, PLUS RUNTIME, PLUS REM-4000",37849.57,22709.74
S300L,S300 Left Black,62607.83,37564.700000000004
S300R/C,S300 Right/C Black,62607.83,35473.04
S300 TWEETER,S300 TWEETER SPARE PART,70260.87,0.0
S300T,S300T Black Pair,86955.65000000001,54544.91
S300TW,S300T White Pair,82607.83,46951.3
S8ATMBL,S8 ATM BLACK,3208.7,2586.22
S8ATMWA,S8 ATM WALNUT,4346.96,2246.0899999999997
S8ATMWH,S8 ATM WHITE,4346.96,2246.0899999999997
S801BL,S801 Black,2260.0,2185.22
S801WA,S801 WALNUT,3121.74,2185.22
S801WH,S801 WHITE,3121.74,2185.22
S803HCSBL,S803 HCS Black,11303.48,8477.609999999999
S803HCSWA,S803 HCS Walnut,11303.48,8477.609999999999
S803HCSWH,S803 HCS White,11303.48,8477.609999999999
S803WA,S803 WALNUT,4339.13,3037.39
S803WH,S803 WHITE,4339.13,3037.39
S805HCSBL,S805 HCS Black,13042.61,9781.96
S805HCSWA,S805 HCS Walnut,13042.61,9781.96
S805HCSWH,S805 HCS White,13042.61,9781.96
S805WA,S805 Walnut,6947.83,4863.48
S805WH,S805 White,6947.83,4863.48
S807HCSBL,S807 HCS Black,14781.74,11086.300000000001
S807HCSWH,S807 HCS WHITE,14781.74,11086.300000000001
S807HCSWA,S807 HCS Walnut,14781.74,11086.300000000001
S807WA,S807 WALNUT,9208.699999999999,6446.089999999999
S807WH,S807 White,9208.699999999999,6446.089999999999
S808SUBBL,S808 Sub Black,4086.0899999999997,3521.0899999999997
S808SUBWA,S808 Sub Walnut,4086.0899999999997,3521.0899999999997
S808SUBWH,S808 Sub White,4086.0899999999997,3521.0899999999997
S809HCSBL,S809 HCS Black,17390.43,13042.83
S809HCSWA,S809 HCS Walnut,17390.43,13042.83
S809HCSWH,S809 HCS White,17390.43,13042.83
S809WA,S809 WALNUT,11739.130000000001,8217.39
S809WH,S809 WHITE,11739.130000000001,8217.39
S81CENBL,S81 CEN BLACK,3121.74,2185.22
S81CENWA,S81 CEN WALNUT,3121.74,2185.22
S81CENWH,S81 CEN WHITE,3121.74,2185.22
S810SUBWH,S810 SUB WHITE,5216.5199999999995,3651.5699999999997
S810SUBBL,S810 Sub Black,5216.5199999999995,3651.5699999999997
S810SUBWA,S810 Sub Walnut,5216.5199999999995,3651.5699999999997
S83CENBL,S83 CEN BLACK,3469.5699999999997,2428.7
S83CENWA,S83 CEN WALNUT,3469.5699999999997,2428.7
S83CENWH,S83 CEN WHITE,3469.5699999999997,2428.7
UA43U8000FKXXA,"SAMSUNG 43"" UHD 4K SMART TV",6209.93571428571,4346.955
SAVA1001,SAVA 1001 SMART AV BLUETOOTH,1852.1699999999998,1296.52
SAVA1014,SAVA 1014 SMART AV REMOTE EXTENDER,1852.1699999999998,1296.52
SAVA1021,SAVA 1021 SMART AV CONVERTER AV  TO  HDMI,1617.3899999999999,1132.1699999999998
SAVA1022,SAVA 1022 SMART AV WIRELESS HDMI,5773.91,4041.74
SAVA1026,SAVA 1026 SMART AV 4K HDMI SWITCH,1852.1699999999998,1296.52
SAVA1031,SAVA 1031 SMART AV CONVERTER COAX TOS,1043.48,730.43
SAVA1041,SAVA 1041 SMART AV CONVERTER DIG  TO  STEREO,1382.61,967.8299999999999
DOR-VERSO2SMN-00,SAVANT - DOR-VERSO2SMN-00 - SAVANT 2N IP VERSO 2.0 DOOR STATION SURFACE MOUNT NICKEL,48226.090000000004,28935.65
WFB-1GMGLV-00,SAVANT - WFB-1GMGLV-00 - ASCEND ASSEMBLED - 1 GANG (SPACE GRAY),9831.05714285714,6881.74
FF2-OSOSWM-00,SAVANT ASCEND FACEPLATE - 2 GANG (SNOW WHITE),1198.26,718.96
SHA-FBINDCHOICE-01,SAVANT CHOICE FABRIC AND BRACKET BINDER,18780.0,15024.0
SSL-PROE-1YR,SAVANT ESSENTIALS 1 YEAR SUBSCRIPTION (PRO),17851.3,10710.79
SSL-S2EMBE-1YR,SAVANT ESSENTIALS 1 YEAR SUBSCRIPTION (S2 OR EMBEDDED),2433.91,1460.35
SSL-SMRTE-1YR,SAVANT ESSENTIALS 1 YEAR SUBSCRIPTION (SMART),8925.22,5355.139999999999
SSL-SUPERPROE-1YR,SAVANT ESSENTIALS 1 YEAR SUBSCRIPTION (SUPER PRO),35703.48,21422.09
LIG-IBR30C4-00,SAVANT GLOBE,795.65,636.53
PAV-SIPA1SM-00,SAVANT IP AUDIO 1 WITH SAVANT MUSIC 2.0,22145.600000000002,15501.92
PAV-VIMVP1F-10,SAVANT IP VIDEO SINGLE INPUT TRANSMITTER 4K UHD WITH CONTROL - FIBER,41895.65,25137.4
RCK-3000-03,SAVANT PRO 1U RACK SHELF,8128.7,4877.219999999999
SVR-5200S-01,SAVANT PRO HOST,46633.04,37306.44
REM-4000JBI-00,SAVANT PRO REMOTE X2 - JET BLACK (INTERNATIONAL),21366.09,12819.66
REM-4000RGI-00,SAVANT PRO REMOTE X2 - ROSE GOLD (INTERNATIONAL),21366.09,12819.66
REM-4000SGI-00,SAVANT PRO REMOTE X2 SPACE GRAY (INTERNATIONAL),18992.170000000002,11395.310000000001
PAV-AOM8C-10,SAVANT PROAV 16 CHANNEL AUDIO OUTPUT IP RECEIVER WITH CONTROL,44479.130000000005,26687.48
PAV-VIM4S-10,SAVANT PROAV 4 VIDEO INPUT IP TRANSMITTER 4K UHD WITH CONTROL,223427.83000000002,134056.7
PAV-VIM4S-00,SAVANT PROAV 4 VIDEO INPUT IP TRANSMITTER 4K UHD WITH CONTROL,210307.83000000002,126184.70000000001
PAV-AIM7C-20,SAVANT PROAV 7 SOURCE AUDIO INPUT IP TRANSMITTER WITH CONTROL,29653.04,17791.83
PAV-AIM7C-10,SAVANT PROAV 7 SOURCE AUDIO INPUT IP TRANSMITTER WITH CONTROL,28726.09,17235.66
PAV-VIM8S-10,SAVANT PROAV 8 VIDEO INPUT IP TRANSMITTER 4K UHD WITH CONTROL,383019.13,229811.48
SFL-RING1-00,SAVANT RING LICENCE,1245.22,747.14
HST-SAVANT7-00,SAVANT SMART HOST WITH LICENSE (DOES NOT INCLUDE ESSENTIALS),32643.48,19586.09
SSC-0012-00,SAVANT SMARTCONTROL 12 - SMART CONTROLLER WITH 6 IR 2 RS232 2 GPIO AND 2 RELAY,16713.04,10027.83
SSC-0014-00,SAVANT SMARTCONTROL 14 - SMART CONTROLLER WITH 7 GPIO AND 7 RELAY,16713.04,10027.83
SSC-W002G-01,SAVANT SMARTCONTROL 2 - WI-FI SMART CONTROLLER WITH 1 GPIO AND 1 RELAY,8206.96,4924.179999999999
SSC-W003I-01,SAVANT SMARTCONTROL 3 - WI-FI SMART CONTROLLER WITH 3 IR,8206.96,4924.179999999999
SSC-W02R-00,SAVANT SMARTCONTROL RS232 - WI-FI SMART CONTROLLER WITH 2 RS232,8206.96,4924.179999999999
SSC-002485-00,SAVANT SMARTCONTROL RS485 - ETHERNET,16713.04,10027.83
SSC-W485-00,SAVANT SMARTCONTROL RS485 - WI-FI SHADE CONTROLLER WITH 1 RS485,8206.96,4924.179999999999
SVR-7100S-00,SAVANT SUPER PRO HOST,312446.96,249957.57
ITP-E5500V2B-00,SAVANT TOUCH 5.5 INCH CONTROL SCREEN - BLACK,25652.170000000002,17956.53
ITP-E5500B-30,SAVANT TOUCH 5.5 INCH CONTROL SCREEN - BLACK,24417.39,14650.44
ITP-E5500V2W-00,SAVANT TOUCH 5.5 INCH CONTROL SCREEN - WHITE,25652.170000000002,17956.53
ITP-E5500W-30,SAVANT TOUCH 5.5 INCH CONTROL SCREEN - WHITE,24417.39,14650.44
ITP-E8000V2B-00,SAVANT TOUCH 8 INCH CONTROL SCREEN - BLACK,30000.0,21000.0
ITP-E8000B-30,SAVANT TOUCH 8 INCH CONTROL SCREEN - BLACK,31598.260000000002,18958.96
ITP-E8000V2W-00,SAVANT TOUCH 8 INCH CONTROL SCREEN - WHITE,30000.0,21000.0
ITP-E8000W-30,SAVANT TOUCH 8 INCH CONTROL SCREEN - WHITE,31598.260000000002,18958.96
LCB-TIE5-00,SAVANT TRUE IMAGE CONTROLLER,1103.48,662.09
ITP-5900V3W-00,SAVANT Touch 5.9 Inch AMOLED Control Screen - White,51947.83,31168.7
SKL-1010-00,SAVANT- SKL- 1010- 10 KEYPAD POWER AND CONTROLLER,6839.129999999999,4787.4
LUT-QS-1000,SCP Lutron Qs Control Cable,10000.0,7000.0
18/4-GY,SCP-184 Speaker Cable 305m (Grey),13664.6,9565.22
LUT-GREEN,SCP-Control/Keypad Blue W/Green 305M,10000.0,6900.0
920146-0-0,SCREW DOGLEG PHANTOM S-SERIE,1730.4299999999998,1038.26
FI4-0S0BKP-00,SCREWLESS FACEPLATE: FOUR GANG (BLACK),430.43,344.34999999999997
FI4-0S0LAP-00,SCREWLESS FACEPLATE: FOUR GANG (LIGHT ALMOND),430.43,344.34999999999997
FI4-0S0SWP-00,SCREWLESS FACEPLATE: FOUR GANG (SNOW WHITE),430.43,344.34999999999997
FI1-0S0BKP-01,SCREWLESS FACEPLATE: SINGLE GANG (BLACK),172.17,137.74
FI1-0S0LAP-01,SCREWLESS FACEPLATE: SINGLE GANG (LIGHT ALMOND),172.17,137.74
FI1-0S0SWP-01,SCREWLESS FACEPLATE: SINGLE GANG (SNOW WHITE),172.17,137.74
FI3-0S0BKP-00,SCREWLESS FACEPLATE: THREE GANG (BLACK),322.61,258.09
FI3-0S0LAP-00,SCREWLESS FACEPLATE: THREE GANG (LIGHT ALMOND),322.61,258.09
FI3-0S0SWP-01,SCREWLESS FACEPLATE: THREE GANG (SNOW WHITE),322.61,258.09
FI2-0S0BKP-00,SCREWLESS FACEPLATE: TWO GANG (BLACK),255.65,204.53
FI2-0S0LAP-00,SCREWLESS FACEPLATE: TWO GANG (LIGHT ALMOND),214.78,171.82999999999998
FI2-0S0SWP-01,SCREWLESS FACEPLATE: TWO GANG (SNOW WHITE),214.78,171.82999999999998
CH22-12,"SEAGATE 8TB HDD Surveillance Storage SkyHawk AI Drive 3.5"" Size SATA Price Subject to change without prior notice",8124.285714285709,5687.0
CLI-10K4IN-00,SENSOR MODULE WITH FOUR 10K THERMISTOR INPUTS,7924.349999999999,4754.61
CLI-1WIRE2-00,SENSOR MODULE WITH TWO 1-WIRE SENSOR INTERFACES,7924.349999999999,4754.61
SAK-1000-00,SERIAL CONTROL TERMINATION ADAPTER KIT,1493.04,895.8299999999999
CAB-C-64504WMF,SERVER CABINET 4U WALL MOUNT,1883.55,1299.0
CAB-C-64506WMF,SERVER CABINET 6U WALL MOUNT,2173.5499999999997,1499.0
CAB-C-64509WMF,SERVER CABINET 9U WALL MOUNT,2814.45,1941.0
CBL-SFPDACM2-00,SFP+ DIRECT ATTACH COPPER CABLE (2 METERS) - FOR USE WITH PROAV,1169.57,701.74
SHA-B5BA-00,SHADE COUPLER (BLACK ALUMINUM),6766.089999999999,5412.87
SHA-B5BK-00,SHADE COUPLER (BLACK),3596.52,2877.22
SHA-B5SA-00,SHADE COUPLER (SILVER ALUMINUM),6766.089999999999,5412.87
SHA-B5WH-00,SHADE COUPLER (WHITE),3596.52,2877.22
SHA-W1000-00,SHADE OR LOW VOLTAGE KEYPAD WIRE 1000FT SPOOL,26160.870000000003,20928.7
SHA-PMOD5G-00,SHADE POWER MODULE FOR GEIGER WIRED MOTORS,18672.170000000002,11203.310000000001
SHA-T8FT7PK-00,SHADE TUBE 8FT 7 PACK,9686.96,7749.57
CRYSTAL-4-SH-BG,SIM2 Crystal4S Video Projector (Black),384434.78,309470.0
CRYSTAL-4-SH-WG,SIM2 Crystal4S Video Projector (White),405130.43000000005,326130.0
DTV-S,SIM2 Domino TV Laser Projector (Black),191304.35,154000.0
DOMINO4H,SIM2 Domino4 H (Black),274782.61000000004,221200.0
UNIEXTUBEC1MB,SIM2 Ex Tube UNIBRK 400-600 (Black),4173.91,3840.0
UNIEXTUBE2MB,SIM2 Ex Tube UNIBRK 700-110 (Black),4173.91,3840.0
BRKT4,SIM2 Nero4S Bracket,14695.65,13520.0
NERO4-S,SIM2 Nero4S Video Projector (Black),769565.2200000001,619500.0
UNIBRKMB-SH,SIM2 Univ Bracket C4SH (Black),11565.220000000001,10640.0
SIM2XTV100,SIM2 XTV Screen 100,105391.3,84840.0
SIM2XTV110,SIM2 XTV Screen 110,126782.61000000002,102060.0
SIM2XTV120,SIM2 XTV Screen 120,142260.87,114520.0
SIM2XTV92,SIM2 XTV Screen 92,98869.57,79590.0
REM-1100I-00,SINGLE ROOM REMOTE TOUCH SCREEN END OF LIFE,14362.61,8617.57
SHA-POWSINGLE-00,SINGLE SHADE POWER SUPPLY,4020.87,2412.5299999999997
S-LCRDM-MK2,SKETCH LCR-DM MK2,21254.780000000002,12752.87
CLI-SLAB1-00,SLAB REMOTE SENSOR,2969.5699999999997,1781.7399999999998
MNT-STUDIO55WS-TV-00,SMART AUDIO SOUNDBAR TV MOUNT,1969.57,1378.6999999999998
PKG-SASWSUB2B-00,SMART AUDIO SOUNDBAR WITH 2 WISA SUBS (BLACK),67670.43000000001,47369.310000000005
PKG-SASWSUB2W-00,SMART AUDIO SOUNDBAR WITH 2 WISA SUBS (WHITE),67670.43000000001,47369.310000000005
PKG-SASWSUB1B-00,SMART AUDIO SOUNDBAR WITH WISA SUB (BLACK),54136.520000000004,37895.57
PKG-SASWSUB1W-00,SMART AUDIO SOUNDBAR WITH WISA SUB (WHITE),54136.520000000004,37895.57
HST-STUDIO55WS-SUR-10,SMART AUDIO WISA SOUNDBAR 55,43605.22,30523.66
HST-STUDIO55WS-SUR-00,SMART AUDIO WISA SOUNDBAR 55,37791.3,26453.920000000002
SPK-S1WSB-00,SMART AUDIO WISA SUB 1 (BLACK),21862.61,15303.83
SPK-S1WSW-00,SMART AUDIO WISA SUB 1 (WHITE),21862.61,15303.83
SPK-SUR3WSB-00,SMART AUDIO WISA SURROUND SPEAKERS (BLACK),21862.61,15303.83
SPK-SUR3WSW-00,SMART AUDIO WISA SURROUND SPEAKERS (WHITE),21862.61,15303.83
SHR-2000-00,SMART HOST RACK MOUNTABLE,11869.57,7121.74
SSC-P025-11,SMARTCONTROL 25 WITH POE,62675.65,37605.4
SEM-150A1-00,SMARTENERGY SENSOR 150A (1 PACK),3446.9599999999996,2757.5699999999997
SEM-150A5-00,SMARTENERGY SENSOR 150A (5 PACK),17235.65,13788.53
SEM-020A5-00,SMARTENERGY SENSOR 20A (5 PACK),5375.65,4300.53
SEM-250A1-00,SMARTENERGY SENSOR 250A (1 PACK),3446.9599999999996,2757.5699999999997
SEM-400A1-00,SMARTENERGY SENSOR 400A (1 PACK),3446.9599999999996,2757.5699999999997
SEM-050A5-00,SMARTENERGY SENSOR 50A (5 PACK),8617.39,6893.919999999999
SEM-600A1-00,SMARTENERGY SENSOR 600A (1 PACK),3446.9599999999996,2757.5699999999997
SEM-VT01-00,SMARTENERGY VOLTAGE SENSOR,4308.7,3446.9599999999996
HCX-SLN501-00,SMARTLINK HDBASET EXTENDER SET,10852.17,6511.3099999999995
M21F-90S,SNGLE RIGHT ANGLE RCA ADAPTER,738.26,0.0
93542,SONAMP DSP 2-150 MKIII,44800.0,26880.0
93171,SONAMP DSP 8-130 MKII EU,84616.52,50769.92
93050,SONANCE 1/2IN GYP MP AS  MEDIUM SQUARE,9063.48,5438.089999999999
93045,SONANCE 1/2IN GYP MP AS DISCREET ROUND,6214.78,3728.87
93046,SONANCE 1/2IN GYP MP AS DISCREET SQUARE,6214.78,3728.87
93049,SONANCE 1/2IN GYP MP AS MEDIUM ROUND,9063.48,5438.089999999999
92925,SONANCE 19 GROUND STAKE,1812.1699999999998,1087.31
93051,SONANCE 5/8IN GYP MP AS  MEDIUM ROUND,9063.48,5438.089999999999
93052,SONANCE 5/8IN GYP MP AS  MEDIUM SQUARE,9063.48,5438.089999999999
93047,SONANCE 5/8IN GYP MP AS DISCREET ROUND,6214.78,3728.87
93048,SONANCE 5/8IN GYP MP AS DISCREET SQUARE,6214.78,3728.87
93053,SONANCE 5/8IN SOLID SURFACE  AS DISCREET RS (One mounting platform for both round & square),6214.78,3728.87
93055,SONANCE 5/8IN SOLID SURFACE  AS MEDIUM RS (One mounting platform for both round & square),9063.48,5438.089999999999
92924,SONANCE 9 GROUND STAKE,620.87,372.53
93065,SONANCE AS DISCREET GRILLE ROUND,620.87,372.53
93066,SONANCE AS DISCREET GRILLE SQUARE,620.87,372.53
93069,SONANCE AS MEDIUM GRILLE ROUND,1035.6499999999999,621.4
93070,SONANCE AS MEDIUM GRILLE SQUARE,1035.6499999999999,621.4
93041,SONANCE AS38RS (Includes round & square grille),9580.869999999999,5748.53
93042,SONANCE AS68RS (Includes round & square grille),15019.130000000001,9011.48
92446,SONANCE ASAP3D SE,14730.43,8838.269999999999
93073,SONANCE ASBPC3RS,4660.87,2796.5299999999997
93335,SONANCE ASBPC3RS TL RING AND GRILLES - Required for all kits listed above,1553.04,931.8299999999999
93074,SONANCE ASBPC6RS  (Includes round & square grille),4660.87,2796.5299999999997
93043,SONANCE BPS6 SUBWOOFER (Must be installed prior to drywall),25895.65,15537.400000000001
93324,SONANCE BPS6 THINLINE SUB,33923.48,20354.09
93367,SONANCE BPS6 TL SLOT CONNECTOR W/TRUFIG,18645.22,11187.140000000001
93044,SONANCE BPS8 SUBWOOFER (Must be installed prior to drywall),33923.48,20354.09
93124,SONANCE C6R,5696.5199999999995,3417.9199999999996
93125,SONANCE C6R SST,3625.22,2175.14
72352,SONANCE CONNECT PRO BaseStation Black,8778.26,6144.79
72300,SONANCE CONNECT PRO Case 10.2 Black for iPad 10.2-inch 9th gen|8th gen |7th gen,8778.26,6144.79
72350,SONANCE CONNECT PRO WallStation Black,8778.26,6144.79
93359,SONANCE D8 BLACK,45318.26,27190.960000000003
93374,SONANCE D8 WHITE,45318.26,27190.960000000003
93099,SONANCE DIGITAL INPUT MODULE (DIM),4479.13,2687.48
93491,SONANCE DISC SYSTEM DEPTH SENSING GAUGE FOR IS SPEAKERS,19940.0,11964.0
93302,SONANCE DOS PLASTER SHIM,1553.04,931.8299999999999
92808,SONANCE FIRE-RATED LISTED DEEP BACKCAN,3106.96,1864.1799999999998
92807,SONANCE FIRE-RATED LISTED SHALLOW BACKCAN,3106.96,1864.1799999999998
93163,SONANCE GRILLE PRO MARINER 5.25 BLACK,1294.78,776.87
93162,SONANCE GRILLE PRO MARINER 5.25 WHITE,1294.78,776.87
93165,SONANCE GRILLE PRO MARINER 6.5 BLACK,1294.78,776.87
93164,SONANCE GRILLE PRO MARINER 6.5 WHITE,1294.78,776.87
93167,SONANCE GRILLE PRO MARINER 8 BLACK,1294.78,776.87
93166,SONANCE GRILLE PRO MARINER 8 WHITE,1294.78,776.87
93126,SONANCE GRILLES FOR C6R/C6R SST,1294.78,776.87
93373,SONANCE HS12T SUB,62668.700000000004,37601.22
93361,SONANCE HYBRID INPUT MODULE (HIM),4479.13,2687.48
93480,SONANCE IS10,64860.0,38916.0
93481,SONANCE IS10W,25943.48,15566.09
93482,SONANCE IS15W,77831.3,46698.79
93478,SONANCE IS6,32429.57,19457.74
93479,SONANCE IS8,45401.740000000005,27241.05
40197,SONANCE IS8T,32429.57,19457.74
93490,SONANCE LARGE IS ENCLOSURE (IS10),7250.429999999999,4350.2699999999995
93494,SONANCE LARGE IS SPACE SAVER (IS10),1294.78,776.87
91708,SONANCE LARGE RECTANGLE ACOUSTIC ENCLOSURE,6732.169999999999,4039.31
92246,SONANCE LARGE RECTANGLE FLEX BRACKET (5 PAIR PER BOX),4142.61,2485.5699999999997
92242,SONANCE LARGE RECTANGLE RETROFIT ENCLOSURE,3366.0899999999997,2019.6599999999999
91900,SONANCE LARGE ROUND ACOUSTIC ENCLOSURE,6732.169999999999,4039.31
92245,SONANCE LARGE ROUND COVERPLATE,2071.2999999999997,1242.79
92247,SONANCE LARGE ROUND FLEX BRACKET (5 PAIR PER BOX),4142.61,2485.5699999999997
92243,SONANCE LARGE ROUND RETROFIT ENCLOSURE,3366.0899999999997,2019.6599999999999
70305,SONANCE LAUNCH AM.2 SLEEVE WHITE,6320.87,4424.61
70300,SONANCE LAUNCH AP.5 SLEEVE BLACK works with iPad Pro 9.7 iPad 9.7  iPad Air and iPad Air 2,6290.429999999999,4403.3099999999995
70158,SONANCE LAUNCH BASESTATION - BLACK,8427.83,5899.48
70391,SONANCE LAUNCH CASE 10.2 10.5 WHITE - Shipping mid-March 2020,6320.87,4424.61
70170,SONANCE LAUNCH WALLSTATION BLACK,8427.83,5899.48
70142,SONANCE LAUNCH WALLSTATION WHITE,8427.83,5899.48
93371,SONANCE LS12T SUB,62668.700000000004,37601.22
93372,SONANCE LS15T SUB,91154.78,54692.87
93369,SONANCE LS4T SAT,10875.65,6525.4
93382,SONANCE LS4T SAT/LS12T SUB - 8.1 SYSTEM W/ SONAMP DSP 2-750 MKII,191632.17,114979.31000000001
93409,SONANCE LS4T SAT/LS12T SUB - 8.2 SYSTEM W/ SONAMP DSP 2-750 MKII,237209.57,142325.74000000002
93370,SONANCE LS6T SAT,17091.3,10254.79
93410,SONANCE LS6T SAT/LS12T SUB - 6.1 SYSTEM W/ SONAMP DSP 2-750 MKII,191632.17,114979.31000000001
93411,SONANCE LS6T SAT/LS12T SUB - 8.2 SYSTEM W/ SONAMP DSP 2-750 MKII,283304.35000000003,169982.61000000002
93412,SONANCE LS6T SAT/LS15T SUB - 8.1 SYSTEM W/ SONAMP DSP 2-750 MKII,252487.83000000002,151492.7
93383,SONANCE LS6T/LS12T SUB -  4.1 SYSTEM W/ 2 SONAMP DSP 2-750 MKII,253006.09000000003,151803.66
93413,SONANCE LS6T/LS12T SUB - 4.1 SYSTEM W/ 2 SONAMP DSP 2-150 MKII,210192.17,126115.31000000001
71001,SONANCE LUXE BASESTATION SILVER,15801.74,11061.220000000001
71012,SONANCE LUXE CASE AIR 1 I 2 I 9.7 BLACK,12290.43,8603.31
71013,SONANCE LUXE CASE AIR 1 I 2 I 9.7 SILVER,12290.43,8603.31
71003,SONANCE LUXE WALLSTATION BLACK,14046.09,9832.269999999999
71004,SONANCE LUXE WALLSTATION SILVER,14046.09,9832.269999999999
71015,SONANCE LX CASE BLACK works with iPad Air 3rd gen 10.5-inch | iPad 7th gen. 10.2-inch,12290.43,8603.31
71016,SONANCE LX CASE SILVER works with iPad Air 3rd gen 10.5-inch | iPad 7th gen. 10.2-inch,12290.43,8603.31
93149,SONANCE MARINER 54 B,10128.7,6077.219999999999
93159,SONANCE MARINER 54 SST B,9307.83,5584.7
93158,SONANCE MARINER 54 SST W,9307.83,5584.7
93148,SONANCE MARINER 54 W,10128.7,6077.219999999999
93151,SONANCE MARINER 56 B,12319.130000000001,7391.48
93150,SONANCE MARINER 56 W,12319.130000000001,7391.48
93153,SONANCE MARINER 64 B,14782.61,8869.57
93161,SONANCE MARINER 64 SST B,12866.09,7719.66
93160,SONANCE MARINER 64 SST W,12866.09,7719.66
93152,SONANCE MARINER 64 W,14782.61,8869.57
93155,SONANCE MARINER 66 B,18888.7,11333.220000000001
93154,SONANCE MARINER 66 W,18888.7,11333.220000000001
93157,SONANCE MARINER 86 B,24364.350000000002,14618.61
93156,SONANCE MARINER 86 W,24364.350000000002,14618.61
93616,SONANCE MARINER MX62 SST (STEREO SPEAKER),9812.58571428571,6868.8099999999995
93303,SONANCE MEDIUM AS PLASTER SHIM,1553.04,931.8299999999999
93489,SONANCE MEDIUM IS ENCLOSURE (IS8 IS10W),5696.5199999999995,3417.9199999999996
93493,SONANCE MEDIUM IS SPACE SAVER (IS8 IS8T IS10W),1294.78,776.87
92475,SONANCE MEDIUM LCR FLEX BRACKET,776.52,465.92
92836,SONANCE MEDIUM LCR RETROFIT ENCLOSURE,1035.6499999999999,621.4
91687,SONANCE MEDIUM RECTANGLE ACOUSTIC ENCLOSURE,5696.5199999999995,3417.9199999999996
92334,SONANCE MEDIUM RECTANGLE COVERPLATE,1035.6499999999999,621.4
92336,SONANCE MEDIUM RECTANGLE FLEX BRACKET (5 PAIR PER BOX),4142.61,2485.5699999999997
92066,SONANCE MEDIUM RECTANGLE MASONRY BRACKET,1294.78,776.87
92342,SONANCE MEDIUM RECTANGLE RETROFIT ENCLOSURE,1553.04,931.8299999999999
900651,SONANCE MEDIUM RECTANGLE STAPLE TEMPLATE (5 PAIR PER BOX),2330.43,1398.27
91688,SONANCE MEDIUM ROUND ACOUSTIC ENCLOSURE,5696.5199999999995,3417.9199999999996
92335,SONANCE MEDIUM ROUND COVERPLATE,1035.6499999999999,621.4
92337,SONANCE MEDIUM ROUND FLEX BRACKET (5 PAIR PER BOX),4142.61,2485.5699999999997
92343,SONANCE MEDIUM ROUND RETROFIT ENCLOSURE,1553.04,931.8299999999999
901049,SONANCE MEDIUM ROUND STAPLE TEMPLATE (5 PAIR PER BOX),2330.43,1398.27
91903,SONANCE ODVC60 OUTDOOR VOLUME CONTROL,3106.96,1864.1799999999998
40196,SONANCE OMNI 6T,13724.35,8234.609999999999
93429,SONANCE PATIO 4.1,44613.91,26768.350000000002
93430,SONANCE PATIO 4.1 W/SR 2-125,64673.91,38804.35
93344,SONANCE R1,30816.52,18489.920000000002
92499,SONANCE R1/R1SUR FLEX BRACKET,1553.04,931.8299999999999
92690,SONANCE R1/R1SUR REPLACEMENT GRILLE,2071.2999999999997,1242.79
93354,SONANCE R10SUB,30816.52,18489.920000000002
92874,SONANCE R10SUB ENCLOSURE,27708.7,16625.22
93376,SONANCE R10SUB KIT (2x R10SUB 2x R10SUB Enclosures 1x DSP 2-150 MKII),129480.87000000001,77688.53
92894,SONANCE R10SUB REPLACEMENT GRILLE,1294.78,776.87
93355,SONANCE R12SUB,37031.3,22218.79
92895,SONANCE R12SUB /VPSUB REPLACEMENT GRILLE,1553.04,931.8299999999999
92875,SONANCE R12SUB ENCLOSURE,37031.3,22218.79
93377,SONANCE R12SUB KIT (2x R12SUB 2x R12SUB Enclosures 1x DSP 2-750 MKII),171691.30000000002,103014.79000000001
93351,SONANCE R1C,30816.52,18489.920000000002
92800,SONANCE R1C/R1CSUR FLEX BRACKET,1553.04,931.8299999999999
92882,SONANCE R1C/R1CSUR IN-CEILING REPLACEMENT GRILLE,2330.43,1398.27
93348,SONANCE R1CAB,30816.52,18489.920000000002
93401,SONANCE R1CAB REPLACEMENT GRILLE,1553.04,931.8299999999999
93352,SONANCE R1CSUR,30816.52,18489.920000000002
93345,SONANCE R1SUR,30816.52,18489.920000000002
93346,SONANCE R2,61633.04,36979.83
92500,SONANCE R2/R2SUR FLEX BRACKET,2589.5699999999997,1553.74
92691,SONANCE R2/R2SUR REPLACEMENT GRILLE,2330.43,1398.27
93347,SONANCE R2SUR,61633.04,36979.83
93098,SONANCE RACK MOUNT BRACKET FOR 2-100 and DSP 2-150 ACCESSORY KIT,1741.7399999999998,1045.05
92888,SONANCE RK10W ROCK WOOFER BROWN,14437.390000000001,8662.439999999999
92887,SONANCE RK10W ROCK WOOFER GRANITE,14437.390000000001,8662.439999999999
92744,SONANCE RK63 BROWN,11812.17,7087.3099999999995
92743,SONANCE RK63 GRANITE,11812.17,7087.3099999999995
92746,SONANCE RK83 BROWN,18900.0,11340.0
92745,SONANCE RK83 GRANITE,18900.0,11340.0
92926,SONANCE ROUND SURFACE MOUNT,1035.6499999999999,621.4
93057,SONANCE ROUTER TEMPLATE AS  DISCREET RS (Two templates per carton-each template has round & square,4660.87,2796.5299999999997
93058,SONANCE ROUTER TEMPLATE AS  MEDIUM RS  (Two templates per carton-each template has round & square,4660.87,2796.5299999999997
93111,SONANCE SB46 A-J HARDWARE POUCHES,620.87,372.53
93425,SONANCE SB46-55,45577.39,27346.440000000002
93426,SONANCE SB46-65,45577.39,27346.440000000002
93427,SONANCE SB46-75,51273.91,30764.350000000002
93428,SONANCE SB46-85,51273.91,30764.350000000002
93087,SONANCE SB46L,51273.91,30764.350000000002
93115,SONANCE SB46L COMPLETE HARDWARE KIT,7509.57,4505.74
93113,SONANCE SB46L GRILLE SYSTEM WITH SCREWS,6732.169999999999,4039.31
93086,SONANCE SB46M,45577.39,27346.440000000002
93114,SONANCE SB46M COMPLETE HARDWARE KIT,6732.169999999999,4039.31
93112,SONANCE SB46M GRILLE SYSTEM WITH SCREWS,6214.78,3728.87
70169,SONANCE SECURTIY PACK,752.17,526.53
93436,SONANCE SGS 4 SAT PACK,41320.0,24792.0
93432,SONANCE SGS 8.1 SYSTEM (8 - SATS 1 - SUB),115278.26000000001,69166.96
93433,SONANCE SGS 8.1 SYSTEM w/SR 2-125 AMP (8 - SATS 1 - SUB 1 - 2-125 AMP),131746.96000000002,79048.18000000001
93435,SONANCE SGS SUB,32936.520000000004,19761.920000000002
93488,SONANCE SMALL IS ENCLOSURE (IS6),4401.74,2641.0499999999997
93492,SONANCE SMALL IS SPACE SAVER (IS6),1294.78,776.87
92470,SONANCE SMALL RECTANGLE FLEX BRACKET (5 PAIR PER BOX),4142.61,2485.5699999999997
92067,SONANCE SMALL RECTANGLE MASONRY BRACKET,1035.6499999999999,621.4
92442,SONANCE SMALL RECTANGLE RETROFIT ENCLOSURE,1294.78,776.87
92471,SONANCE SMALL ROUND FLEX BRACKET (5 PAIR PER BOX),4142.61,2485.5699999999997
92443,SONANCE SMALL ROUND RETROFIT ENCLOSURE,1294.78,776.87
93092,SONANCE SONAMP 12-50,38820.0,23292.0
93091,SONANCE SONAMP 2-100,24886.96,14932.18
93378,SONANCE SONAMP DSP 2-150 MKII,25326.96,15196.18
93379,SONANCE SONAMP DSP 2-750 MKII,46570.43,27942.27
93331,SONANCE SONAMP DSP 8-130 MKII,84616.52,50769.92
93135,SONANCE SONARRAY SR 2-125,22723.48,13634.09
91368,SONANCE SS4,3106.96,1864.1799999999998
91931,SONANCE SS4VC,10358.26,6214.96
91369,SONANCE SS6,4660.87,2796.5299999999997
91932,SONANCE SS6VC,12429.57,7457.74
70700,SONANCE SURFACE MOUNT BEZEL BLACK works with iPad Mini 3 Mini 2 and Mini - While Supplies Last,11587.83,8111.48
93089-Single,SONANCE Single VP80R,8473.039999999999,5083.83
93362,SONANCE THINLINE 1/2 ROUND GYPSUM MOUNTING PLATFORM,9322.609999999999,5593.57
93386,SONANCE THINLINE 1/2 ROUND GYPSUM MOUNTING PLATFORM W/BPS6 THINLINE SUB KIT,42986.96,25792.18
93363,SONANCE THINLINE 1/2 SQUARE GYPSUM MOUNTING PLATFORM,9322.609999999999,5593.57
93387,SONANCE THINLINE 1/2 SQUARE GYPSUM MOUNTING PLATFORM W/BPS6 THINLINE SUB KIT,42986.96,25792.18
93364,SONANCE THINLINE 5/8 ROUND GYPSUM MOUNTING PLATFORM,9322.609999999999,5593.57
93388,SONANCE THINLINE 5/8 ROUND GYPSUM MOUNTING PLATFORM W/BPS6 THINLINE SUB KIT,42986.96,25792.18
93365,SONANCE THINLINE 5/8 SQUARE GYPSUM MOUNTING PLATFORM,9322.609999999999,5593.57
93389,SONANCE THINLINE 5/8 SQUARE GYPSUM MOUNTING PLATFORM W/BPS6 THINLINE SUB KIT,42986.96,25792.18
93366,SONANCE THINLINE SOLID SURFACE BPC,9322.609999999999,5593.57
93127,SONANCE TOGGLE FEET FOR C6R/C6R SST,258.26,154.96
92927,SONANCE TREE/SURFACE MOUNT JUNCTION BOX,1294.78,776.87
91497,SONANCE VC30R DECORA WHITE (BOXED),1294.78,776.87
91505,SONANCE VC60R WHITE (BOXED),1812.1699999999998,1087.31
92158,SONANCE VC60RIM WHITE,2071.2999999999997,1242.79
91521,SONANCE VC60S SLIDER WHITE (BOXED),2589.5699999999997,1553.74
92161,SONANCE VC60SIM WHITE,2071.2999999999997,1242.79
93117,SONANCE VP38R,9580.869999999999,5748.53
93122,SONANCE VP3R GRILLE,1035.6499999999999,621.4
93119,SONANCE VP3R ROUND FLEX BRACKETS,4142.61,2485.5699999999997
93120,SONANCE VP3SQ ADAPTER W/GRILLE,1035.6499999999999,621.4
93121,SONANCE VP3SQ ADAPTER W/GRILLES - 10 PACK,7768.7,4661.219999999999
92608,SONANCE VP4 RECTANGLE REPLACEMENT GRILLE,2071.2999999999997,1242.79
93000,SONANCE VP42,8545.22,5127.139999999999
93009,SONANCE VP42R,8545.22,5127.139999999999
93001,SONANCE VP46,11393.91,6836.349999999999
93010,SONANCE VP46R,11393.91,6836.349999999999
93023,SONANCE VP46R SST/SUR,8286.09,4971.66
93002,SONANCE VP48,21752.170000000002,13051.310000000001
93011,SONANCE VP48R,21752.170000000002,13051.310000000001
92609,SONANCE VP4R ROUND REPLACEMENT GRILLE,2071.2999999999997,1242.79
93029,SONANCE VP4SQ SQUARE ADAPTOR W/ GRILLE  (Grille not compatible with legacy models),1812.1699999999998,1087.31
93032,SONANCE VP4SQ SQUARE ADAPTOR W/ GRILLE (5 PAIR BULK PACK) (Grille not compatible with legacy models),7768.7,4661.219999999999
93368,SONANCE VP52R UTL,10617.390000000001,6370.44
92806,SONANCE VP6 LCR REPLACEMENT GRILLE,2071.2999999999997,1242.79
92611,SONANCE VP6 RECTANGLE  REPLACEMENT GRILLE,2071.2999999999997,1242.79
92812,SONANCE VP6 RECTANGLE REPLACEMENT EXTREME GRILLE,3625.22,2175.14
93088,SONANCE VP60R,8026.959999999999,4816.179999999999
93003,SONANCE VP62,10099.130000000001,6059.48
93028,SONANCE VP62 LCR,8026.959999999999,4816.179999999999
93012,SONANCE VP62R,10099.130000000001,6059.48
93024,SONANCE VP62R SST/SUR,8026.959999999999,4816.179999999999
93022,SONANCE VP62R SST/SUR TL,9322.609999999999,5593.57
93020,SONANCE VP62R TL,10099.130000000001,6059.48
93013,SONANCE VP64R,12170.43,7302.2699999999995
92751,SONANCE VP65 XT,19940.0,11964.0
93004,SONANCE VP66,15278.26,9166.96
93084,SONANCE VP66 LCR,15019.130000000001,9011.48
93027,SONANCE VP66 SST/SUR,10358.26,6214.96
93019,SONANCE VP66 TL,15278.26,9166.96
93014,SONANCE VP66R,15278.26,9166.96
93025,SONANCE VP66R SST/SUR,10358.26,6214.96
93021,SONANCE VP66R TL,15278.26,9166.96
93005,SONANCE VP68,27190.43,16314.27
93015,SONANCE VP68R,27190.43,16314.27
92612,SONANCE VP6R ROUND REPLACEMENT GRILLE,2071.2999999999997,1242.79
93030,SONANCE VP6SQ SQUARE ADAPTOR W/ GRILLE  (Grille not compatible with legacy models),2071.2999999999997,1242.79
93033,SONANCE VP6SQ SQUARE ADAPTOR W/ GRILLE (5 PAIR BULK PACK)  (Grille not compatible with legacy models,9322.609999999999,5593.57
92614,SONANCE VP8 RECTANGLE REPLACEMENT GRILLE,2071.2999999999997,1242.79
93089,SONANCE VP80R,10099.130000000001,6059.48
93006,SONANCE VP82,20975.65,12585.4
93016,SONANCE VP82R,20975.65,12585.4
92741,SONANCE VP85RW - ROUND,9322.609999999999,5593.57
92742,SONANCE VP85SW - SQUARE,8866.09,5319.66
92740,SONANCE VP85W - RECTANGLE,9322.609999999999,5593.57
93007,SONANCE VP86,30816.52,18489.920000000002
93017,SONANCE VP86R,30816.52,18489.920000000002
93026,SONANCE VP86R SST/SUR,18903.48,11342.09
93008,SONANCE VP88,53863.48,32318.09
93018,SONANCE VP88R,54381.740000000005,32629.050000000003
92615,SONANCE VP8R ROUND REPLACEMENT GRILLE,2071.2999999999997,1242.79
93034,SONANCE VP8SQ SQUARE ADAPTOR W/ GRILLE (5 PAIR BULK PACK)  (Grille not compatible with legacy models,10875.65,6525.4
93031,SONANCE VP8SQ SQUARE ADAPTOR W/ GRILLE (Grille not compatible with legacy models),2589.5699999999997,1553.74
93118,SONANCE VPBPC3R,2071.2999999999997,1242.79
93334,SONANCE VPBPC3R TL,2071.2999999999997,1242.79
93096,SONANCE VPBPC4R (Includes round grille only - square adaptor and grille sold separately),2071.2999999999997,1242.79
93097,SONANCE VPBPC6R (Includes round grille only - square adaptor and grille sold separately),2847.83,1708.6999999999998
93353,SONANCE VPSUB,46094.78,27656.870000000003
93338,SONANCE VPXT6,18645.22,11187.140000000001
93408,SONANCE VPXT6 RECTANGLE REPLACEMENT GRILLE,3106.96,1864.1799999999998
93339,SONANCE VPXT6R,18645.22,11187.140000000001
93406,SONANCE VPXT6R REPLACEMENT GRILLE,3106.96,1864.1799999999998
93340,SONANCE VPXT6R SST,12170.43,7302.2699999999995
93380,SONANCE VPXT6SQ SQUARE ADAPTER W/GRILLE (5 PAIR),15278.26,9166.96
93342,SONANCE VPXT6SQ SQUARE ADAPTER W/GRILLE (PAIR),3106.96,1864.1799999999998
93341,SONANCE VPXT8R,24860.0,14916.0
93407,SONANCE VPXT8R EXTREME ROUND GRILLE,4660.87,2796.5299999999997
93343,SONANCE VPXT8SQ SQUARE ADAPTER W/GRILLE,4660.87,2796.5299999999997
93381,SONANCE VPXT8SQ SQUARE ADAPTER W/GRILLE - (5 PAIR),23046.96,13828.18
93360,SONANCE WIRELESS TRANSMITTER,3625.22,2175.14
93495,SONANCE XXL IS SPACE SAVER (IS15),1812.1699999999998,1087.31
93357,SONANCE i10,34959.130000000005,20975.48
93358,SONANCE i12,42728.700000000004,25637.22
93356,SONANCE i8,25895.65,15537.400000000001
ARCG2EU1BLK,SONOS ARC ULTRA PREMIUM SMART SOUNDBAR - BLACK (S45),1.0,0.0
ONEG1EU1BLK,SONOS ONE BLACK,5216.5199999999995,4173.219999999999
ONEG1EU1,SONOS ONE WHITE,5216.5199999999995,4173.219999999999
SUBG4EU1BLK,SONOS SUB GEN4 WIRELESS SMART SUBWOOFER - BLACK,17390.43,13912.0
SOUND1250,SOUND 1250 - Sound Bar Mount,817.39,0.0
SOUND3200,SOUND 3200 Loudspeaker Wall Mount Black,660.87,0.0
SOUND3200W,SOUND 3200 Loudspeaker Wall Mount White,660.87,0.0
SOUND3205B,SOUND 3205 Universal L speaker wall mount Black,2781.74,1116.52
SOUND3205W,SOUND 3205 Universal L speaker wall mount White,2781.74,0.0
SOUND3305B,SOUND 3305 Universal L speaker floor stand Black,4346.96,1669.57
SOUND3305W,SOUND 3305 Universal L speaker floor stand White,4346.96,1669.57
SOUND3400,SOUND 3400 Cable Column Mount,1243.48,870.43
SOUND3450,SOUND 3450 Soundbar Wall Mount,1782.61,1247.83
SOUND3550,SOUND 3550 UNIVERSAL SOUNDBARMOUNT,1738.26,777.39
SOUND4113B,SOUND 4113 SONOS PLAY:1/3 table-top stand Black,530.43,318.26
SOUND4113W,SOUND 4113 SONOS PLAY:1/3 table-top stand White,530.43,318.26
SOUND4201B,SOUND 4201 Loudspeaker Wall Mount for SONOS ONE/PLAY:1 Black,1129.57,677.74
SOUND4201W,SOUND 4201 Loudspeaker Wall Mount for SONOS ONE/PLAY:1 White,1129.57,677.74
SOUND4301B,SOUND 4301 Loudspeaker Stand for SONOS ONE/PLAY:1 Black,2433.91,913.04
SOUND4301W,SOUND 4301 Loudspeaker Stand for SONOS ONE/PLAY:1 White,2433.91,913.04
SOUND4303B,SOUND 4303 Sonos Play 3 Floorstand Black,1643.4799999999998,986.09
SOUND4303W,SOUND 4303 Sonos Play 3 Floorstand White,1643.4799999999998,986.09
SOUND5201B,SOUND 5201 Denon HEOS 1 wall mount Black,773.91,464.34999999999997
SOUND5201W,SOUND 5201 Denon HEOS 1 wall mount White,773.91,309.57
SOUND5203B,SOUND 5203 Denon HEOS 3 wall mount Black,1017.39,610.43
SOUND5203W,SOUND 5203 Denon HEOS 3 wall mount White,101839.0,61103.4
SOUND5313B,SOUND 5313 Denon HEOS 1 / 3 floor stand Black,1860.87,1116.52
SOUND5313W,SOUND 5313 Denon HEOS 1 / 3 floor stand White,186187.0,744.35
PA-9940,SP6000 K32LED UPGRADE KIT w BATT+TRANS+SIREN,3980.62,2388.37
SPEKTOR 1 B,SPEKTOR 1 BLACK BOOKSHELF SPEAKER,4086.0899999999997,2451.6499999999996
SPEKTOR 1 WAL,SPEKTOR 1 WALNUT BOOKSHELF SPEAKER,4086.0899999999997,2451.6499999999996
SPEKTOR 2 B,SPEKTOR 2 BLACK BOOKSHELF SPEAKER,6086.089999999999,3651.6499999999996
SPEKTOR 2 WAL,SPEKTOR 2 WALNUT BOOKSHELF SPEAKER,6086.089999999999,3651.6499999999996
SPEKTOR 6 B,SPEKTOR 6 BLACK FLOOR STANDING SPEAKER,13042.61,7825.57
SPEKTOR 6 WAL,SPEKTOR 6 WALNUT FLOOR STANDING SPEAKER,13042.61,7825.57
SPEKTOR VOK B,SPEKTOR VOKAL BLACK CENTER SPEAKER,3912.1699999999996,2347.2999999999997
SPEKTOR VOK WAL,SPEKTOR VOKAL WALNUT CENTER SPEAKER,3912.1699999999996,2347.2999999999997
SPK-SUR3STAND-00,STAND FOR SMART AUDIO SURROUND SPEAKERS,7935.65,5554.96
SHA-EHBPL10-00,STANDARD SHADE BRACKET HANGER BOLT 10 PACK,1263.48,1010.79
SHA-T8FT10PK-00,STANDARD SHADE TUBE -8 FOOT (PACK OF 10),12108.7,9686.96
DMX-TWKITB-00,START KIT FOR DMX TUNABLE WHITE STRIP LIGHTING (10M),15080.87,12064.7
DMX-TWKITW-00,START KIT FOR DMX TUNABLE WHITE STRIP LIGHTING (5M),7540.0,6032.0
DMX-WRGBKITB-00,START KIT FOR DMX WRGB STRIP LIGHTING (10M),15080.87,12064.7
DMX-WRGBKITW-00,START KIT FOR DMX WRGB STRIP LIGHTING (5M),7540.0,6032.0
BRK-EPB-2,STEEL CEILING PROJECTOR BRACKET UP TO 15KG,600.0,420.0
STEREO3.5MM,STEREO CABLE 3.5mm To 3.5mm 1m,147.82999999999998,88.7
STP-MOUNTID-00,STRIP MOUNTING RAIL - INDOOR (5 PACK),2800.0,2240.0
STP-MOUNTOD-00,STRIP MOUNTING RAIL - OUTDOOR (5 PACK),2800.0,2240.0
STUDIO39-BG,STUDIO 39 SOUNDBAR WITH GRILLE - BLACK,14574.78,10202.35
STUDIO46-BG,STUDIO 46 SOUNDBAR WITH GRILLE - BLACK,18218.260000000002,12752.79
STUDIO55-BG,STUDIO 55 SOUNDBAR WITH GRILLE - BLACK,21862.61,15303.83
STUDIO65-BG,STUDIO 65 SOUNDBAR WITH GRILLE - BLACK,25506.09,17854.27
MNT-STUDIO-TV-00,STUDIO SOUNDBAR TV MOUNT,1969.57,1378.6999999999998
RCC160-MK2-PC,SUB 160V2 (PRE CONSTRUCTION),21254.780000000002,12752.87
SUB E-12F,SUB E-12F SUBWOOFER Black,13469.57,8081.74
SUB E-12F W,SUB E-12F WHITE SUBWOOFER,13469.57,8081.74
SUB E-9F B,SUB E-9F BLACK SUBWOOFER,9991.3,5994.78
SUB E-9F W,SUB E-9F WHITE SUBWOOFER,9991.3,5994.78
SUBG1EU1BLK,SUB EU (Gloss Black G1),12173.04,9738.43
SUB K-14F B,SUB K-14F BLACK SUBWOOFER,26078.260000000002,15646.960000000001
SUB P-10DSS B,SUB P-10DSS BLACK HIGH GLOSS SUBWOOFER,46947.83,28168.7
SUB210BL,SUB210 Black,4781.74,3347.22
SUR55TB,SUR55T Black Pair,24346.96,15272.18
9155062,SURFACE MOUNT BACKPLATE FOR KEYPAD DOOR STATION,0.0,0.0
9155068,SURFACE MOUNT BACKPLATE FOR SINGLE HEIGHT DOOR STATION,0.0,0.0
DOR-SM0B-00,SURFACE MOUNT DOOR STATION BLACK,36628.700000000004,25640.09
DOR-SM0S-00,SURFACE MOUNT DOOR STATION SILVER,36628.700000000004,25640.09
DOR-SMB-00,SURFACE MOUNT SINGLE HEIGHT DOOR STATION BLACK,35611.3,24927.920000000002
DOR-SMS-00,SURFACE MOUNT SINGLE HEIGHT DOOR STATION SILVER,35611.3,24927.920000000002
850029050278,SVS 3000 In-Wall Dual Subwoofer System,82600.0,56994.0
850029050261,SVS 3000 In-Wall Single Subwoofer system,55208.700000000004,38094.0
3000-MICRO-BG,SVS 3000 Micro Subwoofer (Gloss Black),29382.61,20274.0
3000-MICRO-WG,SVS 3000 Micro Subwoofer (White Gloss),29382.61,20274.0
SVS-SSIS,SVS Soundpath Sub Isolation System 4Pack,1730.4299999999998,1194.0
SVS-SSIS6,SVS Soundpath Sub Isolation System 6Pack,2165.22,1494.0
SVS-S3WAA,SVS Soundpath TriBand Wireless Adapter,5991.299999999999,4134.0
SVS-SWAA,SVS Soundpath Wireless Audio Adapter,4860.87,3354.0
PB-1000-BA,SVS Subwoofer PB1000 (Black Ash),17382.61,11994.01
PB-1000-PRO-BA,SVS Subwoofer PB1000PRO (Black Ash),26426.09,18234.0
PB16-BG,SVS Subwoofer PB16 Ultra (Piano Gloss),99817.39,68874.0
PB17Ultra,SVS Subwoofer PB17Ultra (Gloss Black),85713.54285714291,59999.48
PB-2000-PRO-BA,SVS Subwoofer PB2000PRO (Black Ash),35904.35,24774.0
PB-3000-BA,SVS Subwoofer PB3000 (Black Ash),55034.78,37974.0
PB-4000-BG,SVS Subwoofer PB4000 (Piano Gloss),81121.74,55974.0
SB-1000-BA,SVS Subwoofer SB1000 (Black Ash),16078.26,11094.0
SB-1000-PRO-BA,SVS Subwoofer SB1000PRO (Black Ash),19817.39,13674.0
SB16-BG,SVS Subwoofer SB16Ultra (Piano Gloss),82600.0,56994.0
SB-2000-PRO-BA,SVS Subwoofer SB2000PRO (Black Ash),29382.61,20274.0
SB-2000-PRO-PG,SVS Subwoofer SB2000PRO (Piano Gloss),32686.960000000003,22554.0
SB-2000-PRO-WG,SVS Subwoofer SB2000PRO (White Gloss),32686.960000000003,22554.0
SB-3000-BA,SVS Subwoofer SB3000 (Black Ash),37904.35,26154.0
SB-4000-BG,SVS Subwoofer SB4000 (Black Gloss),65295.65,45054.0
CAB-C-6609WMS,SWING ARM SERVER CABINET 9U WALL MOUNT,3088.5,2130.0
Qa50qn90dakxxa,"Samsung 50"" QN90D 4K NEO QLED smart TV with AI Gen2 Processor",19874.5285714286,13912.17
SDSQunr-064g-gn3mn,SanDisk Ultra MicroSDXC 64GB,120.0,84.0
Sasha V,"Sasha V’s exquisite craftsmanship and thoughtful contours create a sculpted masterpiece, beautifully integrating into your curated listening space, an",1229480.12857143,860636.0900000001
SPS-8F2F,Scoop 10 Port Fast Ethernet 8 AI PoE 96W Switch,675.0,495.0
SPS-8G2G,Scoop 10 Port Gigabit 8 AI PoE 96W Switch,995.0,725.0
UTP-100C,Scoop 100m Box Cat5e CCA Grey UTP Cable,275.0,195.0
UTP-100CW,Scoop 100m Box Cat5e CCA White UTP Cable,275.0,195.0
TC-100C,Scoop 100m Box Cat5e Outdoor FTP CCA Cable,375.0,275.0
UTP-6100C,Scoop 100m Box Cat6 CCA Grey UTP Cable,350.0,250.0
UTP-6100CW,Scoop 100m Box Cat6 CCA White UTP Cable,350.0,250.0
CAB-12UO,Scoop 12U 450mm Deep Outdoor Cabinet with 2 fans,4775.0,3495.0
CAB-15UO,Scoop 15U 450mm Deep Outdoor Cabinet with 2 fans,5275.0,3895.0
SPS-16F2GS,Scoop 16 Port Fast Ethernet AI PoE 150W 2 Gigabit 1SFP Switch,1750.0,1295.0
SPS-16G2S,Scoop 16 Port Gigabit AI PoE 150W 2SFP Switch,2575.0,1895.0
CAB-18UO,Scoop 18U 600mm Deep Outdoor Cabinet with 2 fans,9375.0,6895.0
POE-RACK,Scoop 19 Inch Rack Mount 6xPoE Panel,250.0,175.0
RB-RMTRAY,Scoop 19 Inch Rack Mount Tray for MikroTik HEX & hAP Series,185.0,135.0
FPP-SC24,Scoop 24 Fibre Splice Cassette,25.0,18.0
SPS-24F2GS,Scoop 24 Port Fast Ethernet AI PoE 250W 2 Gigabit 1SFP Switch,2575.0,1895.0
FPP-24S,Scoop 24 Port Fibre Sliding Patch Panel Blank,650.0,475.0
SPS-24G2S,Scoop 24 Port Gigabit AI PoE 250W 2SFP Switch,3175.0,2350.0
CAB-25UO,Scoop 25U 800mm Deep Outdoor Cabinet with 4 fans,13125.0,9695.0
TC-6305C,Scoop 305m Box CAT6 Outdoor FTP CCA Cable,1285.0,950.0
UTP-305C,Scoop 305m Box Cat5e CCA Grey UTP Cable,795.0,595.0
UTP-305CW,Scoop 305m Box Cat5e CCA White UTP Cable,795.0,595.0
TC-305C,Scoop 305m Box Cat5e Outdoor FTP CCA Cable,1125.0,825.0
UTP-6305C,Scoop 305m Box Cat6 CCA Grey UTP Cable,1025.0,750.0
UTP-6305CW,Scoop 305m Box Cat6 CCA White UTP Cable,1025.0,750.0
CAB-42UO,Scoop 42U 800mm Deep Outdoor Cabinet with 4 fans,18650.0,13750.0
CAB-4UR,Scoop 4U Desktop Open Rack,315.0,225.0
UTP-500C,Scoop 500m Drum Cat5e CCA Grey UTP Cable,1295.0,950.0
TC-500C,Scoop 500m Drum Cat5e Outdoor FTP CCA Cable,1750.0,1295.0
UTP-6500C,Scoop 500m Drum Cat6 CCA Grey UTP Cable,1625.0,1195.0
PSU-52V60W,Scoop 52VDC 60W PSU Without IEC Cable,250.0,175.0
PSU-52V96W,Scoop 52VDC 96W PSU Without IEC Cable,295.0,225.0
SPS-4F2F,Scoop 6 Port Fast Ethernet 4 AI PoE 60W Switch,450.0,325.0
SPS-4G2G,Scoop 6 Port Gigabit 4 AI PoE 60W Switch,650.0,475.0
CAB-6UO,Scoop 6U 450mm Deep Outdoor Cabinet with 2 fans,3650.0,2695.0
CAB-6UR,Scoop 6U Desktop Open Rack,350.0,250.0
SPS-8F2G,Scoop 8 Port Fast Ethernet AI PoE 96W 2 Gigabit Switch,775.0,575.0
SPS-8G2S,Scoop 8 Port Gigabit AI PoE 96W 2SFP Switch,1050.0,775.0
CAB-9UO,Scoop 9U 450mm Deep Outdoor Cabinet with 2 fans,4125.0,3050.0
TOOL-EZCRIMP,Scoop EZ Combo RJ45 Crimp Tool,275.0,195.0
RJ45-FTPEZ,Scoop EZ RJ45 CAT5e FTP Modular Plug,4.75,3.5
RJ45-EZ,Scoop EZ RJ45 CAT5e UTP Modular Plug,3.0,2.25
RJ45-CAT6EZ,Scoop EZ RJ45 CAT6 UTP Modular Plug,3.75,2.75
FB-D16,Scoop Fibre Distribution Box 16 Cores,315.0,225.0
FB-D24,Scoop Fibre Distribution Box 24 Cores,350.0,250.0
FB-D4,Scoop Fibre Distribution Box 4 Cores,115.0,80.0
FB-D8,Scoop Fibre Distribution Box 8 Cores,250.0,175.0
FD-D24,Scoop Fibre Dome 24 Core,375.0,275.0
FF-FCLC-S1A,Scoop Fibre Flylead LC-FC SM 1M APC,30.0,22.0
FF-LCLC-M1U,Scoop Fibre Flylead LC-LC MM 1M,60.0,45.0
FF-LCLC-O3U,Scoop Fibre Flylead LC-LC MM 1M OM3,60.0,45.0
FF-LCLC-M1UF,Scoop Fibre Flylead LC-LC MM 1M with Flex Boot,60.0,40.0
FF-LCLC-M5U,Scoop Fibre Flylead LC-LC MM 5M,85.0,60.0
FF-LCLC-S1A,Scoop Fibre Flylead LC-LC SM 1M APC,30.0,20.0
FF-LCLC-SMAF,Scoop Fibre Flylead LC-LC SM 1M APC Flex Boot,50.0,35.0
FF-LCLC-SMUF,Scoop Fibre Flylead LC-LC SM 1M UPC Flex Boot,50.0,35.0
FF-LCLC-S5U,Scoop Fibre Flylead LC-LC SM 5M,75.0,50.0
FF-LCLC-S1U,Scoop Fibre Flylead LC-LC UPC SM 1M,60.0,45.0
FF-SCLC-S1A,Scoop Fibre Flylead LC-SC APC 1m SM 2.0mm,30.0,22.0
FF-SCLC-S1UA,Scoop Fibre Flylead SC-LC SM 1M UPC-APC,25.0,18.0
FF-SCSC-S1A,Scoop Fibre Flylead SC-SC APC 1m SM 2.0mm,30.0,22.0
FM-LCA,Scoop Fibre Midcoupler LC-LC APC Duplex,14.0,10.0
FM-LCU,Scoop Fibre Midcoupler LC-LC UPC Duplex,14.0,10.0
FM-SCA,Scoop Fibre Midcoupler SC-SC APC Simplex,3.5,2.5
FDC-1K2D,Scoop Fibre Outdoor 2 Core Dual Purpose Drop Cable 1km,5425.0,3995.0
FDC-150M,Scoop Fibre Outdoor Drop Cable 150M LC-LC APC 1Core,395.0,295.0
FDC-30M,Scoop Fibre Outdoor Drop Cable 30M LC-LC APC 1Core,130.0,95.0
FDC-60M,Scoop Fibre Outdoor Drop Cable 60M LC-LC APC 1Core,215.0,150.0
FDC-90M,Scoop Fibre Outdoor Drop Cable 90M LC-LC APC 1Core,295.0,215.0
FDC-150MU1,Scoop Fibre Outdoor Uplink Cable 150M LC-LC UPC 1Core,295.0,215.0
FDC-150MU,Scoop Fibre Outdoor Uplink Cable 150M LC-LC UPC 2Core,925.0,675.0
FDC-30MU1,Scoop Fibre Outdoor Uplink Cable 30M LC-LC UPC 1Core,130.0,95.0
FDC-30MU,Scoop Fibre Outdoor Uplink Cable 30M LC-LC UPC 2Core,250.0,175.0
FDC-60MU1,Scoop Fibre Outdoor Uplink Cable 60M LC-LC UPC 1Core,215.0,150.0
FDC-60MU,Scoop Fibre Outdoor Uplink Cable 60M LC-LC UPC 2Core,395.0,295.0
FDC-90MU1,Scoop Fibre Outdoor Uplink Cable 90M LC-LC UPC 1Core,295.0,215.0
FDC-90MU,Scoop Fibre Outdoor Uplink Cable 90M LC-LC UPC 2Core,575.0,425.0
FPP-24,Scoop Fibre Patch Panel 24 Port Blank,395.0,295.0
FP-LC-S1A,Scoop Fibre Pigtail LC APC 1m SM,17.0,12.0
FP-LC-S1U,Scoop Fibre Pigtail LC UPC 1m SM,17.0,12.0
FP-SC-S1A,Scoop Fibre Pigtail SC APC 1m SM,17.0,12.0
FS-LC16,Scoop Fibre Splitter Blockless LC APC SM 1-16,375.0,275.0
FS-LC32,Scoop Fibre Splitter Blockless LC APC SM 1-32,750.0,550.0
FS-LC4,Scoop Fibre Splitter Blockless LC APC SM 1-4,115.0,75.0
FS-LC8,Scoop Fibre Splitter Blockless LC APC SM 1-8,215.0,150.0
FB-T1,Scoop Fibre Termination Box 1 Port,20.0,15.0
FB-T2,Scoop Fibre Termination Box 2 Port,13.0,9.0
UTP-305CU,Scoop Unbranded 305m Box Cat5e CCA Grey UTP Cable,795.0,595.0
UTP-6305CU,Scoop Unbranded 305m Box Cat6 CCA Grey UTP Cable,1025.0,750.0
SCM,Screen miscellaneous,8822.609999999999,7058.089999999999
PTA3001B,Secure Tablet Floorstand BLK,3869.5699999999997,2708.7
FR02,Securi-Prod Call Point Break Glass Green,241.67,145.0
PS49-2,Securi-Prod Power Supply - Power Store 13.6VDC 5Amp,890.0,623.0
SEN-SKY-01-WH,Sensibo SkyCloud (White),2434.7799999999997,2100.0
SDH-1000,Sentinal Dual 1kVA UPS,10865.710000000001,7606.0
SDU-6000,Sentinel Dual SDU -6kVA,46325.714285714304,32428.0
XY-PC05,Serial Cable • DB25-pin Male~to~DB25-pin Male,209.285714285714,146.5
Roller 100,Sheer Soltis 86 A204 4015x2860,31649.2,22154.440000000002
Roller 64,Sheer Soltis 86 A205 2540x2860,15347.2,10743.04
A206,Sheer Soltis 86 A206 5025x2860,22244.2,15570.94
A207,Sheer Soltis 86 A207 1200x2860,7803.4,5462.38
A208,Sheer Soltis 86 A208 2100x2860,13191.2,9233.84
86A210,Sheer Soltis 86 A210 1400x2860,9238.9,6467.23
A210,Sheer Soltis 86 A210 2960x2860,24125.2,16887.64
A311,Sheer Soltis 86 A311 14346x3180,28806.8,20164.760000000002
86A311,Sheer Soltis 86 A311 974x3180,6981.7,4887.19
A312,Sheer Soltis 86 A312 1400x3080,9238.9,6467.23
86A312,Sheer Soltis 86 A312 2960x3080,24891.9,17424.33
A416,Sheer Soltis 86 A416 1400x3080,9238.9,6467.23
86A416,Sheer Soltis 86 A416 2960x3080,24891.9,17424.33
A418,Sheer Soltis 86 A418 1000x3080,6981.7,4887.19
86A418,Sheer Soltis 86 A418 3050x3080,26484.8,18539.36
86A419,Sheer Soltis 86 A419 1000x3000,6726.5,4708.549999999999
A419,Sheer Soltis 86 A419 3148x3000,26006.2,18204.34
A420,Sheer Soltis 86 A420 1230x3000,8881.4,6216.98
SOLAR-LIT-BAT 5.12kwh,Shoto 5.12kwh lithium battery,27550.0,19000.0
HB-ZFQ,"Signal
extender",2028.55,1399.0
POE,Single Port Fast Ethernet Passive PoE Injector,36.0,25.0
POE-GIG,Single Port Gigabit Passive PoE Injector,50.0,40.0
DH-GSFP-1310-20-SMF,"Single mode double fiber;
LC port;
1310nm sending, and 1310nm receiving;
Transmission distance up to 20 km;",895.67,617.6999999999999
WIN-PS-1-35,Sivoia Individual PSno power cord - LUTRON - Power Supplies (Wireless),0.0,1913.04
QSSC-CON-RPL,Sivoia QS Terminal Block Connector,260.87,208.7
Sivoia QS Wired D105 Drapery Track PINCH 3300mm Width,Sivoia QS Wired D105 Drapery Track PINCH 3300mm Width,44086.880000000005,30860.82
Sivoia QS Wireless D145 Drapery Track PINCH 2196mm Width,Sivoia QS Wireless D145 Drapery Track PINCH 2196mm Width,46304.87,32413.41
Sivoia QS Wireless D145 Drapery Track PINCH 4905mm Width,Sivoia QS Wireless D145 Drapery Track PINCH 4905mm Width,62742.66,43919.86
Sivoia QS Wireless D145 Drapery Track PINCH 9300mm Width,Sivoia QS Wireless D145 Drapery Track PINCH 9300mm Width,93527.92,65469.54
QSYC-K-RCVR-24,Sivoia RF Dongle 868MHz - LUTRON - Power Supplies (Wired),0.0,3521.7299999999996
CBOX-M,Slab Box,583.33,350.0
SLIMMAX0.5M,Slimwire MAX 0.5m,346.96,208.17
SLIMMAX1M,Slimwire MAX 1.0m,390.43,234.26
SLIMMAX2M,Slimwire MAX 2.0m,433.90999999999997,260.35
SLIMMAX3M,Slimwire MAX HDMI 3m,520.87,312.52
SLIMMAX5M,Slimwire MAX HDMI 5m,564.35,338.61
FABRIC-FRAMES,SnapperAluminium Fabric tensioning frames - Custom Sizes - Black Epoxy,27229.8142857143,19060.87
FSFR2FLGIW,Socket collection Frame double frame Legrand Arteor Glass Ice White,3208.7,1925.2199999999998
FSFR2FLGSW,Socket collection Frame double frame Legrand Arteor Glass Sand White,5000.0,3000.0
FSFR2FLGVG,Socket collection Frame double frame Legrand Arteor Glass Venetian Gold,3208.7,1925.2199999999998
FSFR2FLGYB,Socket collection Frame double frame Legrand Arteor Glass York Black,3208.7,1925.2199999999998
FSFR2FLMAS,Socket collection Frame double frame Legrand Arteor Metal Aluminum Silver  Metal Brushed,3208.7,1925.2199999999998
FSFR2FLMBG,Socket collection Frame double frame Legrand Arteor Metal Bronze Gold  Metal Brushed,3208.7,1925.2199999999998
FSFR2FLMMB,Socket collection Frame double frame Legrand Arteor Metal Mars Black  Metal Brushed,3208.7,1925.2199999999998
FSFR1FLGIW,Socket collection Frame single frame Legrand Arteor Glass Ice White,1604.35,962.61
FSFR1FLGSW,Socket collection Frame single frame Legrand Arteor Glass Sand White,2500.0,1500.0
FSFR1FLGVG,Socket collection Frame single frame Legrand Arteor Glass Venetian Gold,1604.35,962.61
FSFR1FLGYB,Socket collection Frame single frame Legrand Arteor Glass York Black,1604.35,962.61
FSFR1FLMAS,Socket collection Frame single frame Legrand Arteor Metal Aluminum Silver  Metal Brushed,1604.35,962.61
FSFR1FLMBG,Socket collection Frame single frame Legrand Arteor Metal Bronze Gold  Metal Brushed,1604.35,962.61
FSFR1FLMMB,Socket collection Frame single frame Legrand Arteor Metal Mars Black  Metal Brushed,1604.35,962.61
FSFR3FLGIW,Socket collection Frame triple frame Legrand Arteor Glass Ice White,4813.04,2887.83
FSFR3FLGSW,Socket collection Frame triple frame Legrand Arteor Glass Sand White,7500.0,4500.0
FSFR3FLGVG,Socket collection Frame triple frame Legrand Arteor Glass Venetian Gold,4813.04,2887.83
FSFR3FLGYB,Socket collection Frame triple frame Legrand Arteor Glass York Black,4813.04,2887.83
FSFR3FLMAS,Socket collection Frame triple frame Legrand Arteor Metal Aluminum Silver  Metal Brushed,4813.04,2887.83
FSFR3FLMBG,Socket collection Frame triple frame Legrand Arteor Metal Bronze Gold  Metal Brushed,4813.04,2887.83
FSFR3FLMMB,Socket collection Frame triple frame Legrand Arteor Metal Mars Black  Metal Brushed,4813.04,2887.83
HB-T001S8,Solar 8-beam Barrier,2463.5499999999997,1699.0
HB-T001Q3+,Solar Beam Sensor (3 Beams),2463.5499999999997,1699.0
HB-T001Q6,Solar Beam Sensor (6 Beams),4058.5499999999997,2799.0
HB-MC-3,Solar Door Sensor,288.55,199.0
HB-T305,Solar&Wireless 360 Degree Infrared Detector,578.55,399.0
HB-T201,Solar&Wireless Curtain Infrared Detector,433.55,299.0
HB-T601,Solar&Wireless Smoke Detector,578.55,399.0
HB-T205,Solar&Wireless Wide- angle Infrared Detector,433.55,299.0
HB-707,Solar&Wireless outdoor radar detector,1593.55,1099.0
Car Reveal,Soltis B99,0.0,35975.5
AMPG1UK1BLK,Sonos AMP EU (Black),15651.300000000001,12390.65
AMPG1EU1BLK,Sonos AMP EU (Black) (S16),17390.43,13912.35
ARCG1UK1BLK,Sonos Arc Black,19129.57,15303.650000000001
ARCG1EU1BLK,Sonos Arc Premium Smart Soundbar - Black (S19),21738.260000000002,17390.61
ARCG1EU1,Sonos Arc Premium Smart Soundbar - White (S19),21738.260000000002,17390.61
ARCG2EU1 BLK,Sonos Arc Ultra,25773.9428571429,18041.760000000002
ARCG1UK1,Sonos Arc White,19129.57,15303.650000000001
BEAM2EU1BLK,Sonos Beam Gen2 Compact Smart Soundbar - Black (S14),12173.04,9738.43
BEAM2EU1,Sonos Beam Gen2 Compact Smart Soundbar - White (S14),12173.04,9738.43
BOOSTEU1,Sonos Boost WiFi Extender for Sonos System,2173.04,1738.4299999999998
E10G1EU1BLK,Sonos Era 100 Bluetooth Smart WiFi Speaker - Black,6086.089999999999,4868.87
E10G1EU1,Sonos Era 100 Bluetooth Smart WiFi Speaker - White,6086.089999999999,4868.87
E30G1EU1BLK,Sonos Era 300 Bluetooth Smart WiFi Speaker - Black,11303.470000000001,9042.779999999999
E30G1EU1,Sonos Era 300 Bluetooth Smart WiFi Speaker - White,11303.470000000001,9042.779999999999
FIVE1EU1BLK,Sonos Five Ultimate Wireless Smart Speaker - Black (S24),13042.61,10434.09
FIVE1EU1,Sonos Five Ultimate Wireless Smart Speaker - White (S24),13042.61,10434.09
INCLGWW1,Sonos In-Ceiling by Sonance {Pair},10868.7,8694.96
PCS1LEU1BLK,Sonos Long Angled Power Cable EU (Black) 8544.42.2000,4346.96,3477.5699999999997
PCS1LEU1,Sonos Long Angled Power Cable EU (White) 8544.42.2000,4346.96,3477.5699999999997
MOVE2EU1BLK,Sonos Move 2 Wireless Smart Portable Speaker - Black (S17),11303.48,9042.779999999999
MOVE2EU1,Sonos Move 2 Wireless Smart Portable Speaker - White (S17),11303.48,9042.779999999999
MVBAGWW1BLK,Sonos Move Travel Bag - Black,1651.3,1321.04
MVWHKWW1BLK,Sonos Move Wall Hook - Black,520.87,416.7
MVWHKWW1,Sonos Move Wall Hook - White,607.83,486.26
MOVE1EU1BLK,Sonos Move Wireless Smart Portable Speaker - Black (S17),9999.13,7999.0
MOVE1EU1,Sonos Move Wireless Smart Portable Speaker - White (S17),9999.13,7999.299999999999
ONEG2UK1BLK,Sonos ONE (Gen2) EU Black,4520.87,3825.39
ONEG2UK1,Sonos ONE (Gen2)Eu White,4520.87,3825.39
ONEG2EU1BLK,Sonos One Gen2 Ultimate Wireless Smart Bookshelf Speaker - Black (S18),5216.5199999999995,4173.219999999999
ONEG2EU1,Sonos One Gen2 Ultimate Wireless Smart Bookshelf Speaker - White (S18),5216.5199999999995,4173.219999999999
ONESLEU1BLK,Sonos One SL Ultimate Wireless Smart Bookshelf Speaker - Black (S22),4781.74,3825.39
ONESLEU1,Sonos One SL Ultimate Wireless Smart Bookshelf Speaker - White (S22),4781.74,3825.39
SS1WMWW1BLK,Sonos One Wall Mount - Black,1129.57,903.66
SS1WMWW1,Sonos One Wall Mount - White,1129.57,903.66
OUTDRWW1,Sonos Outdoor by Sonance {Pair} 8518.22.00.90,13042.61,10434.09
PORT1EU1BLK,Sonos PORT EU (Black) S23,11303.48,9042.779999999999
PORT1UK1BLK,Sonos PORT UK (Black) S23,10433.91,8151.5199999999995
FURYEU1BLK,Sonos Ray Black Marketing Stock (RAYG1EU1BLK),5651.299999999999,4521.04
RAYG1EU1BLK,Sonos Ray Optical/WiFi Smart Soundbar - Black (S36),6086.089999999999,4521.04
RAYG1EU1,Sonos Ray Optical/WiFi Smart Soundbar - White (S36),6086.089999999999,4521.04
RAYWMWW1BLK,Sonos Ray Wall Mount WW Black,1477.3899999999999,0.0
FURYEU1,Sonos Ray white marketing stock (RAYG1EU1),5651.299999999999,4521.04
ROAM1R21BLK,Sonos Roam Portable Smart Speaker - Black (S27),3912.1699999999996,3129.74
ROAM1R21,Sonos Roam Portable Smart Speaker - White (S27),3912.1699999999996,3129.74
RMSL1R21BLK,Sonos Roam SL Portable Smart Speaker - Black (S27),3477.39,2781.91
RMSL1R21,Sonos Roam SL Portable Smart Speaker - White (S27),3477.39,2781.91
RMWCHEU1BLK,Sonos Roam Wireless Charger - Black,955.65,764.52
RMWCHEU1,Sonos Roam Wireless Charger - White,955.65,764.52
SUBG3UK1,Sonos Sub (Gen3) White,16520.87,13216.7
SUBG4EU1 BLK,Sonos Sub Gen 4 Black,19874.7857142857,13912.35
SUBG3EU1BLK,Sonos Sub Gen3 Wireless Smart Subwoofer - Black (S26),17390.43,13912.35
SUBG3EU1,Sonos Sub Gen3 Wireless Smart Subwoofer - White (S26),17390.43,13912.35
SUBM1EU1BLK,Sonos Sub Mini Smart Subwoofer - Black (S37),10433.91,8347.13
SUBM1EU1,Sonos Sub Mini Smart Subwoofer - White (S37),10433.91,8347.13
ARCWMWW1BLK,Sonos Wall Mount For ARC Soundbar Black,1477.3899999999999,1181.9099999999999
BM1WMWW1BLK,Sonos Wall Mount For Beam Soundbar - Black,1477.3899999999999,1181.9099999999999
BM1WMWW1,Sonos Wall Mount For Beam Soundbar - White,1477.3899999999999,1181.9099999999999
SOUND4203B,Sound 4203 Sonos Play 3 Wall Mount Black,878.26,614.78
SOUND4203W,Sound 4203 Sonos Play 3 Wall Mount White,878.26,526.96
SCAT6B,Soundlab Cat6 550mhz 305m (Blue),5826.089999999999,4020.0
SPANELG,Soundlab Lutron Keypad Box 305m (Green),11217.390000000001,7740.0
SP6INCHSQ,Speaker Box 6.5' (Rect),539.13,496.0
SP6INCH,Speaker Box Monitor Audio 6.5' (Round),486.96,448.01
SP8INCH,Speaker Box Monitor Audio 8' (Round),513.04,471.99
SP,Speaker Point,1200.0,600.0
FT-HSFP,Splice Protectors 40mm HSFP-40T 1mm Pin,130.0,95.0
SPMAX12,Splitter MAX 1x2,2607.83,1564.6999999999998
SPMAX14,Splitter MAX 1x4,3999.1299999999997,2399.48
BRA-S25,Square Bracket Wallmount 25cm,375.0,275.0
BRA-S40,Square Bracket Wallmount 40cm,550.0,395.0
BRA-S55,Square Bracket Wallmount 55cm,650.0,475.0
BA13-5,Stable Power Battery 12VDC 7Ah SLA,251.428571428571,176.0
Steinway S-15 Table Stand,Steinway S-15 table stand,2488.7,1742.09
CIF110HNEVEWPX,Stewart CIMA 110 16:9 (Perforado),75652.17,60900.0
CIF110HTBG4WX,Stewart CIMA 110 16:9 (Tiburon G4),42608.700000000004,34300.0
CIF123HNEVEWPX,Stewart CIMA 123 16:9 (Perforado),89130.43000000001,71750.0
CIF123HTBG4WX,Stewart CIMA 123 16:9 (Tiburon G4),47391.3,38150.0
CIF135HNEVEWPX,Stewart CIMA 135 16:9 (Perforado),98260.87000000001,79100.0
CIF135HTBG4WX,Stewart CIMA 135 16:9 (Tiburon G4),50869.57,40950.0
CIF150HNEVEWPX,Stewart CIMA 150 16:9 (Perforado),103043.48000000001,82950.0
CIF150HTBG4WX,Stewart CIMA 150 16:9 (Tiburon G4),52608.700000000004,42350.0
CIF165HNEVEWPX,Stewart CIMA 165 16:9 (Perforado),111739.13,89950.0
SS-SL-OD,Strobe light with Siren for security system,332.05,229.0
MP-10WSUR,Surge Protected Multi Plug 5x16A 5x5A 0.5m Cord,145.0,105.0
MP-10WSWI,Switched Multi Plug 5x16A 5x5A 0.5m Cord,215.0,150.0
SWITCHERMAX41,Switcher MAX (4x1),3912.1699999999996,2347.2999999999997
C11028,Symphony 100 - 100M Speaker Cable,4346.96,2608.1699999999996
C11029,Symphony 200 - 100M Speaker Cable,6086.089999999999,3651.6499999999996
C11031,Symphony 400 - 50M Speaker Cable,5216.5199999999995,3129.91
BRA-T150,T-Stand off Bracket 150mm,215.0,150.0
BRA-T300,T-Stand off Bracket 300mm,250.0,175.0
ITP-TBLTOP80-00,TABLE TOP DOCK FOR SAVANT TOUCH 8,8617.39,5170.44
PTS1107,TABLOCK - Samsung Galaxy 10.1,2695.6499999999996,1886.9599999999998
9155038,TAMPER SWITCH,0.0,0.0
CLI-THFM1-00,TEMP AND HUMIDITY SENSOR FLUSH MOUNT,8343.48,5006.09
THIN405,THIN 405 Fixed TV Wall Mount,1408.6999999999998,845.22
THIN415,THIN 415 Tilting TV Wall Mount,2104.35,1262.61
THIN425,THIN 425 Full-Motion TV Wall Mount,3504.35,2102.6099999999997
THIN445,THIN 445 Full-Motion TV Wall Mount,4669.57,2801.74
THIN445WH,THIN 445 Full-Motion TV Wall Mount White,466957.0,2801.74
THIN505,THIN 505 Fixed TV Wall Mount,1869.57,1121.74
THIN515,THIN 515 Tilting TV Wall Mount,2565.22,1539.1299999999999
THIN525,THIN 525 Full-Motion TV Wall Mount,4669.57,2801.74
THIN545,THIN 545 Full-Motion TV Wall Mount,6417.389999999999,3850.43
THIN545W,THIN 545 Full-Motion TV Wall Mount White,641739.0,3850.43
THIN546,THIN 546 Full-Motion TV Wall Mount Universal OLED,6260.87,3756.52
THIN550,THIN 550 Full-Motion TV Wall Mount,7452.169999999999,4471.3
THIN595,THIN 595 Double Stud Adapter (525/545/550),1808.6999999999998,0.0
THIN215,THIN215 LED wall support,2052.17,1231.3
THIN325,THIN325 Tilt/turn Single Arm,4469.57,2681.74
TVM 3415,TILT MOUNT MEDIUM,1564.35,834.26
VTMS1010,TMS 1010  Tablet Wall Pack,686.96,412.17
TMS1010,TMS 1010  Tablet Wall Pack,686.96,0.0
TMS1020,TMS 1020 Tablet Car Pack,1208.6999999999998,0.0
TMS1030,TMS 1030 Tablet Flex Pack,1582.61,0.0
TMS1050,TMS 1050  Tablet Dashboard Pack,791.3,0.0
BAT-BA-TO-9VBP1,TOSHIBA ALKALINE 9V BLISTER PACK 1 (6LR61GCP BP-1) BA-TO-HI9V1,85.71428571428571,60.0
RCK-FMT330V,TOWER FRONT MOUNT TRAY 330MM,407.142857142857,285.0
NET-TL-POE150S,TP-LINK OMADA POE INJECTOR 15W 1 PORT,262.442857142857,183.71
TP-POE160S,TP-LINK TL POE160S DUAL PORT POE+ INJECTOR,437.0,305.9
TL-POE2412G,TP-Link Passive PoE Injector,197.371428571429,138.16
STP-TWT-00,TUNABLE WHITE 3-WAY T COUPLER (10 PACK),1292.1699999999998,1033.74
STP-TWJUMPER-00,TUNABLE WHITE JUMPER (10 PACK),430.43,344.34999999999997
STP-TW10MID-00,TUNABLE WHITE LIGHT STRIP - INDOOR (10M),6462.61,5170.089999999999
STP-TWCOUPLER-00,TUNABLE WHITE STRAIGHT COUPLER (10 PACK),322.61,258.09
3x CAT6,TV Point,0.0,810.0
TVM 3215,TVM 3215 Tilting TV Wall Mount,1129.57,552.52
TVM 3405,TVM 3405 Fixed TV Wall Mount,1216.52,625.5699999999999
TVM 3605,TVM 3605 Fixed TV Wall Mount,1651.3,834.26
TVM 3615,TVM 3615 Tilting TV Wall Mount,2086.0899999999997,1095.1299999999999
TVM 3645,TVM 3645 Full-Motion TV Wall Mount,6086.089999999999,2973.39
TVM 5405,TVM 5405 Fixed TV Wall Mount,1912.1699999999998,845.22
TVM 5445,TVM 5445 Full-Motion TV Wall Mount,6520.87,2801.74
TVM 5605,TVM 5605 Fixed TV Wall Mount,2520.87,1121.74
TVM 5645,TVM 5645 Full-Motion TV Wall Mount,7825.219999999999,3850.43
TVM 5845,TVM 5845 Full-Motion TV Wall Mount,9216.519999999999,4471.3
TVM 5855,TVM 5855 Full-Motion TV Wall Mount,9216.519999999999,4471.3
TVM 7655,TVM 7655 Full-Motion TV Wall Mount,13912.17,2113.04
TVM 7675,TVM 7675 Full-Motion TV Wall Mount,27825.22,2113.04
300317-0-0,TWEETER MODULE IKON MK2 LARGE,2947.83,1768.6999999999998
TX-8270(B),TX-8270 BLACK NETWORK STEREO RECEIVER,15651.300000000001,10955.91
TX-SR393(B),TX-SR393 BLACK 5.1 A/V BLUETOOTH RECEIVER,6520.87,5216.69
NET-LAB-BRR-TZ221,TZ TAPE LAMINATED 9MM BLACK /WHITE (TZE221) TZE221,614.285714285714,430.0
DS-2SE7C425MWG-EB/26(F0),TandemVu 4MP PTZ 25x optical zoom 6MP panoramic channel 200m IR Smart tracking  built-in strobe-light & siren 24VAC/Hi-POE,22044.43,13226.66
RZ-50,The Onkyo TX-RZ50 AV receiver delivers ultra-wide bandwidth and is packed with the latest technology for the home theater of your dreams,29813.6714285714,20869.57
No 632,"The № 632, is a fully differential, fully discrete, dual-monaural audio amplifier capable of driving loudspeakers with effortless dynamics and incredi",798260.8714285711,558782.61
Travel & Accomodation,Travel & Accomodation,1.0,0.0
TS-AMS16,Triad AMS16 Audio Matrix Switch,50434.78,34800.0
TS-AMS8-V2,Triad AMS8V2 Audio Matrix Switch,30434.780000000002,21000.0
TS-SAMP1-100-WH,Triad One Streaming Amplifier (White),19565.22,13500.0
TS-PAMP4-125-V2,Triad PAMP4-125 Power Amplifier,31304.350000000002,21600.0
TS-PAMP8-100,Triad PAMP8-100 Power Amplifier,42608.700000000004,29400.0
TS-SA1-200,Triad SA1 Ryff 200W x2 Streaming Amp,25130.43,17340.0
OPT-MIC3-ETH,Trinnov Altitude CI 3D Mic Ethercon,17304.3428571429,12113.04
BRA-TS,Tripod Bracket Wallmount 10cm,160.0,115.0
BRA-TM,Tripod Bracket Wallmount 25cm,250.0,175.0
BRA-TL,Tripod Bracket Wallmount 47cm,275.0,195.0
TY-K-TURN-BK,Tyba Turn2 (Black),20000.0,16100.0
TY-K-TURN-BZ,Tyba Turn2 (Bronze),23478.260000000002,18900.0
TY-K-TURN-SR,Tyba Turn2 (Silver),20000.0,16100.0
TY-B-PDC,Tyba Turn2 DC Power Bus,1739.1299999999999,1600.0
TY-B-STD-BK,Tyba Turn2 Tablestand (Black),5434.78,5000.0
TY-B-PLT-BK,Tyba Turn2 Wallplate (Black),1391.3,1280.0
TY-B-PLT-BZ,Tyba Turn2 Wallplate (Bronze),1739.1299999999999,1600.0
TY-B-PLT-SR,Tyba Turn2 Wallplate (Silver),1391.3,1280.0
UBOLT,U-Bolt 50mm Mild Steel,13.0,9.5
UFL-SMAF,U.FL to SMA Female Bulkhead,48.0,35.0
UDM-MAX,UDM-MAX,13360.87,11350.0
CAB-HDMI-AMAM-1.2M-U,UNITEK 1.2M HDMI MALE TO MALE V1.4,62.071428571428605,43.45
CAB-MIC-HDMI2.02M-U,UNITEK 2M 4K MM MICRO HDMI TO HDMI2.0 CBL,172.928571428571,121.05
UPS-AP1800VA,UPS - 1800VA,2753.5499999999997,1899.0
UPS-AP2400,UPS - 2400VA,3478.5499999999997,2399.0
UPS-AP3600VA,UPS - 3600VA,6378.549999999999,4399.0
UPS-AP0720,UPS 720 VA,884.5,610.0
TEST-IS-STC12,UTC (UP THE COAX) CAMERA OSD(ON SCREEN DISPLAY MENU) SETUP CONTROL FOR INSTALLER,143.54999999999998,99.0
UACC-RJ451G,Ubiquiti 1.25G SFP to RJ45 Gigabit Ethernet Module | UACC-CM-RJ45-1G,395.0,295.0
UCG-FIBER,Ubiquiti 10G Multi-WAN UniFi Cloud Gateway Fiber,6875.0,5075.0
UACC-PSU-210W,Ubiquiti 54V 210W AC Power Supply,1995.0,1475.0
URACK-6U,Ubiquiti 6U Toolless Mini Rack with Blank 24 Port Patch Panel | U-RACK-6U-TL,8470.0,5895.0
POE-802O,Ubiquiti 802.3af to 24VDC Gigabit Outdoor Adapter | INS-3AF-O-G,475.0,350.0
UACC-PM,Ubiquiti Access Point Pro Arm Mount for UniFi Pro AP's | UACC-PRO-AP-AM,575.0,425.0
UCK-G2S,Ubiquiti Aluminium Stand for UCK-G2PLUS | UACC-CKG2-Plus Stand,595.0,415.0
TR-UBWA,Ubiquiti Broadband Wireless Admin Training (Advanced Level),4475.0,3495.0
TR-UBWS,Ubiquiti Broadband Wireless Specialist Training (Entry Level),2175.0,1695.0
UACC-HDD8,"Ubiquiti Enterprise 3.5"" 8TB Hard Drive",6346.96,5329.0
POE-FIBRE,Ubiquiti Fibre to Ethernet Converter with PoE | F-POE-G2,825.0,575.0
UF-GPC,Ubiquiti GPON C+ SC/UPC 20km SFP Module | UF-GP-C+,1895.0,1395.0
UPOE-24G12W,Ubiquiti Gigabit PoE Adapter 24V 12W with No Cable | POE-24-12W-G-WH,250.0,175.0
UPOE-24G24W,Ubiquiti Gigabit PoE Adapter 24V 24W with No Cable | POE-24-24W-WH,325.0,225.0
UPOE-24G7W,Ubiquiti Gigabit PoE Adapter 24V 7W with No Cable | POE-24-7W-G-WH,215.0,140.0
UPOE-48G15W,Ubiquiti Gigabit PoE Adapter 48V 15W with No Cable | U-POE-AF,250.0,175.0
UPOE-48G30W,Ubiquiti Gigabit PoE Adapter 48V 30W with No Cable | U-POE-AT,475.0,325.0
UPOE-48G60W,Ubiquiti Gigabit PoE Adapter 48V 60W with No Cable | U-PoE++,825.0,575.0
UB-ETHSP,Ubiquiti Grounded Ethernet Surge Protector | ETH-SP-G2,275.0,200.0
UACC-LRE,Ubiquiti Long Range PoE Repeater and Surge Protector | UACC-LRE,715.0,525.0
UACC-MM1G,Ubiquiti Multi Mode 1.25G LC SFP 850nm 550m | UACC-OM-MM-1G-D-2,395.0,295.0
UACC-MM10G,Ubiquiti Multi Mode 10G LC SFP+ 850nm 300m | UACC-OM-MM-10G-D-2,950.0,695.0
UCG-ULTRA,Ubiquiti Multi-WAN UniFi Cloud Gateway Ultra | UCG-Ultra,2025.0,1495.0
NS4,Ubiquiti NanoSwitch Outdoor 4 Port Gigabit with 3 POE Out | N-SW,850.0,625.0
UB60-PM,Ubiquiti Precision Alignment Mount for GBE-60LR | 60G-PM,2095.0,1450.0
UACC-SM1GS,Ubiquiti Single Mode 1.25G LC Bi-Directional SFP 3km | UACC-OM-SM-1G-S-2,575.0,415.0
UACC-SM10G,Ubiquiti Single Mode 10G LC SFP+  1310nm 10km | UACC-OM-SM-10G-D-2,2025.0,1495.0
UACC-HDD4S,"Ubiquiti Standard 3.5"" SATA 4TB Hard Drive",3278.57142857143,2295.0
UB-QM,Ubiquiti Toolless Quick-Mount for Ubiquiti CPE's | QUICK-MOUNT,475.0,350.0
UF-TBOX,Ubiquiti UFiber Outdoor Terminal Box | UF-Terminal-Box,850.0,595.0
UISP-HORN,Ubiquiti UISP 5GHz 19dBi 30° Horn Antenna | UISP-HORN,4325.0,3195.0
WAVE-APM,Ubiquiti UISP 60GHz/5GHz PtMP Wave Access Point Micro | WAVE-AP-MICRO,11495.0,8495.0
WAVE-AP,Ubiquiti UISP 60GHz/5GHz PtMP Wave Access Point | WAVE-AP,12095.0,8895.0
WAVE-LR,Ubiquiti UISP 60GHz/5GHz Wave Long Range Radio | WAVE-LR,9475.0,6995.0
WAVE-NANO,Ubiquiti UISP 60GHz/5GHz Wave Nano Radio | WAVE-NANO,6925.0,5125.0
WAVE-PRO,Ubiquiti UISP 60GHz/5GHz Wave Professional Radio | WAVE-PRO,14350.0,10595.0
UISP-CON,Ubiquiti UISP Console 9 Port Gigabit 2SFP+ | UISP-CONSOLE,6775.0,4995.0
EP-24V72W,Ubiquiti UISP EdgePower 24V 72W Power Supply & Battery Backup | EP-24V-72W,4445.0,3095.0
ER-6P,Ubiquiti UISP EdgeRouter 6P 5 Port Gigabit 1SFP | ER-6P,6150.0,4295.0
ER-XSFP,Ubiquiti UISP EdgeRouter X SFP 5 Port Gigabit 1SFP | ER-X-SFP,2050.0,1425.0
ER-X,Ubiquiti UISP EdgeRouterX 5 Port Gigabit Router | ER-X,1425.0,995.0
ES24-250,Ubiquiti UISP EdgeSwitch 24 Port PoE 250W 2SFP | ES-24-250W,11080.0,7695.0
ES48-500,Ubiquiti UISP EdgeSwitch 48 Port PoE 500W 2SFP 2SFP+ | ES-48-500W,21275.0,14795.0
ES8-150,Ubiquiti UISP EdgeSwitch 8 Port PoE 150W 2SFP | ES-8-150W,5575.0,3875.0
UF-OLT-4,Ubiquiti UISP Fiber GPON OLT 4 PON Ports 1SFP+ | UF-OLT-4,24495.0,18095.0
UF-LOCO,Ubiquiti UISP Fiber Loco GPON CPE with PoE in | UF-LOCO,1250.0,875.0
UF-WIFI6,Ubiquiti UISP Fiber WiFi 6 GPON CPE with 4 Gigabit Ports | UF-WIFI6,2395.0,1775.0
UF-WIFI,Ubiquiti UISP Fiber WiFi GPON CPE with 4 Gigabit Ports | UF-WIFI,1695.0,1250.0
UF-AE,Ubiquiti UISP Fibre to Ethernet Converter | UF-AE,795.0,550.0
UISP-BOX,Ubiquiti UISP IPX6 Enclosure for UISP-R and UISP-S | UISP-BOX,1495.0,1095.0
LTU-INS,Ubiquiti UISP LTU Instant 5GHz Feed 5-Pack | LTU-INSTANT-5,9895.0,6895.0
LTU-LR,Ubiquiti UISP LTU LR 5GHz 26dBi Long Range CPE | LTU-LR,3725.0,2595.0
LTU-LITE,Ubiquiti UISP LTU Lite 5GHz 13dBi CPE | LTU-LITE,2695.0,1875.0
LTU-PRO,Ubiquiti UISP LTU Pro 5GHz 24dBi CPE | LTU-PRO,4825.0,3350.0
LTU-ROCKET,Ubiquiti UISP LTU Rocket 5GHz Radio | LTU-ROCKET,10350.0,7195.0
LTU-XR,Ubiquiti UISP LTU XR 5GHz 29dBi CPE | LTU-XR,3795.0,2650.0
UISP-R,Ubiquiti UISP Router 8 Port Gigabit PoE 110W 1SFP | UISP-R,2695.0,1995.0
UISP-RPRO,Ubiquiti UISP Router Pro 9 Port Gigabit 4SFP+ | UISP-R-PRO,9750.0,7195.0
UISP-SPRO,Ubiquiti UISP Switch 24 Port Gigabit 16 PoE 220W 4SFP+ | UISP-S-Pro,9475.0,6995.0
UISP-S,Ubiquiti UISP Switch 8 Port Gigabit PoE 110W 1SFP | UISP-S,2695.0,1995.0
UISP-SPLUS,Ubiquiti UISP Switch Plus 4 Port 2.5Gbps PoE 4xSFP+ 160W | UISP-S-PLUS,9275.0,6850.0
ACB-AC,Ubiquiti UISP airCube AC WiFi Access Point | ACB-AC,1975.0,1375.0
ACB-ISP,Ubiquiti UISP airCube ISP WiFi Access Point | ACB-ISP,650.0,475.0
AF-11KIT,Ubiquiti UISP airFiber 11GHz Dish Radio and Duplexer Kit | AF11-Complete-LB,35995.0,26595.0
AF-11DUPH,Ubiquiti UISP airFiber 11GHz High Band Duplexer | AF-11-DUP-H,5215.0,3625.0
AF-11DUPL,Ubiquiti UISP airFiber 11GHz Low Band Duplexer | AF-11-DUP-L,4325.0,3195.0
AF-11,Ubiquiti UISP airFiber 11GHz Radio | AF-11,23175.0,17095.0
AF-5XHD,Ubiquiti UISP airFiber 5XHD 5GHz Radio | AF-5XHD,9475.0,6995.0
AF-60LR,Ubiquiti UISP airFiber 60GHz Long Range Radio | AF60-LR,9045.0,6295.0
AIR-D523X,Ubiquiti UISP airFiberX 5GHz 23dBi 45° Slant Dish Antenna | AF-5G23-S45,2350.0,1725.0
AIR-D530X,Ubiquiti UISP airFiberX 5GHz 30dBi 45° Slant Dish Antenna | AF-5G30-S45,2775.0,2050.0
AIR-D534X,Ubiquiti UISP airFiberX 5GHz 34dBi 45° Slant Dish Antenna | AF-5G34-S45,7575.0,5595.0
AIR-S215,Ubiquiti UISP airMAX 2GHz 15dBi 120° Sector Antenna | AM-2G15-120,3495.0,2425.0
AIR-O510,Ubiquiti UISP airMAX 5GHz 10dBi Omni Antenna | AMO-5G10,2650.0,1950.0
AIR-O513,Ubiquiti UISP airMAX 5GHz 13dBi Omni Antenna | AMO-5G13,3450.0,2550.0
AIR-S516,Ubiquiti UISP airMAX 5GHz 16dBi 120° Sector Antenna | AM-5G16-120,1695.0,1250.0
AIR-S517,Ubiquiti UISP airMAX 5GHz 17dBi 90° Sector Antenna | AM-5G17-90,1650.0,1225.0
AIR-S519,Ubiquiti UISP airMAX 5GHz 19dBi 120° Sector Antenna | AM-5G19-120,2895.0,2150.0
AIR-S520,Ubiquiti UISP airMAX 5GHz 20dBi 90° Sector Antenna | AM-5G20-90,2950.0,2175.0
AIR-D530,Ubiquiti UISP airMAX 5GHz 30dBi Dish Antenna | RD-5G30,3175.0,2350.0
UISP-DISH,Ubiquiti UISP airMAX 5GHz 30dBi Dish Antenna | UISP-DISH,4475.0,3295.0
AIR-D530LW,Ubiquiti UISP airMAX 5GHz 30dBi Light Weight Dish Antenna | RD-5G30-LW,2275.0,1675.0
AIR-D534,Ubiquiti UISP airMAX 5GHz 34dBi Dish Antenna | RD-5G34,7275.0,5375.0
AIR-S521AC,Ubiquiti UISP airMAX AC 5GHz 21dBi 60° Sector Antenna | AM-5AC21-60,4295.0,3175.0
AIR-S522AC,Ubiquiti UISP airMAX AC 5GHz 22dBi 45° Sector Antenna | AM-5AC22-45,4275.0,3150.0
ISO-514AC,Ubiquiti UISP airMAX IsoStation AC 5GHz 14dBi Horn Radio | IS-5AC,2775.0,2050.0
LAP-516AC,Ubiquiti UISP airMAX LiteAP AC 5GHz 16dBi 120° Radio | LAP-120,1895.0,1375.0
LAP-517AC,Ubiquiti UISP airMAX LiteAP AC 5GHz 17dBi 90° Radio with GPS | LAP-GPS,2175.0,1625.0
LBE-523ACG2,Ubiquiti UISP airMAX LiteBeam AC 5GHz 23dBi Radio | LBE-5AC-Gen2,1450.0,1075.0
LBE-526ACLR,Ubiquiti UISP airMAX LiteBeam AC LR 5GHz 26dBi Radio | LBE-5AC-LR,2975.0,2075.0
LBE-529ACXR,Ubiquiti UISP airMAX LiteBeam AC XR 5GHz 29dBi Radio | LBE-5AC-XR,4995.0,3495.0
LBE-523,Ubiquiti UISP airMAX LiteBeam M5 5GHz 23dBi Radio | LBE-M5-23,1075.0,795.0
LOCO-5ACL,Ubiquiti UISP airMAX Loco AC 5GHz 13dBi Radio | LOCO5AC,1075.0,795.0
LOCO-M2,Ubiquiti UISP airMAX Loco M2 2GHz 8dBi Radio | LOCOM2,1050.0,775.0
NBE-213AC,Ubiquiti UISP airMAX NanoBeam AC 2GHz 13dBi Radio | NBE-2AC-13,2125.0,1575.0
NBE-519ACG2,Ubiquiti UISP airMAX NanoBeam AC 5GHz 19dBi Radio | NBE-5AC-Gen2,2175.0,1595.0
NBE-516,Ubiquiti UISP airMAX NanoBeam M5 5GHz 16dBi Radio | NBE-M5-16,1425.0,1050.0
NS-5AC,Ubiquiti UISP airMAX NanoStation 5AC 5GHz 16dBi Radio | NS-5AC,2750.0,2025.0
NSM5,Ubiquiti UISP airMAX NanoStation M5 5GHz 16dBi Radio | NSM5,1895.0,1395.0
PBE-218AC,Ubiquiti UISP airMAX PowerBeam AC 2GHz 18dBi Radio | PBE-2AC-400,2650.0,1950.0
PBE-525ACISO,Ubiquiti UISP airMAX PowerBeam AC 5GHz 25dBi Isolator Radio | PBE-5AC-ISO-Gen2,2895.0,2150.0
PBE-525ACG2-5,Ubiquiti UISP airMAX PowerBeam AC 5GHz 25dBi Radio 5 Pack | PBE-5AC-Gen2-5,12850.0,9495.0
PBE-525ACG2,Ubiquiti UISP airMAX PowerBeam AC 5GHz 25dBi Radio | PBE-5AC-Gen2,2650.0,1950.0
PBE-218,Ubiquiti UISP airMAX PowerBeam M2 2GHz 18dBi Radio | PBE-M2-400,2050.0,1425.0
PBE-522,Ubiquiti UISP airMAX PowerBeam M5 5GHz 22dBi Radio | PBE-M5-300,1695.0,1250.0
PBE-525,Ubiquiti UISP airMAX PowerBeam M5 5GHz 25dBi Radio | PBE-M5-400,1995.0,1475.0
ROCKETAC-LITE,Ubiquiti UISP airMAX Rocket Lite AC 5GHz Radio | R5AC-LITE,2850.0,2095.0
R2AC-PRISMG2,Ubiquiti UISP airMAX Rocket Prism AC 2GHz Radio | R2AC-PRISM,4720.0,3495.0
R5AC-PRISMG2,Ubiquiti UISP airMAX Rocket Prism AC 5GHz Radio | RP-5AC-Gen2,5275.0,3895.0
UACC-DAC-SFP10-1M,Ubiquiti UniFi 10 Gbps 1M Direct Attach Cable,452.0,361.59999999999997
UACC-DAC-0.5M,Ubiquiti UniFi 10Gbps Direct Attach 0.5M Cable,421.428571428571,295.0
U5G-Max-Outdoor,Ubiquiti UniFi 5G Max Outdoor Modem,10713.1428571429,7499.2
UB-USP-RPS,Ubiquiti UniFi 950W DC Power Backup,11631.6428571429,8142.15
UAP-AC-IW,Ubiquiti UniFi AC Dual Band Gigabit In-Wall AP | UAP-AC-IW,2250.0,1775.0
UAP-AC-IWHD,Ubiquiti UniFi AC Dual Band Gigabit In-Wall HD AP | UAP-IW-HD,4675.0,3250.0
UAP-AC-LITE,Ubiquiti UniFi AC Dual Band Lite AP | UAP-AC-LITE,2275.0,1575.0
UAP-ACM-DA,Ubiquiti UniFi AC Mesh Dual Band Directional Antenna | UMA-D,2525.0,1750.0
UAP-ACM,Ubiquiti UniFi AC Mesh Outdoor Dual Band AP | UAP-AC-M,2175.0,1595.0
UAP-ACM-PRO,Ubiquiti UniFi AC Mesh Pro Outdoor Dual Band AP | UAP-AC-M-PRO,5030.0,3495.0
UA-BUTTON,Ubiquiti UniFi Access Button,1167.28928571429,817.1025
UB-UA-HUB,Ubiquiti UniFi Access Door Hub,4992.86,3495.0
UA-INTERCOM,Ubiquiti UniFi Access Intercom,7736.0,7736.0
UACC-Intercom-FM,Ubiquiti UniFi Access Intercom Flush Mount,1545.7142857142899,1082.0
UA-G3-B,Ubiquiti UniFi Access Reader G3 Black,3837.1428571428596,2686.0
UA-G3-Pro-B,Ubiquiti UniFi Access Reader G3 Pro,9614.90683229814,6730.4347826087
UA-RESCUE,Ubiquiti UniFi Access Rescue Manual Key Switch | UA-RESCUE,1215.0,895.0
USW-AGG,Ubiquiti UniFi Aggregation Switch 8SFP+ | USW-Aggregation,6495.0,4795.0
USW-AGG-PRO,Ubiquiti UniFi Aggregation Switch Pro 28 Port SFP+ 4 SFP28 | USW-Pro-Aggregation,24150.0,16795.0
UCK-G2PLUS,Ubiquiti UniFi Cloud Key Gen2 Plus with 1TB HDD | UCK-G2-PLUS,5450.0,3795.0
UCK-G2RM,Ubiquiti UniFi Cloud Key Gen2 Rack Mount Accessory | CKG2-RM,2730.0,1895.0
UDB-PRO,Ubiquiti UniFi Device Bridge Pro with PoE Input and PoE Output,4895.0,3625.0
UDM-PRO,Ubiquiti UniFi Dream Machine Pro 9 Port Gigabit with 2SFP+ | UDM-PRO,9875.0,7295.0
UDM-SE,Ubiquiti UniFi Dream Machine Special Edition 8 PoE 1SFP+ | UDM-SE,12175.0,8995.0
UDW,Ubiquiti UniFi Dream Wall 17 Port Gigabit 12 Port PoE 2SFP+ WiFi 6 Gateway | UDW,29595.0,20595.0
USW-E24XG,Ubiquiti UniFi Enterprise Switch 24 Port 10Gbps 2 SFP28 | USW-EnterpriseXG-24,34930.0,24295.0
USW-E8P,Ubiquiti UniFi Enterprise Switch 8 Port 2.5Gbps PoE 120W | USW-Enterprise-8-PoE,13295.0,9250.0
UX,Ubiquiti UniFi Express WiFi 6 Cloud Gateway | UX,3595.0,2495.0
UX7,Ubiquiti UniFi Express WiFi 7 Tri-Band 10Gbps Cloud Gateway,4650.0,3425.0
USW-8FLEX-2.5G,Ubiquiti UniFi Flex 2.5G 8 Port 2.5G with 10G Combo Uplink,3850.0,2850.0
USW-8FLEX-2.5GP,Ubiquiti UniFi Flex 2.5G PoE 8 Port PoE with 10G Combo Uplink,4775.0,3550.0
USW-5FLEX-2.5G,Ubiquiti UniFi Flex Mini 2.5Gbps 5 Port Switch with PoE Input,1250.0,915.0
USW-5FLEXMINI,Ubiquiti UniFi Flex Mini 5 Port Gigabit 1PoE Input | USW-Flex-MINI,750.0,550.0
USW-5FLEX,Ubiquiti UniFi Flex Switch 5 Port Gigabit 1PoE In 4PoE Out | USW-Flex,2475.0,1825.0
USW-FLEXU,Ubiquiti UniFi Flex Switch Utility Outdoor Enclosure | USW-Flex-Utility,1150.0,850.0
ULTE-PRO,Ubiquiti UniFi LTE Pro Wired LTE Back-Up | U-LTE-PRO,7750.0,5395.0
UXG-LITE,Ubiquiti UniFi Next-Generation Security Gateway Lite | UXG-LITE,1995.0,1495.0
UXG-PRO,Ubiquiti UniFi Next-Generation Security Gateway Pro | UXG-PRO,13795.0,9595.0
UPL-AMP-B,Ubiquiti UniFi PowerAmp Black,16264.285714285701,11385.0
USW-PRO-MAX-16,Ubiquiti UniFi Pro Max Switch 16 Port,7178.571428571429,5025.0
USW-MAX24,Ubiquiti UniFi Pro Max Switch 24 with 16 Gigabit 8x 2.5Gbps 2SFP+,9821.74,8350.0
USW-MAX24P,Ubiquiti UniFi Pro Max Switch 24 with 16PoE 8x 2.5Gbps PoE++ 400W | USW-Pro-Max-24-POE,22795.0,15850.0
USW-MAX48P,Ubiquiti UniFi Pro Max Switch 48 with 32PoE 16x 2.5Gbps PoE++ 720W | USW-Pro-Max-48-PoE,35350.0,24595.0
USW-PRO-XG24P,Ubiquiti UniFi Pro XG 24 Port 720W PoE Switch,44075.0,32575.0
UP-FLOODLIGHT,Ubiquiti UniFi Protect - LED floodlight with motion sensor,3635.4285714285697,2544.7999999999997
UVC-NVR,Ubiquiti UniFi Protect 4 Bay 1SFP+ Gigabit Ethernet NVR | UNVR,9650.0,6695.0
UVC-NVR-PRO,Ubiquiti UniFi Protect 7 Bay 1SFP+ Gigabit Ethernet NVR Pro| UNVR Pro,16450.0,11450.0
UVC-AI360,Ubiquiti UniFi Protect AI 360 5MP PTZ IP Camera | UVC-AI-360,12795.0,8895.0
UVC-AIB,Ubiquiti UniFi Protect AI Bullet 4MP IP Camera | UVC-AI-Bullet,12925.0,8995.0
UVC-AIT,Ubiquiti UniFi Protect AI Theta 8MP or 12MP IP Camera | UVC-AI-Theta,9475.0,6595.0
UVC-AITH,Ubiquiti UniFi Protect AI Theta Hub | UVC-AI-Theta-Hub,6185.0,4295.0
UVC-FLEX-CM3,Ubiquiti UniFi Protect G3 & G5 Flex Ceiling Mount 3 Pack | UVC-G3-F-C-3,1425.0,995.0
UVC-FLEX-PWM,Ubiquiti UniFi Protect G3 & G5 Flex Professional Wall Mount | UVC-Flex-PWM-WT,350.0,250.0
UVC-G3FLEX,Ubiquiti UniFi Protect G3 Flex 2MP IP Camera | UVC-G3-FLEX,2295.0,1595.0
UVC-G4INS,Ubiquiti UniFi Protect G4 Instant 4MP WiFi IP Camera | UVC-G4-INS,2850.0,2095.0
UVC-G5B-3,Ubiquiti UniFi Protect G5 Bullet 4MP IP Camera 3pk,9475.0,6995.0
UVC-G5B,Ubiquiti UniFi Protect G5 Bullet 4MP IP Camera | UVC-G5-BULLET,3450.0,2550.0
UVC-G5D,Ubiquiti UniFi Protect G5 Dome 4MP IP Camera | UVC-G5-Dome,5675.0,3950.0
UVC-G5F,Ubiquiti UniFi Protect G5 Flex 4MP IP Camera | UVC-G5-Flex,4125.0,2875.0
UVC-G5PRO,Ubiquiti UniFi Protect G5 Pro 8MP IP Camera | UVC-G5-Pro,11645.0,8095.0
UVC-G5TU,Ubiquiti UniFi Protect G5 Turret Ultra 4MP IP Camera | UVC-G5-Turret-Ultra,2445.0,1695.0
UVC-G6BPRO-W,Ubiquiti UniFi Protect G6 Pro Bullet 8MP White IP Camera,12175.0,8995.0
UB-UP-USL-MOTION,Ubiquiti UniFi Protect SuperLink Motion Sensor,1334.0,933.8
USL-RELAY,Ubiquiti UniFi Protect SuperLink Relay,950.0,695.0
UB-UP-SUPERLINK,Ubiquiti UniFi Protect Superlink,3555.7999999999997,2489.06
UVC-VIEWPORT,Ubiquiti UniFi Protect ViewPort with PoE-Input | UFP-VIEWPORT,5895.0,4095.0
UK-ULTRA,Ubiquiti UniFi Swiss Army Knife Ultra WiFi 5 AP | UK-ULTRA,1975.0,1450.0
USW-16P,Ubiquiti UniFi Switch 16 Port Gigabit 8PoE 42W 2SFP | USW-16-POE,7175.0,5295.0
USW-24P,Ubiquiti UniFi Switch 24 Port Gigabit 16PoE 95W 2SFP | USW-24-POE,9075.0,6695.0
USW-24,Ubiquiti UniFi Switch 24 Port Gigabit 2SFP | USW-24,5395.0,3995.0
USW-48P,Ubiquiti UniFi Switch 48 Port Gigabit 32PoE 195W 4SFP | USW-48-POE,14095.0,10395.0
USW-48,Ubiquiti UniFi Switch 48 Port Gigabit 4SFP | USW-48,9750.0,7195.0
USW-LITE16P,Ubiquiti UniFi Switch Lite 16 Port Gigabit 8PoE 45W | USW-Lite-16-POE,4975.0,3675.0
USW-LITE8P,Ubiquiti UniFi Switch Lite 8 Port Gigabit 4PoE 52W | USW-Lite-8-POE,2675.0,1975.0
USW-PRO24P,Ubiquiti UniFi Switch Pro 24 Port 16PoE+ 8PoE++ 400W | USW-Pro-24-POE,16775.0,12395.0
USW-PRO24,Ubiquiti UniFi Switch Pro 24 Port Gigabit 2SFP+ | USW-Pro-24,11095.0,7725.0
USW-PRO48P,Ubiquiti UniFi Switch Pro 48 Port 40PoE+ 8PoE++ 600W 4SFP+ | USW-Pro-48-POE,25295.0,18695.0
USW-PRO48,Ubiquiti UniFi Switch Pro 48 Port Gigabit 4SFP+ | USW-Pro-48,16590.0,11550.0
USW-PRO8P,Ubiquiti UniFi Switch Pro 8 Port 6PoE+ 2PoE++ 120W | USW-Pro-8-PoE (120W),6995.0,5195.0
USW-U210,Ubiquiti UniFi Switch Ultra 8 Port Gigabit 1PoE Input 7 PoE Out 202W | USW-Ultra-210W,5595.0,3895.0
USW-U60,Ubiquiti UniFi Switch Ultra 8 Port Gigabit 1PoE Input 7 PoE Out 52W | USW-Ultra-60W,3350.0,2475.0
USW-ULTRA,Ubiquiti UniFi Switch Ultra 8 Port Gigabit 1PoE Input 7 PoE Out | USW-Ultra,2475.0,1795.0
U7-LITE,Ubiquiti UniFi WiFi 7 Lite Dual Band AP,2375.0,1750.0
U7-LR,Ubiquiti UniFi WiFi 7 Long Range Dual Band AP,3825.0,2850.0
U7-OUTDOOR,Ubiquiti UniFi WiFi 7 Outdoor AP,5214.29,3650.0
U7-Pro-Outdoor,Ubiquiti UniFi WiFi 7 Outdoor Tri-Band AP,6031.25,4825.0
U7-MAX,Ubiquiti UniFi WiFi 7 Pro Max Tri-Band AP,7284.285714285709,5099.0
U7-PRO,Ubiquiti UniFi WiFi 7 Pro Tri-Band AP | U7-Pro,4425.0,3275.0
U7-PRO-XG-W,Ubiquiti UniFi WiFi 7 Pro XG Tri-Band White AP,4875.0,3595.0
U7-PRO-XGS-W,Ubiquiti UniFi WiFi 7 Pro XGS Tri-Band White AP,7295.0,5395.0
U6-EXT,Ubiquiti UniFi6 Dual Band WiFi 6 Range Extender | U6-EXTENDER,3795.0,2795.0
U6-ENT,Ubiquiti UniFi6 Enterprise Dual Band WiFi 6E AP | U6-Enterprise,7895.0,5495.0
U6-IW,Ubiquiti UniFi6 In-Wall WiFi 6 Dual Band AP | U6-IW,5350.0,3695.0
U6-LR,Ubiquiti UniFi6 Long Range Dual Band WiFi 6 AP | U6-LR,5295.0,3695.0
U6-MESH,Ubiquiti UniFi6 Mesh Indoor / Outdoor Dual Band WiFi 6 AP | U6-MESH,4475.0,3325.0
U6+,Ubiquiti UniFi6 Plus Dual Band WiFi 6 AP | U6+,2850.0,1975.0
U6-PRO,Ubiquiti UniFi6 Pro Dual Band WiFi 6 AP | U6-PRO,3825.0,2825.0
UB-AM,Ubiquiti Universal Antenna Mount | UB-AM,175.0,120.0
TR-UWA,Ubiquiti Wireless Admin Training,6745.0,4995.0
C1070,Ultra 100- 100m Speaker Cable,8694.779999999999,5216.87
CAB-C-6606WMS,UltraLAN 6U Swing Frame Wall Mount Cabinet,2753.5499999999997,1899.0
Unitec USBC-TO-RS232,Unitec USBC-TO-RS232,470.642857142857,329.45
DH-PFS3016-16GT-190,"Unmanaged PoE switchHigh performance switch chip, large cache, no lag video
IP40 full metal enclosure, wide temperature range designNo network managem",4937.1667,2962.2999999999997
DHI-DSSExpress8-to-Pro-Alarm-License,"Upgrade DHI-DSSExpress8-Alarm-Device-Licenses from DSS Express V8 to DSS Professional V8, one on one.
Prerequisite: Corresponding alarm controller dev",1150.07,793.15
DHI-DSSExpress8-to-Pro-Door-License,"Upgrade DHI-DSSExpress8-Door-Channel-Licenses from DSS Express V8 to DSS Professional V8, one on one.
Prerequisite: Corresponding access control chann",231.28,159.5
DHI-DSSExpress8-to-Pro-VDP-License,"Upgrade DHI-DSSExpress8-VDP-Device-Licenses from DSS Express V8 to DSS Professional V8, one on one.
Prerequisite: Corresponding video intercom device",231.28,159.5
DHI-DSSExpress8-to-Pro-Video-License,"Upgrade DHI-DSSExpress8-Video-Channel-Licenses from DSS Express V8 to DSS Professional V8, one on one. 
Prerequisite: Corresponding video channel lice",384.76,265.35
V10B+,V10+ Black,26955.65,16908.55
V12B+,V12+ Black,36520.87,22908.55
V12W+,V12+ White,36520.87,22908.55
V15B+,V15+ Black,56520.87,35454.0
V8B,V8 Black,16947.83,10168.7
VA500,VA500 Amp,23477.39,14726.730000000001
SHA-FBINDVERTILUX-01,VERTILUX BINDERS FOR SAMPLES OF ALL VERTILUX FABRIC SAVANT IS OFFERING,8054.78,6443.83
VID-VGA-HDMI,VGA to HDMI CONVERTER,433.55,299.0
VLB200,VLB 200 Loudspeaker Wall Mount,1564.35,620.87
VLB500S,VLB 500 Loudspeaker Wall Mount,607.83,224.34
VLB500B,VLB 500 Loudspeaker Wall Mount,607.83,224.35
96089,VX80R,11906.5444444444,8334.581111111109
96006,VX82,24717.0,12895.83
LENS-VARI-3.5-8,Varifocal lens 3.5-8mm,143.54999999999998,99.0
DHI-DSSPro8-Video-Channel-License,"Video channel expansion license, one video channel license for DSS Professional V8.
Prerequisite: Video surveillance base package.",1150.07,793.15
CAB-PWRAX-100-A1,Video+ Power 2in1 powerax cable-100m roll,825.05,569.0
CAB-PWRAX-300-A1,Video+ Power 2in1 powerax cable-300m roll,2463.5499999999997,1699.0
CAB-PWRAX-500-A1,Video+ Power 2in1 powerax cable-500m roll,4176.0,2880.0
Visual Radar,Visual Radar,0.0,0.0
WALL1120,WALL 1120 BLACK TURN 60 WALL MOUNT 19-37,7452.169999999999,4471.3
WALL3105,WALL 3105,513.04,365.21999999999997
WALL3115,WALL 3115 Tilting TV Wall Mount,565.22,0.0
WALL3125,WALL 3125 Full-Motion TV Wall Mount,1643.4799999999998,986.09
WALL3145,WALL 3145 Full-Motion TV Wall Mount,2356.52,1413.9099999999999
WALL3145W,WALL 3145 Full-Motion TV Wall Mount White,2356.52,1413.9099999999999
WALL3205,WALL 3205 Fixed TV Wall Mount,756.52,336.93
WALL3215,WALL 3215 Tilting TV Wall Mount,1643.4799999999998,986.09
WALL3225,WALL 3225 Full-Motion TV Wall Mount,2704.35,1622.61
WALL3245,WALL 3245 Full-Motion TV Wall Mount,3686.9599999999996,2212.17
WALL3245W,WALL 3245 Full-Motion TV Wall Mount White,4000.0,2400.0
WALL3250,WALL 3250 Full-Motion TV Wall Mount,5217.389999999999,3130.43
WALL3305,WALL 3305 Fixed TV Wall Mount,1043.48,550.84
WALL3315,WALL 3315 Tilting TV Wall Mount,1643.4799999999998,986.09
WALL3325,WALL 3325 Full-Motion TV Wall Mount,3521.74,2113.04
WALL3345,WALL 3345 Full-Motion TV Wall Mount,4704.349999999999,2822.6099999999997
WALL3345W,WALL 3345 Full-Motion TV Wall Mount White,4217.389999999999,2530.43
WALL3350,WALL 3350 Full-Motion TV Wall Mount,6808.7,4085.22
WALL3450,WALL 3450 Full-Motion TV Wall Mount,8626.09,5175.65
PFA9142,WALL SUPPORT EXTENSION KIT 2 ARMS FOR PFA 9141,2173.04,1521.1299999999999
PFA9143,WALL SUPPORT EXTENSION KIT 3 ARMS FOR PFA 9141,3129.5699999999997,2190.7
PFA9141,WALL SUPPORT SLIDING BRACKET BASIC KIT LONG,3651.2999999999997,2555.91
PFA9144,WALL SUPPORT SLIDING BRACKET BASIC KIT SHORT,2955.6499999999996,2068.96
SSC-W103I-00,WI-FI IR LEARNING CONTROLLER WITH 3 IR OUTPUTS,9848.699999999999,5909.219999999999
SHA-B5WBA-00,WIDE COUPLER FOR DUAL MOTOR (BLACK ALUMINUM),9009.57,7207.66
SHA-B5WSA-00,WIDE COUPLER FOR DUAL MOTOR (SILVER ALUMINUM),9009.57,7207.66
LCB-010V8-01,WIRED 0-10V CONTROL 8 CHANNELS,16414.78,11490.35
SHA-MGEIGCTRL-00,WIRED CONTROLLER FOR GEIGER WIRED MOTORS,18019.13,10811.48
LCB-DMX1-01,WIRED DMX LOW VOLTAGE LIGHTING CONTROLLER,16414.78,11490.35
350319-0-0,WOOFER OPTICON 5 & VOKAL 6.5 spare part,1730.4299999999998,1038.26
STP-WRGBJUMPER-00,WRGB JUMPER (10 PACK),538.26,430.61
STP-WRGB10MID-00,WRGB LIGHT STRIP - INDOOR (10M),6462.61,5170.089999999999
STP-WRGB10MOD-00,WRGB LIGHT STRIP - OUTDOOR (10M),9694.779999999999,7755.83
STP-WRGBCOUPLER-00,WRGB STRAIGHT COUPLER (10 PACK),322.61,258.09
STP-WRGBT-00,WRGB T 3 WAY T COUPLER (10 PACK),1400.0,1120.0
ALU-BRK-LCD-A5,Wall bracket for LCD monitor,332.05,229.0
ALU-BRK-LCD-A1,Wall bracket for LCD monitor,259.55,179.0
DH-PFB730W,"Wall mount for PTZ1A225U-IRA-N - Wall Mount Bracket
- Material: Aluminium
- Neat & Integrated design
- Color: White",688.75,475.0
WB800ICH1UIPVM8,WattBox IP Power Conditioner (8 Outlets),23565.22,18970.0
WB800IVPSIPVM12,WattBox IP Power Strip (12 Outlets),23826.087,19180.0
WB250IIPW2,WattBox IP Power Strip (2 Outlets),7130.429999999999,5740.0
WB800IIPVM6,WattBox IP Power Strip (6 Outlets),16086.960000000001,12950.0
WB800IFP,Wattbox Rack Mountable Modular Faceplate,7565.219999999999,6090.0
HUS-ALU-IR2,Weatherproof housing built-in 8mm 45IR with mount (side opening),433.55,299.0
SS-JD-06,Weatherproof wireless solar power  for alarm system,1303.55,899.0
HDD-WD-8TB_C,Western Digital Surveillance Hard Disk  Drive 8 TB 3.5 SATA,5205.94,3644.16
HDD-WD-4TB_C,"Western Digital Surveillance, 4 TB 3.5"" SATA Hard Drive",2574.48571428571,1802.1399999999999
DHI-DSSPro8-Cascade-License,"When DSS Professional V8 is used as a parent site to cascading manage one or more sub-sites, one license is required for one sub-site.
Note: The chann",42102.560000000005,29036.25
INS-W,White Insulation Tape,14.0,10.0
MSW-1,Wireless Mouse,288.55,199.0
NST1621000WH,Wirepath 162 Speaker Cable 304m(White),8521.74,5880.0
NST164500WH,Wirepath 164 Speaker Cable 152m(White),8521.74,5880.0
NST184CS500WH,Wirepath 184 Speaker Cable 152m (White),9130.43,5478.259999999999
NSTCAT61000BLU,Wirepath CAT6 304m(Blue),6086.96,4200.0
NSTCAT61000WHT,Wirepath CAT6 304m(White),6086.96,4200.0
NSTCAT61000YLW,Wirepath CAT6 304m(Yellow),6086.96,4200.0
SPCAT6A1000WHT,Wirepath CAT6A 304m(White),19130.43,13200.0
NSTLUT11000,Wirepath Lutron Green 304m,10000.0,6900.0
X10B,X10 Black,43477.39,34429.57
X10B+,X10+ Black,82607.83,51817.64
X12B,X12 Black,56520.87,41733.91
X12B+,X12+ Black,99999.13,62726.73
X15B+,X15+ Black,121738.26000000001,76363.09
XTND2K150,XTND 2K 150m,5216.5199999999995,3129.91
XTND2KP30,XTND 2K 30m POE,2607.83,1564.6999999999998
XTND2K60,XTND 2K 60m,2607.83,1564.6999999999998
XTND2K30PSU,XTND 2K30 PSU 5V 1A,478.26,392.39
XTND2K40PSU,XTND 2K40 PSU 5V 1A,478.26,286.96
XTND 4K100TPC,XTND 4K (100) WITH TPC,8694.779999999999,5216.87
XTND4K141TPC,XTND 4K (1x4+1) Splitter,17382.61,9907.83
XTND 4K40 TPC,XTND 4K (40) WITH TPC,6086.089999999999,3651.6499999999996
XTND4K100TPC,XTND 4K 100m HDBaseT 2.0 incl LAN out,8339.13,7794.0
XTND4K40ARC,XTND 4K 40m (70m 1080P) ARC,6521.74,3913.04
XTND4K100PSU,XTND 4K100 Multi PSU 24V 1A,478.26,286.96
XTND 4K100 TPC + ARC,XTND 4K100 TPC + ARC,10433.91,6777.389999999999
XTND 4K40 TPC + ARC,XTND 4K40 TPC + ARC,10433.91,6260.349999999999
XTND4K14140TPC,XTND 4K40 TPC Splitter (1x4+1) 2020,17390.43,10434.26
SKIN-GUARDIAN-PETALS,YELLOW SILICON SKIN FOR THE GUARDIAN CAMERA,648.6999999999999,518.96
ZENSOR 3 W,ZENSOR 3 WHITE BOOKSHELF SPEAKER,8086.089999999999,0.0
AC-ZK-KR100E,ZK KR100E RFID slave reader work with ZK F8,506.05,349.0
AC-ZK-KR201,ZK KR201 MINI RFID slave reader work with ZK F8,506.05,349.0
DS-K4H258-LZ,ZL bracket for DS-K4H258S,305.357142857143,213.75
ZP5,ZP5 - uControl Zone Processor ZP5,13391.300000000001,8034.78
ALU-BRK-LCD-A2,desktop bracket for 2 LCD monitors,1158.55,799.0
ALU-BRK-LCD-A4,desktop bracket for 4 LCD monitors,2318.5499999999997,1599.0
DLA-N9BE,e-shift 5 8K/2200lm/100000:1/Dynamic 1M:1 HDR/High Quality Image with Low latency mode,433913.0,303739.10000000003
MXN63QA/A,iPad mini (A17 Pro) Wi-Fi 128GB - Space Grey,10173.04,10173.04
DH-PFS3008-8GT-60,layer-2 commercial switch. It provides high-performance switching engine and large buffer memory to ensure smooth video stream transmission. With a fu,1316.1699999999998,907.6999999999999
MHUBXTNDIRRX,mHUB XTND IR Integration RX,217.39,130.43
MHUBXTNDIRKIT,mHUB XTND IR Integration kit,217.39,130.43
MHUB431URMK,mHub 431U Rack Mount Kit,826.09,495.65
MHUBU431,mHub 4K (4x3+1) HDMI Matrix,34781.74,20869.04
MHUB4K44PRO,mHub 4K PRO 70m 4x4 Matrix,60000.0,36000.0
MHUB4K88PRO,mHub 4K PRO 8x8 Matrix 70m,120000.0,82800.0
MHUBU862,mHub U (8x6+2) HDMI Matrix w/ uControl,78260.0,46956.0
PTZ-WBR,metal PTZ wall bracket,189.95,131.0
MTL-PL-CLG,metal pole or ceiling camera bracket,187.04999999999998,129.0
UPS-BAT-CAS-T-1K-PG4-08-01,poplulated battery cash twr,3335.71428571429,2335.0
HB-YKQ-4,remote control,129.05,89.0
PK-L2417UW,replacement lamp for the JVC,14781.74,10347.220000000001
uControl Remote,uControl Remote - Carbonite (Aluminium fascia),11858.890000000001,8034.78
DH-PFS3006-4GT-60,unmanaged Desktop Switch with 4 × 10/100/1000 Mbps PoE Ports. It provides 4 × 10/100/1000 Mbps Ethernet ports and 2 × 10/100/1000 Mbps uplink ports. T,1175.3,810.55
Zacv2,zDAC v2 Black,19121.74,11473.04
